requirement_id,run_index,status,evidence_ids,rationale,limitation,decision,revised_status,revised_evidence_ids,revised_rationale,revised_limitation,notes
FR-001,1,observed_satisfied,EV-01-SCEN-FR-001-02-01; EV-01-SCEN-FR-001-02-04; EV-01-SCEN-FR-001-02-05; EV-01-SCEN-FR-001-02-06,"The split command completed successfully and produced three separate, one-page PDFs containing the corresponding pages of the input document. This establishes PDF splitting.",,accept,,,,,
FR-002,1,observed_satisfied,EV-01-SCEN-FR-002-03-01; EV-01-SCEN-FR-002-03-04,The merge command selected two PDF files and produced one five-page PDF containing all pages from both inputs in order. This establishes support for merging selected PDF files.,"Merging selected sections was not tested, but the requirement permits merging files or sections.",accept,,,,,
FR-003,1,observed_satisfied,EV-01-SCEN-FR-003-04-01; EV-01-SCEN-FR-003-04-04; EV-01-SCEN-FR-003-04-05,"The extract command completed successfully. The output PDF contains the requested pages 1 and 2 from the three-page input, with their page text preserved. This establishes support for extracting pages from a PDF document.",,accept,,,,,
FR-004,1,observed_satisfied,EV-01-SCEN-FR-004-05-01; EV-01-SCEN-FR-004-05-04; EV-01-SCEN-FR-004-05-05,"The rotate command completed, and the output PDF shows page 2 rotated to 90 degrees from its original 0 degrees while retaining all three pages. This establishes support for rotating PDF pages.",,accept,,,,,
FR-005,1,observed_satisfied,EV-01-SCEN-FR-005-06-01; EV-01-SCEN-FR-005-06-04; EV-01-SCEN-FR-005-06-05,"The reorder command completed successfully, and the output PDF contains the input pages in the requested order, 3, 1, 2. This establishes PDF page reordering.",,accept,,,,,
FR-006,1,observed_satisfied,EV-01-SCEN-FR-006-07-01; EV-01-SCEN-FR-006-07-04,"The interleave command completed, and the output PDF alternates pages from the two input documents, then includes the remaining page from the longer document.",,accept,,,,,
FR-007,1,not_observable,EV-01-SCEN-FR-007-08-01; EV-01-SCEN-FR-007-08-04,"The recorded operation merged two existing PDFs into a new output file. No visual composition operation was observed, so no required behaviour was established.",Whether the system supports visually composing a new PDF document remains untested.,accept,,,,,
FR-008,1,observed_partial,EV-01-SCEN-FR-008-09-01; EV-01-SCEN-FR-008-09-04; EV-01-SCEN-FR-008-09-05,"The normal extraction succeeded, producing a separate two-page output while the input still had all three marked pages. This supports preservation of the original input during normal use.","No before-and-after byte comparison proves the input was entirely untouched, and preservation after an error was not tested.",revise,not_observable,EV-01-SCEN-FR-008-09-01; EV-01-SCEN-FR-008-09-04; EV-01-SCEN-FR-008-09-05,Extraction produced a separate PDF and the source retains its prepared page markers. Page observations do not establish that the original file was untouched; no before-and-after comparison or error-preservation case was recorded.,File-level preservation during normal use and after errors remains unverified.,
FR-009,1,not_observable,EV-01-SCEN-FR-009-10-01; EV-01-SCEN-FR-009-10-04,"The recorded command merged two PDFs and produced an output file. It did not exercise saving a workspace, setup, or job configuration for repeat use; no required obligation was established.",Saving and subsequently reusing a configuration were not observed.,accept,,,,,
FR-010,1,observed_satisfied,EV-01-SCEN-FR-010-11-01,"The recorded shell command invoked pdf_tool.py with a split operation and arguments and exited successfully, demonstrating a command-line interface usable from a script.",The resulting files and repeated or scheduled use were not observed; the requirement does not require those separate demonstrations.,accept,,,,,
FR-011,1,observed_satisfied,EV-01-SCEN-FR-011-12-01; EV-01-SCEN-FR-011-12-04,"The delivered PDF tool loaded two PDF files and merged them in one command. The produced five-page PDF preserves the pages from both inputs in order, demonstrating a document operation without switching tools.",,accept,,,,,
FR-012,1,observed_satisfied,EV-01-SCEN-FR-012-13-01; EV-01-SCEN-FR-012-13-04,The merge command completed successfully and produced a new output PDF containing all five pages from the two input PDFs in order. This establishes PDF generation after the recorded document manipulation.,,accept,,,,,
FR-013,1,observed_satisfied,EV-01-SCEN-FR-013-14-01; EV-01-SCEN-FR-013-14-04; EV-01-SCEN-FR-013-14-05,"The extract command saved a separate, two-page final PDF. The original input remained a three-page PDF with its prepared page content intact, including the third page omitted from the output.","No before-and-after byte comparison was recorded, so changes not visible in the page observations cannot be ruled out.",revise,observed_partial,EV-01-SCEN-FR-013-14-01; EV-01-SCEN-FR-013-14-04; EV-01-SCEN-FR-013-14-05,"Extraction saves a separate final PDF, establishing the saving obligation. The source retains its prepared pages, but no before-and-after comparison establishes that the original file was not modified.",Changes to the original file beyond the observed page contents were not checked.,
FR-014,1,not_observable,EV-01-SCEN-FR-014-15-01; EV-01-SCEN-FR-014-15-03; EV-01-SCEN-FR-014-15-04,"The mixed-file merge reached the malformed PDF, raised an unhandled error, and produced no output. It did not continue with the valid PDF; no required branch was positively established.",The record does not establish whether producing a partial merge was safe. Continuation in a demonstrably safe batch remains untested.,accept,,,,,
FR-015,1,not_observable,EV-01-SCEN-FR-015-16-01; EV-01-SCEN-FR-015-16-04,"The recorded command successfully merged two PDFs. No required obligation was exercised: the evidence does not show failed batch items, a fix, or a rerun limited to those failed items.",The ability to rerun only failed batch items after fixing an issue remains untested.,accept,,,,,
FR-016,1,not_observable,EV-01-SCEN-FR-016-17-01; EV-01-SCEN-FR-016-17-04,"None of the required preservation-and-retry behaviour was observed. The recorded merge succeeded and produced a five-page PDF, but no error occurred.","The evidence does not show whether the workspace or document arrangement remains intact after an error, or whether the user can correct the error and retry without rebuilding the setup.",accept,,,,,
FR-017,1,not_observable,EV-01-SCEN-FR-017-18-01; EV-01-SCEN-FR-017-18-04,"No required import-wizard behavior was observed. The recorded command merged two PDFs and produced a five-page PDF; it did not exercise importing a saved workspace, preset, or job file.",The availability and operation of an import wizard remain untested.,accept,,,,,
FR-018,1,not_observable,EV-01-SCEN-FR-018-19-01; EV-01-SCEN-FR-018-19-03,No required obligation was exercised. The recorded command attempted to extract a missing PDF; it did not use an import wizard or import a workflow or settings file.,Whether the import wizard validates workflow or settings files before finalizing an import remains untested.,accept,,,,,
FR-019,1,not_observable,EV-01-SCEN-FR-019-20-01; EV-01-SCEN-FR-019-20-04,No required obligation was exercised. The recorded command merged PDFs and produced an output file; it did not exercise an import wizard or show a workflow preview or side-by-side view.,Whether the import wizard displays imported workflows before finalization remains untested.,accept,,,,,
FR-020,1,not_observable,EV-01-SCEN-FR-020-21-01; EV-01-SCEN-FR-020-21-04,None of the required behavior was observed. The recorded operation merged PDF files; it did not import a job or configuration or show a user editing one before saving.,Editing an imported job or configuration before saving remains untested.,accept,,,,,
FR-021,1,not_observable,EV-01-SCEN-FR-021-22-01; EV-01-SCEN-FR-021-22-04,"The recorded operation merged two PDFs into a five-page output. It did not exercise an import process, so no required import behaviour was established.",Whether import completes understood parts and reports unsupported items remains untested.,accept,,,,,
FR-022,1,not_observable,EV-01-SCEN-FR-022-23-01; EV-01-SCEN-FR-022-23-04,"No required terminology-mapping behaviour was observed. The recorded command merged two PDFs, and the output shows their pages combined; neither demonstrates mapping terms from an older tool to the new tool.",Terminology mapping during migration remains untested.,accept,,,,,
FR-023,1,not_observable,EV-01-SCEN-FR-023-24-01; EV-01-SCEN-FR-023-24-03,"No required obligation was established. The recorded command attempted extraction from a missing PDF, not an import, so its error does not show whether the system provides inline guidance during import.",No import with a detected issue or resulting inline guidance was observed.,accept,,,,,
FR-024,1,observed_unsatisfied,EV-01-SCEN-FR-024-25-01; EV-01-SCEN-FR-024-25-02,"The recorded --help command completed, but its output contains only PDF-tool usage and command names. It provides no plain-language help for migration or common import scenarios; neither required topic is met in the observed help output.","Other help interfaces, if any, were not tested.",revise,not_observable,EV-01-SCEN-FR-024-25-01; EV-01-SCEN-FR-024-25-02,Top-level usage lists commands but does not exercise a migration/import-help flow. That limited output does not establish whether dedicated plain-language guidance is supported.,Only top-level CLI usage was read; dedicated migration/import help or documentation was not exercised.,
FR-025,1,observed_satisfied,EV-01-SCEN-FR-025-26-01; EV-01-SCEN-FR-025-26-04; EV-01-SCEN-FR-025-26-05; EV-01-SCEN-FR-025-26-06,"The tool read a locally created input PDF and wrote three local output PDFs. The output files contain the corresponding pages and their distinct input-page text, establishing both local file-system input and output operations.",,accept,,,,,
FR-026,1,not_observable,EV-01-SCEN-FR-026-27-01,No observation was recorded for the scenarios of this requirement.,"The recorded CLI command does not observe the requested graphical preview, zoom, keyboard focus, or screen-reader behavior. Missing observation: Focus moves in a logical order through actionable controls, menus and buttons can be activated from the keyboard, and the user can complete core tasks without using a mouse. The target action was not executed; this is an observation limitation, not a software failure.",accept,,,,,
FR-027,1,not_observable,EV-01-SCEN-FR-027-28-01,No observation was recorded for the scenarios of this requirement.,"The recorded CLI command does not observe the requested graphical preview, zoom, keyboard focus, or screen-reader behavior. Missing observation: Controls, labels, dialog titles, statuses, and warnings are announced in a meaningful way, allowing the user to understand and operate the interface without relying on visual cues. The target action was not executed; this is an observation limitation, not a software failure.",accept,,,,,
FR-028,1,not_observable,EV-01-SCEN-FR-028-29-01,No required obligation was established. The recorded command completed a PDF split but did not show the graphical interface.,Visual contrast and label clarity in the graphical interface remain untested.,accept,,,,,
FR-029,1,not_observable,EV-01-SCEN-FR-029-30-01; EV-01-SCEN-FR-029-30-04,None of the required usability behaviour was established. The recorded operation merged PDFs and produced a five-page output; it did not exercise the system with larger text or a simpler layout.,Usability under larger-text and simpler-layout conditions remains untested.,accept,,,,,
FR-030,1,observed_unsatisfied,EV-01-SCEN-FR-030-31-01; EV-01-SCEN-FR-030-31-02; EV-01-SCEN-FR-030-31-03; EV-01-SCEN-FR-030-31-04,"Extraction was requested for page 9 of a three-page PDF, but the command produced no error message in either standard output or standard error. The required inline message for this page-specific error was not displayed.",Other file- or page-specific errors were not tested.,accept,,,,,
FR-031,1,not_observable,EV-01-SCEN-FR-031-32-01; EV-01-SCEN-FR-031-32-03,"None of the required message-display behavior is established. The malformed PDF caused the command to fail with a traceback, but the record does not show whether a pop-up message was displayed.","Pop-up messaging for blocking issues, and inline messaging when appropriate, remain unobserved.",accept,,,,,
FR-032,1,not_observable,EV-01-SCEN-FR-032-33-01; EV-01-SCEN-FR-032-33-04,"The recorded merge succeeded and produced a five-page PDF. No error occurred, so none of the requirement's post-error obligations were exercised.",Whether an error leaves the current workspace intact and allows the user to fix the problem and retry remains untested.,accept,,,,,
FR-033,1,not_observable,EV-01-SCEN-FR-033-34-01; EV-01-SCEN-FR-033-34-04,"A PDF merge job was executed successfully and produced an 11-page output, but the evidence does not show any processing-progress display during the long-running job.",Whether the system shows progress for long-running jobs remains untested and unobservable from the recorded command and file-output evidence.,accept,,,,,
FR-034,1,not_observable,EV-01-SCEN-FR-034-35-01; EV-01-SCEN-FR-034-35-04,"The evidence shows a PDF merge and split command completed successfully and produced an output file, but it does not establish that separate jobs can be queued or run in the background, nor that the interface remains responsive while they run.",Background execution or job queuing and interface responsiveness were not exercised or observed.,accept,,,,,
FR-035,1,not_observable,EV-01-SCEN-FR-035-36-01; EV-01-SCEN-FR-035-36-04; EV-01-SCEN-FR-035-36-05,"The evidence shows a PDF page reordering operation, not pausing, resuming, or reordering queued jobs. None of the required job-queue behaviors is positively or negatively established.","Pausing queued jobs, resuming queued jobs, and reordering queued jobs remain untested and no queued-job records or outcomes are observed.",accept,,,,,
FR-036,1,not_observable,EV-01-SCEN-FR-036-37-01; EV-01-SCEN-FR-036-37-04,"The evidence shows creation and merging of PDF files, but no saved workspace or preset from an existing tool was imported. No complete required obligation or condition branch was positively or negatively established.","Importing saved workspaces or presets from existing tools, including any supported format and successful preservation or use of imported content, remains untested.",accept,,,,,
BR-001,1,observed_partial,EV-01-SCEN-BR-001-38-01; EV-01-SCEN-BR-001-38-02; EV-01-SCEN-BR-001-38-03,"The observed command-line interface exposes PDF splitting, extraction, rotation, merging, reordering, and interleaving operations, but it does not show a full document editing suite with broad editing capabilities.","The help output alone does not establish the complete set of available functionality or exercise each listed operation, so it cannot conclusively rule out additional full-suite editing features.",accept,,,,,
BR-002,1,not_observable,EV-01-SCEN-BR-002-39-01; EV-01-SCEN-BR-002-39-03; EV-01-SCEN-BR-002-39-04,"Error handling was exercised when merging the invalid PDF failed, but no complete required obligation was established positively or negatively: the evidence does not show whether the system modified an original file during that error handling.","The recorded input file was explicitly modified before the merge command, and there is no before-and-after comparison showing whether error handling changed any original file.",accept,,,,,
BR-003,1,not_observable,EV-01-SCEN-BR-003-40-04; EV-01-SCEN-BR-003-40-05; EV-01-SCEN-BR-003-40-06,"The evidence shows outputs were produced under out/proj_2026 with page-based filenames, but it does not establish whether this structure was forced, whether it matches existing team naming and folder conventions, or whether any special filing structure was avoided.",The required absence of a forced special filing structure and reliance on existing team naming and folder conventions remain untested and unknown.,accept,,,,,
BR-004,1,not_observable,EV-01-SCEN-BR-004-41-01; EV-01-SCEN-BR-004-41-03; EV-01-SCEN-BR-004-41-04,"No complete required obligation or condition branch was positively or negatively established. The evidence shows a merge failure on an invalid PDF, but does not show a user selecting either stop-on-first-error or continue-on-error behavior.",The system's choice mechanism and both batch-processing behaviors remain untested: stopping on the first error and continuing after an error.,accept,,,,,
BR-005,1,not_observable,,"None of the recorded evidence exercises or establishes local, offline processing by default. The evidence only shows local PDF creation and merging commands completing successfully.","Whether the system supports processing locally, whether it works offline without network access, and whether this behavior is the default remain untested.",accept,,,,,
BR-006,1,not_observable,,"The evidence shows PDF file creation and rotation, but does not establish a job finishing or being canceled, temporary files, or automatic cleanup behavior. No complete required obligation or condition branch was observed.",Cleanup after job completion and cleanup after job cancellation remain untested and unknown.,accept,,,,,
BR-007,1,not_observable,,None of the required obligations were positively or negatively established. The evidence only shows PDF file creation and merging; it does not exercise optional encryption for regular users or mandatory encryption through managed or enterprise policy.,Whether regular users can optionally encrypt saved workspaces or output files is untested. Whether managed or enterprise settings can mandate encryption through policy is also untested.,accept,,,,,
BR-008,1,not_observable,EV-01-SCEN-BR-008-45-01; EV-01-SCEN-BR-008-45-04,"None of the required protection behaviour was observed. The recorded command produced a merged output PDF, but did not exercise a saved workspace or show how either type of file is protected.",Protection of saved workspaces and the comparative protection of output files remain untested.,accept,,,,,
BR-009,1,not_observable,EV-01-SCEN-BR-009-46-01; EV-01-SCEN-BR-009-46-04,The recorded operation merged PDFs and produced a five-page output. No required encryption or password-protection capability was exercised.,"Support for modern, widely accepted encryption and password protection for sensitive work remains untested.",accept,,,,,
BR-010,1,not_observable,EV-01-SCEN-BR-010-47-01; EV-01-SCEN-BR-010-47-04,"None of the audit-trail obligation was established. The recorded operation merged PDFs, and the observed output shows page labels, not an audit trail.",The evidence does not exercise or inspect audit-trail support in a team or regulated environment.,accept,,,,,
BR-011,1,not_observable,EV-01-SCEN-BR-011-48-01; EV-01-SCEN-BR-011-48-04,"The merge succeeded and produced out.pdf, but no audit-trail entry was observed. None of the required audit fields or the success/failure recording obligation is established.","The recorded evidence does not inspect an audit trail for user identity, timestamp, source and output files, operation type, or success or failure.",accept,,,,,
BR-012,1,not_observable,EV-01-SCEN-BR-012-49-01; EV-01-SCEN-BR-012-49-04,"The recorded command produced a rotated PDF, but none of the required behaviour—stronger protection of temporary files as an advanced option—was observed.","The evidence does not show whether temporary files were used, what protections they had, or whether a high-security advanced option was available.",accept,,,,,
BR-013,1,not_observable,EV-01-SCEN-BR-013-50-01; EV-01-SCEN-BR-013-50-04,The recorded merge succeeded and produced a five-page PDF. None of the required recovery actions was observed.,"No failed operation, adjusted selection, replacement of a bad file, or rerun after failure was recorded.",accept,,,,,
BR-014,1,not_observable,EV-01-SCEN-BR-014-51-01; EV-01-SCEN-BR-014-51-04,"No required branch was established. The 11-page merge completed, but the evidence does not show that a practical limit existed for this operation.","Whether a practical limit existed, and whether the system would communicate it before processing, remains untested.",accept,,,,,
DI-001,1,observed_satisfied,EV-01-SCEN-DI-001-52-01; EV-01-SCEN-DI-001-52-04; EV-01-SCEN-DI-001-52-05; EV-01-SCEN-DI-001-52-06,"The delivered PDF tool read a local input PDF and wrote three local PDF files. Each output contains text from its corresponding input page, establishing both reading and writing.",,accept,,,,,
DI-002,1,observed_satisfied,EV-01-SCEN-DI-002-53-01,"The recorded command invokes pdf_tool.py with a split subcommand and file arguments, and exits successfully. This demonstrates a command-line interface callable from a script.",,accept,,,,,
DI-003,1,not_observable,EV-01-SCEN-DI-003-54-01; EV-01-SCEN-DI-003-54-04,"None of the required import behavior was observed. The recorded command merged two PDF files, and the output shows the merged PDF; neither file was a workflow or settings file.",Importing a workflow or settings file through an import process was not exercised.,accept,,,,,
DI-004,1,observed_partial,EV-01-SCEN-DI-004-55-01; EV-01-SCEN-DI-004-55-04,"The merge command completed successfully and produced out.pdf, a five-page output file containing pages from both inputs. This establishes support for output files as generated artifacts.",No saved workspace was created or observed.,accept,,,,,
QR-001,1,not_observable,EV-01-SCEN-QR-001-56-01; EV-01-SCEN-QR-001-56-04; EV-01-SCEN-QR-001-56-05; EV-01-SCEN-QR-001-56-06,"The command successfully split a prepared PDF into three files, but this establishes only that the operation worked. No evidence establishes that a casual user could use the system easily without training.",Ease of use for casual users was not assessed.,accept,,,,,
QR-002,1,not_observable,EV-01-SCEN-QR-002-57-01; EV-01-SCEN-QR-002-57-04; EV-01-SCEN-QR-002-57-05; EV-01-SCEN-QR-002-57-06,"The command completed and produced three single-page PDFs, but these observations establish no part of the requirement that the system feel simpler than current alternatives.",No user perception or comparison with current alternatives was recorded.,accept,,,,,
QR-003,1,not_observable,EV-01-SCEN-QR-003-58-01; EV-01-SCEN-QR-003-58-04,"The system produced a five-page PDF by merging two inputs, but this establishes no improvement in routine PDF cleanup or assembly time. No required time-improvement obligation was established.",No cleanup workflow or time comparison against a baseline was recorded.,accept,,,,,
QR-004,1,observed_partial,EV-01-SCEN-QR-004-59-01; EV-01-SCEN-QR-004-59-04,"The merge produced five pages in the specified input order, demonstrating correct page ordering for this operation.","The evidence does not show whether the source PDFs remained unchanged, so protection against accidental source-file changes is untested.",accept,,,,,
QR-005,1,observed_partial,EV-01-SCEN-QR-005-60-01; EV-01-SCEN-QR-005-60-03,"For the missing-input-file case, the error specifically identifies missing.pdf, satisfying the requirement for specific error information. However, the command emits an uncaught traceback rather than failing gracefully.",Other failure cases were not tested.,accept,,,,,
QR-006,1,not_observable,EV-01-SCEN-QR-006-61-01; EV-01-SCEN-QR-006-61-02; EV-01-SCEN-QR-006-61-03,"None of the required diagnostic logging is established. The command-line run succeeded, but its captured standard output and standard error were empty.","The evidence does not inspect other possible log outputs, so it cannot establish whether detailed diagnostic logs were provided elsewhere.",accept,,,,,
QR-007,1,not_observable,EV-01-SCEN-QR-007-62-01; EV-01-SCEN-QR-007-62-04,"None of the required behaviour was established. The recorded command produced a five-page PDF, but it did not exercise interface responsiveness during a large job.",No large job or interface interaction during one was observed.,accept,,,,,
QR-008,1,not_observable,EV-01-SCEN-QR-008-63-01; EV-01-SCEN-QR-008-63-04,"The PDF merge completed and produced a five-page output, but no completion time was recorded. No required completion-time behaviour is established.",The evidence does not show whether this batch job finished within a few seconds to about a minute.,accept,,,,,
QR-009,1,not_observable,EV-01-SCEN-QR-009-64-01; EV-01-SCEN-QR-009-64-04,"None of the required large-input or graceful-degradation behaviour was established. The tool successfully merged a nine-page PDF and a two-page PDF into an 11-page output, but this does not demonstrate processing a large PDF or large batch.",Usability and graceful degradation under large-PDF or large-batch conditions remain untested.,accept,,,,,
QR-010,1,not_observable,EV-01-SCEN-QR-010-65-01; EV-01-SCEN-QR-010-65-04,"The merge and split command completed, and the resulting five-page PDF was produced. This small run establishes neither smooth scaling for moderate batches nor completion of larger jobs without freezing; no required workload branch was exercised.","No moderate-batch or larger-job execution, timing, or responsiveness was recorded.",accept,,,,,
QR-011,1,observed_partial,EV-01-SCEN-QR-011-66-01; EV-01-SCEN-QR-011-66-03,The diagnostics identify the running operation as merge and show a PDF parsing error category. They do not identify which input file failed.,Visibility of the failed file remains unestablished.,accept,,,,,
QR-012,1,not_observable,EV-01-SCEN-QR-012-67-01,No observation was recorded for the scenarios of this requirement.,"The recorded CLI command does not observe the requested graphical preview, zoom, keyboard focus, or screen-reader behavior. Missing observation: All primary controls are reachable by keyboard, labels are announced clearly by the screen reader, text remains readable in high contrast and larger text modes, and the workflow can be completed without requiring a mouse. The target action was not executed; this is an observation limitation, not a software failure.",accept,,,,,
QR-013,1,observed_unsatisfied,EV-01-SCEN-QR-013-68-01; EV-01-SCEN-QR-013-68-03,"The failed extraction produced a Python traceback rather than a plain error message. It identifies the missing file, but gives no next-step guidance. Neither complete required output was provided.",Only the missing-input-file error was exercised; other error cases were not observed.,accept,,,,,
QR-014,1,not_observable,EV-01-SCEN-QR-014-69-01,No observation was recorded for the scenarios of this requirement.,"The recorded CLI command does not observe the requested graphical preview, zoom, keyboard focus, or screen-reader behavior. Missing observation: The visual workflow updates immediately to reflect the new document order, item placement is shown clearly, and the user can see the composition sequence before running the merge or split job. The target action was not executed; this is an observation limitation, not a software failure.",accept,,,,,
QR-015,1,not_observable,EV-01-SCEN-QR-015-70-01; EV-01-SCEN-QR-015-70-02; EV-01-SCEN-QR-015-70-03; EV-01-SCEN-QR-015-70-04,"None of the required progress-reporting behaviour is established. The merge completed with empty standard output and error, but the recorded 11-page, 3,779-byte result and lack of duration evidence do not establish a long-running or large processing task.",Progress reporting during a demonstrably long-running or large task remains untested.,accept,,,,,
QR-016,1,not_observable,EV-01-SCEN-QR-016-71-01; EV-01-SCEN-QR-016-71-04,No required obligation was exercised. The recorded operation merged two PDFs and produced a five-page output; it did not demonstrate an import or a migration explanation.,Whether an import explains what was preserved and what was not remains untested.,accept,,,,,
QR-017,1,not_observable,EV-01-SCEN-QR-017-72-01; EV-01-SCEN-QR-017-72-02,"The command-line help ran successfully and listed available commands. This establishes no complete deployment, maintenance, or troubleshooting obligation.","Deployment, maintenance, and troubleshooting by IT or desktop support were not exercised.",accept,,,,,
EX-001,1,observed_unsatisfied,EV-01-SCEN-EX-001-73-01; EV-01-SCEN-EX-001-73-03; EV-01-SCEN-EX-001-73-04,"A merge batch contained a valid PDF followed by a bad PDF. Reading the bad file raised an unhandled exception, and no merged output was produced. The recorded attempt therefore did not keep the valid file's portion of the job intact.",No other batch orders or recovery paths were tested.,accept,,,,,
EX-002,1,observed_unsatisfied,EV-01-SCEN-EX-002-74-01; EV-01-SCEN-EX-002-74-03; EV-01-SCEN-EX-002-74-04,"The merge was given a valid PDF and an invalid PDF. It terminated on the invalid input instead of continuing with the valid file, and produced no output. The required continuation was not met.",The evidence does not show how the tool handles other combinations of inputs.,accept,,,,,
EX-003,1,not_observable,EV-01-SCEN-EX-003-75-01; EV-01-SCEN-EX-003-75-04,None of the required behavior was exercised. The recorded merge produced a five-page PDF from two supported PDF inputs; the import contained no identified unsupported item.,It remains untested whether an import containing unsupported items continues with the supported items and reports the unsupported ones.,accept,,,,,
FR-001,2,observed_satisfied,EV-02-SCEN-FR-001-02-01; EV-02-SCEN-FR-001-02-02; EV-02-SCEN-FR-001-02-04; EV-02-SCEN-FR-001-02-05; EV-02-SCEN-FR-001-02-06,"The split command completed successfully on a three-page PDF and produced three separate, one-page PDFs. Each output contains the text identifying its corresponding source page, establishing that the system supports splitting PDF documents.",,accept,,,,,
FR-002,2,observed_satisfied,EV-02-SCEN-FR-002-03-01; EV-02-SCEN-FR-002-03-04,The merge command selected two PDF files and produced a five-page PDF containing all their pages in the requested order. This demonstrates merging selected PDF files.,,accept,,,,,
FR-003,2,observed_satisfied,EV-02-SCEN-FR-003-04-01; EV-02-SCEN-FR-003-04-04; EV-02-SCEN-FR-003-04-05,"The extraction command succeeded. The three-page input PDF contained pages marked 1, 2, and 3; the produced two-page PDF contained the requested pages marked 1 and 2.",,accept,,,,,
FR-004,2,observed_satisfied,EV-02-SCEN-FR-004-05-01; EV-02-SCEN-FR-004-05-04; EV-02-SCEN-FR-004-05-05,"The rotate command completed successfully. The output PDF shows page 2 rotated to 90 degrees, while the input had all pages at 0 degrees and the other output pages remained unrotated. This establishes support for rotating a PDF page.",,accept,,,,,
FR-005,2,observed_satisfied,EV-02-SCEN-FR-005-06-01; EV-02-SCEN-FR-005-06-04; EV-02-SCEN-FR-005-06-05,"The reorder command completed successfully, and the output PDF contains the input pages in the requested order: 3, 1, 2. This establishes support for reordering PDF pages.",,accept,,,,,
FR-006,2,observed_satisfied,EV-02-SCEN-FR-006-07-01; EV-02-SCEN-FR-006-07-04,"The interleave command produced a PDF whose pages alternate between the two input documents, preserving each document’s page order. The remaining page from the longer document appears last.",,accept,,,,,
FR-007,2,not_observable,EV-02-SCEN-FR-007-08-01; EV-02-SCEN-FR-007-08-04,None of the required visual-composition behaviour was exercised. The recorded command merged two existing PDFs into a five-page output using a CLI.,Whether the system supports visually composing a new PDF remains untested.,accept,,,,,
FR-008,2,observed_partial,EV-02-SCEN-FR-008-09-01; EV-02-SCEN-FR-008-09-04; EV-02-SCEN-FR-008-09-05,"In normal use, extraction produced a two-page output while the input remained a three-page PDF with all three prepared page markers. This supports preservation of the input's observed contents.","No before-and-after byte comparison establishes that the input was entirely untouched, and no error case was exercised.",revise,not_observable,EV-02-SCEN-FR-008-09-01; EV-02-SCEN-FR-008-09-04; EV-02-SCEN-FR-008-09-05,Extraction produced a separate PDF and the source retains its prepared page markers. Page observations do not establish that the original file was untouched; no before-and-after comparison or error-preservation case was recorded.,File-level preservation during normal use and after errors remains unverified.,
FR-009,2,observed_satisfied,EV-02-SCEN-FR-009-10-01; EV-02-SCEN-FR-009-10-02,"The save-workspace command completed successfully, and load-workspace returned the saved input and output configuration. This demonstrates a job configuration can be saved and retrieved for repeat use.",,accept,,,,,
FR-010,2,observed_satisfied,EV-02-SCEN-FR-010-11-01; EV-02-SCEN-FR-010-11-02,"The command-line interface was invoked in a scriptable command, exited successfully, and reported three split PDF output files. This demonstrates a command-line interface for scripted operations.",,accept,,,,,
FR-011,2,observed_satisfied,EV-02-SCEN-FR-011-12-01; EV-02-SCEN-FR-011-12-04,"The delivered CLI loaded two PDF files and merged them in one command. The resulting five-page PDF contains the pages from both inputs in order, demonstrating a document operation without switching tools. The separate PDF-generation commands prepared test inputs.",,accept,,,,,
FR-012,2,observed_satisfied,EV-02-SCEN-FR-012-13-01; EV-02-SCEN-FR-012-13-04,"The merge command completed successfully, and a new output PDF was produced with five pages containing the pages from both input PDFs. This establishes PDF generation after document manipulation.",,accept,,,,,
FR-013,2,observed_satisfied,EV-02-SCEN-FR-013-14-01; EV-02-SCEN-FR-013-14-04; EV-02-SCEN-FR-013-14-05,"The extract command saved a separate, two-page out.pdf. The original in.pdf remained a three-page file with all three prepared page markers, supporting that the output was saved without modifying the original.",No before-and-after byte comparison of in.pdf was recorded.,revise,observed_partial,EV-02-SCEN-FR-013-14-01; EV-02-SCEN-FR-013-14-04; EV-02-SCEN-FR-013-14-05,"Extraction saves a separate final PDF, establishing the saving obligation. The source retains its prepared pages, but no before-and-after comparison establishes that the original file was not modified.",Changes to the original file beyond the observed page contents were not checked.,
FR-014,2,observed_satisfied,EV-02-SCEN-FR-014-15-01; EV-02-SCEN-FR-014-15-02; EV-02-SCEN-FR-014-15-04,"The batch included a valid PDF and a malformed PDF. Processing skipped the malformed file with a warning and produced an output containing all three pages of the valid file, demonstrating continuation with the valid file in this case.",Other conditions affecting whether continuation is safe were not exercised.,accept,,,,,
FR-015,2,not_observable,EV-02-SCEN-FR-015-16-01; EV-02-SCEN-FR-015-16-04,"The recorded command successfully merged two PDFs, but no batch item failed. None of the requirement's rerun behavior was exercised.","The evidence does not show an issue being fixed, a rerun of failed items, or whether successful items are excluded from that rerun.",accept,,,,,
FR-016,2,not_observable,EV-02-SCEN-FR-016-17-01; EV-02-SCEN-FR-016-17-04,"None of the required error-and-retry behaviour was exercised. The recorded merge succeeded and produced a five-page PDF in input order, but that does not show whether the workspace or document arrangement is preserved after an error.","No error, correction, or retry was recorded, so preservation without rebuilding the setup remains unknown.",accept,,,,,
FR-017,2,not_observable,EV-02-SCEN-FR-017-18-01; EV-02-SCEN-FR-017-18-02,"The CLI loaded a saved workspace and displayed its contents, but no import wizard was observed. No complete required obligation was established.","The evidence does not show whether an import wizard is available for saved workspaces, presets, or job files.",accept,,,,,
FR-018,2,not_observable,EV-02-SCEN-FR-018-19-01; EV-02-SCEN-FR-018-19-03,"No required obligation was established. The recorded CLI command failed to parse malformed JSON, but it does not show an import wizard validating a workflow or settings file before finalizing an import.",The import wizard’s validation and finalization behavior were not observed.,accept,,,,,
FR-019,2,not_observable,EV-02-SCEN-FR-019-20-01; EV-02-SCEN-FR-019-20-02,No required obligation was established. The recorded command loads a workspace and reports its input and output files; it does not show an import wizard preview or side-by-side view.,Whether imported workflows can be previewed before finalizing them was not observed.,accept,,,,,
FR-020,2,not_observable,EV-02-SCEN-FR-020-21-01; EV-02-SCEN-FR-020-21-02,"A workspace was saved and loaded, but no edit to an imported job or configuration was observed. No required behaviour was established as met or violated.",Whether users can edit an imported job or configuration before saving it remains untested.,accept,,,,,
FR-021,2,not_observable,EV-02-SCEN-FR-021-22-01; EV-02-SCEN-FR-021-22-02; EV-02-SCEN-FR-021-22-03,"The import command exited successfully and printed the supplied workspace data, but no complete required obligation is established: the record does not show that understood parts were imported or that any items were identified and reported as unsupported.",There is no readback of imported state or explicit unsupported-item report. The echoed fields alone do not establish which items the importer understood or rejected.,accept,,,,,
FR-022,2,not_observable,EV-02-SCEN-FR-022-23-01; EV-02-SCEN-FR-022-23-02,"The recorded command successfully loaded a workspace, but no older-tool terminology was supplied or mapped to new-tool terminology. None of the requirement's mapping behavior was observed.",Terminology mapping during migration remains untested.,accept,,,,,
FR-023,2,observed_unsatisfied,EV-02-SCEN-FR-023-24-01; EV-02-SCEN-FR-023-24-03,"Loading a malformed workspace file encountered a JSON issue, but the command failed with an uncaught traceback rather than providing inline guidance. No required branch was met.",Other import issues and interfaces were not tested.,accept,,,,,
FR-024,2,not_observable,EV-02-SCEN-FR-024-25-01; EV-02-SCEN-FR-024-25-02,None of the required plain-language help for migration or common import scenarios was observed. The captured top-level CLI help lists commands and options but provides no guidance on either topic.,"Other help content, including subcommand help, was not examined, so the captured output does not establish whether the system supports the required guidance elsewhere.",accept,,,,,
FR-025,2,observed_satisfied,EV-02-SCEN-FR-025-26-01; EV-02-SCEN-FR-025-26-02; EV-02-SCEN-FR-025-26-04; EV-02-SCEN-FR-025-26-05; EV-02-SCEN-FR-025-26-06,"The CLI successfully read the local input PDF and wrote three local output PDFs. Each output contains the corresponding page content from the input, establishing both file-system input and output operations.",,accept,,,,,
FR-026,2,not_observable,EV-02-SCEN-FR-026-27-01,No observation was recorded for the scenarios of this requirement.,"The recorded CLI command does not observe the requested graphical preview, zoom, keyboard focus, or screen-reader behavior. Missing observation: Focus moves in a logical order through actionable controls, menus and buttons can be activated from the keyboard, and the user can complete core tasks without using a mouse. The target action was not executed; this is an observation limitation, not a software failure.",accept,,,,,
FR-027,2,not_observable,EV-02-SCEN-FR-027-28-01,No observation was recorded for the scenarios of this requirement.,"The recorded CLI command does not observe the requested graphical preview, zoom, keyboard focus, or screen-reader behavior. Missing observation: Controls, labels, dialog titles, statuses, and warnings are announced in a meaningful way, allowing the user to understand and operate the interface without relying on visual cues. The target action was not executed; this is an observation limitation, not a software failure.",accept,,,,,
FR-028,2,not_observable,EV-02-SCEN-FR-028-29-01; EV-02-SCEN-FR-028-29-02,"None of the required graphical-interface properties were observed. The recorded interaction exercised a command-line PDF operation, not the interface's visual contrast or labels.","No graphical interface view was captured, so contrast and label clarity remain untested.",accept,,,,,
FR-029,2,not_observable,EV-02-SCEN-FR-029-30-01; EV-02-SCEN-FR-029-30-04,"The evidence shows a PDF merge and its output, but no use of the system with larger text or a simpler layout. Neither required usability condition was established.",Usability with larger text and with simpler layouts remains untested.,accept,,,,,
FR-030,2,not_observable,EV-02-SCEN-FR-030-31-01; EV-02-SCEN-FR-030-31-02,"The extraction command reported “Skipped invalid page 9” in a warnings array. This shows a page-specific diagnostic, but not an error message displayed inline with the affected page. No required display behaviour is established as met or violated.",The recorded output does not show how the delivered interface presents file- or page-specific errors inline.,accept,,,,,
FR-031,2,not_observable,EV-02-SCEN-FR-031-32-02; EV-02-SCEN-FR-031-32-04,No required obligation is established. The command reported a warning about a skipped PDF and produced a merged PDF; this does not demonstrate a blocking issue or a pop-up message.,"No pop-up behaviour was observed for a blocking issue, and the evidence does not establish when an inline message would be appropriate.",accept,,,,,
FR-032,2,not_observable,EV-02-SCEN-FR-032-33-01; EV-02-SCEN-FR-032-33-04,The merge succeeded and produced an output PDF. No required obligation was exercised because no error occurred.,"Workspace preservation after an error, correction of the problem, and retry were not observed.",accept,,,,,
FR-033,2,not_observable,EV-02-SCEN-FR-033-34-01; EV-02-SCEN-FR-033-34-02; EV-02-SCEN-FR-033-34-03,"The merge completed, but none of the required behavior was established: the record does not show that this was a long-running job or that processing progress was shown during it.",Progress display during a demonstrated long-running job remains untested.,accept,,,,,
FR-034,2,not_observable,EV-02-SCEN-FR-034-35-01; EV-02-SCEN-FR-034-35-02,"The recorded command completed a merge followed by a split, but neither operation demonstrates that separate jobs were queued or run in the background. No complete required obligation was observed.",Background or queued execution and interface responsiveness during those jobs were not tested.,accept,,,,,
FR-035,2,not_observable,EV-02-SCEN-FR-035-36-01; EV-02-SCEN-FR-035-36-04,"None of the required queued-job operations was observed. The command reordered pages in a PDF, not jobs in a queue.","Pausing, resuming, and reordering queued jobs remain untested.",accept,,,,,
FR-036,2,not_observable,EV-02-SCEN-FR-036-37-01; EV-02-SCEN-FR-036-37-02,The command loaded a locally created workspace JSON file and returned its inputs and output. None of the requirement's import-from-existing-tools capability is established: the file was not shown to be a saved workspace or preset from an existing tool.,Importing a saved workspace or preset from an existing tool was not tested.,accept,,,,,
BR-001,2,not_observable,EV-02-SCEN-BR-001-38-02,"None of the system-wide restriction is established. The CLI help lists PDF manipulation commands, but that alone does not show whether the system as a whole is a full editing suite.",Other interfaces and capabilities were not observed.,accept,,,,,
BR-002,2,not_observable,EV-02-SCEN-BR-002-39-01; EV-02-SCEN-BR-002-39-02; EV-02-SCEN-BR-002-39-04,The merge reported an error for bad.pdf and the resulting in.pdf still shows its expected three pages. No complete obligation is established: these observations do not show whether either original file was modified during error handling.,"There is no before-and-after file comparison, and the post-error contents of bad.pdf were not captured.",accept,,,,,
BR-003,2,observed_partial,EV-02-SCEN-BR-003-40-01; EV-02-SCEN-BR-003-40-02,"The split outputs were written directly to the requested out/proj_2026 folder, with no additional filing structure imposed.","The evidence does not establish the team's existing naming or folder conventions, so it cannot show whether the output names and location followed them.",accept,,,,,
BR-004,2,not_observable,EV-02-SCEN-BR-004-41-01; EV-02-SCEN-BR-004-41-02; EV-02-SCEN-BR-004-41-04,"The batch skipped an invalid PDF and produced an output, showing continuation after an error. No user choice was recorded, so neither user-selectable behaviour is established.","The evidence does not show a user selecting continue or stop-on-first-error, or the batch responding to those selections.",accept,,,,,
BR-005,2,observed_partial,EV-02-SCEN-BR-005-42-01; EV-02-SCEN-BR-005-42-04,"The CLI successfully merged locally stored PDF inputs into a local output file, establishing support for local processing.",The run did not establish that processing works without network access or that offline processing is the default.,accept,,,,,
BR-006,2,not_observable,EV-02-SCEN-BR-006-43-01; EV-02-SCEN-BR-006-43-02; EV-02-SCEN-BR-006-43-04,"A rotation job completed and produced an output PDF, but none of the required cleanup behavior is established.",The evidence does not show whether temporary files existed or were removed after completion. No canceled job was observed.,accept,,,,,
BR-007,2,observed_partial,EV-02-SCEN-BR-007-44-01; EV-02-SCEN-BR-007-44-04,"An output PDF was produced without an encryption request, supporting the ability to save an output file without requiring the user to select encryption.",The evidence does not show that a regular user can choose to encrypt an output file or saved workspace. No managed or enterprise policy was exercised.,accept,,,,,
BR-008,2,not_observable,EV-02-SCEN-BR-008-45-01; EV-02-SCEN-BR-008-45-02,"The system saved and loaded a workspace containing file paths, but no part of the required protection comparison was established.",The evidence does not show how saved workspaces are protected or how those protections compare with output-file protections.,accept,,,,,
BR-009,2,not_observable,EV-02-SCEN-BR-009-46-01; EV-02-SCEN-BR-009-46-04,The recorded operation produced a merged PDF. No encryption or password-protection obligation was exercised; none is established as met or violated.,"Support for modern, widely accepted encryption and password protection for sensitive work remains untested.",accept,,,,,
BR-010,2,not_observable,EV-02-SCEN-BR-010-47-01; EV-02-SCEN-BR-010-47-04,"None of the required audit-trail behavior was observed. The recorded command merged PDFs and produced an output file, but it did not show an audit trail.",Audit-trail support in a team or regulated environment was not exercised or inspected.,accept,,,,,
BR-011,2,not_observable,EV-02-SCEN-BR-011-48-01; EV-02-SCEN-BR-011-48-02; EV-02-SCEN-BR-011-48-04,"A merge succeeded and produced an output PDF, but no audit-trail record was observed. None of the required audit-trail fields is established.","Whether audit trails capture user identity, timestamp, source and output files, operation type, and success or failure remains untested.",accept,,,,,
BR-012,2,not_observable,EV-02-SCEN-BR-012-49-01; EV-02-SCEN-BR-012-49-04,"The recorded command successfully rotated a PDF page, but it establishes no required part of the temporary-file protection requirement.","The evidence does not show an advanced high-security option, how temporary files were handled, or a comparison demonstrating stronger protections.",accept,,,,,
BR-013,2,not_observable,EV-02-SCEN-BR-013-50-01; EV-02-SCEN-BR-013-50-04,The recorded merge succeeded and produced a five-page PDF. None of the required recovery capabilities was exercised.,"No failure, adjusted selection, replacement of a bad file, or rerun after failure was recorded.",accept,,,,,
BR-014,2,not_observable,EV-02-SCEN-BR-014-51-01; EV-02-SCEN-BR-014-51-02; EV-02-SCEN-BR-014-51-04,"None of the required conditional behaviour was established. The 11-page merge succeeded without warnings, but the evidence does not show that a practical limit existed for this operation.",Communication before processing when a practical limit exists remains untested.,accept,,,,,
DI-001,2,observed_satisfied,EV-02-SCEN-DI-001-52-01; EV-02-SCEN-DI-001-52-04; EV-02-SCEN-DI-001-52-05; EV-02-SCEN-DI-001-52-06,"The CLI read the local in.pdf and wrote three local PDF files. Each output contains the text from its corresponding input page, establishing both PDF reading and writing.",,accept,,,,,
DI-002,2,observed_satisfied,EV-02-SCEN-DI-002-53-01; EV-02-SCEN-DI-002-53-02,"The command-line interface was invoked with input and output arguments, exited successfully, and reported three generated PDF files. This demonstrates a command-line operation usable by automation or scripts.",,accept,,,,,
DI-003,2,observed_satisfied,EV-02-SCEN-DI-003-54-01; EV-02-SCEN-DI-003-54-02,"The load-workspace command successfully read a workflow file, and its output showed the file's input and output settings. This establishes support for importing a workflow file.",,accept,,,,,
DI-004,2,observed_partial,EV-02-SCEN-DI-004-55-01; EV-02-SCEN-DI-004-55-02; EV-02-SCEN-DI-004-55-04,"The system generated an output PDF, and the produced file was inspected as a five-page merge. The save-workspace command completed successfully and reported ws.json, but the saved workspace artifact itself was not observed.","The existence and contents of ws.json were not verified, so support for saved workspaces as generated artifacts remains unconfirmed.",accept,,,,,
QR-001,2,not_observable,EV-02-SCEN-QR-001-56-01; EV-02-SCEN-QR-001-56-02,"None of the required ease-of-use behaviour was established. The recorded command successfully split a PDF, but that does not show whether a casual user could use the system without training.",No observation of a casual user attempting the task or of the interface's ease of use was recorded.,accept,,,,,
QR-002,2,not_observable,EV-02-SCEN-QR-002-57-01; EV-02-SCEN-QR-002-57-02,"The PDF split completed and produced three output files, but this establishes no part of the requirement that the system feel simpler than current alternatives.",No comparison with current alternatives or evidence of users' perceived simplicity was recorded.,accept,,,,,
QR-003,2,not_observable,EV-02-SCEN-QR-003-58-01; EV-02-SCEN-QR-003-58-04,"The system produced a five-page PDF by merging two inputs. This demonstrates assembly, but no complete time-improvement obligation was established.",No cleanup task or comparison of routine cleanup and assembly time was recorded.,accept,,,,,
QR-004,2,observed_partial,EV-02-SCEN-QR-004-59-01; EV-02-SCEN-QR-004-59-04,"The merge produced five pages in the requested source-file order, with each source’s pages in sequence. This demonstrates avoidance of an incorrect page-order error in the recorded operation.","The source files were not inspected after the merge, so the evidence does not establish whether the system avoids accidental source-file changes.",accept,,,,,
QR-005,2,observed_partial,EV-02-SCEN-QR-005-60-01; EV-02-SCEN-QR-005-60-03,"The failed extraction provides specific error information: FileNotFoundError identifies missing.pdf as the missing file. It does not fail gracefully, however; the CLI exits with an unhandled exception traceback.",Other error conditions were not exercised.,accept,,,,,
QR-006,2,observed_unsatisfied,EV-02-SCEN-QR-006-61-01; EV-02-SCEN-QR-006-61-02; EV-02-SCEN-QR-006-61-03,The successful command-line run reported only the output file and an empty warnings list on stdout; stderr was empty. The captured command-line output provided no detailed diagnostic log for the run.,"The evidence does not show whether diagnostic logs were written elsewhere, or how batch and automated runs are logged.",accept,,,,,
QR-007,2,not_observable,EV-02-SCEN-QR-007-62-01; EV-02-SCEN-QR-007-62-04,"None of the required behaviour was established. The recorded command merged two small PDFs, but did not exercise interface responsiveness during a large job.",No large job or concurrent interface interaction was observed.,accept,,,,,
QR-008,2,not_observable,EV-02-SCEN-QR-008-63-01; EV-02-SCEN-QR-008-63-04,"A batch PDF merge completed and produced the expected five-page file, but no complete timing obligation is established because the evidence does not record its duration.","The elapsed time for the batch job is unknown, so completion within a few seconds to about a minute cannot be assessed.",accept,,,,,
QR-009,2,not_observable,EV-02-SCEN-QR-009-64-01; EV-02-SCEN-QR-009-64-04,"The merge succeeded and produced an 11-page PDF, but none of the required large-PDF or large-batch conditions was established. No required branch was demonstrated.",The evidence does not show whether the system degrades gracefully or remains usable while processing a large PDF or a large batch.,accept,,,,,
QR-010,2,not_observable,EV-02-SCEN-QR-010-65-01; EV-02-SCEN-QR-010-65-02; EV-02-SCEN-QR-010-65-04,"None of the required workload conditions was established. A five-page merge and split completed, but this small job does not demonstrate smooth scaling for moderate batches or larger jobs.","No moderate batch or larger job, or its responsiveness, was observed.",accept,,,,,
QR-011,2,observed_partial,EV-02-SCEN-QR-011-66-01; EV-02-SCEN-QR-011-66-02; EV-02-SCEN-QR-011-66-03,"The diagnostics identify the failed file, bad.pdf, and report PDF parsing errors that indicate the cause. The command record shows that a merge was invoked, but the diagnostic messages do not identify the operation that was running.",Visibility of the running operation in diagnostics remains unshown.,accept,,,,,
QR-012,2,not_observable,EV-02-SCEN-QR-012-67-01,No observation was recorded for the scenarios of this requirement.,"The recorded CLI command does not observe the requested graphical preview, zoom, keyboard focus, or screen-reader behavior. Missing observation: All primary controls are reachable by keyboard, labels are announced clearly by the screen reader, text remains readable in high contrast and larger text modes, and the workflow can be completed without requiring a mouse. The target action was not executed; this is an observation limitation, not a software failure.",accept,,,,,
QR-013,2,observed_unsatisfied,EV-02-SCEN-QR-013-68-01; EV-02-SCEN-QR-013-68-03,"The missing-file operation failed with a raw Python traceback rather than a plain error message. Although the traceback identifies missing.pdf, it provides no next-step guidance. No complete required obligation is met in this response.",Other error conditions were not tested.,accept,,,,,
QR-014,2,not_observable,EV-02-SCEN-QR-014-69-01,No observation was recorded for the scenarios of this requirement.,"The recorded CLI command does not observe the requested graphical preview, zoom, keyboard focus, or screen-reader behavior. Missing observation: The visual workflow updates immediately to reflect the new document order, item placement is shown clearly, and the user can see the composition sequence before running the merge or split job. The target action was not executed; this is an observation limitation, not a software failure.",accept,,,,,
QR-015,2,not_observable,EV-02-SCEN-QR-015-70-01; EV-02-SCEN-QR-015-70-02; EV-02-SCEN-QR-015-70-03; EV-02-SCEN-QR-015-70-04,"No required branch is established. The merge produced an 11-page PDF, but the record does not establish that the task was long-running or large. The captured output also does not show whether users received progress information while it ran.",Progress reporting during an established long-running or large processing task remains untested.,accept,,,,,
QR-016,2,observed_unsatisfied,EV-02-SCEN-QR-016-71-01; EV-02-SCEN-QR-016-71-02; EV-02-SCEN-QR-016-71-03,"The workspace import command completed, but its captured output only echoed the input JSON. It did not explain what was preserved or what was not. No required explanation was observed.",The evidence does not show whether another interface provides a migration explanation.,accept,,,,,
QR-017,2,not_observable,EV-02-SCEN-QR-017-72-01; EV-02-SCEN-QR-017-72-02,"The CLI help command ran successfully and listed PDF operations. None of the required deployment, maintenance, or troubleshooting support for IT or desktop support was exercised.","No deployment, maintenance, or troubleshooting workflow was observed.",accept,,,,,
EX-001,2,observed_satisfied,EV-02-SCEN-EX-001-73-01; EV-02-SCEN-EX-001-73-02; EV-02-SCEN-EX-001-73-04,"The batch contained a valid three-page PDF and a bad file. The system skipped the bad file with a warning and produced an output PDF retaining all three pages from the valid file, keeping the rest of this job intact.",,accept,,,,,
EX-002,2,observed_satisfied,EV-02-SCEN-EX-002-74-01; EV-02-SCEN-EX-002-74-02; EV-02-SCEN-EX-002-74-03; EV-02-SCEN-EX-002-74-04,"The merge received a valid PDF and an invalid PDF. It reported skipping the invalid file and produced an output containing all three pages of the valid file, demonstrating that processing continued when the invalid input could be skipped.",,accept,,,,,
EX-003,2,not_observable,EV-02-SCEN-EX-003-75-01; EV-02-SCEN-EX-003-75-02,"The load-workspace command completed and echoed the supplied fields, but no complete required branch is established: the record does not show which fields, if any, are unsupported or that supported items were imported.","Without an established unsupported item, the evidence cannot determine whether the import continued with the rest or reported unsupported items as such.",accept,,,,,
FR-001,3,observed_satisfied,EV-03-SCEN-FR-001-02-01; EV-03-SCEN-FR-001-02-04; EV-03-SCEN-FR-001-02-05; EV-03-SCEN-FR-001-02-06,"The split command succeeded and produced three readable, single-page PDFs, each containing the corresponding page from the three-page input. This establishes PDF splitting.",,accept,,,,,
FR-002,3,observed_satisfied,EV-03-SCEN-FR-002-03-01; EV-03-SCEN-FR-002-03-04,The merge command selected two PDF files and produced a five-page PDF containing all three pages of the first file followed by both pages of the second. This demonstrates merging selected PDF files.,Merging selected sections was not tested.,accept,,,,,
FR-003,3,observed_satisfied,EV-03-SCEN-FR-003-04-01; EV-03-SCEN-FR-003-04-04; EV-03-SCEN-FR-003-04-05,"The extraction command succeeded. The output PDF contains the requested first two pages of the three-page input, with their page text preserved.",,accept,,,,,
FR-004,3,observed_satisfied,EV-03-SCEN-FR-004-05-01; EV-03-SCEN-FR-004-05-04; EV-03-SCEN-FR-004-05-05,"The rotate command completed successfully. The output PDF shows page 2 rotated 90 degrees from its original 0 degrees, while pages 1 and 3 remain unchanged. This establishes support for rotating a PDF page.",,accept,,,,,
FR-005,3,observed_satisfied,EV-03-SCEN-FR-005-06-01; EV-03-SCEN-FR-005-06-04; EV-03-SCEN-FR-005-06-05,"The input PDF contained pages labeled 1, 2, and 3. The reorder command completed successfully, and the output PDF contained those pages in the requested order: 3, 1, 2.",,accept,,,,,
FR-006,3,observed_satisfied,EV-03-SCEN-FR-006-07-01; EV-03-SCEN-FR-006-07-04,"The interleave command succeeded, and the five-page output alternates pages from the two input PDFs in order, then includes the remaining page from the longer PDF. This demonstrates support for alternating pages from different PDF documents.",,accept,,,,,
FR-007,3,not_observable,EV-03-SCEN-FR-007-08-01; EV-03-SCEN-FR-007-08-04,No required obligation was established. The recorded command merged two existing PDFs into a new file; it did not exercise visual composition.,The evidence does not show whether the system supports visually composing a new PDF document.,accept,,,,,
FR-008,3,not_observable,EV-03-SCEN-FR-008-09-01; EV-03-SCEN-FR-008-09-04; EV-03-SCEN-FR-008-09-05,"None of the required preservation branches is established. After a successful extraction, the input PDF still had three pages with the prepared text, but that does not establish that the original file was untouched.","No before-and-after byte comparison establishes preservation during normal use, and no error case was exercised.",revise,not_observable,EV-03-SCEN-FR-008-09-01; EV-03-SCEN-FR-008-09-04; EV-03-SCEN-FR-008-09-05,Extraction produced a separate PDF and the source retains its prepared page markers. Page observations do not establish that the original file was untouched; no before-and-after comparison or error-preservation case was recorded.,File-level preservation during normal use and after errors remains unverified.,
FR-009,3,observed_satisfied,EV-03-SCEN-FR-009-10-01; EV-03-SCEN-FR-009-10-02,"The workspace was saved and then loaded successfully. The loaded configuration shows the input files and output path, establishing that a job configuration can be saved and retrieved for repeat use.",,accept,,,,,
FR-010,3,observed_satisfied,EV-03-SCEN-FR-010-11-01,"The recorded command invokes pdf_tool.py from a scripted command line to split a PDF, and the command exits successfully. This establishes a command-line interface usable in a script.",The resulting split files were not inspected.,accept,,,,,
FR-011,3,observed_satisfied,EV-03-SCEN-FR-011-12-01; EV-03-SCEN-FR-011-12-04,"The delivered tool accepted two PDF files and merged them in one command. The resulting PDF contains all five pages in the expected order, demonstrating PDF loading and a document operation without switching tools.",,accept,,,,,
FR-012,3,observed_satisfied,EV-03-SCEN-FR-012-13-01; EV-03-SCEN-FR-012-13-04,"The merge command completed successfully and produced a new output PDF. The output contains all five pages from the two input PDFs in order, demonstrating PDF generation after document manipulation.",,accept,,,,,
FR-013,3,observed_satisfied,EV-03-SCEN-FR-013-14-01; EV-03-SCEN-FR-013-14-04; EV-03-SCEN-FR-013-14-05,"The extraction command saved a separate two-page final PDF. The original input remained a three-page PDF with its prepared page markings, supporting that saving the output did not modify it.",,revise,observed_partial,EV-03-SCEN-FR-013-14-01; EV-03-SCEN-FR-013-14-04; EV-03-SCEN-FR-013-14-05,"Extraction saves a separate final PDF, establishing the saving obligation. The source retains its prepared pages, but no before-and-after comparison establishes that the original file was not modified.",Changes to the original file beyond the observed page contents were not checked.,
FR-014,3,not_observable,EV-03-SCEN-FR-014-15-01; EV-03-SCEN-FR-014-15-03; EV-03-SCEN-FR-014-15-04,"None of the required conditional behavior is established. A merge with one valid PDF and one invalid PDF failed without producing an output, but the evidence does not establish that continuing with the valid file was safe for this operation.",No batch operation is shown continuing with valid files under an established safe condition.,accept,,,,,
FR-015,3,not_observable,EV-03-SCEN-FR-015-16-01; EV-03-SCEN-FR-015-16-04,"None of the required behaviour was exercised. The recorded command successfully merged two PDFs, but it did not show a batch with failed items or a rerun.","No failed batch item, subsequent fix, or rerun restricted to failed items was observed.",accept,,,,,
FR-016,3,not_observable,EV-03-SCEN-FR-016-17-01; EV-03-SCEN-FR-016-17-04,"The recorded merge succeeded and produced a five-page PDF. No error-and-retry sequence was observed, so no required preservation behaviour was established.","Whether the workspace or document arrangement remains intact after an error, allowing correction and retry without rebuilding the setup, is untested.",accept,,,,,
FR-017,3,not_observable,EV-03-SCEN-FR-017-18-01; EV-03-SCEN-FR-017-18-02,"A saved workspace was loaded through a command-line command, but no import wizard was observed. None of the requirement's wizard-based import capability was established or refuted.","The evidence does not show whether an import wizard exists or can bring in saved workspaces, presets, or job files.",accept,,,,,
FR-018,3,not_observable,EV-03-SCEN-FR-018-19-01; EV-03-SCEN-FR-018-19-03,"No required obligation is established. The recorded workspace-load command rejected malformed JSON, but the evidence does not show the import wizard validating a workflow or settings file before finalizing an import.",Import-wizard validation and the finalization step remain unobserved.,accept,,,,,
FR-019,3,not_observable,EV-03-SCEN-FR-019-20-01; EV-03-SCEN-FR-019-20-02,None of the required behaviour was observed. The recorded workspace save and load did not show an import wizard or a preview of imported workflows.,Whether the wizard provides a preview or side-by-side view before finalization remains untested.,accept,,,,,
FR-020,3,not_observable,EV-03-SCEN-FR-020-21-01; EV-03-SCEN-FR-020-21-02,"No required editing capability was established. The recorded commands saved and loaded a workspace, but did not show a user editing an imported job or configuration before saving it.",Whether an imported job or configuration can be edited before saving remains untested.,accept,,,,,
FR-021,3,observed_partial,EV-03-SCEN-FR-021-22-01; EV-03-SCEN-FR-021-22-02; EV-03-SCEN-FR-021-22-03,"The import command succeeded and returned the understood inputs and output fields. The supplied legacy_split_rule and old_tool_label fields were omitted from the returned result, with no report about them in the captured standard output or standard error. Thus, the understood fields were handled, but unsupported items were not reported.",The evidence does not show whether the imported workspace was persisted or used afterward.,accept,,,,,
FR-022,3,not_observable,EV-03-SCEN-FR-022-23-01; EV-03-SCEN-FR-022-23-02,"None of the required terminology-mapping behaviour was observed. The recorded commands save and load a PDF workspace, and the output lists no operations.",No migration terminology mapping from an older tool to the new tool was attempted or shown.,accept,,,,,
FR-023,3,observed_satisfied,EV-03-SCEN-FR-023-24-01; EV-03-SCEN-FR-023-24-03,"During import of malformed JSON, the command reported the issue inline, identifying the expected double-quoted property name and its location. This provides guidance for correcting the detected issue.",,accept,,,,,
FR-024,3,not_observable,EV-03-SCEN-FR-024-25-02,None of the required help was observed. The captured top-level CLI help lists commands but provides no plain-language guidance for migration or common import scenarios.,Only top-level CLI help was captured; the evidence does not show whether the required guidance is available elsewhere.,accept,,,,,
FR-025,3,observed_satisfied,EV-03-SCEN-FR-025-26-01; EV-03-SCEN-FR-025-26-04; EV-03-SCEN-FR-025-26-05; EV-03-SCEN-FR-025-26-06,"The tool read the local in.pdf file and wrote three local PDF files under out/. Each output contains the corresponding page text from the input, establishing local file-system input and output.",,accept,,,,,
FR-026,3,not_observable,EV-03-SCEN-FR-026-27-01,No observation was recorded for the scenarios of this requirement.,"The recorded CLI command does not observe the requested graphical preview, zoom, keyboard focus, or screen-reader behavior. Missing observation: Focus moves in a logical order through actionable controls, menus and buttons can be activated from the keyboard, and the user can complete core tasks without using a mouse. The target action was not executed; this is an observation limitation, not a software failure.",accept,,,,,
FR-027,3,not_observable,EV-03-SCEN-FR-027-28-01,No observation was recorded for the scenarios of this requirement.,"The recorded CLI command does not observe the requested graphical preview, zoom, keyboard focus, or screen-reader behavior. Missing observation: Controls, labels, dialog titles, statuses, and warnings are announced in a meaningful way, allowing the user to understand and operate the interface without relying on visual cues. The target action was not executed; this is an observation limitation, not a software failure.",accept,,,,,
FR-028,3,not_observable,EV-03-SCEN-FR-028-29-01,"No required obligation was observed. The recorded command exercises a PDF command-line workflow, not the graphical interface.",Visual contrast and label clarity in the graphical interface were not observed.,accept,,,,,
FR-029,3,not_observable,EV-03-SCEN-FR-029-30-01; EV-03-SCEN-FR-029-30-04,None of the required usability behaviour was observed. The recorded operation merged PDFs and produced a five-page output; it did not exercise the system with larger text or a simpler layout.,Usability with larger text and with simpler layouts remains untested.,accept,,,,,
FR-030,3,observed_unsatisfied,EV-03-SCEN-FR-030-31-01; EV-03-SCEN-FR-030-31-03; EV-03-SCEN-FR-030-31-04,"The request targeted page 9 of a three-page file. The page-specific error appeared only as a standalone stderr message, not inline with the affected file or page. No required branch was positively established.",Other file- or page-specific errors were not tested.,revise,observed_unsatisfied,EV-03-SCEN-FR-030-31-01; EV-03-SCEN-FR-030-31-03; EV-03-SCEN-FR-030-31-04,A request for page 9 of a three-page PDF produces a page-specific error only on stderr. The standalone diagnostic does not meet the explicit inline-display obligation.,Other file-specific errors and other interfaces were not exercised.,
FR-031,3,not_observable,EV-03-SCEN-FR-031-32-01; EV-03-SCEN-FR-031-32-03,"None of the required message-display behavior was established. The merge was blocked by an invalid PDF, and the command recorded errors on standard error, but the capture does not show whether a pop-up was displayed.","Pop-up display for the blocking issue, and any appropriate accompanying inline message, were not observed.",accept,,,,,
FR-032,3,not_observable,EV-03-SCEN-FR-032-33-01; EV-03-SCEN-FR-032-33-04,"The merge succeeded and produced a five-page PDF. No error occurred, so none of the required error-recovery behaviour was observed.",Whether an error leaves the current workspace intact and allows the user to fix the problem and retry remains untested.,accept,,,,,
FR-033,3,not_observable,EV-03-SCEN-FR-033-34-01; EV-03-SCEN-FR-033-34-02; EV-03-SCEN-FR-033-34-03,"The merge completed with no standard output or error, but the record does not establish that it was a long-running job. No complete required obligation was established positively or negatively.",Progress display during a demonstrated long-running job remains untested.,accept,,,,,
FR-034,3,not_observable,EV-03-SCEN-FR-034-35-01; EV-03-SCEN-FR-034-35-04,The recorded command completed PDF merge and split operations and produced an output PDF. None of the required background-job or interface-responsiveness behaviour was observed.,"The evidence does not show separate jobs being queued or run in the background, or whether the interface remained responsive while they ran.",accept,,,,,
FR-035,3,not_observable,EV-03-SCEN-FR-035-36-01; EV-03-SCEN-FR-035-36-04,"None of the required queued-job operations was observed. The command and output demonstrate reordering pages in a PDF, not pausing, resuming, or reordering queued jobs.","Support for pausing, resuming, and reordering queued jobs remains untested.",accept,,,,,
FR-036,3,not_observable,EV-03-SCEN-FR-036-37-01; EV-03-SCEN-FR-036-37-02,None of the required import capability is established. The recorded command saves a workspace with this tool and then loads that saved workspace; it does not import a saved workspace or preset from an existing tool.,"Importing from an existing tool, where possible, was not exercised.",accept,,,,,
BR-001,3,not_observable,EV-03-SCEN-BR-001-38-02,"The CLI help lists a limited set of PDF page operations and workspace commands, but this does not establish that the system as a whole is not a full editing suite. No complete requirement-level conclusion is established.",Other interfaces or editing capabilities were not observed.,accept,,,,,
BR-002,3,not_observable,EV-03-SCEN-BR-002-39-01; EV-03-SCEN-BR-002-39-03; EV-03-SCEN-BR-002-39-04,"None of the required behaviour is established. The merge encountered a malformed PDF and failed, but the recorded output does not show whether the tool modified either original input during error handling. The command itself rewrote in.pdf before invoking the tool, so that rewrite is not evidence of a violation.",There is no pre- and post-error comparison of the original input files.,accept,,,,,
BR-003,3,observed_partial,EV-03-SCEN-BR-003-40-01; EV-03-SCEN-BR-003-40-04; EV-03-SCEN-BR-003-40-05; EV-03-SCEN-BR-003-40-06,"The split command produced all three PDFs directly in the specified out/proj_2026 folder, with no additional filing hierarchy. This supports the obligation not to force a special filing structure.","No existing team naming or folder conventions were recorded, so whether the output names and location follow them remains unknown.",accept,,,,,
BR-004,3,not_observable,EV-03-SCEN-BR-004-41-01; EV-03-SCEN-BR-004-41-03,"No required choice or processing branch was established. The merge command encountered an invalid PDF, but the recorded command did not select a stop-on-error or continue-on-error setting.","Whether users can choose either setting, and whether batch processing follows the selected setting, remains untested.",accept,,,,,
BR-005,3,observed_partial,EV-03-SCEN-BR-005-42-01; EV-03-SCEN-BR-005-42-04,"The tool merged local input PDFs into a local output PDF without any recorded configuration, establishing local processing for this operation.","The evidence does not establish that the operation works without network access, so offline processing remains untested.",accept,,,,,
BR-006,3,not_observable,EV-03-SCEN-BR-006-43-01; EV-03-SCEN-BR-006-43-04; EV-03-SCEN-BR-006-43-05,"None of the cleanup obligations is established. The rotation command finished successfully and produced an output PDF, but the evidence does not identify any temporary files or show whether they were removed. The retained input PDF is not identified as a temporary file.",Automatic cleanup after job completion and after cancellation remain untested.,accept,,,,,
BR-007,3,observed_partial,EV-03-SCEN-BR-007-44-01; EV-03-SCEN-BR-007-44-04,"The command produced a readable output PDF without requesting encryption, establishing the unencrypted-output branch of optional encryption.",The evidence does not show a regular user choosing encryption or a managed or enterprise policy requiring it.,accept,,,,,
BR-008,3,not_observable,EV-03-SCEN-BR-008-45-01; EV-03-SCEN-BR-008-45-02,"A workspace was saved and loaded, and its input and output paths were displayed. No required protection or comparison with output-file protection was established.",The evidence does not show how either the saved workspace or the output file is protected.,accept,,,,,
BR-009,3,not_observable,,No encryption or password-protection capability for sensitive work was exercised or demonstrated.,The recorded operation only merged unprotected PDFs; support for modern encryption and password protection remains untested.,accept,,,,,
BR-010,3,not_observable,EV-03-SCEN-BR-010-47-01; EV-03-SCEN-BR-010-47-04,"No audit-trail obligation was established. The recorded operation merged two PDFs, and the output shows page labels added to the inputs before merging; it does not show an audit trail supported by the system.",Audit-trail support in a team or regulated environment was not exercised or observed.,accept,,,,,
BR-011,3,not_observable,EV-03-SCEN-BR-011-48-01; EV-03-SCEN-BR-011-48-04,"None of the required audit-trail fields is established. The evidence shows a successful merge and its output file, but no audit-trail record.","Whether audit trails capture user identity, timestamp, source and output files, operation type, and success or failure remains unobserved.",accept,,,,,
BR-012,3,not_observable,EV-03-SCEN-BR-012-49-01; EV-03-SCEN-BR-012-49-04,"The PDF rotation succeeded, but none of the requirement's temporary-file protection obligations were observed.","The evidence does not show how temporary files are handled, whether stronger protections are available, or whether they can be selected as an advanced option for high-security environments.",accept,,,,,
BR-013,3,not_observable,EV-03-SCEN-BR-013-50-01; EV-03-SCEN-BR-013-50-04,"None of the required recovery behaviours was established. The recorded merge succeeded and produced a five-page PDF, but no failure or subsequent user adjustment was observed.","Adjusting a selection, replacing a bad file, and rerunning an operation after a failure remain untested.",accept,,,,,
BR-014,3,not_observable,EV-03-SCEN-BR-014-51-01; EV-03-SCEN-BR-014-51-04,"The merge produced an 11-page PDF, but the evidence establishes no practical limit applicable to this request. No required communication-before-processing branch was exercised.","Whether a practical limit exists, and whether the system communicates it before processing when it does, remain unknown.",accept,,,,,
DI-001,3,observed_satisfied,EV-03-SCEN-DI-001-52-01; EV-03-SCEN-DI-001-52-04; EV-03-SCEN-DI-001-52-05; EV-03-SCEN-DI-001-52-06,"The delivered tool read the local in.pdf and wrote three local PDF files. Each output contains the corresponding page text from the input, establishing both PDF reading and writing.",,accept,,,,,
DI-002,3,observed_satisfied,EV-03-SCEN-DI-002-53-01,"A script invoked pdf_tool.py from the command line with a split command and arguments, and the command exited successfully. This establishes a command-line interface usable from scripts.",,accept,,,,,
DI-003,3,observed_satisfied,EV-03-SCEN-DI-003-54-01; EV-03-SCEN-DI-003-54-02,"The workflow was saved to ws.json and then loaded through workspace-load. The load command completed successfully and returned the workflow’s inputs, operations, and output, demonstrating import of a workflow file.",,accept,,,,,
DI-004,3,observed_partial,EV-03-SCEN-DI-004-55-01; EV-03-SCEN-DI-004-55-04,"The system generated an output file: out.pdf was produced and inspected as a five-page PDF. The workspace-save command exited successfully, but the record does not show a saved workspace artifact.",Whether ws.json was created and contains a usable saved workspace was not observed.,accept,,,,,
QR-001,3,not_observable,EV-03-SCEN-QR-001-56-01; EV-03-SCEN-QR-001-56-04; EV-03-SCEN-QR-001-56-05; EV-03-SCEN-QR-001-56-06,"The command successfully split a PDF into three files, but this establishes no part of the requirement that casual users can use the system easily without training.",The evidence contains no observation of a casual user using the system or of the effort and guidance needed to complete a task.,accept,,,,,
QR-002,3,not_observable,EV-03-SCEN-QR-002-57-01; EV-03-SCEN-QR-002-57-04,"None of the required comparative simplicity is established. The evidence shows a PDF split command succeeded and produced an output file, but not how simple the system felt to use.",No user perception or comparison with current alternatives was recorded.,accept,,,,,
QR-003,3,not_observable,EV-03-SCEN-QR-003-58-01; EV-03-SCEN-QR-003-58-04,"The tool produced a five-page PDF by merging two inputs, but this establishes only that an assembly operation worked. No improvement in routine PDF cleanup or assembly time was demonstrated.",No cleanup operation or time comparison was recorded.,accept,,,,,
QR-004,3,observed_partial,EV-03-SCEN-QR-004-59-01; EV-03-SCEN-QR-004-59-04,"The merge produced a five-page PDF in the requested source and page order, demonstrating that this operation avoided an incorrect-page-order rework error.","The evidence does not show whether the source PDFs remained unchanged, so prevention of accidental source-file changes is untested.",accept,,,,,
QR-005,3,observed_satisfied,EV-03-SCEN-QR-005-60-01; EV-03-SCEN-QR-005-60-03,"When the input PDF was missing, the command exited without a traceback and reported the specific problem: no such file or directory, naming 'missing.pdf'. This demonstrates a graceful failure with a specific error for the exercised case.",Other failure conditions were not tested.,accept,,,,,
QR-006,3,observed_unsatisfied,EV-03-SCEN-QR-006-61-01; EV-03-SCEN-QR-006-61-02; EV-03-SCEN-QR-006-61-03,"A command-line merge completed successfully, but its captured stdout and stderr were both empty. The exercised command-line run provided no diagnostic detail through either standard output channel.",The evidence does not inspect separate log files or show batch or automated runs.,accept,,,,,
QR-007,3,not_observable,EV-03-SCEN-QR-007-62-01; EV-03-SCEN-QR-007-62-04,"The recorded command successfully merged two small PDFs into a five-page output. No large job or concurrent interface interaction was observed, so none of the required responsiveness behaviour was established.",Interface responsiveness during a large job remains untested.,accept,,,,,
QR-008,3,not_observable,EV-03-SCEN-QR-008-63-01; EV-03-SCEN-QR-008-63-04,"A PDF merge completed and produced the expected five-page output, but no required completion-time obligation was established because its elapsed time was not recorded.","The evidence does not show whether this batch job, or typical batch jobs, completed within a few seconds to about a minute.",accept,,,,,
QR-009,3,not_observable,EV-03-SCEN-QR-009-64-01; EV-03-SCEN-QR-009-64-04,"The tool successfully merged a nine-page PDF and a two-page PDF into an eleven-page output. Neither large-PDF processing nor large-batch processing was established, so no required branch was exercised.",Graceful degradation and continued usability under large-PDF or large-batch loads remain untested.,accept,,,,,
QR-010,3,not_observable,EV-03-SCEN-QR-010-65-01; EV-03-SCEN-QR-010-65-04,"A five-page PDF merge and split command completed, and the merged output was produced. This small job establishes neither smooth scaling for moderate batches nor operation of larger jobs without freezing; no required branch was established.","No moderate-batch or larger-job execution, responsiveness observation, or performance comparison was recorded.",accept,,,,,
QR-011,3,observed_partial,EV-03-SCEN-QR-011-66-01; EV-03-SCEN-QR-011-66-03,"The merge failed, and stderr identifies a cause category through the invalid PDF header and missing EOF marker messages. This establishes cause-category visibility in diagnostics.",The diagnostic output does not identify the failed file or state that merge was the operation running; those details appear only in the command invocation.,accept,,,,,
QR-012,3,not_observable,EV-03-SCEN-QR-012-67-01,No observation was recorded for the scenarios of this requirement.,"The recorded CLI command does not observe the requested graphical preview, zoom, keyboard focus, or screen-reader behavior. Missing observation: All primary controls are reachable by keyboard, labels are announced clearly by the screen reader, text remains readable in high contrast and larger text modes, and the workflow can be completed without requiring a mouse. The target action was not executed; this is an observation limitation, not a software failure.",accept,,,,,
QR-013,3,observed_partial,EV-03-SCEN-QR-013-68-01; EV-03-SCEN-QR-013-68-03,"The failed extraction produced a specific, understandable error identifying missing.pdf as the missing file. The message did not tell the user what to do next.",Next-step guidance is not demonstrated; other error cases were not tested.,accept,,,,,
QR-014,3,not_observable,EV-03-SCEN-QR-014-69-01,No observation was recorded for the scenarios of this requirement.,"The recorded CLI command does not observe the requested graphical preview, zoom, keyboard focus, or screen-reader behavior. Missing observation: The visual workflow updates immediately to reflect the new document order, item placement is shown clearly, and the user can see the composition sequence before running the merge or split job. The target action was not executed; this is an observation limitation, not a software failure.",accept,,,,,
QR-015,3,not_observable,EV-03-SCEN-QR-015-70-01; EV-03-SCEN-QR-015-70-02; EV-03-SCEN-QR-015-70-03; EV-03-SCEN-QR-015-70-04,"None of the required progress-reporting behavior is established or violated. The recorded merge produced an 11-page PDF, and its captured output contained no progress messages, but the evidence does not establish that this was a long-running or large processing task.",Progress feedback during a demonstrably long-running or large task remains untested; the record gives no task duration.,accept,,,,,
QR-016,3,observed_unsatisfied,EV-03-SCEN-QR-016-71-01; EV-03-SCEN-QR-016-71-02,"The import input included legacy_split_rule and old_tool_label. The completed command displayed inputs, operations, and output, but gave no explanation of what was preserved or what was not. No complete transparency obligation was met.",The record does not show whether the legacy fields were stored elsewhere; it does show that the captured import response did not explain their treatment.,accept,,,,,
QR-017,3,not_observable,EV-03-SCEN-QR-017-72-01; EV-03-SCEN-QR-017-72-02,"The CLI help command succeeded and listed available commands, but this establishes none of the required deployment, maintenance, or troubleshooting support for IT or desktop support.","Deployment, maintenance, and troubleshooting were not exercised.",accept,,,,,
EX-001,3,observed_unsatisfied,EV-03-SCEN-EX-001-73-01; EV-03-SCEN-EX-001-73-03; EV-03-SCEN-EX-001-73-04,"The batch contained a prepared valid PDF and a bad PDF. The merge failed on the bad file and produced no output, so it did not keep the valid file's contribution to the job intact.",No other batch configurations or recovery paths were observed.,accept,,,,,
EX-002,3,observed_unsatisfied,EV-03-SCEN-EX-002-74-01; EV-03-SCEN-EX-002-74-03; EV-03-SCEN-EX-002-74-04,"The merge was given a valid PDF and a malformed PDF. It stopped with an error on the malformed input and produced no output from the valid file, rather than continuing with that file.",Other multi-input operations and circumstances where continuing would be unsafe were not tested.,accept,,,,,
EX-003,3,observed_partial,EV-03-SCEN-EX-003-75-01; EV-03-SCEN-EX-003-75-02; EV-03-SCEN-EX-003-75-03,"The import continued successfully and returned the supported input and output settings. The extra import fields were omitted from the result, but neither standard output nor standard error reported them as unsupported.",The evidence does not show an unsupported-item report.,accept,,,,,
FR-001,4,observed_satisfied,EV-04-SCEN-FR-001-02-01; EV-04-SCEN-FR-001-02-04; EV-04-SCEN-FR-001-02-05; EV-04-SCEN-FR-001-02-06,"The split command completed successfully and produced three one-page PDFs from the three-page input. Each output contains the corresponding page marker, establishing that the system split the PDF document.",,accept,,,,,
FR-002,4,observed_satisfied,EV-04-SCEN-FR-002-03-01; EV-04-SCEN-FR-002-03-04,"The merge command completed successfully, and the produced PDF contains all five pages from the two selected input PDFs in order. This establishes support for merging selected PDF files.",Merging selected sections was not tested; the requirement permits merging files or sections.,accept,,,,,
FR-003,4,observed_satisfied,EV-04-SCEN-FR-003-04-01; EV-04-SCEN-FR-003-04-04; EV-04-SCEN-FR-003-04-05,"The extraction command succeeded. The output PDF contains the requested first two pages, with their identifying text preserved, from the three-page input PDF.",,accept,,,,,
FR-004,4,observed_satisfied,EV-04-SCEN-FR-004-05-01; EV-04-SCEN-FR-004-05-04; EV-04-SCEN-FR-004-05-05,"The rotation command succeeded. The output PDF shows page 2 rotated 90 degrees from its original orientation, while pages 1 and 3 remain unrotated. This establishes support for rotating PDF pages.",,accept,,,,,
FR-005,4,observed_satisfied,EV-04-SCEN-FR-005-06-01; EV-04-SCEN-FR-005-06-04; EV-04-SCEN-FR-005-06-05,"The reorder command completed successfully. The input PDF’s pages were marked 1, 2, 3, and the output PDF contains those pages in the requested order 3, 2, 1.",,accept,,,,,
FR-006,4,observed_satisfied,EV-04-SCEN-FR-006-07-01; EV-04-SCEN-FR-006-07-04,"The interleave command succeeded, and the produced PDF alternates pages from in.pdf and in2.pdf, then includes the remaining page from in.pdf.",,accept,,,,,
FR-007,4,not_observable,EV-04-SCEN-FR-007-08-01; EV-04-SCEN-FR-007-08-04,None of the required visual-composition capability was exercised. The recorded command merged two existing PDFs into a new output file.,The evidence does not show a visual interface or a user visually composing a PDF document.,accept,,,,,
FR-008,4,not_observable,EV-04-SCEN-FR-008-09-01; EV-04-SCEN-FR-008-09-04; EV-04-SCEN-FR-008-09-05,"No complete preservation branch is established. Normal extraction produced a two-page output, and the input was observed afterward with three pages, but there is no before-and-after comparison showing that the original PDF remained untouched.","Preservation of the input during normal use remains unverified, and no error case was exercised.",revise,not_observable,EV-04-SCEN-FR-008-09-01; EV-04-SCEN-FR-008-09-04; EV-04-SCEN-FR-008-09-05,Extraction produced a separate PDF and the source retains its prepared page markers. Page observations do not establish that the original file was untouched; no before-and-after comparison or error-preservation case was recorded.,File-level preservation during normal use and after errors remains unverified.,
FR-009,4,not_observable,EV-04-SCEN-FR-009-10-01; EV-04-SCEN-FR-009-10-04,"None of the required save-and-reuse capability was observed. The recorded command merged two PDFs and produced an output PDF; it did not save a workspace, setup, or job configuration.",Saving a configuration and using it again were not exercised.,accept,,,,,
FR-010,4,observed_satisfied,EV-04-SCEN-FR-010-11-01,"The `pdfsm split` command was invoked noninteractively from the command line with input and output arguments and exited successfully, establishing a command-line interface usable in a script.","The resulting files were not inspected, so the split output itself is not verified.",accept,,,,,
FR-011,4,observed_satisfied,EV-04-SCEN-FR-011-12-01; EV-04-SCEN-FR-011-12-04,"The delivered tool loaded two prepared PDF files and merged them in one command. The resulting five-page PDF contains the pages from both inputs in order, demonstrating a document operation without switching tools during the delivered workflow.",,accept,,,,,
FR-012,4,observed_satisfied,EV-04-SCEN-FR-012-13-01; EV-04-SCEN-FR-012-13-04,The merge command completed successfully and produced a new output PDF containing all five pages from the two input PDFs. This establishes PDF generation after the recorded document manipulation.,,accept,,,,,
FR-013,4,observed_partial,EV-04-SCEN-FR-013-14-01; EV-04-SCEN-FR-013-14-04; EV-04-SCEN-FR-013-14-05,"The extract command succeeded and saved a two-page final PDF as out.pdf. The original in.pdf was still a three-page PDF with its prepared page text, but those observations do not establish that the file itself was unchanged.",No before-and-after file comparison establishes that the original PDF was not modified during extraction.,revise,observed_partial,EV-04-SCEN-FR-013-14-01; EV-04-SCEN-FR-013-14-04; EV-04-SCEN-FR-013-14-05,"Extraction saves a separate final PDF, establishing the saving obligation. The source retains its prepared pages, but no before-and-after comparison establishes that the original file was not modified.",Changes to the original file beyond the observed page contents were not checked.,
FR-014,4,not_observable,EV-04-SCEN-FR-014-15-01; EV-04-SCEN-FR-014-15-03; EV-04-SCEN-FR-014-15-04,"The merge with a valid PDF and a malformed PDF failed and produced no output. None of the required safe-continuation behaviour is established as met or violated, because the record does not establish that continuing by omitting the malformed file was safe for this merge.",Whether this batch could safely continue with the valid file remains unknown.,accept,,,,,
FR-015,4,not_observable,EV-04-SCEN-FR-015-16-01; EV-04-SCEN-FR-015-16-04,The recorded command succeeded and produced a merged PDF. No required obligation was established: it does not show a batch with failed items or a rerun.,"No failed batch item, subsequent fix, or rerun limited to failed items was observed.",accept,,,,,
FR-016,4,not_observable,EV-04-SCEN-FR-016-17-01; EV-04-SCEN-FR-016-17-04,"The recorded merge succeeded and produced a five-page PDF. No error occurred, so no required preservation or retry behaviour was established.","Whether the document arrangement remains intact after an error, allowing the user to correct it and retry without rebuilding the setup, was not tested.",accept,,,,,
FR-017,4,not_observable,EV-04-SCEN-FR-017-18-01; EV-04-SCEN-FR-017-18-04,None of the required import-wizard behaviour was observed. The recorded command merged PDF files and produced a PDF.,"No import wizard or import of a saved workspace, preset, or job file was exercised.",accept,,,,,
FR-018,4,not_observable,EV-04-SCEN-FR-018-19-01; EV-04-SCEN-FR-018-19-03,No required obligation was observed. The recorded command attempted to extract a missing PDF; its file-not-found error does not exercise the import wizard.,Validation of an imported workflow or settings file before finalizing import was not tested.,accept,,,,,
FR-019,4,not_observable,EV-04-SCEN-FR-019-20-01; EV-04-SCEN-FR-019-20-04,None of the required preview behaviour was observed. The recorded command merged PDFs and produced an output file; it did not exercise an import wizard or a view of imported workflows.,Whether the import wizard provides a preview or side-by-side view before finalization remains untested.,accept,,,,,
FR-020,4,not_observable,EV-04-SCEN-FR-020-21-01; EV-04-SCEN-FR-020-21-04,None of the required behavior was observed. The recorded operation merged PDFs and produced a five-page output; it did not show a user editing an imported job or configuration before saving it.,"Importing a job or configuration, editing it, and saving it remain untested.",accept,,,,,
FR-021,4,not_observable,EV-04-SCEN-FR-021-22-01; EV-04-SCEN-FR-021-22-04,The recorded operation successfully merged two PDFs. None of the required import-process behaviour was established.,"No import containing both understandable and unsupported items was exercised, so neither partial completion nor reporting of unsupported items was observed.",accept,,,,,
FR-022,4,not_observable,EV-04-SCEN-FR-022-23-01; EV-04-SCEN-FR-022-23-04,"None of the required terminology-mapping behavior was observed. The recorded command merged two PDFs, and the resulting file contains their pages.",No mapping of terminology from an older tool to the new tool during migration was exercised or shown.,accept,,,,,
FR-023,4,not_observable,EV-04-SCEN-FR-023-24-01; EV-04-SCEN-FR-023-24-03,"No required obligation was exercised. The recorded command attempted extraction from a missing file, not an import with a detected issue.",The evidence does not show whether the system provides inline guidance during import when issues are detected.,accept,,,,,
FR-024,4,not_observable,EV-04-SCEN-FR-024-25-02,"The top-level CLI help shows commands and options, but no plain-language guidance for migration or common import scenarios. No required help capability is established or refuted by this output alone.",Migration or import help available through other commands or interfaces was not tested.,accept,,,,,
FR-025,4,observed_satisfied,EV-04-SCEN-FR-025-26-01; EV-04-SCEN-FR-025-26-04; EV-04-SCEN-FR-025-26-05; EV-04-SCEN-FR-025-26-06,"The system read a local PDF and wrote three local output PDFs. Each output contains the corresponding page content from the input, establishing both file-system-based input and output.",,accept,,,,,
FR-026,4,not_observable,EV-04-SCEN-FR-026-27-01,No observation was recorded for the scenarios of this requirement.,"The recorded CLI command does not observe the requested graphical preview, zoom, keyboard focus, or screen-reader behavior. Missing observation: Focus moves in a logical order through actionable controls, menus and buttons can be activated from the keyboard, and the user can complete core tasks without using a mouse. The target action was not executed; this is an observation limitation, not a software failure.",accept,,,,,
FR-027,4,not_observable,EV-04-SCEN-FR-027-28-01,No observation was recorded for the scenarios of this requirement.,"The recorded CLI command does not observe the requested graphical preview, zoom, keyboard focus, or screen-reader behavior. Missing observation: Controls, labels, dialog titles, statuses, and warnings are announced in a meaningful way, allowing the user to understand and operate the interface without relying on visual cues. The target action was not executed; this is an observation limitation, not a software failure.",accept,,,,,
FR-028,4,not_observable,EV-04-SCEN-FR-028-29-01,The recorded command-line PDF operation does not show a graphical interface. Neither visual contrast nor label clarity was observed.,The graphical interface must be observed to assess its contrast and labels.,accept,,,,,
FR-029,4,not_observable,EV-04-SCEN-FR-029-30-01; EV-04-SCEN-FR-029-30-04,The recorded operation merged PDFs and produced a five-page output. It did not establish that the system remains usable with larger text or simpler layouts; no required obligation was observed.,Neither larger-text use nor simpler-layout use was exercised or assessed.,accept,,,,,
FR-030,4,observed_unsatisfied,EV-04-SCEN-FR-030-31-01; EV-04-SCEN-FR-030-31-02; EV-04-SCEN-FR-030-31-03; EV-04-SCEN-FR-030-31-04,"The request identified page 9 of a three-page file, and the system reported the page-specific error only on standard error. No inline error display was observed, so the exercised page-error case does not meet the requirement.",Errors tied to an existing page or to a file were not tested.,accept,,,,,
FR-031,4,not_observable,EV-04-SCEN-FR-031-32-01; EV-04-SCEN-FR-031-32-03,The invalid PDF blocked the merge and produced command-line error text. No required pop-up or inline-message behaviour was observed.,"The record does not show how the blocking issue was presented to a user, so pop-up display and any appropriate inline message remain untested.",accept,,,,,
FR-032,4,not_observable,EV-04-SCEN-FR-032-33-01; EV-04-SCEN-FR-032-33-04,"No required obligation was exercised: the merge succeeded and produced a five-page PDF, so no error occurred.",Whether the workspace remains intact after an error and allows the user to fix the problem and retry was not tested.,accept,,,,,
FR-033,4,not_observable,EV-04-SCEN-FR-033-34-01; EV-04-SCEN-FR-033-34-02; EV-04-SCEN-FR-033-34-03; EV-04-SCEN-FR-033-34-04,"None of the required behaviour was established. The merge completed and produced an 11-page PDF, but the record does not establish that it was a long-running job. Its empty output therefore does not demonstrate a failure to show progress for one.",Processing progress during a long-running job was not observed or tested.,accept,,,,,
FR-034,4,not_observable,EV-04-SCEN-FR-034-35-01; EV-04-SCEN-FR-034-35-04,"None of the required behavior is established. The recorded command ran a merge followed by a split and produced a PDF, but does not show separate jobs being queued or run in the background.",Background or queued execution and interface responsiveness while jobs run were not observed.,accept,,,,,
FR-035,4,not_observable,EV-04-SCEN-FR-035-36-01; EV-04-SCEN-FR-035-36-04; EV-04-SCEN-FR-035-36-05,"The command successfully reordered PDF pages, not queued jobs. No pausing, resuming, or reordering of a queued job was observed; no required operation is established.",The evidence does not exercise any queued-job control or show its outcome.,accept,,,,,
FR-036,4,not_observable,EV-04-SCEN-FR-036-37-01; EV-04-SCEN-FR-036-37-04,None of the required import capability was observed. The recorded operation merged two PDFs; it did not import a saved workspace or preset from an existing tool.,"Support for importing saved workspaces or presets, where possible, remains untested.",accept,,,,,
BR-001,4,observed_satisfied,EV-04-SCEN-BR-001-38-02,"The recorded CLI help lists only split, merge, extract, rotate, reorder and interleave commands. The demonstrated interface is limited to PDF organization operations, rather than a full editing suite.",The evidence describes the CLI; it does not assess any undisclosed interfaces.,accept,,,,,
BR-002,4,not_observable,EV-04-SCEN-BR-002-39-01; EV-04-SCEN-BR-002-39-03; EV-04-SCEN-BR-002-39-04,"None of the required restriction is established. The merge failed on an invalid PDF, and in.pdf was observed afterward, but the preparation command had already rewritten in.pdf before the merge.",There is no pre-merge comparison showing whether error handling changed either original input file.,accept,,,,,
BR-003,4,observed_partial,EV-04-SCEN-BR-003-40-01; EV-04-SCEN-BR-003-40-04; EV-04-SCEN-BR-003-40-05; EV-04-SCEN-BR-003-40-06,"The split completed and placed all three outputs under the supplied out/proj_2026 path, without requiring a separate special filing structure in this run.","The evidence does not establish the team's existing naming and folder conventions, so it cannot show whether the generated filenames and location follow them.",accept,,,,,
BR-004,4,not_observable,EV-04-SCEN-BR-004-41-01; EV-04-SCEN-BR-004-41-03,"Neither choice is established. The recorded merge command failed on an invalid PDF, but it did not request or demonstrate a stop-on-first-error or continue-on-error setting.","Whether users can select either mode, and whether batch processing follows the selected mode, remains untested.",accept,,,,,
BR-005,4,observed_partial,EV-04-SCEN-BR-005-42-01; EV-04-SCEN-BR-005-42-04,"The system merged locally created PDF files into a local output file, establishing a local processing operation.",The evidence does not establish that processing works offline or that offline processing is the default.,accept,,,,,
BR-006,4,not_observable,EV-04-SCEN-BR-006-43-01; EV-04-SCEN-BR-006-43-04,The rotation job completed and produced an output PDF. No complete cleanup obligation was observed: the evidence does not show whether temporary files existed or were removed.,Automatic cleanup after completion and after cancellation remain untested.,accept,,,,,
BR-007,4,observed_partial,EV-04-SCEN-BR-007-44-01; EV-04-SCEN-BR-007-44-04,"The public merge command produced a readable output file without an encryption option, establishing the unencrypted-output branch of optional encryption.",The evidence does not show a regular user choosing encryption or a managed or enterprise policy making encryption mandatory.,accept,,,,,
BR-008,4,not_observable,EV-04-SCEN-BR-008-45-01; EV-04-SCEN-BR-008-45-04,"The recorded command produced an output PDF, but no saved workspace or protection measure was observed. No required protection obligation was established or violated.",The evidence does not show how saved workspaces are protected or allow comparison with the protection of output files.,accept,,,,,
BR-009,4,not_observable,EV-04-SCEN-BR-009-46-01; EV-04-SCEN-BR-009-46-04,None of the required encryption or password-protection capabilities was exercised. The recorded command merged PDFs and produced an output file.,"No encryption or password-protection operation, setting, or protected output was observed, so support for either capability remains unknown.",accept,,,,,
BR-010,4,not_observable,EV-04-SCEN-BR-010-47-01; EV-04-SCEN-BR-010-47-04,None of the audit-trail obligation was established. The recorded operation merged PDFs and produced a five-page output; it did not exercise or show an audit trail.,Whether the system supports audit trails in team or regulated environments remains untested.,accept,,,,,
BR-011,4,not_observable,EV-04-SCEN-BR-011-48-01; EV-04-SCEN-BR-011-48-04,"A PDF merge succeeded and produced an output file, but no application audit-trail entry was observed. None of the required audit fields or success/failure recording is established.","No audit trail was inspected for user identity, timestamp, source and output files, operation type, or success and failure outcomes.",accept,,,,,
BR-012,4,not_observable,EV-04-SCEN-BR-012-49-01; EV-04-SCEN-BR-012-49-04,"None of the required temporary-file protections is established. The recorded command successfully rotated a PDF, but neither the request nor the output shows an advanced temporary-file protection option being used.","The handling of temporary files, the availability of the advanced option, and whether its protections are stronger remain unobserved.",accept,,,,,
BR-013,4,not_observable,EV-04-SCEN-BR-013-50-01; EV-04-SCEN-BR-013-50-04,The recorded operation succeeded and produced a five-page PDF. None of the required recovery behaviours was exercised.,"No failure, adjusted selection, replacement of a bad file, or rerun after failure was recorded.",accept,,,,,
BR-014,4,not_observable,EV-04-SCEN-BR-014-51-01; EV-04-SCEN-BR-014-51-04,"None of the required conditional behaviour was established. The recorded merge succeeded and produced an 11-page PDF, but the evidence does not establish that a practical limit existed for this operation.","Whether a practical limit existed, and whether it was communicated before processing, remains unknown.",accept,,,,,
DI-001,4,observed_satisfied,EV-04-SCEN-DI-001-52-01; EV-04-SCEN-DI-001-52-04; EV-04-SCEN-DI-001-52-05; EV-04-SCEN-DI-001-52-06,"The system read the local in.pdf during a successful split operation and wrote three local PDF files. Each output contains text from its corresponding input page, supporting both PDF reading and writing.",,accept,,,,,
DI-002,4,observed_satisfied,EV-04-SCEN-DI-002-53-01,"The system's command-line entry point accepted a split command with input and output arguments and exited successfully, demonstrating a command-line interface usable by scripts.","The resulting files were not inspected, so the split output itself is not verified.",accept,,,,,
DI-003,4,not_observable,EV-04-SCEN-DI-003-54-01; EV-04-SCEN-DI-003-54-04,No required import behaviour was observed. The recorded command merged two PDF files into a five-page PDF; it did not import a workflow or settings file.,Support for importing workflow or settings files in an import process remains untested.,accept,,,,,
DI-004,4,observed_partial,EV-04-SCEN-DI-004-55-01; EV-04-SCEN-DI-004-55-04,"The merge command generated out.pdf, and the recorded file output confirms it contains five pages from the two inputs. This establishes support for an output file as a generated artifact.",No saved workspace was generated or observed.,accept,,,,,
QR-001,4,not_observable,EV-04-SCEN-QR-001-56-01; EV-04-SCEN-QR-001-56-04,"None of the requirement's usability obligation was established. The recorded command produced a split PDF, but it does not show whether casual users can use the system easily without training.",No casual-user interaction or evidence of ease of use without training was recorded.,accept,,,,,
QR-002,4,not_observable,EV-04-SCEN-QR-002-57-01; EV-04-SCEN-QR-002-57-04,"The command succeeded and produced a split PDF, but no required comparative simplicity obligation was established.",There is no evidence of how the system feels to users or how its simplicity compares with current alternatives.,accept,,,,,
QR-003,4,not_observable,EV-04-SCEN-QR-003-58-01; EV-04-SCEN-QR-003-58-04,"The system produced a five-page PDF by merging two inputs. This demonstrates assembly, but none of the required improvement in routine PDF cleanup and assembly time is established.","No cleanup operation or comparative timing evidence was recorded, so the time improvement cannot be assessed.",accept,,,,,
QR-004,4,observed_partial,EV-04-SCEN-QR-004-59-01; EV-04-SCEN-QR-004-59-04,"The merge produced a separate five-page output with all pages in the requested source order, demonstrating avoidance of the incorrect-page-order error in this operation.","The source files were not checked after the merge, so protection against accidental source-file changes remains untested.",accept,,,,,
QR-005,4,observed_satisfied,EV-04-SCEN-QR-005-60-01; EV-04-SCEN-QR-005-60-03,"For a missing input file, the command exited with a failure code and reported the specific problem and filename, rather than a generic error. This demonstrates graceful failure and clear, specific error information for the exercised case.",Other failure conditions were not tested.,accept,,,,,
QR-006,4,not_observable,EV-04-SCEN-QR-006-61-01; EV-04-SCEN-QR-006-61-02; EV-04-SCEN-QR-006-61-03,"The command-line merge completed, but its captured standard output and standard error were empty. No detailed diagnostic logs were observed; no part of the logging requirement was positively established.","The requirement does not specify that logs must appear on standard output or standard error, and the evidence does not inspect other possible log locations.",accept,,,,,
QR-007,4,not_observable,EV-04-SCEN-QR-007-62-01; EV-04-SCEN-QR-007-62-04,"None of the required behaviour was established. The recorded command completed a five-page PDF merge, but it did not exercise interface responsiveness during a large job.",No large job or concurrent interface interaction was observed.,accept,,,,,
QR-008,4,not_observable,EV-04-SCEN-QR-008-63-01; EV-04-SCEN-QR-008-63-04,"The PDF merge completed and produced a five-page output, but no required completion-time obligation is established because elapsed time was not recorded.","The evidence does not show whether this batch job completed within a few seconds to about a minute, or whether it is representative of typical batch jobs.",accept,,,,,
QR-009,4,not_observable,EV-04-SCEN-QR-009-64-01; EV-04-SCEN-QR-009-64-04,"None of the required large-input obligations was established. The recorded merge completed and produced an 11-page PDF, but it used a nine-page PDF and two input files; it does not demonstrate graceful degradation or usability under a large PDF or large-batch workload.","Processing of large PDFs and large batches, including behaviour under load, remains untested.",accept,,,,,
QR-010,4,not_observable,EV-04-SCEN-QR-010-65-01; EV-04-SCEN-QR-010-65-04,"None of the required scale or responsiveness behaviours was established. A five-page merge completed and produced the expected PDF, but that does not demonstrate smooth operation for moderate batches or larger jobs.","No moderate-batch or larger-job run, or observation of responsiveness under those loads, was recorded.",accept,,,,,
QR-011,4,observed_partial,EV-04-SCEN-QR-011-66-01; EV-04-SCEN-QR-011-66-03,The diagnostic output identifies a cause category: an invalid PDF header and missing EOF marker. It does not identify which input file failed or state that a merge was running; those details appear only in the command invocation.,Visibility of the failed file and running operation in diagnostics remains unshown.,accept,,,,,
QR-012,4,not_observable,EV-04-SCEN-QR-012-67-01,No observation was recorded for the scenarios of this requirement.,"The recorded CLI command does not observe the requested graphical preview, zoom, keyboard focus, or screen-reader behavior. Missing observation: All primary controls are reachable by keyboard, labels are announced clearly by the screen reader, text remains readable in high contrast and larger text modes, and the workflow can be completed without requiring a mouse. The target action was not executed; this is an observation limitation, not a software failure.",accept,,,,,
QR-013,4,observed_partial,EV-04-SCEN-QR-013-68-01; EV-04-SCEN-QR-013-68-03,"The command failed because the input file was missing, and the error specifically identified 'missing.pdf' as the missing file. The message gave no next-step guidance.",Only this missing-file error was observed; other error situations were not tested.,accept,,,,,
QR-014,4,not_observable,EV-04-SCEN-QR-014-69-01,No observation was recorded for the scenarios of this requirement.,"The recorded CLI command does not observe the requested graphical preview, zoom, keyboard focus, or screen-reader behavior. Missing observation: The visual workflow updates immediately to reflect the new document order, item placement is shown clearly, and the user can see the composition sequence before running the merge or split job. The target action was not executed; this is an observation limitation, not a software failure.",accept,,,,,
QR-015,4,not_observable,EV-04-SCEN-QR-015-70-01; EV-04-SCEN-QR-015-70-02; EV-04-SCEN-QR-015-70-03; EV-04-SCEN-QR-015-70-04,"None of the required progress-reporting behaviour was established or refuted. The merge produced an 11-page PDF, and its captured standard output and error were empty.",The record does not establish that this merge was long-running or large enough to exercise the requirement.,accept,,,,,
QR-016,4,not_observable,EV-04-SCEN-QR-016-71-01; EV-04-SCEN-QR-016-71-04,None of the required behaviour was established. The recorded operation merged PDFs and showed the resulting pages; it did not exercise a migration import or an explanation of what an import preserved and did not preserve.,No migration import or associated preservation explanation was observed.,accept,,,,,
QR-017,4,not_observable,EV-04-SCEN-QR-017-72-01; EV-04-SCEN-QR-017-72-02,"None of the required deployment, maintenance, or troubleshooting support is established. The recorded command shows only that the CLI starts and displays basic help.","Deployment, maintenance, and troubleshooting by IT or desktop support were not exercised.",accept,,,,,
EX-001,4,observed_unsatisfied,EV-04-SCEN-EX-001-73-01; EV-04-SCEN-EX-001-73-03; EV-04-SCEN-EX-001-73-04,"The merge encountered a bad PDF, exited with an error, and produced no output containing the valid PDF. The rest of this batch job was not kept intact.",No recovery behavior for other batch operations was observed.,accept,,,,,
EX-002,4,observed_unsatisfied,EV-04-SCEN-EX-002-74-01; EV-04-SCEN-EX-002-74-03; EV-04-SCEN-EX-002-74-04,The merge was given a valid PDF and a malformed PDF. It exited on the malformed input without producing an output containing the valid file. No required branch was positively established; this safe-to-skip malformed input case shows a failure to continue with the valid file.,Other multiple-input operations and cases where continuing would be unsafe were not tested.,accept,,,,,
EX-003,4,not_observable,EV-04-SCEN-EX-003-75-01; EV-04-SCEN-EX-003-75-04,None of the required behavior was exercised. The recorded operation merged two PDFs and produced an output containing all five pages; no unsupported item was identified in the input.,It remains unknown whether an import containing unsupported items would continue processing supported items and report the unsupported ones.,accept,,,,,
FR-001,5,observed_satisfied,EV-05-SCEN-FR-001-02-01; EV-05-SCEN-FR-001-02-04; EV-05-SCEN-FR-001-02-05,"The split command succeeded and produced two PDF files containing pages 1–2 and page 3, respectively. This establishes the required PDF-splitting capability.",,accept,,,,,
FR-002,5,observed_satisfied,EV-05-SCEN-FR-002-03-01; EV-05-SCEN-FR-002-03-04,The merge command selected two PDF files and produced a five-page PDF containing all pages from both inputs in order. This establishes support for merging selected PDF files.,Merging selected sections was not tested; the requirement permits files or sections.,accept,,,,,
FR-003,5,observed_satisfied,EV-05-SCEN-FR-003-04-01; EV-05-SCEN-FR-003-04-04,"The extract command completed successfully, and the produced PDF contains the two requested pages from the three-page input, with their page markers preserved. This establishes support for extracting pages from a PDF document.",,accept,,,,,
FR-004,5,observed_satisfied,EV-05-SCEN-FR-004-05-01; EV-05-SCEN-FR-004-05-04,"The rotate command produced a three-page PDF. Its selected second page has a 90-degree rotation, while pages 1 and 3 remain unrotated, demonstrating support for rotating PDF pages.",,accept,,,,,
FR-005,5,observed_satisfied,EV-05-SCEN-FR-005-06-01; EV-05-SCEN-FR-005-06-04,"The reorder command completed successfully, and the produced PDF contains the three marked input pages in the requested 3, 2, 1 order. This establishes support for reordering PDF pages.",,accept,,,,,
FR-006,5,not_observable,EV-05-SCEN-FR-006-07-01; EV-05-SCEN-FR-006-07-04,None of the required alternating-page behavior was established. The recorded merge produced a PDF with all pages from the first document followed by all pages from the second.,"The command did not request an alternating-page operation, so this result does not establish whether the system supports one.",accept,,,,,
FR-007,5,not_observable,EV-05-SCEN-FR-007-08-01; EV-05-SCEN-FR-007-08-04,None of the required visual-composition capability was observed. The recorded operation merged two existing PDFs into a five-page PDF; it did not show visually composing a new document.,No visual composition action or resulting document created through that capability was recorded.,accept,,,,,
FR-008,5,not_observable,EV-05-SCEN-FR-008-09-01; EV-05-SCEN-FR-008-09-04; EV-05-SCEN-FR-008-09-05,"No complete preservation obligation is established. The normal extraction produced an output PDF, and the input PDF still had three pages with the prepared text, but the evidence does not establish that the original input file was untouched.","There is no before-and-after byte comparison for the input file, and preservation after an error was not exercised.",revise,not_observable,EV-05-SCEN-FR-008-09-01; EV-05-SCEN-FR-008-09-04; EV-05-SCEN-FR-008-09-05,Extraction produced a separate PDF and the source retains its prepared page markers. Page observations do not establish that the original file was untouched; no before-and-after comparison or error-preservation case was recorded.,File-level preservation during normal use and after errors remains unverified.,
FR-009,5,not_observable,EV-05-SCEN-FR-009-10-01,"No required obligation is established. The successful command generated a manifest from PDF inputs, but does not show a user saving a reusable workspace, setup, or job configuration.",Saving a configuration and using it again were not observed.,accept,,,,,
FR-010,5,observed_satisfied,EV-05-SCEN-FR-010-11-01; EV-05-SCEN-FR-010-11-02,"A command-line invocation of app.py split completed successfully and returned output file paths, demonstrating a CLI usable in a script.",,accept,,,,,
FR-011,5,observed_satisfied,EV-05-SCEN-FR-011-12-01; EV-05-SCEN-FR-011-12-04,"The delivered command loaded two PDFs and merged them in one workflow. The five-page output contains the pages from both inputs in order, establishing a completed document operation without switching tools.",,accept,,,,,
FR-012,5,observed_satisfied,EV-05-SCEN-FR-012-13-01; EV-05-SCEN-FR-012-13-04,The merge command completed successfully and produced a new output PDF containing all five pages from the two input PDFs.,,accept,,,,,
FR-013,5,observed_satisfied,EV-05-SCEN-FR-013-14-01; EV-05-SCEN-FR-013-14-04; EV-05-SCEN-FR-013-14-05,"The extract command saved a separate two-page PDF containing the requested pages. The original input remained a three-page PDF with its original observed page contents, supporting that saving the output did not modify it.",No byte-for-byte before-and-after comparison of the original file was recorded.,revise,observed_partial,EV-05-SCEN-FR-013-14-01; EV-05-SCEN-FR-013-14-04; EV-05-SCEN-FR-013-14-05,"Extraction saves a separate final PDF, establishing the saving obligation. The source retains its prepared pages, but no before-and-after comparison establishes that the original file was not modified.",Changes to the original file beyond the observed page contents were not checked.,
FR-014,5,not_observable,EV-05-SCEN-FR-014-15-01; EV-05-SCEN-FR-014-15-03; EV-05-SCEN-FR-014-15-04,"The merge batch contained a valid PDF and an invalid PDF. Processing stopped on the invalid PDF and produced no output, so continuation with the valid file was not demonstrated.",The record does not establish whether omitting the invalid file from this merge would have been safe. No case with an established safe-to-continue condition was exercised.,accept,,,,,
FR-015,5,not_observable,EV-05-SCEN-FR-015-16-01; EV-05-SCEN-FR-015-16-04,"None of the required behaviour was exercised. The recorded command successfully merged two PDFs, but it did not show failed batch items, a fix, or a rerun.",It remains unknown whether the user can rerun only failed batch items after fixing an issue.,accept,,,,,
FR-016,5,not_observable,EV-05-SCEN-FR-016-17-01; EV-05-SCEN-FR-016-17-04,"The recorded merge succeeded and produced a five-page PDF. No error occurred, so no required preservation-and-retry behaviour was observed.",The evidence does not show whether the document arrangement remains intact after an error or whether the user can correct the error and retry without rebuilding it.,accept,,,,,
FR-017,5,not_observable,EV-05-SCEN-FR-017-18-01,"No required obligation was observed. The recorded command created PDF inputs and ran a manifest command; it did not exercise an import wizard or import a saved workspace, preset, or job file.",The availability and operation of an import wizard remain untested.,accept,,,,,
FR-018,5,not_observable,EV-05-SCEN-FR-018-19-01; EV-05-SCEN-FR-018-19-03,"None of the required behavior was observed. The recorded command attempted to extract a missing PDF, not to import a workflow or settings file through an import wizard.",No import-wizard validation or finalization was exercised.,accept,,,,,
FR-019,5,not_observable,EV-05-SCEN-FR-019-20-01,"No required obligation was established. The recorded command completed a manifest operation, but it does not show an import-wizard preview or side-by-side view.",Whether imported workflows can be previewed before finalization was not observed.,accept,,,,,
FR-020,5,not_observable,EV-05-SCEN-FR-020-21-01,"The recorded command successfully generated a manifest, but no imported job or configuration was edited before saving. No required editing capability was established or refuted.","The evidence does not show an import, a pre-save edit, or the resulting saved job or configuration.",accept,,,,,
FR-021,5,not_observable,EV-05-SCEN-FR-021-22-01,"None of the required import behaviours was observed. The recorded command generated a manifest and exited successfully, but it did not show an import completing understood items or reporting unsupported items.",No import result or unsupported-item report was captured.,accept,,,,,
FR-022,5,not_observable,EV-05-SCEN-FR-022-23-01,"None of the required terminology-mapping behavior was observed. The recorded command generated PDFs and ran a manifest command, but did not exercise mapping terms from an older tool to the new tool.",Terminology mapping during migration remains untested.,accept,,,,,
FR-023,5,not_observable,EV-05-SCEN-FR-023-24-01; EV-05-SCEN-FR-023-24-03,No required obligation was observed. The recorded command attempted extraction from a missing file and returned an error; it did not exercise import or show inline guidance during import.,Whether the system detects issues during import and provides inline guidance remains untested.,accept,,,,,
FR-024,5,not_observable,EV-05-SCEN-FR-024-25-01; EV-05-SCEN-FR-024-25-02,"The recorded command shows general CLI help, but no complete required obligation is established: it does not show plain-language help for migration or common import scenarios.",Only top-level CLI help was observed; help for migration and common import scenarios was not exercised or otherwise ruled out.,accept,,,,,
FR-025,5,observed_satisfied,EV-05-SCEN-FR-025-26-01; EV-05-SCEN-FR-025-26-02; EV-05-SCEN-FR-025-26-04; EV-05-SCEN-FR-025-26-05,"The application read a local input PDF and wrote two local output PDFs. The produced files contain the expected pages and text from the input, establishing both local file-system input and output operations.",,accept,,,,,
FR-026,5,not_observable,EV-05-SCEN-FR-026-27-01,No observation was recorded for the scenarios of this requirement.,"The recorded CLI command does not observe the requested graphical preview, zoom, keyboard focus, or screen-reader behavior. Missing observation: Focus moves in a logical order through actionable controls, menus and buttons can be activated from the keyboard, and the user can complete core tasks without using a mouse. The target action was not executed; this is an observation limitation, not a software failure.",accept,,,,,
FR-027,5,not_observable,EV-05-SCEN-FR-027-28-01,No observation was recorded for the scenarios of this requirement.,"The recorded CLI command does not observe the requested graphical preview, zoom, keyboard focus, or screen-reader behavior. Missing observation: Controls, labels, dialog titles, statuses, and warnings are announced in a meaningful way, allowing the user to understand and operate the interface without relying on visual cues. The target action was not executed; this is an observation limitation, not a software failure.",accept,,,,,
FR-028,5,not_observable,EV-05-SCEN-FR-028-29-01; EV-05-SCEN-FR-028-29-02,"None of the required graphical-interface properties were observed. The recorded interaction exercised a command-line PDF split, not the graphical interface.","No graphical interface was captured or inspected, so visual contrast and label clarity remain untested.",accept,,,,,
FR-029,5,not_observable,EV-05-SCEN-FR-029-30-01; EV-05-SCEN-FR-029-30-04,None of the required usability behaviour was established. The recorded operation merged PDFs and produced a five-page output; it did not demonstrate use with larger text or a simpler layout.,Usability with larger text and with simpler layouts remains untested.,accept,,,,,
FR-030,5,observed_unsatisfied,EV-05-SCEN-FR-030-31-01; EV-05-SCEN-FR-030-31-03; EV-05-SCEN-FR-030-31-04,"The page-specific error was reported as a standalone stderr message, “Error: Page out of range: 9.” No output file was produced in which the error appeared inline. The required inline display was not observed for this error.",Other file- or page-specific errors were not tested.,revise,observed_unsatisfied,EV-05-SCEN-FR-030-31-01; EV-05-SCEN-FR-030-31-03; EV-05-SCEN-FR-030-31-04,A request for page 9 of a three-page PDF produces a page-specific error only on stderr. The standalone diagnostic does not meet the explicit inline-display obligation.,Other file-specific errors and other interfaces were not exercised.,
FR-031,5,not_observable,EV-05-SCEN-FR-031-32-01; EV-05-SCEN-FR-031-32-03,The merge was blocked by an invalid PDF and an error was written to standard error. No required pop-up or inline-message behaviour was established.,"The command output does not show whether a pop-up appeared, or whether an inline message was appropriate and displayed.",accept,,,,,
FR-032,5,not_observable,EV-05-SCEN-FR-032-33-01; EV-05-SCEN-FR-032-33-04,None of the required error-recovery behaviour was exercised. The recorded merge succeeded and produced a five-page PDF.,"No error, post-error workspace state, correction, or retry was observed.",accept,,,,,
FR-033,5,not_observable,EV-05-SCEN-FR-033-34-01; EV-05-SCEN-FR-033-34-02; EV-05-SCEN-FR-033-34-03,"None of the required behaviour was established: the PDF merge completed with no stdout or stderr, but the record does not establish that it was a long-running job.",Processing progress during an established long-running job was not observed.,accept,,,,,
FR-034,5,not_observable,EV-05-SCEN-FR-034-35-01; EV-05-SCEN-FR-034-35-02,None of the required behaviour was observed. The recorded commands ran sequentially and produced PDF output; they did not exercise queuing or background execution of separate jobs.,Background or queued job execution and interface responsiveness while jobs run remain untested.,accept,,,,,
FR-035,5,not_observable,EV-05-SCEN-FR-035-36-01; EV-05-SCEN-FR-035-36-04,"None of the required queued-job operations was observed. The command reordered pages in a PDF, not queued jobs.","Pausing, resuming, and reordering queued jobs remain untested.",accept,,,,,
FR-036,5,not_observable,EV-05-SCEN-FR-036-37-01,"No required import capability was exercised. The recorded command created PDFs and generated a manifest, not an import of a saved workspace or preset from an existing tool.",Importing saved workspaces or presets remains untested.,accept,,,,,
BR-001,5,observed_satisfied,EV-05-SCEN-BR-001-38-02,"The application's command-line help identifies it as a PDF split and merge tool and lists a limited set of document-organization commands, rather than a full editing suite.",,accept,,,,,
BR-002,5,not_observable,EV-05-SCEN-BR-002-39-01; EV-05-SCEN-BR-002-39-03; EV-05-SCEN-BR-002-39-04,"The merge encountered an error, and in.pdf remained readable afterward. None of the no-modification obligation is established: the record does not show whether either original file was unchanged during error handling.",There is no before-and-after comparison of in.pdf or bad.pdf.,accept,,,,,
BR-003,5,observed_partial,EV-05-SCEN-BR-003-40-01; EV-05-SCEN-BR-003-40-02; EV-05-SCEN-BR-003-40-04; EV-05-SCEN-BR-003-40-05,"The split succeeded and placed both PDFs directly in the chosen output folder, without imposing an additional filing structure. Their names also retain the input filename stem.","The evidence does not establish the team's existing naming or folder conventions, so it cannot show that the outputs follow those conventions.",accept,,,,,
BR-004,5,not_observable,EV-05-SCEN-BR-004-41-01; EV-05-SCEN-BR-004-41-03; EV-05-SCEN-BR-004-41-04,"No required choice was established. The merge command failed on an invalid PDF and produced no output, but the recorded command did not select either stop-on-error or continue-on-error behaviour.",Whether users can choose both batch-processing behaviours remains untested.,accept,,,,,
BR-005,5,observed_partial,EV-05-SCEN-BR-005-42-01; EV-05-SCEN-BR-005-42-04,"The default CLI invocation processed two local PDF files and produced a merged local file, establishing local processing.","The record does not establish that processing works without network access, so offline support remains untested.",accept,,,,,
BR-006,5,not_observable,EV-05-SCEN-BR-006-43-01; EV-05-SCEN-BR-006-43-04,"The job completed and produced out.pdf, but no temporary-file cleanup was observed. Neither required cleanup branch is established.",The evidence does not identify temporary files or show whether they were removed after completion or cancellation.,accept,,,,,
BR-007,5,observed_partial,EV-05-SCEN-BR-007-44-01; EV-05-SCEN-BR-007-44-04,"The merge completed without an encryption setting and produced a readable output PDF, supporting the ability to save an output file without selecting encryption.",The evidence does not show whether a regular user can choose encryption or whether a managed or enterprise policy can make it mandatory.,accept,,,,,
BR-008,5,not_observable,EV-05-SCEN-BR-008-45-01,"No required protection obligation was established. The recorded command created a manifest, but did not show how saved workspaces or output files are protected.","The evidence does not establish the protections applied to either type of file, so their relative protection cannot be assessed.",accept,,,,,
BR-009,5,not_observable,EV-05-SCEN-BR-009-46-01; EV-05-SCEN-BR-009-46-04,"The recorded merge produced a PDF, but no encryption or password-protection obligation was exercised or established.","Support for modern, widely accepted encryption and password protection for sensitive work remains untested.",accept,,,,,
BR-010,5,not_observable,EV-05-SCEN-BR-010-47-01; EV-05-SCEN-BR-010-47-04,"The recorded operation merged PDFs. It establishes no audit-trail obligation, positively or negatively.",No audit-trail capability was exercised or observed in a team or regulated environment.,accept,,,,,
BR-011,5,not_observable,EV-05-SCEN-BR-011-48-01; EV-05-SCEN-BR-011-48-04,"A merge completed and produced out.pdf, but no audit-trail record was observed. None of the required audit fields is established.","The evidence does not show whether an audit trail captured user identity, timestamp, source and output files, operation type, or success or failure.",accept,,,,,
BR-012,5,not_observable,EV-05-SCEN-BR-012-49-01; EV-05-SCEN-BR-012-49-04,"None of the required temporary-file protections was observed. The recorded command produced a rotated PDF, but it did not exercise an advanced temporary-file option or show how temporary files were handled.",The availability of the advanced option and whether it provides stronger temporary-file protections remain untested.,accept,,,,,
BR-013,5,not_observable,EV-05-SCEN-BR-013-50-01; EV-05-SCEN-BR-013-50-04,"None of the required recovery capabilities was exercised. The recorded merge succeeded and produced a five-page PDF, but it did not involve a failure or a subsequent adjustment, file replacement, or rerun.","Whether users can adjust a selection, replace a bad file, or rerun an operation after a failure remains untested.",accept,,,,,
BR-014,5,not_observable,EV-05-SCEN-BR-014-51-01; EV-05-SCEN-BR-014-51-02; EV-05-SCEN-BR-014-51-03; EV-05-SCEN-BR-014-51-04,"None of the required conditional behaviour is established. The merge produced an 11-page PDF without a message, but the evidence does not establish that a practical limit existed for this operation.","Whether a practical limit existed, and whether the system communicates such limits before processing when they exist, remains untested.",accept,,,,,
DI-001,5,observed_satisfied,EV-05-SCEN-DI-001-52-01; EV-05-SCEN-DI-001-52-02; EV-05-SCEN-DI-001-52-04; EV-05-SCEN-DI-001-52-05,"The application split a local input PDF into two PDF files. The produced files contain the corresponding pages and text from the input, establishing that the application read the local PDF and wrote PDF files to the local file system.",,accept,,,,,
DI-002,5,observed_satisfied,EV-05-SCEN-DI-002-53-01; EV-05-SCEN-DI-002-53-02,"The command-line interface successfully ran a PDF split command and printed the output file paths, demonstrating an interface usable by automation and scripts.",,accept,,,,,
DI-003,5,not_observable,EV-05-SCEN-DI-003-54-01,No required import capability was observed. The recorded command created PDF files and ran a manifest command; it did not import a workflow or settings file.,Importing workflow or settings files remains untested.,accept,,,,,
DI-004,5,observed_partial,EV-05-SCEN-DI-004-55-01; EV-05-SCEN-DI-004-55-04,"The merge command generated an output file, out.pdf, containing all five input pages. This establishes support for output files as generated artifacts.",No saved workspace was generated or inspected.,accept,,,,,
QR-001,5,not_observable,EV-05-SCEN-QR-001-56-01; EV-05-SCEN-QR-001-56-02,"The recorded command successfully split a PDF, but this does not establish that casual users can use the system easily without training. No required usability obligation was established.",No casual-user interaction or other evidence of ease of use without training was recorded.,accept,,,,,
QR-002,5,not_observable,EV-05-SCEN-QR-002-57-01; EV-05-SCEN-QR-002-57-02; EV-05-SCEN-QR-002-57-04; EV-05-SCEN-QR-002-57-05,"None of the required comparative simplicity is established. The evidence shows a successful PDF split and its outputs, but not whether the system feels simpler than current alternatives.",No comparison with current alternatives or evidence of users' perceived simplicity was recorded.,accept,,,,,
QR-003,5,not_observable,EV-05-SCEN-QR-003-58-01; EV-05-SCEN-QR-003-58-04,"The merge produced a five-page PDF, but no improvement in routine PDF cleanup or assembly time was established.",No timing or comparison with a prior workflow was recorded.,accept,,,,,
QR-004,5,observed_partial,EV-05-SCEN-QR-004-59-01; EV-05-SCEN-QR-004-59-04,"The merge produced a five-page PDF in the requested source-file order, with each source’s pages in sequence. This demonstrates avoidance of an incorrect page order in the recorded operation.","The source files were not inspected after the merge, so the evidence does not establish whether accidental source-file changes were prevented.",accept,,,,,
QR-005,5,observed_satisfied,EV-05-SCEN-QR-005-60-01; EV-05-SCEN-QR-005-60-03; EV-05-SCEN-QR-005-60-04,"For a missing input file, the command failed with a nonzero exit code, gave the specific error “Input file not found: missing.pdf,” and did not produce an output PDF. This demonstrates a graceful failure with clear, specific error information rather than a generic error.",Other failure conditions were not exercised.,accept,,,,,
QR-006,5,not_observable,EV-05-SCEN-QR-006-61-01; EV-05-SCEN-QR-006-61-02; EV-05-SCEN-QR-006-61-03,"A command-line merge completed, but its captured stdout and stderr were empty. No complete logging obligation is established as met or violated: the captures show no diagnostics in those streams, but do not establish whether diagnostic logs were available elsewhere.","No log file or other diagnostic output was inspected, and batch and automated-run logging was not observed.",accept,,,,,
QR-007,5,not_observable,EV-05-SCEN-QR-007-62-01; EV-05-SCEN-QR-007-62-04,None of the required behavior was established. The recorded operation merged two small PDFs and produced a five-page output; it did not show whether the interface remained responsive during a large job.,No large job or concurrent interface interaction was observed.,accept,,,,,
QR-008,5,not_observable,EV-05-SCEN-QR-008-63-01; EV-05-SCEN-QR-008-63-04,"A PDF merge completed and produced a five-page output, but none of the required completion-time behaviour is established because no duration was recorded.","The job's elapsed time is unknown, so the evidence cannot show whether it completed within a few seconds to about a minute.",accept,,,,,
QR-009,5,observed_partial,EV-05-SCEN-QR-009-64-01; EV-05-SCEN-QR-009-64-04,"The system successfully processed a 9-page PDF together with a 2-page PDF and produced a valid 11-page output, demonstrating usability for the recorded larger-PDF merge case without a timeout or command failure.","The evidence does not establish graceful degradation under genuinely large PDFs or large batches: no performance, resource, progress, error-recovery, or larger-scale batch behavior was recorded. The 2-file batch is not sufficient to demonstrate large-batch handling.",accept,,,,,
QR-010,5,observed_partial,EV-05-SCEN-QR-010-65-01; EV-05-SCEN-QR-010-65-02; EV-05-SCEN-QR-010-65-03; EV-05-SCEN-QR-010-65-04,"The system completed a merge and split workflow on a five-page batch with return code 0, no timeout, no standard error, and correctly produced the expected split files. This positively establishes that the tested moderate batch completed without freezing.","Larger jobs were not exercised, and the evidence provides no timing, resource, or throughput measurements to establish smooth scaling beyond the five-page batch.",accept,,,,,
QR-011,5,observed_satisfied,EV-05-SCEN-QR-011-66-01; EV-05-SCEN-QR-011-66-03; EV-05-SCEN-QR-011-66-04,"Diagnostics identify the failed file as 'bad.pdf', show the running operation as the PDF 'merge' command, and provide cause information indicating an invalid or malformed PDF through the invalid header, missing EOF marker, and unexpected stream errors. The missing output confirms the diagnostic scenario reached the failure condition.",,accept,,,,,
QR-012,5,not_observable,EV-05-SCEN-QR-012-67-01,No observation was recorded for the scenarios of this requirement.,"The recorded CLI command does not observe the requested graphical preview, zoom, keyboard focus, or screen-reader behavior. Missing observation: All primary controls are reachable by keyboard, labels are announced clearly by the screen reader, text remains readable in high contrast and larger text modes, and the workflow can be completed without requiring a mouse. The target action was not executed; this is an observation limitation, not a software failure.",accept,,,,,
QR-013,5,observed_partial,EV-05-SCEN-QR-013-68-03; EV-05-SCEN-QR-013-68-04,"The system provided a plain, specific error message identifying that the input file was not found. The requested output was not produced, consistent with that error.",The evidence does not show any next-step guidance telling the user how to resolve the missing input file or proceed.,accept,,,,,
QR-014,5,not_observable,EV-05-SCEN-QR-014-69-01,No observation was recorded for the scenarios of this requirement.,"The recorded CLI command does not observe the requested graphical preview, zoom, keyboard focus, or screen-reader behavior. Missing observation: The visual workflow updates immediately to reflect the new document order, item placement is shown clearly, and the user can see the composition sequence before running the merge or split job. The target action was not executed; this is an observation limitation, not a software failure.",accept,,,,,
QR-015,5,not_observable,EV-05-SCEN-QR-015-70-01; EV-05-SCEN-QR-015-70-04,"The processing command completed successfully and produced the merged PDF, but the evidence does not show any progress updates, status reporting, or other user-facing indication during the long-running or large processing task. No complete required obligation is positively or negatively established.",Whether users are kept informed of progress during processing remains unobserved; the captured command result only establishes successful completion and the output file.,accept,,,,,
QR-016,5,not_observable,EV-05-SCEN-QR-016-71-01; EV-05-SCEN-QR-016-71-02; EV-05-SCEN-QR-016-71-03,"The import/manifest command completed successfully, but the recorded output and error streams are empty. No explanation of what was preserved or not preserved is evidenced.",Whether the system explains preserved and unpreserved content during import remains untested.,accept,,,,,
QR-017,5,not_observable,EV-05-SCEN-QR-017-72-01; EV-05-SCEN-QR-017-72-02; EV-05-SCEN-QR-017-72-03,"The command-line help executes successfully and exposes available PDF operations, but this is only contextual evidence of a CLI interface. It does not positively establish easy deployment, maintenance, or troubleshooting support.","No deployment or installation procedure, maintenance workflow, troubleshooting guidance, diagnostics, logging, or support documentation was observed.",accept,,,,,
EX-001,5,observed_unsatisfied,EV-05-SCEN-EX-001-73-01; EV-05-SCEN-EX-001-73-03; EV-05-SCEN-EX-001-73-04,"The batch included a bad PDF, which the command failed to read, and the expected merged output was not produced. This shows the job did not keep the rest of the batch intact where possible.",The evidence does not show whether the valid input PDF remained intact or whether any partial result could have been produced.,accept,,,,,
EX-002,5,observed_unsatisfied,EV-05-SCEN-EX-002-74-01; EV-05-SCEN-EX-002-74-03; EV-05-SCEN-EX-002-74-04,"Processing was attempted with one valid PDF and one invalid PDF. The invalid input caused the merge command to fail, and no output file was produced, demonstrating that the system did not continue processing the valid file when it was safe to do so.","The evidence does not show whether any valid-file result was produced elsewhere, but no distinct positive continuation branch is recorded.",accept,,,,,
EX-003,5,not_observable,EV-05-SCEN-EX-003-75-01; EV-05-SCEN-EX-003-75-02; EV-05-SCEN-EX-003-75-03,"The import command completed successfully, but the evidence does not establish that the import contained unsupported items, continued processing supported items after encountering them, or reported any unsupported items. No complete required obligation or condition branch was positively or negatively established.","A mixed import containing unsupported and supported items was not demonstrated, and no output reporting unsupported items was captured.",accept,,,,,
