requirement_id,run_index,status,evidence_ids,rationale,limitation,decision,revised_status,revised_evidence_ids,revised_rationale,revised_limitation,notes
FR-001,1,observed_satisfied,EV-01-SCEN-FR-001-08-01; EV-01-SCEN-FR-001-08-02,"Launching the game displayed a puzzle board with zero moves, and a subsequent move updated the board and move count. This establishes that a player can start a puzzle session by launching a puzzle.",,accept,,,,,
FR-002,1,observed_partial,EV-01-SCEN-FR-002-09-01; EV-01-SCEN-FR-002-09-02,"The game displayed a goodbye message and the process exited successfully, establishing that the session ended when the player exited the game.",Session endings after solving the puzzle or giving up were not observed.,accept,,,,,
FR-003,1,observed_satisfied,EV-01-SCEN-FR-003-10-02,"The level was completed, and the game reported “Puzzle solved! Progress saved.” This directly supports saving progress on completion.",The saved progress was not independently read back.,accept,,,,,
FR-004,1,observed_satisfied,EV-01-SCEN-FR-004-11-02,"After two moves in an unfinished game, the system reported “Saved progress” before exiting. This establishes a save of in-progress play; no unsafe condition was recorded.",,revise,not_observable,EV-01-SCEN-FR-004-11-02,"Every recorded save is triggered by exiting the game, so saving during active play is not shown, matching how run 3 was judged.",Saving during active play and subsequent persistence were not observed; the recorded save occurs at quit.,
FR-005,1,not_observable,EV-01-SCEN-FR-005-12-02,"No required obligation was established. The game displayed an untouched puzzle and reported saving progress on quit, but the record does not show preservation of a puzzle in progress or later continuation.",Quitting after changing the puzzle state and reopening it to verify that state was preserved were not observed.,accept,,,,,
FR-006,1,not_observable,EV-01-SCEN-FR-006-13-02,"No required restoration behaviour was observed. The game saved progress on a normal quit, not after a sudden interruption or closure.",Restoration of the last safe state after an interruption or sudden closure was not tested.,accept,,,,,
FR-007,1,observed_satisfied,EV-01-SCEN-FR-007-14-02; EV-01-SCEN-FR-007-14-03,"An attempted move outside the board was blocked: the board, move count, and score remained unchanged. The system immediately explained the reason with “Invalid move: Move is outside the board,” and recorded no standard-error output.",Other kinds of invalid moves were not tested.,accept,,,,,
FR-008,1,observed_satisfied,EV-01-SCEN-FR-008-15-02,"The game rejected an out-of-bounds move. The board, move count, and score remained unchanged, and the game reported saving progress on exit.",,accept,,,,,
FR-009,1,observed_satisfied,EV-01-SCEN-FR-009-16-02,"The player used the listed single-key undo command after moving. The position and move count returned to their starting values, and the score returned from 95 to 100, showing the move was undone without a score penalty.",,accept,,,,,
FR-010,1,observed_satisfied,EV-01-SCEN-FR-010-17-02,"The player restarted the puzzle with the listed single-key `r` command. The board returned to its starting state, moves reset from 1 to 0, and score returned from 95 to 100, showing no penalty in the recorded restart.",,accept,,,,,
FR-011,1,observed_satisfied,EV-01-SCEN-FR-011-18-02,"The game lists a hint command and initially displays the puzzle without a hint. It then displays the subtle suggestion “try to move right” after a command prompt, supporting a requestable hint rather than a pushed one.",The exact input that triggered the hint was not captured.,accept,,,,,
FR-012,1,not_observable,EV-01-SCEN-FR-012-19-02,"The output shows three moves processed in sequence, but none was shown to arrive while another action was being processed. No required branch was established.","Whether the system ignores, rather than queues, inputs received during an action remains untested.",accept,,,,,
FR-013,1,observed_satisfied,EV-01-SCEN-FR-013-20-02,"Three successive moves shown within the same timestamp advance the player one space each time, with the move count increasing from 0 to 3. The recorded board state remains consistent after the repeated inputs.","The timestamps have only one-second precision, so the exact spacing of the inputs is unknown.",accept,,,,,
FR-014,1,observed_partial,EV-01-SCEN-FR-014-21-02,"During one play session, the displayed puzzle state changes after each move, while the move count and score update. This establishes tracking of the session’s active puzzle state, move count, and score.",The output says progress was saved but does not show a completion time or a readback confirming it was recorded.,accept,,,,,
FR-015,1,not_observable,EV-01-SCEN-FR-015-22-02,"No complete required obligation was observed. The output shows current progress and a generic save message, but not a retained history of completed puzzles or attempts.",No completed puzzle or attempt was shown being recorded and later available as history.,accept,,,,,
FR-016,1,observed_partial,EV-01-SCEN-FR-016-23-02,"The progress view shows moves made (`moves=0`). It shows a completion flag, but does not establish a view of puzzles completed. The displayed timestamp does not show time spent on the active puzzle.","Best results are not shown, and the evidence does not establish whether any were available.",accept,,,,,
FR-017,1,observed_satisfied,EV-01-SCEN-FR-017-24-02,"The command menu includes a dedicated Progress option, and using it displays the player's completion status, moves, and score.",,accept,,,,,
FR-018,1,observed_partial,EV-01-SCEN-FR-018-25-02,"The game reports that stats were exported successfully, establishing the export capability.",The recorded export uses the separate 'e' command; it does not show export from the Progress or Stats area.,accept,,,,,
FR-019,1,observed_satisfied,EV-01-SCEN-FR-019-26-01; EV-01-SCEN-FR-019-26-02,The game ran without configuration arguments and reported that stats were exported successfully to a JSON file. This establishes the basic-stats export capability in the recorded default run.,"The exported file was not inspected, so its specific contents are unknown.",accept,,,,,
FR-020,1,not_observable,EV-01-SCEN-FR-020-27-02,"A stats export was reported as successful, but no complete obligation was established: the evidence does not show an option to include more detailed session records or show those records in the export.","Whether detailed session records are supported, optionally selectable, or included when selected remains unknown.",accept,,,,,
FR-021,1,observed_satisfied,EV-01-SCEN-FR-021-28-02,"After the stats export, the system displayed a clear success message that included the exported file’s full path.",,accept,,,,,
FR-022,1,observed_satisfied,EV-01-SCEN-FR-022-29-02,"The player selected the progress view using the listed `p` command, and the system displayed completion, moves, and score as progress information.",,accept,,,,,
FR-023,1,observed_partial,EV-01-SCEN-FR-023-30-02,"The 'p' command displays a progress view showing completion, moves, and score.",The recording does not show more detail accessible from that progress view through an additional interaction.,accept,,,,,
FR-024,1,observed_partial,EV-01-SCEN-FR-024-31-02,"The game displays a score, a time, and move and completion progress, and its progress command reports those values.","The recording does not show progress across attempts to help a player see improvement, or an exercised replay of a challenge. The save message alone does not establish that progress persists.",accept,,,,,
FR-025,1,not_observable,EV-01-SCEN-FR-025-32-01; EV-01-SCEN-FR-025-32-02,"The player completed a puzzle, and the game reported that progress was saved. Neither required obligation is established: the record does not show play without internet access or a local save.",Internet availability during play and local persistence of progress were not observed.,accept,,,,,
FR-026,1,observed_partial,EV-01-SCEN-FR-026-33-01; EV-01-SCEN-FR-026-33-02,"The game launched successfully with a single command and accepted a move, establishing a working launch in the recorded environment.","Installation was not exercised, and the evidence does not establish whether setup requires extra services.",accept,,,,,
FR-027,1,observed_partial,EV-01-SCEN-FR-027-34-02,"The game displays simple movement instructions and a visual puzzle grid, establishing those beginner-guidance elements.",The record does not establish that the first challenge is easier or that the experience is forgiving. Undo and hint commands are listed but were not exercised.,accept,,,,,
FR-028,1,not_observable,EV-01-SCEN-FR-028-35-02,"The output shows one puzzle and one move, but no completed obligation: it does not show puzzles becoming harder for a more experienced player.","No continued play, player experience progression, or comparison of puzzle difficulty was observed.",accept,,,,,
FR-029,1,not_observable,EV-01-SCEN-FR-029-36-02,"The game displays moves, score, and time, but no complete required obligation is established: the record does not show these measures becoming more prominent for more experienced players.",No experienced-player condition or comparison of prominence is recorded.,accept,,,,,
FR-030,1,not_observable,EV-01-SCEN-FR-030-37-02,"No complete required obligation was established. The game reported saving progress on a normal quit, but the record does not show play resuming after an exit or interruption.",No sudden exit or interruption and subsequent resume attempt were observed.,accept,,,,,
FR-031,1,not_observable,EV-01-SCEN-FR-031-38-02,"No required obligation was established. The output shows a move followed by a normal quit that reports saving progress, not preservation of a safe state after a sudden exit.",No sudden exit or subsequent recovery of the most recently captured safe state was observed.,accept,,,,,
FR-032,1,observed_satisfied,EV-01-SCEN-FR-032-39-01; EV-01-SCEN-FR-032-39-02,"With malformed content placed in the save file, the application launched, displayed the game and reached its normal save-and-exit path. The unreadable save did not block the rest of the application.",The record does not show whether the malformed save was replaced or preserved.,accept,,,,,
FR-033,1,observed_satisfied,EV-01-SCEN-FR-033-40-01; EV-01-SCEN-FR-033-40-02,"With malformed save data in place, the game launched successfully and displayed a new session with zero moves and player commands available.",,accept,,,,,
FR-034,1,not_observable,EV-01-SCEN-FR-034-41-01; EV-01-SCEN-FR-034-41-02,"No complete required branch was established. The recorded run shows ordinary play and a successful save, not a real problem that would call for a cue.","No save failure or recovery event was exercised, so the evidence does not show whether a subtle, non-blocking cue appears when needed or whether cues are limited to real problems.",accept,,,,,
FR-035,1,not_observable,EV-01-SCEN-FR-035-42-02,None of the required update-check behavior is established. The recorded game launch and exit do not show an update check.,"Whether update checks are supported, optional, and unobtrusive remains untested.",accept,,,,,
FR-036,1,not_observable,EV-01-SCEN-FR-036-43-02,"The recorded launch and exit show gameplay output, but establish no complete update-prompt obligation or condition branch.",The evidence does not establish whether an important update was available or observe prompt behavior after a game ends or on returning to a menu.,accept,,,,,
FR-037,1,not_observable,EV-01-SCEN-FR-037-44-02,"The game displayed a board and then exited. No update prompt, dismissal, or continued play after dismissal was observed; no required branch was established.",Whether a player can easily dismiss an update prompt and continue playing remains untested.,accept,,,,,
FR-038,1,observed_partial,EV-01-SCEN-FR-038-45-02,The game offers an export command and reports a successful stats export to a local JSON path.,"The recorded evidence does not inspect the file, so its existence and readability as a file the player can keep or share remain unverified.",accept,,,,,
FR-039,1,observed_partial,EV-01-SCEN-FR-039-46-02,"The game reported a successful stats export without prompting the player to create an account, supporting the stats-export branch.","No update check was observed, so its account requirement remains unknown.",accept,,,,,
FR-040,1,not_observable,EV-01-SCEN-FR-040-47-02,The recorded stats export succeeded. No required obligation was exercised because the requirement concerns what the system says when export fails.,"No failed export was observed, so the plain-language failure explanation and indication of whether the data was saved elsewhere remain untested.",accept,,,,,
FR-041,1,not_observable,EV-01-SCEN-FR-041-48-01; EV-01-SCEN-FR-041-48-02; EV-01-SCEN-FR-041-48-03,"The game launched and exited normally, but no update check or connection failure was observed. Neither required behaviour was established.",Whether a failed update check fails quietly and offers the player an option to try again later remains untested.,accept,,,,,
FR-042,1,not_observable,EV-01-SCEN-FR-042-49-01; EV-01-SCEN-FR-042-49-02,"The game started and exited normally, but neither required failure condition was observed. No complete requirement branch was established.",It remains unknown whether the system keeps running normally after a failed update check or a failed stats export.,accept,,,,,
FR-043,1,observed_partial,EV-01-SCEN-FR-043-50-01; EV-01-SCEN-FR-043-50-02,"The game launched and accepted two movement commands, displaying updated boards after each. This establishes a lightweight playable experience. The two moves proceeded without a visible interruption, but the brief run does not establish whether play feels constantly interrupted over a sustained session.",Sustained play and the player's experience of interruptions were not observed.,accept,,,,,
FR-044,1,observed_satisfied,EV-01-SCEN-FR-044-51-02,"The player used the progress command and received an overall progress summary showing completion, moves, and score in a single lightweight line, without dense charts or excessive text.",,accept,,,,,
FR-045,1,observed_partial,EV-01-SCEN-FR-045-52-02,"The recorded play shows a visible puzzle board, movement and score feedback, and a solved outcome, establishing a clear, meaningful challenge experience.","The output lists a restart command, but no restart or second playthrough was observed, so replayability remains untested.",accept,,,,,
BR-001,1,not_observable,EV-01-SCEN-BR-001-53-02,"The recorded command-line interaction shows the game running, but establishes no part of the default restriction on mobile support.",The evidence does not show whether mobile support is available or whether the sponsor decided to bring it into scope.,accept,,,,,
BR-002,1,not_observable,EV-01-SCEN-BR-002-54-02,"None of the required behaviour is established. The recorded output shows the game running and saving progress, but does not show whether it performs automatic updates.","Automatic-update behaviour was not observed, so the default restriction cannot be assessed.",accept,,,,,
BR-003,1,observed_partial,EV-01-SCEN-BR-003-55-01; EV-01-SCEN-BR-003-55-02,"The game launched locally, accepted a move, and saved progress without any account being supplied or requested in the recorded interaction. This establishes account-free play for that interaction.",The record does not establish that the game can run without a network connection or third-party services.,accept,,,,,
BR-004,1,not_observable,EV-01-SCEN-BR-004-56-02,"The game reported saving progress, but the recorded output does not show what data was saved or whether personal information was collected. No required obligation is established.","The saved data and any collection of personal information were not inspected, so minimality and the reason for any such collection remain unknown.",accept,,,,,
BR-005,1,not_observable,EV-01-SCEN-BR-005-57-02,"None of the required priority behaviour is established. The output shows two moves and a “Saved progress” message, but does not show what was saved or how save size was weighed against current-game and recent-progress data.","The saved state was not inspected or restored, and no save-size tradeoff was observed.",accept,,,,,
BR-006,1,observed_partial,EV-01-SCEN-BR-006-58-01; EV-01-SCEN-BR-006-58-02,"The game launched and accepted a move without an account-security gate, supporting the account-security part of the requirement for the recorded gameplay.",The recorded session does not establish whether the system uses online protection.,accept,,,,,
BR-007,1,observed_satisfied,EV-01-SCEN-BR-007-59-01; EV-01-SCEN-BR-007-59-02; EV-01-SCEN-BR-007-59-03,"With malformed save data in place, the game started successfully, displayed a coherent puzzle, and exited normally without an error. This demonstrates clean recovery from the tested corruption rather than a crash or nonsensical output.",The recorded output does not directly show an integrity-check result or establish how other forms of save corruption are handled.,accept,,,,,
BR-008,1,not_observable,EV-01-SCEN-BR-008-60-01; EV-01-SCEN-BR-008-60-02,"None of the required behavior is established. The game ran after a malformed save file was written, but the captured output does not show whether it marked the save as unreliable.",No reliability result or effect on honest players was observed.,accept,,,,,
BR-009,1,observed_unsatisfied,EV-01-SCEN-BR-009-61-01; EV-01-SCEN-BR-009-61-02; EV-01-SCEN-BR-009-61-03,"The game was launched with an invalid save containing `notjson`. Its captured output shows normal gameplay and a goodbye message, but no plain-language notice that the save was invalid or reset. This violates the player-notification obligation; no required branch is positively established.","The evidence does not show which saved stats or progress were reset, so the reset-scope obligation cannot be assessed.",accept,,,,,
BR-010,1,not_observable,EV-01-SCEN-BR-010-62-02,"No complete required obligation was established. The game recorded two moves and reported that progress was saved, but the record does not show whether that progress was preserved.",No storage-management action or subsequent readback tested whether meaningful recent progress survived.,accept,,,,,
BR-011,1,not_observable,EV-01-SCEN-BR-011-63-02,"None of the required behavior was observed. The recorded session showed current progress and saved on exit, but did not show older puzzle records being summarized.","Automatic summarization of records no longer needed in full detail, and preservation of their key totals and best results, remain untested.",accept,,,,,
BR-012,1,not_observable,EV-01-SCEN-BR-012-64-02,"No required warning behavior was established or violated. The recorded play ends with progress saved, but does not show when saving would become a problem.",Whether the system begins warnings well before saving becomes a problem remains untested.,accept,,,,,
BR-013,1,not_observable,EV-01-SCEN-BR-013-65-02,No required branch was established. The recorded moves and save do not show history being trimmed or summarized.,"No storage-reduction event or resulting history was observed, so the order of trimming and preservation of current or recent progress remain unknown.",accept,,,,,
BR-014,1,not_observable,EV-01-SCEN-BR-014-66-02,"The output shows a normal save, but does not establish that the save file limit was exceeded. None of the required over-limit behaviours was exercised.","It remains unknown whether an over-limit save finishes safely, preserves essential progress, and explains that older detail was condensed.",accept,,,,,
BR-015,1,not_observable,EV-01-SCEN-BR-015-67-01; EV-01-SCEN-BR-015-67-02,"No complete required branch was established. The game ran after a non-JSON save file was written, but the recorded output does not establish whether the system detected tampering.","The evidence does not establish whether detection was possible without causing problems for honest players, or whether any detection occurred.",accept,,,,,
BR-016,1,not_observable,EV-01-SCEN-BR-016-68-02,"The output shows three moves, but none establishes that an extra input arrived while an action was being processed. No required branch is established as met or violated.",Whether the system ignores inputs received during processing remains untested.,accept,,,,,
BR-017,1,observed_unsatisfied,EV-01-SCEN-BR-017-69-02,"The system displayed “Stats exported successfully” after a successful export. That is a cue when no problem was recorded, violating the requirement that cues appear only for real problems.","No save failure or recovery event was observed, so the size and blocking behaviour of problem cues remain untested.",accept,,,,,
BR-018,1,not_observable,EV-01-SCEN-BR-018-70-02,No required obligation is established. The recorded play and save show no warning event or situation requiring a modal dialog.,The evidence does not show how warnings appear during normal play or whether modal dialogs are limited to decisions and acknowledgement of condensed data.,accept,,,,,
BR-019,1,not_observable,EV-01-SCEN-BR-019-71-02,The recorded play ended with a successful save and showed no save-status problem or reminder. No required reminder behavior was established.,The evidence does not show whether reminders stop after a save-status problem is resolved.,accept,,,,,
DI-001,1,not_observable,EV-01-SCEN-DI-001-72-02,"The game recorded two moves and reported “Saved progress” on exit, but no complete local-storage obligation was observed.","The evidence does not show a file or other local record, or a later readback confirming that progress persisted on the player's device.",accept,,,,,
DI-002,1,not_observable,EV-01-SCEN-DI-002-73-02,"The game reports exporting stats to a local path ending in .json, but no exported file or its contents were observed. No complete required obligation is established.","The file's existence, format, and readability remain unverified.",accept,,,,,
DI-003,1,not_observable,EV-01-SCEN-DI-003-74-01; EV-01-SCEN-DI-003-74-02,The recorded command launches the game and shows gameplay output. No required update-check behavior or condition branch was observed.,The evidence does not show update checks being enabled or any update-check communication.,accept,,,,,
QR-001,1,observed_partial,EV-01-SCEN-QR-001-75-01; EV-01-SCEN-QR-001-75-02,"The game launched successfully without a recorded setup step, displayed its controls immediately, and accepted a move. This establishes that little setup was needed in the recorded run.",The command output does not establish whether a new user would understand the game immediately or need little or no training.,accept,,,,,
QR-002,1,observed_satisfied,EV-01-SCEN-QR-002-76-02,"The game displays move counts and scores as the player progresses, then reports when the puzzle is solved. These provide clear feedback on player performance.",,accept,,,,,
QR-003,1,not_observable,EV-01-SCEN-QR-003-77-01; EV-01-SCEN-QR-003-77-02,"The game launched and ran from the command line, but this establishes neither that it is lightweight nor that it is easy to distribute. No required obligation is established.","No package size, dependencies, packaging, or distribution process was observed.",accept,,,,,
QR-004,1,not_observable,EV-01-SCEN-QR-004-78-02,"A challenge was played and solved, with a score shown and progress reported saved. These observations do not establish that players find the system fun or that it encourages them to return and replay challenges; no complete required obligation was observed.",Player enjoyment and encouragement to return and replay remain untested.,accept,,,,,
QR-005,1,observed_partial,EV-01-SCEN-QR-005-79-01; EV-01-SCEN-QR-005-79-02,"Gameplay flow worked in the recorded run: two moves updated the player position, move count, and score, and the game exited normally.",The 'Saved progress' message was not followed by a readback or other evidence that results were saved reliably.,accept,,,,,
QR-006,1,not_observable,EV-01-SCEN-QR-006-80-02,"The recorded interface lists commands and shows move feedback, but neither establishes that the interface is clear for younger beginners. No complete required obligation was established.",There is no observation of younger beginners using or understanding the interface.,accept,,,,,
QR-007,1,observed_partial,EV-01-SCEN-QR-007-81-02,"The recorded move updates the board, move count, and score, positively establishing a working board interaction.","The output does not establish that the game logic is maintainable, that timing works correctly, or that player information was stored and can be retrieved. The save acknowledgement alone does not verify stored data.",accept,,,,,
QR-008,1,not_observable,EV-01-SCEN-QR-008-82-01; EV-01-SCEN-QR-008-82-02,"The game launched and displayed a puzzle and progress, but none of the required responsiveness or lightweight operation with a fairly large number of puzzle records was established.","No large puzzle-record workload, response-time observation, or resource-use observation was recorded.",accept,,,,,
QR-009,1,observed_partial,EV-01-SCEN-QR-009-83-02,"The recorded board states show three successive one-cell moves, with the move count increasing from 0 to 3 and the score changing consistently. This supports predictable board-state updates.",No attempted accidental double action or prevention of one was recorded.,accept,,,,,
QR-010,1,observed_satisfied,EV-01-SCEN-QR-010-84-02,"The puzzle retains its goal, obstacles, movement and score after a move. Undo restores the previous position and score without removing the puzzle, providing a way to recover from a mistaken move while preserving the challenge.",,accept,,,,,
QR-011,1,observed_partial,EV-01-SCEN-QR-011-85-01; EV-01-SCEN-QR-011-85-02; EV-01-SCEN-QR-011-85-03,"The recorded game session completed successfully from launch through solving the puzzle, with no reported error. This establishes reliable operation for that session.","One session does not establish that the system remains reliable, and the evidence does not show whether its implementation uses overly complex techniques.",accept,,,,,
QR-012,1,not_observable,EV-01-SCEN-QR-012-86-02,"No required obligation is established. The output reports exported statistics and saved progress, but shows neither the size of saved data nor measures used to keep it small.","Saved-data size, whether compression or indexing would help, and their effect on reliability were not observed.",accept,,,,,
QR-013,1,not_observable,EV-01-SCEN-QR-013-87-01; EV-01-SCEN-QR-013-87-02,"The game ran and displayed a puzzle, but none of the required modular-loading behaviour was observed.",The evidence does not show which puzzle data was loaded or whether the entire library was loaded at once.,accept,,,,,
QR-014,1,observed_partial,EV-01-SCEN-QR-014-88-02,"The opening command list unobtrusively presents the non-gameplay progress and export features, providing a low-pressure prompt for them.","No gameplay moves were captured, so the evidence does not establish whether prompts avoid interrupting gameplay.",accept,,,,,
EX-001,1,observed_satisfied,EV-01-SCEN-EX-001-89-01; EV-01-SCEN-EX-001-89-02,"A corrupted save containing invalid JSON was present when the game launched. The game displayed a board and command prompt instead of failing, showing that it skipped the corrupted save and remained available to play.",,accept,,,,,
EX-002,1,not_observable,EV-01-SCEN-EX-002-90-01; EV-01-SCEN-EX-002-90-02,"The application ran and displayed progress, but no saved result was shown to be unreadable. No required recovery branch was exercised.",Whether the system recovers from an unreadable saved result without blocking the rest of the application remains untested.,accept,,,,,
EX-003,1,not_observable,EV-01-SCEN-EX-003-91-02,"No required branch was established. The game recorded a move and then a normal quit with a saved-progress message, not a sudden interruption followed by a restart.",Preservation of the last safe state after a sudden interruption or closure and subsequent restart was not tested.,accept,,,,,
EX-004,1,not_observable,EV-01-SCEN-EX-004-92-01; EV-01-SCEN-EX-004-92-02; EV-01-SCEN-EX-004-92-03,"The game displayed a board and commands without an error, but the evidence does not show an update check failing to connect. Neither required outcome under that condition is established.",No failed update connection or gameplay after such a failure was observed.,accept,,,,,
EX-005,1,not_observable,EV-01-SCEN-EX-005-93-02,"None of the required failure-case obligations were exercised. The recorded stats export succeeded, and the game continued afterward.","No failed stats export was observed, so the clarity of the explanation and whether the game continues normally after a failure remain untested.",accept,,,,,
EX-006,1,not_observable,EV-01-SCEN-EX-006-94-02,"No required branch was exercised. The recorded game session shows normal moves and a routine progress save, not a storage issue.",Whether the system warns the player and preserves essential progress when storage becomes an issue remains untested.,accept,,,,,
EX-007,1,not_observable,EV-01-SCEN-EX-007-95-02,"The player moved once and the game reported saving progress. Neither a session switch nor a later reopening was observed, so no required load-and-location branch was established.",Whether the game loads cleanly and preserves the player's location after switching sessions or reopening after a long time remains untested.,accept,,,,,
FR-001,2,not_observable,EV-02-SCEN-FR-001-08-01,"None of the required launch behavior was established. The recorded action restarted a puzzle and displayed a playable board, but did not show a player launching a puzzle to start a session.",Starting a puzzle session through a puzzle launch remains untested.,accept,,,,,
FR-002,2,not_observable,EV-02-SCEN-FR-002-09-01,"None of the required session-ending branches was exercised. The recorded restart returned a puzzle at zero moves, but did not show a player solving it, giving up, or exiting.","Whether the session ends after solving, giving up, or exiting remains untested.",accept,,,,,
FR-003,2,not_observable,EV-02-SCEN-FR-003-10-01,"None of the required behaviour was established. The recorded move was accepted, but the displayed board does not show a completed level or saved progress.","No level completion or subsequent progress readback was observed, so saving progress on completion remains untested.",accept,,,,,
FR-004,2,not_observable,EV-02-SCEN-FR-004-11-01,"No complete obligation was established. The move was accepted and the redirected page displayed updated progress, but this does not show that progress was saved.",The evidence does not establish whether saving was safe in this situation or whether the progress persisted.,accept,,,,,
FR-005,2,not_observable,EV-02-SCEN-FR-005-12-01,"None of the required behaviour was observed. The response shows a restarted puzzle with zero moves, not preservation of an in-progress puzzle.","No mid-puzzle state, game closure, reopening, or resumed play was recorded.",accept,,,,,
FR-006,2,not_observable,EV-02-SCEN-FR-006-13-01,No observation was recorded for the scenarios of this requirement.,"The existing GET / only opens a generic page or health endpoint; no scenario-specific setup or target interaction was defined. Missing observation: The last known safe puzzle state is restored instead of loading a corrupted or partially updated board. The target action was not executed; this is an observation limitation, not a software failure.",accept,,,,,
FR-007,2,observed_satisfied,EV-02-SCEN-FR-007-14-01,"The left move was invalid with the blank at the left edge. The immediate redirected response explained why the move was not allowed, and the board and move count remained unchanged.",,accept,,,,,
FR-008,2,observed_partial,EV-02-SCEN-FR-008-15-01,"The blank is at the left edge, and the response explicitly rejects the left move as not allowed. This establishes rejection of the recorded invalid move.","No board or progress state was captured before the move, so the evidence does not establish that the board remained unchanged or that existing progress was preserved.",accept,,,,,
FR-009,2,not_observable,EV-02-SCEN-FR-009-16-01,"No required obligation was established. Undo was invoked with zero moves recorded, and the system responded, “Nothing to undo.”","No move was made before the undo request, so the evidence does not show whether a player can reverse a move easily or without penalty.",accept,,,,,
FR-010,2,observed_partial,EV-02-SCEN-FR-010-17-01,"The page provides a Restart button, and using the restart endpoint returns a puzzle page stating that the puzzle restarted, with moves at 0. This supports an accessible restart operation.","No pre-restart puzzle state or penalty measure was captured, so resetting a puzzle in progress and restarting without penalty remain unverified.",accept,,,,,
FR-011,2,observed_partial,EV-02-SCEN-FR-011-18-01,"Requesting /hint led to a page displaying a hint, establishing a player-requestable hint capability. The displayed instruction, “Move the blank right, then down to finish,” gives the moves to finish rather than a subtle clue.","No page was captured before the request, so the evidence does not establish whether hints are also pushed to players.",accept,,,,,
FR-012,2,not_observable,EV-02-SCEN-FR-012-19-01,"One move was accepted, but no extra input was recorded while an action was already being processed. No required branch was established.",Whether extra inputs are ignored or queued during processing remains untested.,accept,,,,,
FR-013,2,not_observable,EV-02-SCEN-FR-013-20-01,"A single move was accepted and a board state was displayed. No rapid repeated clicks or inputs were observed, so none of the required behaviour was established.",Whether the board state remains predictable under rapid repeated inputs is untested.,accept,,,,,
FR-014,2,observed_partial,EV-02-SCEN-FR-014-21-01,"The response shows the puzzle state after a move, along with a move count of 1 and score of 990, positively establishing tracking for those three obligations.",No evidence establishes that the player's session is tracked or that completion time is tracked or recorded.,accept,,,,,
FR-015,2,not_observable,EV-02-SCEN-FR-015-22-01,"The progress page exposes a completed count and statistics, but no completed puzzle or attempt was recorded and no retained historical entry was shown. Therefore, no complete retention obligation was positively established.",The evidence does not show an attempt or completed puzzle being created and subsequently retained or retrieved as history.,accept,,,,,
FR-016,2,observed_satisfied,EV-02-SCEN-FR-016-23-01,"The progress view is available with HTTP 200 and displays completed puzzles, current time, moves made, and a best result, satisfying all stated progress-view fields.",,accept,,,,,
FR-017,2,observed_satisfied,EV-02-SCEN-FR-017-24-01,"The system provides a dedicated /progress page titled ""Progress / Stats"" that displays progress and statistics, including completed count, moves made, and best result. The page was successfully accessed with HTTP 200.",,accept,,,,,
FR-018,2,not_observable,EV-02-SCEN-FR-018-25-01,"The Progress / Stats page visibly contains controls to export basic and detailed stats, and the export request is accepted and redirected back to /progress. However, no exported statistics file, data response, download, or other completed export result is shown, so the actual export capability is not established.",The evidence does not show that selecting either export option produces or delivers exported stats from the Progress / Stats area.,accept,,,,,
FR-019,2,not_observable,EV-02-SCEN-FR-019-26-01; EV-02-SCEN-FR-019-26-02,"The interface exposes an ""Export basic stats"" control, and a POST to /export completed with a redirect to /progress. However, the evidence does not show that the export produced basic stats by default.","No exported output, download, response content, or readback establishes that the default export is basic stats; the recorded page only shows separate basic and detailed export options.",accept,,,,,
FR-020,2,not_observable,EV-02-SCEN-FR-020-27-01; EV-02-SCEN-FR-020-27-02,"The progress page exposes an optional detailed-stats export control, and a POST with detailed=1 was accepted and redirected to the progress page. However, no exported file or response content containing more detailed session records was observed, so the required inclusion capability was not positively established.",The actual stats export output and its session-record detail level remain untested. The evidence does not establish that selecting detailed export produces more detailed session records.,accept,,,,,
FR-021,2,not_observable,EV-02-SCEN-FR-021-28-01; EV-02-SCEN-FR-021-28-02,"The export request redirected to the progress page, but the recorded responses do not establish that a stats file was successfully exported or show a clear confirmation message containing a file name or location.","Successful export completion and the required post-export confirmation, including the file location or file name, remain unobserved.",accept,,,,,
FR-022,2,observed_partial,EV-02-SCEN-FR-022-29-01,"The Progress / Stats page is available at /progress and displays overall progress information, including completed items, moves made, and best result. This positively establishes the progress view and its contents.",The evidence does not show that the player can select or navigate to this view through a selectable control or interaction; it only shows the view being requested directly.,accept,,,,,
FR-023,2,observed_partial,EV-02-SCEN-FR-023-30-01,"The progress view is positively established by the successful /progress response showing progress statistics. The page also includes an explicit control labeled ""Export detailed stats,"" indicating a possible extra-click path, but the detailed view or resulting detail was not exercised.",The required availability of more detailed progress information after the extra click remains untested because no click request or resulting detailed output was recorded.,accept,,,,,
FR-024,2,observed_partial,EV-02-SCEN-FR-024-31-01,"The progress page displays completed challenges, moves made, and a best result, establishing support for visible player progress data.","The capture does not show challenge times, changes across attempts that let a player see improvement, or a replayed challenge.",accept,,,,,
FR-025,2,not_observable,EV-02-SCEN-FR-025-32-01,"A move was accepted through a local server, but neither required obligation is established: the record does not show play without internet access or progress saved locally.","Internet availability was not observed, and no local save or subsequent retrieval of progress was tested.",accept,,,,,
FR-026,2,observed_partial,EV-02-SCEN-FR-026-33-01; EV-02-SCEN-FR-026-33-02,The application launched and served a working restart request and page. This establishes launch capability.,"The evidence does not show the installation process, whether it is simple, or whether launch requires extra services.",accept,,,,,
FR-027,2,observed_partial,EV-02-SCEN-FR-027-34-01,"The restarted game presents an “Easy Start” puzzle whose tiles are two moves from the solved arrangement, establishing an easier starting challenge.","The captured page shows a board and directional controls, but no simple instructions or demonstrated visual guidance. The Hint link was not opened.",accept,,,,,
FR-028,2,not_observable,EV-02-SCEN-FR-028-35-01,"No required behavior was established. The recorded restart shows an Easy Start puzzle, but does not show a more experienced player continuing or a change in puzzle difficulty.",Puzzle difficulty over continued play by a more experienced player was not observed.,accept,,,,,
FR-029,2,not_observable,EV-02-SCEN-FR-029-36-01,"The captured page shows moves and score for an Easy Start game. No complete required obligation was established because the evidence does not show how time, moves, and score are presented to more experienced players.","Presentation for more experienced players, including the prominence of all three metrics, was not observed.",accept,,,,,
FR-030,2,not_observable,EV-02-SCEN-FR-030-37-01,No observation was recorded for the scenarios of this requirement.,"The existing GET / only opens a generic page or health endpoint; no scenario-specific setup or target interaction was defined. Missing observation: The game offers an easy way to continue from the interrupted session, such as a resume option or automatic return to the last active puzzle state. The target action was not executed; this is an observation limitation, not a software failure.",accept,,,,,
FR-031,2,not_observable,EV-02-SCEN-FR-031-38-01,No observation was recorded for the scenarios of this requirement.,"The existing GET / only opens a generic page or health endpoint; no scenario-specific setup or target interaction was defined. Missing observation: After relaunch, the game restores the most recently captured safe state rather than an older state, lost progress is minimized, and the player resumes from the latest preserved point. The target action was not executed; this is an observation limitation, not a software failure.",accept,,,,,
FR-032,2,not_observable,EV-02-SCEN-FR-032-39-01,No observation was recorded for the scenarios of this requirement.,"The existing GET / only opens a generic page or health endpoint; no scenario-specific setup or target interaction was defined. Missing observation: The game detects the unreadable save data, shows a non-blocking recovery message or falls back to recovery handling, and continues running so the rest of the application remains usable. The target action was not executed; this is an observation limitation, not a software failure.",accept,,,,,
FR-033,2,not_observable,EV-02-SCEN-FR-033-40-01,No observation was recorded for the scenarios of this requirement.,"The existing GET / only opens a generic page or health endpoint; no scenario-specific setup or target interaction was defined. Missing observation: The game starts a fresh session successfully, does not require the damaged save to be repaired first, and allows the player to continue playing normally. The target action was not executed; this is an observation limitation, not a software failure.",accept,,,,,
FR-034,2,not_observable,EV-02-SCEN-FR-034-41-01,"None of the required behaviour was established. The recorded move succeeded and displayed a routine “Move accepted” acknowledgement, not a cue tied to a real problem.","No save failure, recovery event, or other real problem was exercised, so the presence and non-blocking nature of a problem cue remain untested.",accept,,,,,
FR-035,2,observed_partial,EV-02-SCEN-FR-035-42-01,"The page offers a user-initiated “Check for updates” link. After the check could not connect, it displayed a warning while leaving the game controls available. This supports the optional and unobtrusive aspects.","The recorded check did not connect, so a completed update check was not observed.",accept,,,,,
FR-036,2,not_observable,EV-02-SCEN-FR-036-43-01,No required branch was established. The displayed message reports that the update check could not connect; it is not a prompt to install an update.,The evidence does not show whether prompts appear only for important updates or when they appear relative to the end of a game or a return to a menu.,accept,,,,,
FR-037,2,not_observable,EV-02-SCEN-FR-037-44-01,No observation was recorded for the scenarios of this requirement.,"The existing GET / only opens a generic page or health endpoint; no scenario-specific setup or target interaction was defined. Missing observation: The prompt closes immediately, the player returns to the game or menu without disruption, and gameplay can continue normally. The target action was not executed; this is an observation limitation, not a software failure.",accept,,,,,
FR-038,2,not_observable,EV-02-SCEN-FR-038-45-01,"No complete export obligation was established. The POST redirected to a progress page showing stats and export buttons, but the response did not show a saved or downloadable file.",Whether the export saves a readable local file the player can keep or share remains unobserved.,accept,,,,,
FR-039,2,not_observable,EV-02-SCEN-FR-039-46-01,"No complete required branch was established. The account-free POST to /export redirected to a progress page showing export buttons, but no stats export was observed.","No update check was recorded, and the empty-body POST did not demonstrate whether stats can be exported without creating an account.",accept,,,,,
FR-040,2,not_observable,EV-02-SCEN-FR-040-47-01,"No required obligation was established: the recorded request redirected to the progress page, with no observed stats-export failure or failure message.",The evidence does not test whether a failed export produces a plain-language explanation or indicates whether the data was saved elsewhere.,accept,,,,,
FR-041,2,observed_satisfied,EV-02-SCEN-FR-041-48-01,"The update check reported that it could not connect, then returned the player to a working game page rather than interrupting play. The page said to try again later and retained a Check for updates link, providing a retry option.",,accept,,,,,
FR-042,2,observed_partial,EV-02-SCEN-FR-042-49-01,"The update check reported that it could not connect, then redirected to a normally rendered game page with the board and controls. This establishes continued operation after an update-check failure.",No stats-export failure or subsequent operation after one was observed.,accept,,,,,
FR-043,2,observed_partial,EV-02-SCEN-FR-043-50-01,"The board, movement controls, and accepted move demonstrate a lightweight playable interaction.",One recorded move cannot establish whether play remains free of constant interruptions over time or how players experience it.,accept,,,,,
FR-044,2,observed_satisfied,EV-02-SCEN-FR-044-51-01,"The progress page is available and shows overall progress through concise completed, moves-made, and best-result statistics. Its captured presentation contains no dense charts or excessive text.",,accept,,,,,
FR-045,2,observed_partial,EV-02-SCEN-FR-045-52-01,"The accepted move, numbered puzzle board, level, move count, and score demonstrate an interactive challenge with visible feedback.","A Restart control is shown, but it was not used; replayability was not demonstrated.",accept,,,,,
BR-001,2,not_observable,EV-02-SCEN-BR-001-53-01,None of the required restriction is established. The recorded restart and page response do not show whether mobile support is provided.,"Mobile support was not tested, and no sponsor decision is recorded.",accept,,,,,
BR-002,2,not_observable,EV-02-SCEN-BR-002-54-01,"The recorded request exercised a manual update check, not an automatic update. No required branch was established as met or violated.",The evidence does not show whether automatic updates occur without a sponsor decision.,accept,,,,,
BR-003,2,observed_partial,EV-02-SCEN-BR-003-55-01,"The puzzle was displayed and restarted without an account or login, supporting account-free use of those game functions.","The evidence does not establish that the game can be played without a network connection or third-party services, or that other game functions require no account.",accept,,,,,
BR-004,2,not_observable,EV-02-SCEN-BR-004-56-01,"None of the required obligations is established. The recorded move request contains no personal information, but that alone does not show what data the system saves or whether it collects personal information elsewhere.",Saved-data practices and the reasons for any personal-information collection were not observed.,accept,,,,,
BR-005,2,not_observable,EV-02-SCEN-BR-005-57-01,"The move was accepted and the resulting page displayed the current game state, but this is only contextual evidence. No required priority between preserving the current game and recent progress and minimizing save file size was established.",The record does not show save behavior or how the system resolves a trade-off between preserving game progress and reducing save file size.,accept,,,,,
BR-006,2,not_observable,EV-02-SCEN-BR-006-58-01,None of the requirement's obligations was established. The recorded unauthenticated puzzle restart does not show how the system handles account security or online protection.,No account-security or online-protection behaviour was exercised or assessed.,accept,,,,,
BR-007,2,not_observable,EV-02-SCEN-BR-007-59-01,No observation was recorded for the scenarios of this requirement.,"The existing GET / only opens a generic page or health endpoint; no scenario-specific setup or target interaction was defined. Missing observation: The system detects the corrupted data with a basic integrity check, recovers cleanly by ignoring or replacing the bad save, and does not crash or display nonsensical progress. The target action was not executed; this is an observation limitation, not a software failure.",accept,,,,,
BR-008,2,not_observable,EV-02-SCEN-BR-008-60-01,No observation was recorded for the scenarios of this requirement.,"The existing GET / only opens a generic page or health endpoint; no scenario-specific setup or target interaction was defined. Missing observation: The system marks the save as unreliable in a limited, non-disruptive way only when that can be done safely, while avoiding unnecessary penalties or problems for legitimate players. The target action was not executed; this is an observation limitation, not a software failure.",accept,,,,,
BR-009,2,not_observable,EV-02-SCEN-BR-009-61-01,No observation was recorded for the scenarios of this requirement.,"The existing GET / only opens a generic page or health endpoint; no scenario-specific setup or target interaction was defined. Missing observation: The game keeps the valid progress, resets only the affected stats or corrupted section, and shows a plain-language message explaining what was fixed or reset. The target action was not executed; this is an observation limitation, not a software failure.",accept,,,,,
BR-010,2,not_observable,EV-02-SCEN-BR-010-62-01,"A move was accepted and the page showed one move of progress. No storage-management action or subsequent preservation check was observed, so no complete required obligation was established.",Whether meaningful recent progress survives storage management remains untested.,accept,,,,,
BR-011,2,not_observable,EV-02-SCEN-BR-011-63-01,"The progress page shows current totals and a best-result value, but no older puzzle records or summarization event. No required obligation is established.","Automatic summarization after records are no longer needed in full detail, and preservation of key totals and best results through that summarization, remain untested.",accept,,,,,
BR-012,2,not_observable,EV-02-SCEN-BR-012-64-01,"The recorded move was accepted, but no complete warning-timing obligation was established positively or negatively.",The evidence does not establish when the save would become a problem or whether warnings begin sufficiently beforehand.,accept,,,,,
BR-013,2,not_observable,EV-02-SCEN-BR-013-65-01,"The recorded move was accepted, but no required obligation was established: it does not show history being trimmed or summarized.",No storage-reduction event or comparison of oldest history with current or recent progress was observed.,accept,,,,,
BR-014,2,not_observable,EV-02-SCEN-BR-014-66-01,"The recorded move was accepted, but no save-file-limit condition or save attempt was observed. None of the requirement's obligations was established.","It remains unknown whether saving finishes safely when the limit is exceeded, preserves essential progress, and explains that older detail was condensed.",accept,,,,,
BR-015,2,not_observable,EV-02-SCEN-BR-015-67-01,No observation was recorded for the scenarios of this requirement.,"The existing GET / only opens a generic page or health endpoint; no scenario-specific setup or target interaction was defined. Missing observation: The game detects the tampering, flags the save as suspicious, and responds without disrupting honest player progress in unaffected saves. The target action was not executed; this is an observation limitation, not a software failure.",accept,,,,,
BR-016,2,not_observable,EV-02-SCEN-BR-016-68-01; EV-02-SCEN-BR-016-68-02,The recorded request shows one move accepted. No complete obligation concerning repeated rapid inputs was exercised.,"No extra input was recorded while an action was being processed, so whether the system ignores such input is unknown.",accept,,,,,
BR-017,2,not_observable,EV-02-SCEN-BR-017-69-01,"The recorded export redirects to a progress page, but no save failure, recovery event, or other real problem is shown. No required cue behaviour is established.",Whether cues appear only for real problems and remain small and non-blocking is untested.,accept,,,,,
BR-018,2,not_observable,EV-02-SCEN-BR-018-70-01,"The recorded move was accepted, but no warning or modal dialog was observed. No required obligation was established or violated.",Warning presentation during normal play and the restriction of modal dialogs to decisions or acknowledgment of condensed data remain untested.,accept,,,,,
BR-019,2,not_observable,EV-02-SCEN-BR-019-71-01,"None of the required behavior was established. The recorded move was accepted, but the response does not establish a save status problem or a reminder about one.",No sequence shows whether a save status problem was resolved or whether the player received repeated reminders afterward.,accept,,,,,
DI-001,2,not_observable,EV-02-SCEN-DI-001-72-01,"The move was accepted and the resulting page showed updated progress, but no complete obligation was established: the response does not show that progress was stored on the player's device.",The storage location and persistence of progress were not observed.,accept,,,,,
DI-002,2,not_observable,EV-02-SCEN-DI-002-73-01,"No required obligation was established. The export request redirected to a progress page, but the recorded response did not show an exported local file or its format.",Whether export produced a local file containing stats in a readable format remains unobserved.,accept,,,,,
DI-003,2,not_observable,EV-02-SCEN-DI-003-74-01,"No complete required branch is established. The update-check request redirected to a page warning that it could not connect, but the evidence does not show that update checks were enabled.",The enabled condition and successful update-check communication remain unobserved.,accept,,,,,
QR-001,2,observed_partial,EV-02-SCEN-QR-001-75-01,"The restart request led directly to a ready-to-play puzzle with labeled controls, positively showing little setup was needed to reach the game.",The recorded page does not establish whether a new user understands the system immediately or needs training.,accept,,,,,
QR-002,2,observed_satisfied,EV-02-SCEN-QR-002-76-01,"After a player move, the page clearly displayed performance measures—Moves: 1 and Score: 990—alongside confirmation that the move was accepted.",,accept,,,,,
QR-003,2,not_observable,EV-02-SCEN-QR-003-77-01; EV-02-SCEN-QR-003-77-02,"No complete obligation was established. The evidence shows a running Flask service and a small response page, but neither establishes that the system is lightweight or easy to distribute.","The system's overall resource footprint, dependencies, packaging, and distribution process were not observed.",accept,,,,,
QR-004,2,not_observable,EV-02-SCEN-QR-004-78-01,"A move was accepted, and the page shows a score and a Restart button. None of these observations establishes that players find the system fun or are encouraged to return and replay challenges.","Player enjoyment, return behaviour, and replay of a challenge were not observed.",accept,,,,,
QR-005,2,observed_partial,EV-02-SCEN-QR-005-79-01,"A gameplay move was accepted, and the resulting page showed an updated move count and score. This positively demonstrates the recorded gameplay flow.","Saving results was not exercised, and the single move does not establish reliability across other gameplay situations.",accept,,,,,
QR-006,2,observed_satisfied,EV-02-SCEN-QR-006-80-01,"The recorded interface presents a small numbered puzzle, an “Easy Start” level, visible move and score indicators, plainly labeled controls, and a Hint link. This supports a clear interface for younger beginners.",The evidence does not include usability feedback from younger beginners.,accept,,,,,
QR-007,2,not_observable,EV-02-SCEN-QR-007-81-01,No observation was recorded for the scenarios of this requirement.,"The existing GET / only opens a generic page or health endpoint; no scenario-specific setup or target interaction was defined. Missing observation: Board moves, timer updates, and stored player progress all remain consistent before and after pause/resume, with no broken interactions or incorrect state changes. The target action was not executed; this is an observation limitation, not a software failure.",accept,,,,,
QR-008,2,not_observable,EV-02-SCEN-QR-008-82-01,"The progress page returned a small HTTP 200 response, but this does not establish responsiveness or lightweight operation with a fairly large number of puzzle records. No required behaviour was established.",The number of puzzle records and performance under a fairly large record load were not observed.,accept,,,,,
QR-009,2,not_observable,EV-02-SCEN-QR-009-83-01,A move was accepted and a board with one recorded move was displayed. This single response establishes neither predictable board-state transitions nor prevention of accidental double actions; no complete obligation was demonstrated.,No before-and-after board comparison or repeated-action attempt was recorded.,accept,,,,,
QR-010,2,not_observable,EV-02-SCEN-QR-010-84-01,The response shows a playable puzzle and a clear “Nothing to undo” message when undo was requested with zero moves. Neither an intact gameplay challenge nor recovery from a gameplay mistake was established.,"No mistake, recovery from one, or effect of recovery on the challenge was observed.",accept,,,,,
QR-011,2,not_observable,EV-02-SCEN-QR-011-85-01,"A move was accepted, but this single successful operation does not establish simplicity or reliability. No complete required obligation was established.",The evidence does not assess implementation complexity or reliability beyond the recorded move.,accept,,,,,
QR-012,2,not_observable,EV-02-SCEN-QR-012-86-01,None of the required saved-data behaviour was established. The export request redirected to a progress page showing zero completed items; it did not show how data is saved or kept small.,"Saved-data size, the use and benefit of compression or indexing, and their effect on reliability remain untested.",accept,,,,,
QR-013,2,not_observable,EV-02-SCEN-QR-013-87-01,"The restart response shows a puzzle page, but no required loading behavior is established positively or negatively.",The evidence does not show which puzzle data was loaded or whether the entire library was loaded at once.,accept,,,,,
QR-014,2,observed_partial,EV-02-SCEN-QR-014-88-01,"The gameplay page presents Progress / Stats and Check for updates as unobtrusive inline links, satisfying the low-pressure prompt obligation for the non-gameplay features shown.","No gameplay action was observed, so whether prompts avoid interrupting gameplay remains untested.",accept,,,,,
EX-001,2,not_observable,EV-02-SCEN-EX-001-89-01,No observation was recorded for the scenarios of this requirement.,"The existing GET / only opens a generic page or health endpoint; no scenario-specific setup or target interaction was defined. Missing observation: The corrupted save is skipped or quarantined, the player is not blocked from entering the game, and the remaining valid saves continue to work normally. The target action was not executed; this is an observation limitation, not a software failure.",accept,,,,,
EX-002,2,not_observable,EV-02-SCEN-EX-002-90-01,"The progress page loaded, but the evidence does not establish that a saved result was unreadable. No required recovery branch was observed.","Recovery from an unreadable saved result, and whether the rest of the application remains usable afterward, remain untested.",accept,,,,,
EX-003,2,not_observable,EV-02-SCEN-EX-003-91-01,No observation was recorded for the scenarios of this requirement.,"The existing GET / only opens a generic page or health endpoint; no scenario-specific setup or target interaction was defined. Missing observation: On restart, the game restores the most recent safe saved state rather than a partially completed move sequence, and the player can continue from the last confirmed position without corruption or missing progress. The target action was not executed; this is an observation limitation, not a software failure.",accept,,,,,
EX-004,2,observed_partial,EV-02-SCEN-EX-004-92-01,"The failed update check returned to a game page showing the board and move controls, so the game remained available for play. The page also displayed an explicit warning that the update check could not connect, so the failure was not quiet.","No move was attempted after the failed check, so continued move execution was not verified.",accept,,,,,
EX-005,2,not_observable,EV-02-SCEN-EX-005-93-01,"None of the required behavior was established. The export request redirected to the progress page, but the recorded response does not show a stats-export failure.","Without an observed export failure, the evidence does not test whether the system gives a clear explanation or whether the game continues running normally afterward.",accept,,,,,
EX-006,2,not_observable,EV-02-SCEN-EX-006-94-01,"None of the required behavior was exercised. The recorded move succeeded and displayed progress, but no storage issue was observed.",Whether the system warns the player and preserves essential progress when storage becomes an issue remains untested.,accept,,,,,
EX-007,2,not_observable,EV-02-SCEN-EX-007-95-01,No observation was recorded for the scenarios of this requirement.,"The existing GET / only opens a generic page or health endpoint; no scenario-specific setup or target interaction was defined. Missing observation: The game loads cleanly into the correct session without losing the player's place, and the board or state resumes from the last known location instead of resetting or opening the wrong session. The target action was not executed; this is an observation limitation, not a software failure.",accept,,,,,
FR-001,3,observed_satisfied,EV-03-SCEN-FR-001-08-02,"Launching the program started a new puzzle session, displayed the puzzle board, and accepted a move.",,accept,,,,,
FR-002,3,observed_partial,EV-03-SCEN-FR-002-09-01; EV-03-SCEN-FR-002-09-02,"The game displayed a quit option, then reported “Saved.” and exited successfully. This supports ending the session when the player exits the game.",Session ending after the player solves the puzzle or gives up was not tested.,accept,,,,,
FR-003,3,not_observable,EV-03-SCEN-FR-003-10-02,"No required branch was established: the recorded move was accepted, but the output does not show a level being completed. The subsequent “Saved.” message follows quit, not an observed level completion.",Whether progress is saved when a level is completed remains untested.,accept,,,,,
FR-004,3,not_observable,EV-03-SCEN-FR-004-11-02,"No complete required branch is established. The output shows an accepted move followed by “Saved.” at exit, but does not show progress being saved during active play.",No safe in-play save opportunity or readback of saved progress was recorded.,accept,,,,,
FR-005,3,not_observable,EV-03-SCEN-FR-005-12-02,"None of the required preservation-and-continuation behavior was established. The game started a puzzle and printed “Saved.” on exit, but the record does not show a changed puzzle state being restored.",No move before exit or later reopening and continuation was recorded.,accept,,,,,
FR-006,3,not_observable,EV-03-SCEN-FR-006-13-02,None of the required restoration behavior was observed. The game started a new puzzle and reported a save after a normal quit.,"No sudden interruption or closure followed by a restart was recorded, so restoration of the last safe state remains untested.",accept,,,,,
FR-007,3,observed_satisfied,EV-03-SCEN-FR-007-14-02,"The system immediately explained the rejected move with “Invalid move: tiles must be adjacent.” The board shown afterward was unchanged, demonstrating that the move was blocked cleanly.",,accept,,,,,
FR-008,3,observed_partial,EV-03-SCEN-FR-008-15-02,"The system rejected a nonadjacent move and displayed the same board before and after the rejection, establishing rejection without a board-state change.","No prior progress or progress readout was recorded, so preservation of progress beyond the board state remains untested.",accept,,,,,
FR-009,3,observed_partial,EV-03-SCEN-FR-009-16-02,"The player undid an accepted move with the `undo` command, and the board returned to its prior state. This establishes an easy undo operation.",The recorded output does not show whether undo incurred a penalty.,accept,,,,,
FR-010,3,observed_partial,EV-03-SCEN-FR-010-17-02,"The player used the listed restart command after a move, and the puzzle returned to its initial board. This establishes an easy restart.",The output does not show whether restarting incurred a penalty.,accept,,,,,
FR-011,3,observed_satisfied,EV-03-SCEN-FR-011-18-02,"The interface offers a hint command, and a subtle hint appears at a command prompt after the initial puzzle display. No hint appears with the initial display, supporting an on-request rather than pushed hint capability.",The entered command itself was not captured in the output.,accept,,,,,
FR-012,3,not_observable,EV-03-SCEN-FR-012-19-02,"The output shows two accepted moves, but none of the required behavior was established: it does not show an extra input arriving while an action was already being processed.",Whether such an input is ignored rather than queued remains untested.,accept,,,,,
FR-013,3,not_observable,EV-03-SCEN-FR-013-20-02,"None of the required behaviour under rapid repeated input is established. The output shows two accepted moves and their board states, but does not show that the inputs were rapid or repeated.","The timing and repetition of the inputs are unknown, so board-state preservation under rapid repeated clicks or inputs remains untested.",accept,,,,,
FR-014,3,observed_partial,EV-03-SCEN-FR-014-21-02,"The displayed puzzle state changed after an accepted move, establishing that the system tracked the puzzle state during play.","The record does not show whether the player's session, completion time, move count, or score was tracked. The 'Saved' message has no readback showing what was retained.",accept,,,,,
FR-015,3,not_observable,EV-03-SCEN-FR-015-22-02,"The output shows progress for an active puzzle and a save acknowledgement, but no retained history of completed puzzles or attempts was observed. No required obligation was established.",No completed puzzle or attempt was followed by a history readback or other evidence of retention.,accept,,,,,
FR-016,3,observed_partial,EV-03-SCEN-FR-016-23-02,"The progress view shows puzzles completed, current time on the active puzzle, and moves made. It also shows best-result fields as n/a when no results are available.",No recorded progress view shows whether best results appear when they are available.,revise,observed_partial,EV-03-SCEN-FR-016-23-02,"The progress view shows puzzles completed, active-puzzle time and moves. Best moves and best time are n/a; displaying best results when available was not exercised.",A completed puzzle with available best results was not prepared and viewed.,
FR-017,3,observed_satisfied,EV-03-SCEN-FR-017-24-02,"The player-facing command menu lists a dedicated `progress` option, and the recorded interaction displays a Progress area with puzzle completion, time, move, and best-result stats.",,accept,,,,,
FR-018,3,observed_partial,EV-03-SCEN-FR-018-25-02,"The command output reports that stats were exported successfully, establishing the export capability.",The export was invoked as a separate command; the record does not show whether players can export from the Progress or Stats area.,accept,,,,,
FR-019,3,observed_satisfied,EV-03-SCEN-FR-019-26-02,"The command-line interface reports that stats were successfully exported to a local JSON file, with no export configuration shown. This supports the default stats-export capability.","The exported file was not inspected, so its contents were not independently verified.",accept,,,,,
FR-020,3,not_observable,EV-03-SCEN-FR-020-27-02,"A stats export was reported successful, but none of the required optional detailed-session-record behavior was observed.","The evidence does not show whether detailed session records are supported, whether their inclusion can be selected, or what the exported file contains.",accept,,,,,
FR-021,3,observed_satisfied,EV-03-SCEN-FR-021-28-02,The system displayed a clear success message after the stats export and included the exported file’s location.,,accept,,,,,
FR-022,3,observed_satisfied,EV-03-SCEN-FR-022-29-02,"The selectable progress command opened a Progress view showing the player's overall stats, including completed puzzles, active-puzzle time, moves, and best results.",,accept,,,,,
FR-023,3,observed_partial,EV-03-SCEN-FR-023-30-02,The progress command displayed a progress view with puzzle statistics.,"No further action from that view was recorded, so availability of more detail behind an extra click remains untested.",accept,,,,,
FR-024,3,observed_partial,EV-03-SCEN-FR-024-31-02,"The progress command displays a player's current time, move count, completed-puzzle count, and fields for best moves and time. This establishes a visible progress readout.","No completed challenge, recorded best result, improvement comparison, or executed replay was observed. The restart command was listed but not used.",accept,,,,,
FR-025,3,not_observable,EV-03-SCEN-FR-025-32-01; EV-03-SCEN-FR-025-32-02,"None of the required behaviours is fully established. The command-line game accepted a move and reported “Saved,” but the record does not show that play occurred without internet access or that progress was saved locally.","Internet availability was not recorded, and no local save file or restored progress was observed.",accept,,,,,
FR-026,3,observed_partial,EV-03-SCEN-FR-026-33-01; EV-03-SCEN-FR-026-33-02,"Launching the application with a single Python command succeeded and produced an interactive puzzle, establishing a simple launch path.","Installation was not exercised, and the record does not establish whether extra services were required or already available.",accept,,,,,
FR-027,3,observed_partial,EV-03-SCEN-FR-027-34-02,"The command menu provides simple instructions for the puzzle controls, satisfying that part of the beginner experience.","The displayed board does not establish beginner-oriented visual guidance, and the record does not show that the first puzzle is easier than later challenges.",accept,,,,,
FR-028,3,not_observable,EV-03-SCEN-FR-028-35-02,"The output shows a puzzle and an accepted move, but no required obligation is established: it does not show puzzles becoming harder for a more experienced player.",No player experience progression or comparison of puzzle difficulty over continued play was observed.,accept,,,,,
FR-029,3,not_observable,EV-03-SCEN-FR-029-36-02,"None of the required behavior was established. The captured output shows a puzzle and an accepted move, but does not establish that the player is more experienced or show how time, moves, and score are presented for such a player.","The presentation of time, moves, and score for more experienced players, including whether they are made more prominent, remains untested.",accept,,,,,
FR-030,3,not_observable,EV-03-SCEN-FR-030-37-02,"No required branch was established. The output shows a new puzzle and a normal quit that reports “Saved,” but does not show play resuming after a sudden exit or interruption.",No sudden exit or interruption followed by a relaunch and resumed play was recorded.,accept,,,,,
FR-031,3,not_observable,EV-03-SCEN-FR-031-38-01; EV-03-SCEN-FR-031-38-02,"No required behavior was established. The program exited normally and printed “Saved,” but the record does not show a sudden exit or preservation of the most recently captured safe state.","There is no observed sudden exit, identified captured safe state, or post-exit readback to verify preservation.",accept,,,,,
FR-032,3,observed_satisfied,EV-03-SCEN-FR-032-39-01; EV-03-SCEN-FR-032-39-02,"With an unreadable save file in place, the application started a new puzzle, displayed its commands and prompt, and exited normally after saving. The bad save did not block the rest of the application.",,accept,,,,,
FR-033,3,observed_satisfied,EV-03-SCEN-FR-033-40-01; EV-03-SCEN-FR-033-40-02,"With corrupted save data in place, the game started a new puzzle, displayed its board, and presented a command prompt. This establishes that the player could start a new session.",,accept,,,,,
FR-034,3,not_observable,EV-03-SCEN-FR-034-41-02; EV-03-SCEN-FR-034-41-03,"The recorded run shows an accepted move and a successful save, with no error output. No complete required branch was established: no real problem or associated subtle, non-blocking cue was observed.","Cue behavior during a save failure or recovery event, and whether such cues appear only when a real problem occurs, remain untested.",accept,,,,,
FR-035,3,not_observable,EV-03-SCEN-FR-035-42-02,"No required obligation was established. The recorded session shows the puzzle starting and exiting, but no update check or choice to run one.","Support for update checks, their optional nature, and whether they are unobtrusive remain untested.",accept,,,,,
FR-036,3,not_observable,EV-03-SCEN-FR-036-43-02,"None of the required behaviour was established. The recorded interaction starts a puzzle and quits, but does not establish whether an important update was available or show an update prompt.","Prompt display when an important update is available, suppression when none is available, and prompt timing after a game or on return to a menu remain untested.",accept,,,,,
FR-037,3,not_observable,EV-03-SCEN-FR-037-44-02,"None of the required behavior was observed. The recorded session shows a puzzle starting and then saving, but no update prompt appeared.",Dismissal of an update prompt and continued play afterward were not tested.,accept,,,,,
FR-038,3,observed_partial,EV-03-SCEN-FR-038-45-02,"The CLI reports a successful stats export to a local JSON file path, establishing the local export operation.","The file was not opened or inspected, so its contents and readability remain unverified.",accept,,,,,
FR-039,3,observed_partial,EV-03-SCEN-FR-039-46-01; EV-03-SCEN-FR-039-46-02,Stats export completed in the recorded CLI run without an account-creation step.,"No update check was observed, so its account requirement remains unknown.",accept,,,,,
FR-040,3,not_observable,EV-03-SCEN-FR-040-47-02,"The recorded stats export succeeded. No export failure occurred, so neither required failure-message obligation was exercised.",It is unknown whether a failed export would receive a simple plain-language explanation or an indication of whether the data was saved elsewhere.,accept,,,,,
FR-041,3,not_observable,EV-03-SCEN-FR-041-48-01; EV-03-SCEN-FR-041-48-02; EV-03-SCEN-FR-041-48-03,"The recorded run started and exited normally, but no failed update-check connection was observed. Neither quiet failure nor an option to try again later was established.","The evidence does not exercise an update check that cannot connect, so both required behaviours remain untested.",accept,,,,,
FR-042,3,not_observable,EV-03-SCEN-FR-042-49-01; EV-03-SCEN-FR-042-49-02,"None of the required failure branches was exercised. The program started, displayed a puzzle, and exited normally, but the record shows neither a failed update check nor a failed stats export.",Whether the system keeps running normally after either failure remains untested.,accept,,,,,
FR-043,3,observed_partial,EV-03-SCEN-FR-043-50-01; EV-03-SCEN-FR-043-50-02,"The command-line puzzle started, displayed a board, and accepted a move, establishing a lightweight playable experience. No interruption appeared during the recorded move.",The brief session does not establish whether play remains free of frequent interruptions or how a player would perceive them over time.,accept,,,,,
FR-044,3,observed_satisfied,EV-03-SCEN-FR-044-51-02,"The player used the progress command and received an overall progress summary showing puzzles completed, current time, moves, and best results. The presentation is short and text-only, without dense charts or excessive text.",,accept,,,,,
FR-045,3,observed_partial,EV-03-SCEN-FR-045-52-02,"The output presents a puzzle board, explains the move command, and shows a move being accepted. This establishes a clear, interactive challenge.","Only one puzzle session was observed. The listed restart command was not exercised, so replayability remains untested.",accept,,,,,
BR-001,3,not_observable,EV-03-SCEN-BR-001-53-02,"None of the required mobile-scope behavior was established. The recorded interaction shows a command-line puzzle, not whether mobile support is provided.",Whether the implementation provides mobile support remains untested; no sponsor exception was observed.,accept,,,,,
BR-002,3,not_observable,EV-03-SCEN-BR-002-54-01; EV-03-SCEN-BR-002-54-02,"None of the required restriction was established. The application started and exited, but the recorded interaction does not show whether automatic updates are implemented or occur.",No update behavior was exercised or otherwise observed; no sponsor decision is recorded.,accept,,,,,
BR-003,3,observed_partial,EV-03-SCEN-BR-003-55-01; EV-03-SCEN-BR-003-55-02,"The game launched from a local command and accepted a move without any recorded account step, supporting standalone play without an account.",The run did not establish that the game works without a network connection or third-party services.,accept,,,,,
BR-004,3,not_observable,EV-03-SCEN-BR-004-56-02,"None of the required obligations is established. The interaction ends with “Saved,” but does not show what data was saved or whether personal information was collected.","The saved data was not inspected, and the captured interaction does not establish the system's personal-information collection behavior.",accept,,,,,
BR-005,3,not_observable,EV-03-SCEN-BR-005-57-02,"No required behaviour is established. A move was accepted and the program reported “Saved,” but the record does not show what was saved or whether the player's current game and recent progress were prioritized over file size.","No save-file contents, reload result, or size-related tradeoff was observed.",accept,,,,,
BR-006,3,not_observable,EV-03-SCEN-BR-006-58-02,None of the required account-security or online-protection behaviour was observed. The recorded interaction shows only a sliding-puzzle move and exit.,"The evidence does not show account security or online protection, so whether either is heavy-handed remains unknown.",accept,,,,,
BR-007,3,observed_partial,EV-03-SCEN-BR-007-59-01; EV-03-SCEN-BR-007-59-02; EV-03-SCEN-BR-007-59-03,"With malformed save data present, the program exited normally and displayed a coherent new puzzle without an error. This establishes clean recovery for the tested case.","The output does not establish whether an integrity check detected the corruption, rather than the program simply starting a new puzzle regardless of the save data.",accept,,,,,
BR-008,3,not_observable,EV-03-SCEN-BR-008-60-01; EV-03-SCEN-BR-008-60-02,"A malformed save file was supplied, and the program started a new puzzle. Neither marking the file as unreliable nor the absence of problems for honest players was established; no required branch was observed.",The evidence does not show whether the save was marked unreliable or whether such marking would affect honest players.,accept,,,,,
BR-009,3,observed_unsatisfied,EV-03-SCEN-BR-009-61-01; EV-03-SCEN-BR-009-61-02,"A malformed save was supplied, and the game started a new puzzle, but its message did not tell the player that the save looked invalid or that any progress was reset. No complete required obligation is positively established.","The evidence does not show which stats or progress were reset, so whether only affected data was changed remains unknown.",accept,,,,,
BR-010,3,not_observable,EV-03-SCEN-BR-010-62-02,"None of the required behaviour was established. The puzzle accepted a move and reported that it saved on exit, but no later observation shows whether that progress was preserved.","Storage management was not exercised, and there was no readback of the saved progress.",accept,,,,,
BR-011,3,not_observable,EV-03-SCEN-BR-011-63-02,"No required obligation was exercised. The output shows progress for a new puzzle with zero completed puzzles, not automatic summarization of an older record.","No older puzzle record becoming unnecessary in full detail, summary operation, or preservation of its key totals and best results was observed.",accept,,,,,
BR-012,3,not_observable,EV-03-SCEN-BR-012-64-02,The recorded interaction shows a move followed by a successful save. No required warning behaviour or timing was established; the save itself is only a contextual fact.,"The evidence does not show a condition in which saving was becoming a problem, so it cannot establish whether warnings began well beforehand.",accept,,,,,
BR-013,3,not_observable,EV-03-SCEN-BR-013-65-02,"None of the required history-trimming behaviour was observed. The output shows a move being accepted and the puzzle being saved, but no reduction of stored history.",Whether storage reduction trims or summarizes the oldest detailed history before current or recent progress remains untested.,accept,,,,,
BR-014,3,not_observable,EV-03-SCEN-BR-014-66-02,"No required branch was established. The output shows a save, but does not show that the save file limit was exceeded.","Saving under an exceeded limit, preservation of essential progress, and an explanation that older detail was condensed remain untested.",accept,,,,,
BR-015,3,not_observable,EV-03-SCEN-BR-015-67-01; EV-03-SCEN-BR-015-67-02,"None of the required behavior is established. After a malformed save file was supplied, the program started a new puzzle; this does not distinguish tampering detection from a general fallback for unreadable saves.","Whether the system detects obvious tampering, and whether doing so avoids problems for honest players, remains untested.",accept,,,,,
BR-016,3,not_observable,EV-03-SCEN-BR-016-68-02,"Two moves were accepted, but the record does not show that an extra input arrived while an action was being processed. No required branch was established.",Whether the system ignores inputs received during processing remains untested.,accept,,,,,
BR-017,3,not_observable,EV-03-SCEN-BR-017-69-02,"None of the required problem-cue behavior was exercised. The recorded export and save succeeded; the output shows routine success messages, not a cue for a real problem.","No save failure, recovery event, or other real problem was observed, so the required cue and its size and non-blocking behavior remain untested.",accept,,,,,
BR-018,3,not_observable,EV-03-SCEN-BR-018-70-02,"None of the required behavior was established. The recorded play shows a move and a save, but no warning or modal interaction.","No warning during normal play or situation requiring a decision or acknowledgment of condensed data was observed, so the required notification and modal behavior remains untested.",accept,,,,,
BR-019,3,not_observable,EV-03-SCEN-BR-019-71-02,"No required branch was established. The recorded session shows a successful save, but no save-status problem or repeated reminder.",Reminder behavior after a save-status problem is resolved or remains unresolved was not observed.,accept,,,,,
DI-001,3,not_observable,EV-03-SCEN-DI-001-72-02,A move was accepted and the program printed “Saved.” No complete required obligation was established: the output does not show that the player's progress was stored locally.,No local save file or subsequent reload of the saved progress was observed.,accept,,,,,
DI-002,3,not_observable,EV-03-SCEN-DI-002-73-02,"The CLI reports a successful export to a local .json path, but no exported file was inspected. No complete required obligation is established.",The record does not show whether the file exists or contains exported stats in a readable format.,accept,,,,,
DI-003,3,not_observable,EV-03-SCEN-DI-003-74-01; EV-03-SCEN-DI-003-74-02,None of the required behavior was observed. The recorded run starts a puzzle and saves on exit; it does not exercise update checks.,The evidence does not show update checks being enabled or any update-check communication.,accept,,,,,
QR-001,3,observed_partial,EV-03-SCEN-QR-001-75-01; EV-03-SCEN-QR-001-75-02,"The puzzle launched without a recorded setup step, displayed its commands immediately, and accepted a move. This supports the little-or-no-setup obligation.",The command output does not establish whether a new user could understand the system immediately or use it without training.,accept,,,,,
QR-002,3,not_observable,EV-03-SCEN-QR-002-76-02,"No feedback on player performance was observed. The output confirms a move and displays the board, but neither assesses nor reports performance.","The listed progress command was not exercised, so its feedback remains unknown.",accept,,,,,
QR-003,3,not_observable,EV-03-SCEN-QR-003-77-01; EV-03-SCEN-QR-003-77-02,"None of the required properties is established. The recorded command shows the puzzle running from a local Python file, but does not show that it is lightweight or easy to distribute.","No evidence of resource footprint, distribution packaging, or delivery to another environment was recorded.",accept,,,,,
QR-004,3,not_observable,EV-03-SCEN-QR-004-78-02,"The recorded session shows a puzzle move being accepted and the game being saved, but establishes neither that players find the system fun nor that it encourages them to return and replay challenges. No required obligation was established.","No player response, return visit, or replay was observed.",accept,,,,,
QR-005,3,observed_partial,EV-03-SCEN-QR-005-79-01; EV-03-SCEN-QR-005-79-02; EV-03-SCEN-QR-005-79-03,"The gameplay flow completed successfully: a puzzle started, a move was accepted, and the process exited cleanly. The output also recorded a successful save operation with ""Saved."".","Only one normal gameplay and save flow was observed; repeated saves, persistence after restarting, and error or recovery paths were not tested, so general reliability is only partially demonstrated.",accept,,,,,
QR-006,3,observed_satisfied,EV-03-SCEN-QR-006-80-02,"The recorded CLI interface presents a small puzzle grid, names each available command, explains that swap uses 1-based coordinates, and gives clear feedback after a move. This supports clarity for beginners in the demonstrated interaction.",The evidence covers one CLI interaction; it does not show how younger beginners respond to the interface in use.,accept,,,,,
QR-007,3,not_observable,EV-03-SCEN-QR-007-81-01; EV-03-SCEN-QR-007-81-02; EV-03-SCEN-QR-007-81-03,"The executable artifact ran successfully and displayed a puzzle board, commands, and a saved message, but these are contextual observations only. No complete evidence demonstrates maintainable game logic, functioning board interactions, timing behavior, or correct storage and retrieval of player information.","Board interactions were not exercised to a verifiable outcome, timing behavior was not observed, stored player information was not inspected or validated, and maintainability cannot be established from the recorded run.",accept,,,,,
QR-008,3,not_observable,EV-03-SCEN-QR-008-82-01; EV-03-SCEN-QR-008-82-02,"The application produced output and completed the recorded command successfully, but no complete obligation or condition branch concerning responsiveness or lightweight behavior with a fairly large number of puzzle records was positively or negatively established.","The evidence does not exercise the system with a fairly large number of puzzle records, so performance, responsiveness, and resource usage under that condition remain untested.",accept,,,,,
QR-009,3,not_observable,EV-03-SCEN-QR-009-83-02,"The evidence shows two accepted moves with displayed board states and a save operation, but it does not establish that the resulting states are predictable or that accidental duplicate actions are prevented.","No repeated, rapid, duplicate, or otherwise accidental action was exercised, and there is no expected-state comparison or control demonstrating correct state-transition behavior.",accept,,,,,
QR-010,3,observed_partial,EV-03-SCEN-QR-010-84-01; EV-03-SCEN-QR-010-84-02,"The recorded run shows an active sliding-puzzle challenge with a move accepted, preserving the gameplay challenge, and an undo operation that restores the prior puzzle state after the move, providing one demonstrated way to recover from a mistake without frustration.","The evidence does not establish that mistakes are broadly prevented from becoming frustrating. It only demonstrates recovery for one accepted move; invalid moves, repeated mistakes, difficulty balance, feedback, and other frustration-prevention behavior remain untested.",accept,,,,,
QR-011,3,observed_partial,EV-03-SCEN-QR-011-85-01; EV-03-SCEN-QR-011-85-02; EV-03-SCEN-QR-011-85-03,"The command completed successfully with no standard error, and the recorded output shows a lightweight sliding puzzle with a concise command interface, an accepted move, and a saved state. This positively supports a simple and apparently reliable demonstrated interaction.","The evidence covers only one command execution and one accepted move. It does not establish reliability across broader use, error handling, persistence verification, or that the implementation avoids overly complex techniques generally.",accept,,,,,
QR-012,3,not_observable,EV-03-SCEN-QR-012-86-01; EV-03-SCEN-QR-012-86-02; EV-03-SCEN-QR-012-86-03,"The run shows that puzzle statistics can be exported and saved successfully, but it does not show the size of saved data or any practical space-saving measure such as compression or indexing, nor does it establish that such measures are used without harming reliability.","Compression, indexing, saved-data size, and the reliability impact of any storage optimization remain untested and unknown.",accept,,,,,
QR-013,3,not_observable,EV-03-SCEN-QR-013-87-01; EV-03-SCEN-QR-013-87-02,"The application launched and a puzzle was started and interacted with successfully, but the evidence does not show how puzzle data is loaded or whether loading is modular.",No evidence establishes that only needed puzzle data is loaded or that the entire puzzle library is not loaded at once.,accept,,,,,
QR-014,3,not_observable,EV-03-SCEN-QR-014-88-02,"The output labels a gameplay hint as subtle, but it does not demonstrate subtle, low-pressure prompts for important non-gameplay features. It also does not establish whether prompts avoid interrupting gameplay.",Prompt behavior for non-gameplay features and evidence that gameplay remains uninterrupted are untested.,accept,,,,,
EX-001,3,observed_satisfied,EV-03-SCEN-EX-001-89-01; EV-03-SCEN-EX-001-89-02,"A deliberately corrupted save file containing invalid data was prepared, and the game launched successfully with a new puzzle instead of failing or attempting to use the corrupted save. This establishes that the corrupted save was skipped, allowing the player to continue using the game.",,accept,,,,,
EX-002,3,not_observable,EV-03-SCEN-EX-002-90-01; EV-03-SCEN-EX-002-90-02; EV-03-SCEN-EX-002-90-03,"The application launched and completed a normal save-and-exit flow, but no improperly readable or corrupted saved result was presented, and no recovery behavior was exercised.",Recovery from an unreadable saved result and continued application operation after that failure remain untested.,accept,,,,,
EX-003,3,not_observable,EV-03-SCEN-EX-003-91-01; EV-03-SCEN-EX-003-91-02,"No required branch was established. The game started and printed “Saved.”, but the record does not show a sudden interruption or closure followed by a restart.",Whether the last safe state is preserved after a sudden interruption or closure remains untested.,accept,,,,,
EX-004,3,not_observable,EV-03-SCEN-EX-004-92-01; EV-03-SCEN-EX-004-92-02; EV-03-SCEN-EX-004-92-03,"None of the required behavior under a failed update connection was established. The game started without recorded errors, but the evidence does not show that an update check could not connect.",Quiet failure and continued availability for play after an update-check connection failure remain untested.,accept,,,,,
EX-005,3,not_observable,EV-03-SCEN-EX-005-93-02,"The recorded export succeeded. No stats-export failure occurred, so neither required behavior after a failure was exercised.",Whether the system clearly explains a failed export and keeps the game running normally remains unknown.,accept,,,,,
EX-006,3,not_observable,EV-03-SCEN-EX-006-94-02,No required obligation was exercised. The recorded game accepted a move and reported a normal save; it does not show a storage issue.,Whether the system warns the player and preserves essential progress when storage becomes an issue remains untested.,accept,,,,,
EX-007,3,not_observable,EV-03-SCEN-EX-007-95-01; EV-03-SCEN-EX-007-95-02,"No required branch was exercised. The game started a new puzzle and saved on exit, but the evidence does not show a session switch or a game reopened after a long time.",Clean loading and preservation of the player's location under either stated condition remain untested.,accept,,,,,
FR-001,4,observed_satisfied,EV-04-SCEN-FR-001-08-01; EV-04-SCEN-FR-001-08-02,"The start command completed successfully and reported a new puzzle with a displayed board, showing that a player can launch a puzzle session.",,accept,,,,,
FR-002,4,not_observable,EV-04-SCEN-FR-002-09-01; EV-04-SCEN-FR-002-09-02,"The recorded command displays a puzzle, but none of the required session-ending branches was exercised.","Session termination after solving, giving up, and exiting remains untested.",accept,,,,,
FR-003,4,not_observable,EV-04-SCEN-FR-003-10-01; EV-04-SCEN-FR-003-10-02,"The moves completed a level, as shown by the “Solved!” output. No evidence establishes that progress was saved, so no required obligation is shown to be met or violated.",No saved-progress response or readback was recorded.,accept,,,,,
FR-004,4,not_observable,EV-04-SCEN-FR-004-11-01; EV-04-SCEN-FR-004-11-02,"A move during play completed, but no required saving behaviour was observed. No obligation or condition branch is established.",The evidence does not establish whether saving was safe at that point or whether progress was saved.,accept,,,,,
FR-005,4,not_observable,EV-04-SCEN-FR-005-12-01; EV-04-SCEN-FR-005-12-02,"The show command displayed a puzzle grid, but no required preservation or resumption behavior was observed.","No recorded play changed the puzzle state, closed the game mid-puzzle, or reopened it to check whether play could continue from that state.",accept,,,,,
FR-006,4,not_observable,EV-04-SCEN-FR-006-13-01; EV-04-SCEN-FR-006-13-02,"The show command succeeded and displayed a game board, but no required restoration behaviour was observed.","No interruption or sudden closure was exercised, and no post-restart state was compared with a known last safe state.",accept,,,,,
FR-007,4,observed_partial,EV-04-SCEN-FR-007-14-01; EV-04-SCEN-FR-007-14-02,"The invalid downward move was blocked cleanly, and the command immediately returned feedback identifying it as invalid. The message says only that the move cannot go down; it does not explain why.",Feedback explaining the reason for the invalid move was not demonstrated.,accept,,,,,
FR-008,4,observed_partial,EV-04-SCEN-FR-008-15-01; EV-04-SCEN-FR-008-15-02,The attempted downward move was rejected with an explicit invalid-move message and a nonzero exit code. This establishes rejection of the tested invalid move.,"No board state or progress was recorded before the attempt or checked afterward, so the evidence does not establish that either was preserved.",accept,,,,,
FR-009,4,not_observable,EV-04-SCEN-FR-009-16-01; EV-04-SCEN-FR-009-16-02,"No required obligation was established. The undo command returned “Nothing to undo,” and the record shows no prior move to undo.","Undoing a move, restoration of the prior state, ease of use, and absence of a penalty remain untested.",accept,,,,,
FR-010,4,observed_partial,EV-04-SCEN-FR-010-17-01; EV-04-SCEN-FR-010-17-02,"The player could invoke a simple restart command, which succeeded and displayed a restarted puzzle.",The evidence does not show whether restarting imposes a penalty.,accept,,,,,
FR-011,4,not_observable,EV-04-SCEN-FR-011-18-02,"None of the required hint behaviour was established. The recorded show command displayed a grid, but did not exercise a player-requested hint.","Whether players can request subtle hints, and whether hints are withheld unless requested, remains untested.",accept,,,,,
FR-012,4,not_observable,EV-04-SCEN-FR-012-19-01; EV-04-SCEN-FR-012-19-02,"No required behavior was established. The two move commands ran sequentially, and both produced a move; the evidence does not show an extra input arriving while an action was already being processed.",Whether the system ignores rather than queues input received during processing remains untested.,accept,,,,,
FR-013,4,observed_satisfied,EV-04-SCEN-FR-013-20-01; EV-04-SCEN-FR-013-20-02,"Two back-to-back 'up' inputs produced successive, consistent board states: the second move starts from the state shown after the first.",,accept,,,,,
FR-014,4,observed_partial,EV-04-SCEN-FR-014-21-01; EV-04-SCEN-FR-014-21-02,"The two successive move commands show the puzzle changing state and then reaching a solved state, establishing puzzle-state tracking across commands.","The evidence does not show tracking of a player's session, completion time, move count, or score.",accept,,,,,
FR-015,4,not_observable,EV-04-SCEN-FR-015-22-01; EV-04-SCEN-FR-015-22-02,"No required history-retention behaviour was established. The stats command succeeded, but its output showed zero completed puzzles and no recorded attempt or completion history.",No puzzle attempt or completion was recorded and then checked for retention.,accept,,,,,
FR-016,4,observed_partial,EV-04-SCEN-FR-016-23-02,"The stats view shows a puzzles-completed count and a moves count, satisfying those parts of the progress view.","No active puzzle or available best result was established, so the current-time and best-result displays under those conditions remain untested.",accept,,,,,
FR-017,4,not_observable,EV-04-SCEN-FR-017-24-01; EV-04-SCEN-FR-017-24-02,"The `stats` command returned progress and statistics, but the recorded interaction does not show a player accessing them from a dedicated menu area. No complete required access path was established.",Access through a dedicated Progress or Stats menu area was not observed.,accept,,,,,
FR-018,4,observed_partial,EV-04-SCEN-FR-018-25-01; EV-04-SCEN-FR-018-25-02,The export command completed successfully and reported that stats were exported.,The evidence does not establish that players can export from the same Progress or Stats area.,accept,,,,,
FR-019,4,not_observable,EV-04-SCEN-FR-019-26-01; EV-04-SCEN-FR-019-26-02,"The default export command completed and reported that stats were exported to a file. No exported data was captured, so the evidence does not establish that the file contains basic stats; no complete required obligation is established.",The export file and its contents were not observed.,accept,,,,,
FR-020,4,not_observable,EV-04-SCEN-FR-020-27-01; EV-04-SCEN-FR-020-27-02,"The --details export command succeeded, but the recorded response only confirms that an export file was created. No required obligation is established: the evidence does not show whether the export contains more detailed session records.","The exported file was not inspected, so optional inclusion of detailed session records, if supported, remains untested.",accept,,,,,
FR-021,4,observed_satisfied,EV-04-SCEN-FR-021-28-01; EV-04-SCEN-FR-021-28-02,The stats export command exited successfully and displayed a clear confirmation message containing the exported file’s location.,,accept,,,,,
FR-022,4,observed_satisfied,EV-04-SCEN-FR-022-29-01; EV-04-SCEN-FR-022-29-02,"Selecting the stats command displayed a view with the player's completion count and move and time statistics, satisfying the selectable overall-progress view requirement.",,accept,,,,,
FR-023,4,observed_partial,EV-04-SCEN-FR-023-30-01; EV-04-SCEN-FR-023-30-02,"The stats command successfully displayed progress measures, including completed count, current moves and time, and best results. This establishes a basic progress view.",No extra-click interaction or more detailed view was observed.,accept,,,,,
FR-024,4,not_observable,EV-04-SCEN-FR-024-31-01; EV-04-SCEN-FR-024-31-02,"The stats command displayed fields for moves and time, but only with zero or unset values. No complete requirement obligation was demonstrated.","No recorded challenge results show whether scores, times, or progress are retained and presented to help players see improvement; replay was not exercised.",accept,,,,,
FR-025,4,not_observable,EV-04-SCEN-FR-025-32-01; EV-04-SCEN-FR-025-32-02,"The player completed moves, but no complete required obligation was established: the record does not show that play occurred without internet access or that progress was saved locally.",Offline operation and local saving of progress remain untested.,accept,,,,,
FR-026,4,observed_partial,EV-04-SCEN-FR-026-33-01; EV-04-SCEN-FR-026-33-02; EV-04-SCEN-FR-026-33-03,"The application launched with one command, exited successfully, and displayed a new puzzle without a recorded extra service or error.","Installation was not observed, so its simplicity and service requirements remain unknown.",accept,,,,,
FR-027,4,not_observable,EV-04-SCEN-FR-027-34-01; EV-04-SCEN-FR-027-34-02,"The start command displayed a numbered puzzle grid. None of the required beginner-experience elements—simple instructions, visual guidance, or an easier first challenge—was established by this observation.","The captured start output does not show whether instructions or guidance are available elsewhere, whether mistakes are handled forgivingly, or whether the first challenge is easier than later ones.",accept,,,,,
FR-028,4,not_observable,EV-04-SCEN-FR-028-35-01; EV-04-SCEN-FR-028-35-02,"A new puzzle was started, but no required difficulty progression was observed; no obligation was established as met or violated.","The record does not show a player continuing, their experience level, or whether subsequent puzzles become harder.",accept,,,,,
FR-029,4,not_observable,EV-04-SCEN-FR-029-36-01; EV-04-SCEN-FR-029-36-02,"None of the required prominence behaviour is established. The recorded move output shows a puzzle board, but does not establish an experienced-player context or how time, moves, and score are presented in that context.","Presentation of time, moves, and score for more experienced players remains untested.",accept,,,,,
FR-030,4,not_observable,EV-04-SCEN-FR-030-37-01; EV-04-SCEN-FR-030-37-02,"The recorded `show` command displayed a board, but no interruption or resumption was observed. No required behaviour was established.",Whether play can be resumed easily after a sudden exit or interruption remains untested.,accept,,,,,
FR-031,4,not_observable,EV-04-SCEN-FR-031-38-01; EV-04-SCEN-FR-031-38-02,None of the required preservation behaviour was observed. The recorded command only displays a state.,"No most recently captured safe state, sudden exit, or post-exit recovery was recorded.",accept,,,,,
FR-032,4,observed_satisfied,EV-04-SCEN-FR-032-39-01; EV-04-SCEN-FR-032-39-02,"After an unreadable save file was supplied, the application reported the read error, displayed the board, and exited successfully. The unreadable save did not block the exercised application command.",Other application operations and unreadable saved results were not tested.,accept,,,,,
FR-033,4,not_observable,EV-04-SCEN-FR-033-40-01; EV-04-SCEN-FR-033-40-02,"None of the required start-new-session behavior was established. The show command reported corrupted save data and displayed a board, but the record does not show the player starting a new session.",No new-session action or resulting session was observed.,accept,,,,,
FR-034,4,not_observable,EV-04-SCEN-FR-034-41-01; EV-04-SCEN-FR-034-41-02; EV-04-SCEN-FR-034-41-03,None of the required cue behavior is established. The recorded command completed normally and printed a move acknowledgement; that output does not establish a problem cue.,"No save failure or recovery event was exercised, so the presence and non-blocking nature of cues during a real problem remain unknown.",accept,,,,,
FR-035,4,not_observable,EV-04-SCEN-FR-035-42-01; EV-04-SCEN-FR-035-42-02; EV-04-SCEN-FR-035-42-03,"No complete obligation was established. The recorded `show` command completed with no update-check output, but it does not show whether update checks are supported, optional, or unobtrusive when used.",No update check or choice to enable or decline one was observed.,accept,,,,,
FR-036,4,not_observable,EV-04-SCEN-FR-036-43-02,"The command displayed a game board, but no complete requirement branch was established: the evidence does not show whether an important update was available or whether an update prompt appeared under a tested condition.","Prompt behavior with and without important updates, and its timing after a game or on return to a menu, remain untested.",accept,,,,,
FR-037,4,not_observable,EV-04-SCEN-FR-037-44-01; EV-04-SCEN-FR-037-44-02,"The command displayed a game board, but no update prompt was observed. No required obligation was established.",Dismissal of an update prompt and the ability to continue playing afterward were not tested.,accept,,,,,
FR-038,4,observed_partial,EV-04-SCEN-FR-038-45-01; EV-04-SCEN-FR-038-45-02,"The export command completed successfully and reported a local JSON file path, supporting the local export operation.","The recorded evidence does not inspect the file, so its existence, readability, and suitability for keeping or sharing remain unverified.",accept,,,,,
FR-039,4,observed_partial,EV-04-SCEN-FR-039-46-01; EV-04-SCEN-FR-039-46-02,"The stats export command succeeded without an account-creation step, establishing that account creation was not required for this export.",Update checks without account creation were not exercised.,accept,,,,,
FR-040,4,not_observable,EV-04-SCEN-FR-040-47-01; EV-04-SCEN-FR-040-47-02,The recorded stats export succeeded. None of the required failure-response obligations was exercised.,"No failed export was observed, so the plain-language explanation and indication of whether data was saved elsewhere remain untested.",accept,,,,,
FR-041,4,not_observable,,None of the required behavior was observed. The recorded `show` command did not demonstrate an update check or a connection failure.,Whether a failed update check fails quietly and offers the player an option to try again later remains untested.,accept,,,,,
FR-042,4,not_observable,EV-04-SCEN-FR-042-49-01; EV-04-SCEN-FR-042-49-02,"The show command completed successfully, but no update-check failure or stats-export failure was observed. Neither required failure branch was established.",It remains unknown whether the system keeps running normally after either kind of failure.,accept,,,,,
FR-043,4,observed_partial,EV-04-SCEN-FR-043-50-01; EV-04-SCEN-FR-043-50-02,"A move completed successfully and returned an updated board, establishing a basic playable interaction.",One move does not establish that the experience remains lightweight or avoids constant interruptions during continued play.,accept,,,,,
FR-044,4,observed_satisfied,EV-04-SCEN-FR-044-51-01; EV-04-SCEN-FR-044-51-02,"The player can run the stats command successfully. Its output shows overall progress in a short, text-only summary of completed games, current moves and time, and best results, without dense charts or excessive text.",,accept,,,,,
FR-045,4,observed_partial,EV-04-SCEN-FR-045-52-01; EV-04-SCEN-FR-045-52-02,"The recorded moves show a numbered puzzle changing state and then displaying a solved board with a clear “Solved!” message. This supports a clear, meaningful challenge experience.",The evidence does not show that the challenge can be replayed after completion.,accept,,,,,
BR-001,4,not_observable,,No required branch was established. Starting a puzzle through the command line does not show whether mobile support is available.,The evidence does not establish whether mobile support is provided under the default scope.,accept,,,,,
BR-002,4,not_observable,EV-04-SCEN-BR-002-54-01; EV-04-SCEN-BR-002-54-02,"No required branch is established. The recorded command shows a display of values, not whether updates occur automatically.","There is no observation of update behaviour, so the default exclusion of automatic updates cannot be assessed.",accept,,,,,
BR-003,4,observed_partial,EV-04-SCEN-BR-003-55-01; EV-04-SCEN-BR-003-55-02,"The game started a new puzzle through the recorded command without requiring account input, establishing account-free puzzle startup.","The evidence does not show whether continued play requires an account, or whether startup or play requires a network connection or third-party service.",accept,,,,,
BR-004,4,not_observable,EV-04-SCEN-BR-004-56-01; EV-04-SCEN-BR-004-56-02,"The recorded move succeeded, but it establishes neither that saved data is minimal nor that personal information is collected only for a clear reason. No required obligation was established.",The evidence does not show what data the system saves or whether it collects personal information.,accept,,,,,
BR-005,4,not_observable,EV-04-SCEN-BR-005-57-01; EV-04-SCEN-BR-005-57-02,"The command succeeded and showed an updated game board, but no complete obligation about prioritizing the current game or recent progress over save file size was observed.","The evidence does not show what was saved, whether recent progress was preserved, or any tradeoff involving save file size.",accept,,,,,
BR-006,4,not_observable,EV-04-SCEN-BR-006-58-01; EV-04-SCEN-BR-006-58-02,None of the required behavior was observed. The recorded command starts a puzzle and shows no account-security or online-protection behavior.,The evidence does not exercise or describe the system's account security or online protection.,accept,,,,,
BR-007,4,observed_satisfied,EV-04-SCEN-BR-007-59-01; EV-04-SCEN-BR-007-59-02; EV-04-SCEN-BR-007-59-03,"The system detected the corrupted save file, reported that it could not be read, and displayed a coherent default grid. The command exited successfully without a traceback.",,accept,,,,,
BR-008,4,not_observable,EV-04-SCEN-BR-008-60-01; EV-04-SCEN-BR-008-60-02,"None of the required behaviour is established. The malformed save produced a read error and the program displayed a board, but the output does not show that tampering was marked as unreliable.",The effect of such marking on honest players was not tested.,accept,,,,,
BR-009,4,observed_partial,EV-04-SCEN-BR-009-61-01; EV-04-SCEN-BR-009-61-02,The malformed save triggered a message telling the player that the save file could not be read. This satisfies the plain-language notification obligation.,"The evidence does not establish whether stats or progress were reset, or whether any reset was limited to what was affected.",accept,,,,,
BR-010,4,not_observable,EV-04-SCEN-BR-010-62-01; EV-04-SCEN-BR-010-62-02,"The command reports a successful move, but no complete obligation concerning preservation of recent progress during storage management was exercised.",No storage-management action or subsequent check of the move's persistence was recorded.,accept,,,,,
BR-011,4,not_observable,EV-04-SCEN-BR-011-63-02,"The stats output shows no completed puzzles. No older puzzle record was observed, so neither automatic summarization nor preservation of its key totals and best results was established.","No record was observed reaching the condition for summarization, and no before-and-after record or summary was captured.",accept,,,,,
BR-012,4,not_observable,EV-04-SCEN-BR-012-64-01; EV-04-SCEN-BR-012-64-02,"None of the required warning behavior was established. The recorded move succeeded, but the evidence does not show that the save was approaching a problem.","No save-risk condition or warning timing was observed, so the absence of a warning in this output cannot establish a failure.",accept,,,,,
BR-013,4,not_observable,EV-04-SCEN-BR-013-65-01; EV-04-SCEN-BR-013-65-02,None of the required behavior was observed. The recorded command moved a board piece; it did not show history being trimmed or summarized.,No storage-reduction event or comparison between oldest history and current or recent progress was recorded.,accept,,,,,
BR-014,4,not_observable,EV-04-SCEN-BR-014-66-01; EV-04-SCEN-BR-014-66-02,"The recorded command completed a move, but none of the required save-limit behaviours was observed.","The evidence does not establish that the save file limit was exceeded or show whether saving finished safely, essential progress was preserved, or older-detail condensation was explained.",accept,,,,,
BR-015,4,observed_partial,EV-04-SCEN-BR-015-67-01; EV-04-SCEN-BR-015-67-02,"After the save file was deliberately replaced with invalid content, the system reported that it could not read the file and continued to display the board. This establishes detection of that obvious modification.","No honest-player case was tested, so the evidence does not establish that this detection avoids causing problems for honest players.",accept,,,,,
BR-016,4,not_observable,EV-04-SCEN-BR-016-68-01; EV-04-SCEN-BR-016-68-02,"No required branch was established. Two sequential commands both moved the puzzle, but the record does not show an extra input arriving while an action was being processed.",Ignoring an input during an in-progress action remains untested.,accept,,,,,
BR-017,4,not_observable,EV-04-SCEN-BR-017-69-01; EV-04-SCEN-BR-017-69-02,None of the required cue behaviour was established. The recorded export succeeded and printed a status message; it did not exercise a save failure or recovery event.,The evidence does not show whether a real problem produces a small non-blocking cue or whether such cues are limited to real problems.,accept,,,,,
BR-018,4,not_observable,EV-04-SCEN-BR-018-70-02,"The recorded move shows normal play, but no warning or decision requiring a modal was observed. None of the required notification or modal behavior was exercised.","Warning presentation after a save or between puzzles, and modal use when a decision or acknowledgement of condensed data is required, remain untested.",accept,,,,,
BR-019,4,not_observable,EV-04-SCEN-BR-019-71-01; EV-04-SCEN-BR-019-71-02,"None of the required behaviour was exercised. The recorded command shows one successful move, but does not establish a save status problem, its resolution, or repeated reminders.",Whether the system repeats reminders after a save status problem is resolved remains untested.,accept,,,,,
DI-001,4,not_observable,EV-04-SCEN-DI-001-72-01; EV-04-SCEN-DI-001-72-02,"A move succeeded and the resulting board was displayed, but neither observation establishes that progress was stored locally. No required storage behaviour was observed.","No local save, stored data, or later retrieval of progress was captured.",accept,,,,,
DI-002,4,observed_satisfied,EV-04-SCEN-DI-002-73-01; EV-04-SCEN-DI-002-73-02,"The export command completed successfully and reported exporting stats to a local JSON file, a readable file format.",The recorded evidence does not show the file contents.,accept,,,,,
DI-003,4,not_observable,EV-04-SCEN-DI-003-74-01; EV-04-SCEN-DI-003-74-02,None of the required behaviour was observed. The recorded command displayed a grid; it did not exercise update checks.,The evidence does not show update checks being enabled or any update-check communication.,accept,,,,,
QR-001,4,observed_partial,EV-04-SCEN-QR-001-75-01; EV-04-SCEN-QR-001-75-02,"A single start command successfully launched a puzzle and displayed its grid, establishing that starting a puzzle required no additional setup in the recorded interaction.",The evidence does not establish whether users understand the system immediately or can use it with little or no training.,accept,,,,,
QR-002,4,observed_satisfied,EV-04-SCEN-QR-002-76-01; EV-04-SCEN-QR-002-76-02,"After the player's moves, the system displayed the updated board and a clear “Solved!” message, providing feedback on the player's performance.",,accept,,,,,
QR-003,4,not_observable,EV-04-SCEN-QR-003-77-01; EV-04-SCEN-QR-003-77-02,"The program ran successfully from a command line, but this establishes neither that it is lightweight nor that it is easy to distribute. No complete required obligation was established.",The evidence does not assess the system's resource footprint or its distribution.,accept,,,,,
QR-004,4,not_observable,EV-04-SCEN-QR-004-78-02,"The recorded moves show a challenge being solved, but establish neither that players find the system fun nor that it encourages them to return and replay challenges. No complete required obligation was observed.",Player enjoyment and encouragement to return and replay were not evaluated.,accept,,,,,
QR-005,4,observed_partial,EV-04-SCEN-QR-005-79-01; EV-04-SCEN-QR-005-79-02,"A gameplay move completed successfully and displayed the resulting board, establishing reliable behaviour for that observed step of gameplay.","Saving results was not observed, and the evidence does not establish reliability across a longer gameplay flow.",accept,,,,,
QR-006,4,not_observable,EV-04-SCEN-QR-006-80-02,"The interface displayed a new puzzle, but this observation does not establish whether it is clear for younger beginners. No complete required behaviour was established or refuted.",No evidence shows how younger beginners understand or use the interface.,accept,,,,,
QR-007,4,not_observable,EV-04-SCEN-QR-007-81-01; EV-04-SCEN-QR-007-81-02,"The show command completed and displayed an empty board. This establishes board display, but no complete required obligation was tested: it does not show a board interaction, game-logic correctness, timing, stored player information, or maintainability.","No moves or other board interactions, timed behaviour, player-information operations, or maintainability evidence were recorded.",accept,,,,,
QR-008,4,not_observable,EV-04-SCEN-QR-008-82-01; EV-04-SCEN-QR-008-82-02,The stats command completed and reported no completed puzzles. No required performance obligation was established: the evidence does not show responsiveness or lightweight operation with a fairly large number of puzzle records.,"No large-record workload, response-time measurement, or resource-usage observation was captured.",accept,,,,,
QR-009,4,observed_partial,EV-04-SCEN-QR-009-83-01; EV-04-SCEN-QR-009-83-02,"The two explicit move commands produced successive, coherent board states, supporting predictable state changes for the moves observed.","The commands were separate, explicit actions. They do not test whether an accidental double action is prevented.",accept,,,,,
QR-010,4,not_observable,EV-04-SCEN-QR-010-84-01; EV-04-SCEN-QR-010-84-02,None of the required behaviour was established. The undo command returned “Nothing to undo”; no mistake or recoverable move was recorded.,The evidence does not show whether gameplay remains challenging or whether the system prevents mistakes from becoming frustrating.,accept,,,,,
QR-011,4,not_observable,EV-04-SCEN-QR-011-85-01; EV-04-SCEN-QR-011-85-02,The two move commands completed and produced a solved state. None of the requirement's system-level simplicity or reliability obligations is established by this single successful sequence.,The evidence does not show the implementation's complexity or whether it remains reliable beyond this sequence.,accept,,,,,
QR-012,4,not_observable,EV-04-SCEN-QR-012-86-01; EV-04-SCEN-QR-012-86-02,"The export completed, but this is only a contextual fact. No required data-size or reliability behaviour was established.","The evidence does not show saved-data size, whether compression or indexing would help, whether either was used, or its effect on reliability.",accept,,,,,
QR-013,4,not_observable,EV-04-SCEN-QR-013-87-01; EV-04-SCEN-QR-013-87-02,"The start command succeeded and displayed a puzzle, but no required loading behavior was observed.",The evidence does not show whether the system loaded only the needed puzzle data or the entire library.,accept,,,,,
QR-014,4,not_observable,EV-04-SCEN-QR-014-88-01; EV-04-SCEN-QR-014-88-02,"None of the required behaviour was observed. The captured show command displayed a grid, but did not exercise a non-gameplay prompt or show whether gameplay was interrupted.",The subtlety of prompts for important non-gameplay features and their effect on gameplay remain untested.,accept,,,,,
EX-001,4,observed_satisfied,EV-04-SCEN-EX-001-89-01; EV-04-SCEN-EX-001-89-02,"With a corrupted save file present, the game reported that it could not read the file, then displayed the game board and exited successfully. This shows it skipped the corrupted save and remained usable for the recorded command.",,accept,,,,,
EX-002,4,not_observable,EV-04-SCEN-EX-002-90-01; EV-04-SCEN-EX-002-90-02,"The stats command completed and displayed results, but no evidence establishes that a saved result could not be read. No required recovery branch was exercised.","Recovery from an unreadable saved result, including whether the rest of the application remains usable, remains untested.",accept,,,,,
EX-003,4,not_observable,EV-04-SCEN-EX-003-91-01; EV-04-SCEN-EX-003-91-02,"The command displayed a game state, but no required branch was exercised: there is no recorded sudden interruption or closure followed by a restart.","The last safe state before interruption and the state after restart were not observed, so preservation cannot be assessed.",accept,,,,,
EX-004,4,not_observable,EV-04-SCEN-EX-004-92-01; EV-04-SCEN-EX-004-92-02; EV-04-SCEN-EX-004-92-03,"No complete required branch was observed. The show command displayed a board and produced no standard error, but the evidence does not establish that an update check failed to connect.",Quiet failure and continued availability for play after an update-check connection failure remain untested.,accept,,,,,
EX-005,4,not_observable,EV-04-SCEN-EX-005-93-01; EV-04-SCEN-EX-005-93-02,None of the conditional obligations were exercised: the recorded stats export succeeded.,"No failed export was observed, so neither the explanation on failure nor whether the game continues running normally was tested.",accept,,,,,
EX-006,4,not_observable,EV-04-SCEN-EX-006-94-01; EV-04-SCEN-EX-006-94-02,Only a successful move was observed. No required obligation was established.,"No storage issue was observed, so neither a warning nor preservation of essential progress was tested.",accept,,,,,
EX-007,4,not_observable,EV-04-SCEN-EX-007-95-01; EV-04-SCEN-EX-007-95-02,"The show command completed and displayed a grid, but no required branch was exercised: the evidence does not show a player switching sessions or reopening a game after a long time.",Clean loading and preservation of the player's location remain untested in both conditions.,accept,,,,,
FR-001,5,observed_unsatisfied,EV-05-SCEN-FR-001-08-01,"The player submitted the New Puzzle action, but the resulting page still says to start a new puzzle, shows the solved board, and reports zero total sessions. The recorded launch did not start a puzzle session.",,accept,,,,,
FR-002,5,not_observable,EV-05-SCEN-FR-002-09-01,"The recorded restart reset the board, but it does not establish that a puzzle session ended because the player solved the puzzle, gave up, or exited. None of the required branches was exercised.","Session termination on solving, giving up, and exiting remains untested.",accept,,,,,
FR-003,5,not_observable,EV-05-SCEN-FR-003-10-01,"No required behavior was established. The move response said to start a new puzzle first, and progress showed zero completed puzzles.",No level completion or subsequent saved-progress readback was observed.,accept,,,,,
FR-004,5,not_observable,EV-05-SCEN-FR-004-11-01,"None of the required saving behaviour was observed. The move request returned a page saying to start a new puzzle first, with no active session or moves.","No move during play, safe-save condition, or saved-progress readback was recorded.",accept,,,,,
FR-005,5,not_observable,EV-05-SCEN-FR-005-12-01,None of the required preservation or continuation behavior was observed. The recorded action restarted a puzzle and displayed a board with zero current moves.,"No mid-puzzle state, game closure, reopening, or resumed play was recorded.",accept,,,,,
FR-006,5,not_observable,EV-05-SCEN-FR-006-13-01,No observation was recorded for the scenarios of this requirement.,"The existing GET / only opens a generic page or health endpoint; no scenario-specific setup or target interaction was defined. Missing observation: The last known safe puzzle state is restored instead of loading a corrupted or partially updated board. The target action was not executed; this is an observation limitation, not a software failure.",accept,,,,,
FR-007,5,observed_satisfied,EV-05-SCEN-FR-007-14-01,"The attempted move was blocked without changing the board or move count, and the immediate response clearly explained why: “Start a new puzzle first.” This establishes clean blocking and feedback for a move attempted before a puzzle exists.",Invalid moves during an active puzzle were not tested.,accept,,,,,
FR-008,5,not_observable,EV-05-SCEN-FR-008-15-01,"No required branch was established. The move request returned a page saying “Start a new puzzle first,” so the response does not show how the system handles an invalid move during an active puzzle.","No active puzzle or prior progress was recorded, so rejection of an invalid move and preservation of board state and progress remain untested.",accept,,,,,
FR-009,5,not_observable,EV-05-SCEN-FR-009-16-01,"No required obligation was established. The page shows an Undo button, but the recorded request returned “Nothing to undo” because no move was available to reverse.","Undoing an actual move, its ease of use, and whether it incurs a penalty remain untested.",accept,,,,,
FR-010,5,observed_partial,EV-05-SCEN-FR-010-17-01,"The restart request succeeded, and the resulting page reported “Puzzle restarted” with current moves at zero. This establishes the player's ability to restart.","No pre-restart puzzle or statistics were captured, so the evidence does not establish whether restarting incurred a penalty.",accept,,,,,
FR-011,5,observed_partial,EV-05-SCEN-FR-011-18-01,"A player-requested hint was returned: POST /hint led to a page displaying a general, non-spoiling hint. This establishes the requestable subtle-hint capability.","No page was captured before the request, so the evidence does not establish whether hints are withheld until requested.",accept,,,,,
FR-012,5,not_observable,EV-05-SCEN-FR-012-19-01,No required branch was established. The recorded move request was followed by a page saying to start a new puzzle first; it does not show an extra input arriving while an action was being processed.,"No overlapping inputs or subsequent action outcomes were observed, so the evidence cannot show whether extra inputs are ignored or queued.",accept,,,,,
FR-013,5,not_observable,EV-05-SCEN-FR-013-20-01,"No required behaviour was established. The single move request returned a notice to start a new puzzle, so it did not exercise preservation of an active board state.","No rapid repeated clicks or inputs, or resulting board-state transitions, were recorded.",accept,,,,,
FR-014,5,not_observable,EV-05-SCEN-FR-014-21-01,"None of the required tracking behaviours was established. The move request was rejected with “Start a new puzzle first,” and the resulting page showed only an initial board and zeroed progress values.","No puzzle was started or completed, and no successful move was observed. Tracking of the player's session, puzzle state, completion time, move count, and score remains untested.",accept,,,,,
FR-015,5,not_observable,EV-05-SCEN-FR-015-22-01,No observation was recorded for the scenarios of this requirement.,"The existing GET / only opens a generic page or health endpoint; no scenario-specific setup or target interaction was defined. Missing observation: A history of completed puzzles or attempts is shown, including past results or attempt records rather than only the current active session. The target action was not executed; this is an observation limitation, not a software failure.",accept,,,,,
FR-016,5,not_observable,EV-05-SCEN-FR-016-23-01,No observation was recorded for the scenarios of this requirement.,"The existing GET / only opens a generic page or health endpoint; no scenario-specific setup or target interaction was defined. Missing observation: The view shows puzzles completed, the current time on the active puzzle, moves made, and best results when available in a clear, concise layout. The target action was not executed; this is an observation limitation, not a software failure.",accept,,,,,
FR-017,5,not_observable,EV-05-SCEN-FR-017-24-01,No observation was recorded for the scenarios of this requirement.,"The existing GET / only opens a generic page or health endpoint; no scenario-specific setup or target interaction was defined. Missing observation: A progress/statistics screen is displayed that provides access to the player's progress information and summary statistics. The target action was not executed; this is an observation limitation, not a software failure.",accept,,,,,
FR-018,5,observed_partial,EV-05-SCEN-FR-018-25-01,"The Export Stats action reports a successful stats export to a JSON file. However, its control appears with the game-action buttons before the Progress heading, rather than within the Progress area.",Export from a Progress or Stats area is not demonstrated.,accept,,,,,
FR-019,5,observed_partial,EV-05-SCEN-FR-019-26-01,"An export request with no configuration returned a specific success notice naming a JSON stats file. This establishes the default export operation, but the response does not show what the file contains.","The exported file was not captured, so whether it contains basic stats remains unverified.",accept,,,,,
FR-020,5,not_observable,EV-05-SCEN-FR-020-27-01,"None of the required optional-inclusion behaviour was observed. The response reports a stats export, but the request did not select detailed session records, and the exported file was not inspected.","Whether detailed session records are supported, can be optionally included, and appear in an export remains unknown.",accept,,,,,
FR-021,5,observed_satisfied,EV-05-SCEN-FR-021-28-01,"After the stats export request, the redirected page displayed a clear success confirmation naming the exported file: qheadache-stats-1790934728674.json.",,accept,,,,,
FR-022,5,not_observable,EV-05-SCEN-FR-022-29-01,No observation was recorded for the scenarios of this requirement.,"The existing GET / only opens a generic page or health endpoint; no scenario-specific setup or target interaction was defined. Missing observation: The system displays a selectable overall progress view summarizing the player's progress rather than only showing a single recent session. The target action was not executed; this is an observation limitation, not a software failure.",accept,,,,,
FR-023,5,not_observable,EV-05-SCEN-FR-023-30-01,No observation was recorded for the scenarios of this requirement.,"The existing GET / only opens a generic page or health endpoint; no scenario-specific setup or target interaction was defined. Missing observation: Additional progress details become visible behind the extra click, while the initial view remains concise until the player expands it. The target action was not executed; this is an observation limitation, not a software failure.",accept,,,,,
FR-024,5,not_observable,EV-05-SCEN-FR-024-31-01,No observation was recorded for the scenarios of this requirement.,"The existing GET / only opens a generic page or health endpoint; no scenario-specific setup or target interaction was defined. Missing observation: The game shows the recorded score, time, and progress history for completed challenges, and the replayed challenge can be started again with the prior results available for comparison. The target action was not executed; this is an observation limitation, not a software failure.",accept,,,,,
FR-025,5,not_observable,EV-05-SCEN-FR-025-32-01,"Neither required capability was established. The move request returned a notice to start a new puzzle first, so no gameplay or saved progress was observed.",Playing a puzzle without internet access and saving progress locally remain untested.,accept,,,,,
FR-026,5,observed_partial,EV-05-SCEN-FR-026-33-01; EV-05-SCEN-FR-026-33-02,"The application launched and served a working local page, establishing the launch portion of the requirement.","The evidence does not show the installation steps, whether installation or launch was simple, or whether extra services were required.",accept,,,,,
FR-027,5,observed_partial,EV-05-SCEN-FR-027-34-01,The page gives a simple instruction that tiles move only when adjacent to the empty space and prompts the player to start a puzzle. This establishes the simple-instructions part of the beginner experience.,The recorded page does not establish visual guidance for how to make a move or an easier first level or challenge.,accept,,,,,
FR-028,5,not_observable,EV-05-SCEN-FR-028-35-01,"None of the required difficulty progression was observed. The captured board shows zero puzzles completed, so it does not show how puzzle difficulty changes as a player gains experience.","No puzzles for a more experienced, continuing player or comparison of puzzle difficulty were recorded.",accept,,,,,
FR-029,5,not_observable,EV-05-SCEN-FR-029-36-01,"None of the required behavior was established. The response shows progress statistics, but it does not show how time, moves, or score are presented to an experienced player.",No experienced-player context or comparison of prominence was observed.,accept,,,,,
FR-030,5,not_observable,EV-05-SCEN-FR-030-37-01,No observation was recorded for the scenarios of this requirement.,"The existing GET / only opens a generic page or health endpoint; no scenario-specific setup or target interaction was defined. Missing observation: The game offers an easy way to continue from the interrupted session, such as a resume option or automatic return to the last active puzzle state. The target action was not executed; this is an observation limitation, not a software failure.",accept,,,,,
FR-031,5,not_observable,EV-05-SCEN-FR-031-38-01,No observation was recorded for the scenarios of this requirement.,"The existing GET / only opens a generic page or health endpoint; no scenario-specific setup or target interaction was defined. Missing observation: After relaunch, the game restores the most recently captured safe state rather than an older state, lost progress is minimized, and the player resumes from the latest preserved point. The target action was not executed; this is an observation limitation, not a software failure.",accept,,,,,
FR-032,5,not_observable,EV-05-SCEN-FR-032-39-01,No observation was recorded for the scenarios of this requirement.,"The existing GET / only opens a generic page or health endpoint; no scenario-specific setup or target interaction was defined. Missing observation: The game detects the unreadable save data, shows a non-blocking recovery message or falls back to recovery handling, and continues running so the rest of the application remains usable. The target action was not executed; this is an observation limitation, not a software failure.",accept,,,,,
FR-033,5,not_observable,EV-05-SCEN-FR-033-40-01,No observation was recorded for the scenarios of this requirement.,"The existing GET / only opens a generic page or health endpoint; no scenario-specific setup or target interaction was defined. Missing observation: The game starts a fresh session successfully, does not require the damaged save to be repaired first, and allows the player to continue playing normally. The target action was not executed; this is an observation limitation, not a software failure.",accept,,,,,
FR-034,5,observed_partial,EV-05-SCEN-FR-034-41-01,"A move attempted before starting a puzzle produced an inline notice explaining the problem, while the page and its controls remained available. This demonstrates a non-blocking cue in response to a real problem.","No normal, problem-free interaction was captured, so the evidence does not establish that cues appear only when a problem occurs.",accept,,,,,
FR-035,5,not_observable,EV-05-SCEN-FR-035-42-01,No observation was recorded for the scenarios of this requirement.,"The existing GET / only opens a generic page or health endpoint; no scenario-specific setup or target interaction was defined. Missing observation: The game performs an update check without interrupting gameplay, and the player can continue using the application normally while the check occurs or after it completes. The target action was not executed; this is an observation limitation, not a software failure.",accept,,,,,
FR-036,5,not_observable,EV-05-SCEN-FR-036-43-01,No observation was recorded for the scenarios of this requirement.,"The existing GET / only opens a generic page or health endpoint; no scenario-specific setup or target interaction was defined. Missing observation: An update prompt appears only at the end of a game or in a menu context, not in the middle of play, and the prompt is presented in an unobtrusive way. The target action was not executed; this is an observation limitation, not a software failure.",accept,,,,,
FR-037,5,not_observable,EV-05-SCEN-FR-037-44-01,"No complete required obligation was established. The response shows that a general notices-dismissal action returned to the game board, but it does not show an update prompt being dismissed or play continuing afterward.",Dismissal of an update prompt and the player's ability to continue playing remain untested.,accept,,,,,
FR-038,5,observed_partial,EV-05-SCEN-FR-038-45-01,The export action completed and reported that stats were exported to a named local JSON file.,"The file itself was not inspected, so its readability and whether the player can access it to keep or share remain unverified.",accept,,,,,
FR-039,5,observed_partial,EV-05-SCEN-FR-039-46-01,"A request with no account credentials produced a stats-export success notice, establishing that stats export does not require account creation.","No update check was observed, so its account requirement remains unknown.",accept,,,,,
FR-040,5,not_observable,EV-05-SCEN-FR-040-47-01,The recorded export succeeded. No required failure-response obligation was exercised.,"No failed stats export was observed, so the plain-language explanation and indication of whether data was saved elsewhere remain untested.",accept,,,,,
FR-041,5,not_observable,EV-05-SCEN-FR-041-48-01,No observation was recorded for the scenarios of this requirement.,"The existing GET / only opens a generic page or health endpoint; no scenario-specific setup or target interaction was defined. Missing observation: The system shows no disruptive error dialog, reports the connection issue in a quiet manner, and offers a simple option to try again later. The target action was not executed; this is an observation limitation, not a software failure.",accept,,,,,
FR-042,5,not_observable,EV-05-SCEN-FR-042-49-01,No observation was recorded for the scenarios of this requirement.,"The existing GET / only opens a generic page or health endpoint; no scenario-specific setup or target interaction was defined. Missing observation: The game remains open and playable, the current session is not interrupted or closed, and the player can continue using the app normally. The target action was not executed; this is an observation limitation, not a software failure.",accept,,,,,
FR-043,5,not_observable,EV-05-SCEN-FR-043-50-01,"No playable session or sequence of moves was observed. The only move attempt returned a notice to start a new puzzle first, so it establishes neither a lightweight playing experience nor constant interruption.",Whether play remains available without frequent interruptions after starting a puzzle is untested.,accept,,,,,
FR-044,5,not_observable,EV-05-SCEN-FR-044-51-01,No observation was recorded for the scenarios of this requirement.,"The existing GET / only opens a generic page or health endpoint; no scenario-specific setup or target interaction was defined. Missing observation: Progress is presented in a simple lightweight format, such as brief totals or a compact summary, without dense charts, cluttered dashboards, or long blocks of explanatory text. The target action was not executed; this is an observation limitation, not a software failure.",accept,,,,,
FR-045,5,not_observable,EV-05-SCEN-FR-045-52-01,"The page shows a puzzle board and controls, but the attempted move returned “Start a new puzzle first.” No playable or replayed challenge was observed, so no complete required behaviour was established.","Starting, playing, completing, and replaying a challenge remain untested, as does whether the experience is clear and meaningful in use.",accept,,,,,
BR-001,5,not_observable,EV-05-SCEN-BR-001-53-01,"None of the required restriction was established. The recorded exchange shows a puzzle page served to a Python HTTP client, not whether mobile support is provided or excluded.","Mobile support was not exercised or otherwise established, so the default out-of-scope restriction cannot be assessed.",accept,,,,,
BR-002,5,not_observable,EV-05-SCEN-BR-002-54-01,No observation was recorded for the scenarios of this requirement.,"The existing GET / only opens a generic page or health endpoint; no scenario-specific setup or target interaction was defined. Missing observation: The game does not silently install updates in the background, and any update-related behavior is limited to non-automatic checking unless the sponsor later changes the rule. The target action was not executed; this is an observation limitation, not a software failure.",accept,,,,,
BR-003,5,observed_partial,EV-05-SCEN-BR-003-55-01; EV-05-SCEN-BR-003-55-02,Starting a puzzle through the locally running game succeeded without an account or an external network connection.,"The recorded action does not establish that gameplay as a whole works without a network connection, accounts, or third-party services.",accept,,,,,
BR-004,5,not_observable,EV-05-SCEN-BR-004-56-01,"No complete obligation was established. The recorded move submits only a tile number, but this does not show what data the system saves or whether it collects personal information elsewhere.",Saved data and the system's broader personal-information collection were not observed.,accept,,,,,
BR-005,5,not_observable,EV-05-SCEN-BR-005-57-01,No required obligation was established. The move request returned a page saying to start a new puzzle first; it did not show how the system saves a current game or recent progress.,"No save, recovery, or save-size tradeoff was observed, so the stated priority cannot be assessed.",accept,,,,,
BR-006,5,not_observable,EV-05-SCEN-BR-006-58-01,"A new puzzle was started without an authentication step, but this is only a contextual observation. No complete account-security or online-protection obligation was established as met or violated.",The evidence does not show account security or enough of the system's online protection to assess whether either is heavy-handed.,accept,,,,,
BR-007,5,not_observable,EV-05-SCEN-BR-007-59-01,No observation was recorded for the scenarios of this requirement.,"The existing GET / only opens a generic page or health endpoint; no scenario-specific setup or target interaction was defined. Missing observation: The system detects the corrupted data with a basic integrity check, recovers cleanly by ignoring or replacing the bad save, and does not crash or display nonsensical progress. The target action was not executed; this is an observation limitation, not a software failure.",accept,,,,,
BR-008,5,not_observable,EV-05-SCEN-BR-008-60-01,No observation was recorded for the scenarios of this requirement.,"The existing GET / only opens a generic page or health endpoint; no scenario-specific setup or target interaction was defined. Missing observation: The system marks the save as unreliable in a limited, non-disruptive way only when that can be done safely, while avoiding unnecessary penalties or problems for legitimate players. The target action was not executed; this is an observation limitation, not a software failure.",accept,,,,,
BR-009,5,not_observable,EV-05-SCEN-BR-009-61-01,No observation was recorded for the scenarios of this requirement.,"The existing GET / only opens a generic page or health endpoint; no scenario-specific setup or target interaction was defined. Missing observation: The game keeps the valid progress, resets only the affected stats or corrupted section, and shows a plain-language message explaining what was fixed or reset. The target action was not executed; this is an observation limitation, not a software failure.",accept,,,,,
BR-010,5,not_observable,EV-05-SCEN-BR-010-62-01,"None of the required behaviour was established. The move request returned a page saying to start a new puzzle, with no recorded progress to preserve.",No storage-management action or subsequent check of meaningful recent progress was recorded.,accept,,,,,
BR-011,5,not_observable,EV-05-SCEN-BR-011-63-01,No observation was recorded for the scenarios of this requirement.,"The existing GET / only opens a generic page or health endpoint; no scenario-specific setup or target interaction was defined. Missing observation: Older detailed records are replaced with a summary, while overall totals, completion counts, and best results remain intact. The target action was not executed; this is an observation limitation, not a software failure.",accept,,,,,
BR-012,5,not_observable,EV-05-SCEN-BR-012-64-01,No required warning behavior was established. The recorded move returned a notice to start a puzzle first; it did not exercise a save becoming problematic.,No save-risk condition or sequence showing when warnings begin was observed.,accept,,,,,
BR-013,5,not_observable,EV-05-SCEN-BR-013-65-01,No required obligation was exercised. The response says to start a puzzle first and shows no completed-puzzle history; it does not show storage reduction or which history would be trimmed.,Whether storage reduction trims or summarizes the oldest detailed history before current or recent progress remains untested.,accept,,,,,
BR-014,5,not_observable,EV-05-SCEN-BR-014-66-01,No required branch was exercised. The move request returned a page saying to start a new puzzle first; it did not show a save-file limit being exceeded.,"Safe completion of an over-limit save, preservation of essential progress, and an explanation that older detail was condensed remain untested.",accept,,,,,
BR-015,5,not_observable,EV-05-SCEN-BR-015-67-01,No observation was recorded for the scenarios of this requirement.,"The existing GET / only opens a generic page or health endpoint; no scenario-specific setup or target interaction was defined. Missing observation: The game detects the tampering, flags the save as suspicious, and responds without disrupting honest player progress in unaffected saves. The target action was not executed; this is an observation limitation, not a software failure.",accept,,,,,
BR-016,5,not_observable,EV-05-SCEN-BR-016-68-01,"No required behaviour was established. The recorded request was a single move attempt, and the response said to start a new puzzle first.","No repeated rapid inputs were recorded while an action was being processed, so whether extra inputs are ignored remains unknown.",accept,,,,,
BR-017,5,observed_unsatisfied,EV-05-SCEN-BR-017-69-01,"The system displayed a notice for a successful stats export, which is not a real problem. This violates the requirement that cues appear only for real problems. No complete required branch was positively established.","No save failure or recovery event was exercised, so cues for those events remain untested.",accept,,,,,
BR-018,5,not_observable,EV-05-SCEN-BR-018-70-01,"The page shows a non-modal notice saying “Start a new puzzle first” after an attempted move. No complete required branch is established: the response indicates that a puzzle had not yet started, rather than showing a warning during normal play.","No warning after a save or between puzzles was observed, and no situation requiring a decision or acknowledgement was exercised to assess modal use.",accept,,,,,
BR-019,5,not_observable,EV-05-SCEN-BR-019-71-01,No required branch was established. The captured response says to start a new puzzle; it does not show a save-status problem or a repeated reminder.,The evidence does not show whether reminders recur after a save-status problem is resolved or while it remains unresolved.,accept,,,,,
DI-001,5,not_observable,EV-05-SCEN-DI-001-72-01,No local progress storage was established. The move response says to start a new puzzle first and shows no progress change; the page's claim that save data is local is not proof that a save occurred.,"No recorded play, local save, or readback demonstrates that progress is stored on the player's device.",accept,,,,,
DI-002,5,not_observable,EV-05-SCEN-DI-002-73-01,"The response reports a successful stats export to a .json filename, but no exported file or contents were observed. The readable local file format requirement is therefore neither established nor refuted.",Whether the file was created locally and contains readable stats remains untested.,accept,,,,,
DI-003,5,not_observable,EV-05-SCEN-DI-003-74-01,No observation was recorded for the scenarios of this requirement.,"The existing GET / only opens a generic page or health endpoint; no scenario-specific setup or target interaction was defined. Missing observation: The game sends an update-check communication and shows the result of that check to the player; when update checks are disabled, no such communication occurs. The target action was not executed; this is an observation limitation, not a software failure.",accept,,,,,
QR-001,5,observed_partial,EV-05-SCEN-QR-001-75-01,"The game page was accessible after a direct request with no recorded setup, and it displayed labeled controls and a movement hint. This supports the little-or-no-setup part of the requirement.",The response does not establish that a user can understand the system immediately or use it with little or no training.,accept,,,,,
QR-002,5,observed_satisfied,EV-05-SCEN-QR-002-76-01,"The page clearly displays player-performance measures, including puzzles completed, current and total moves, and best completion results. This provides the stated feedback, even though all recorded values are at their initial state.",The record does not show whether these measures update after gameplay.,accept,,,,,
QR-003,5,not_observable,EV-05-SCEN-QR-003-77-01; EV-05-SCEN-QR-003-77-02,"The service started and served a game page, but neither observation establishes that it is lightweight or easy to distribute. No required obligation was established.",Resource footprint and distribution or installation effort were not observed.,accept,,,,,
QR-004,5,not_observable,EV-05-SCEN-QR-004-78-01,"No required obligation was established. The response shows puzzle controls and progress statistics, but the attempted move was met with “Start a new puzzle first”; no play or replay was observed.",Whether players find the game fun or are encouraged to return and replay challenges remains untested.,accept,,,,,
QR-005,5,not_observable,EV-05-SCEN-QR-005-79-01,"The move request received a 'Start a new puzzle first' notice. No completed gameplay or result-saving operation was observed, so neither required reliability behavior was established.",Reliability during active gameplay and when saving results remains untested.,accept,,,,,
QR-006,5,observed_satisfied,EV-05-SCEN-QR-006-80-01,"The captured puzzle interface presents a simple numbered board, plainly labeled controls, a welcome message, and a short explanation of which tiles can move. These provide direct evidence of a clear interface for beginners.",Only the page shown after starting a new puzzle was captured; clarity in other game states and comprehension by younger users were not tested.,accept,,,,,
QR-007,5,not_observable,EV-05-SCEN-QR-007-81-01,No observation was recorded for the scenarios of this requirement.,"The existing GET / only opens a generic page or health endpoint; no scenario-specific setup or target interaction was defined. Missing observation: Board moves, timer updates, and stored player progress all remain consistent before and after pause/resume, with no broken interactions or incorrect state changes. The target action was not executed; this is an observation limitation, not a software failure.",accept,,,,,
QR-008,5,not_observable,EV-05-SCEN-QR-008-82-01,No observation was recorded for the scenarios of this requirement.,"The existing GET / only opens a generic page or health endpoint; no scenario-specific setup or target interaction was defined. Missing observation: The screen opens promptly, remains responsive while browsing the records, and the application does not become noticeably slow or memory-heavy. The target action was not executed; this is an observation limitation, not a software failure.",accept,,,,,
QR-009,5,not_observable,EV-05-SCEN-QR-009-83-01,"None of the required behaviours is established. The single move request returned a notice to start a puzzle first, but the record does not show a board-state transition or an attempted double action.",Predictability across board actions and prevention of accidental double actions remain untested.,accept,,,,,
QR-010,5,not_observable,EV-05-SCEN-QR-010-84-01,No complete required behaviour was established. The only recorded action was Undo on a board with no moves; the response said “Nothing to undo.” This does not show whether gameplay remains challenging or whether players can recover from mistakes without frustration.,Gameplay challenge and the handling of an actual mistake were not exercised.,accept,,,,,
QR-011,5,not_observable,EV-05-SCEN-QR-011-85-01,"None of the required qualities is established. The system handled one move request made before starting a puzzle by displaying a notice, but that single response does not establish that the system remains simple and reliable.",The evidence does not assess implementation complexity or reliability over continued use.,accept,,,,,
QR-012,5,not_observable,EV-05-SCEN-QR-012-86-01,"No required obligation is established. The export acknowledgement does not show how saved data is stored, how large it is, or whether size-reduction measures are used without harming reliability.","Saved-data size, applicable compression or indexing measures, and their reliability effects were not observed.",accept,,,,,
QR-013,5,not_observable,EV-05-SCEN-QR-013-87-01,"The response shows a puzzle board, but no required obligation is established: it does not show which puzzle data was loaded or whether the entire library was loaded.",Modular loading and loading only needed parts remain unobserved.,accept,,,,,
QR-014,5,observed_partial,EV-05-SCEN-QR-014-88-01,"The Export Stats control is presented as an unobtrusive inline option alongside the board, providing a low-pressure prompt for a non-gameplay feature.",The captured board is already solved; the evidence does not show whether prompts interrupt active gameplay.,accept,,,,,
EX-001,5,not_observable,EV-05-SCEN-EX-001-89-01,No observation was recorded for the scenarios of this requirement.,"The existing GET / only opens a generic page or health endpoint; no scenario-specific setup or target interaction was defined. Missing observation: The corrupted save is skipped or quarantined, the player is not blocked from entering the game, and the remaining valid saves continue to work normally. The target action was not executed; this is an observation limitation, not a software failure.",accept,,,,,
EX-002,5,not_observable,EV-05-SCEN-EX-002-90-01,No observation was recorded for the scenarios of this requirement.,"The existing GET / only opens a generic page or health endpoint; no scenario-specific setup or target interaction was defined. Missing observation: The unreadable result is handled without stopping the application, the rest of the results remain accessible, and the player can continue using the game normally. The target action was not executed; this is an observation limitation, not a software failure.",accept,,,,,
EX-003,5,not_observable,EV-05-SCEN-EX-003-91-01,No observation was recorded for the scenarios of this requirement.,"The existing GET / only opens a generic page or health endpoint; no scenario-specific setup or target interaction was defined. Missing observation: On restart, the game restores the most recent safe saved state rather than a partially completed move sequence, and the player can continue from the last confirmed position without corruption or missing progress. The target action was not executed; this is an observation limitation, not a software failure.",accept,,,,,
EX-004,5,not_observable,EV-05-SCEN-EX-004-92-01,No observation was recorded for the scenarios of this requirement.,"The existing GET / only opens a generic page or health endpoint; no scenario-specific setup or target interaction was defined. Missing observation: The update check fails without interrupting gameplay, no blocking error dialog appears, and the player remains able to start or continue playing normally. The target action was not executed; this is an observation limitation, not a software failure.",accept,,,,,
EX-005,5,not_observable,EV-05-SCEN-EX-005-93-01,"The recorded stats export reports success. No export failure was observed, so neither required failure-case outcome was established.",Whether a failed export produces a clear explanation and leaves the game running normally remains untested.,accept,,,,,
EX-006,5,not_observable,EV-05-SCEN-EX-006-94-01,No required branch was established. The recorded move response says to start a new puzzle first; it does not show a storage issue or the system's response to one.,Whether the system warns the player and preserves essential progress when storage becomes an issue remains untested.,accept,,,,,
EX-007,5,not_observable,EV-05-SCEN-EX-007-95-01,No observation was recorded for the scenarios of this requirement.,"The existing GET / only opens a generic page or health endpoint; no scenario-specific setup or target interaction was defined. Missing observation: The game loads cleanly into the correct session without losing the player's place, and the board or state resumes from the last known location instead of resetting or opening the wrong session. The target action was not executed; this is an observation limitation, not a software failure.",accept,,,,,
