requirement_id,run_index,status,evidence_ids,rationale,limitation,decision,revised_status,revised_evidence_ids,revised_rationale,revised_limitation,notes
FR-001,1,observed_satisfied,EV-01-SCEN-FR-001-02-01; EV-01-SCEN-FR-001-02-02,"The split command completed successfully for a six-page PDF and reported two output PDFs covering pages 1–3 and 4–6, demonstrating PDF splitting.",The output PDFs were not independently opened or inspected.,accept,,,,,
FR-002,1,observed_satisfied,EV-01-SCEN-FR-002-03-01; EV-01-SCEN-FR-002-03-04,"The merge command selected two PDF files and produced a new PDF containing all seven pages in the expected order, with page text identifying their source files.",Merging selected sections was not tested; the requirement permits merging selected files or sections.,accept,,,,,
FR-003,1,observed_satisfied,EV-01-SCEN-FR-003-04-01; EV-01-SCEN-FR-003-04-04,"The extraction command completed successfully and produced a PDF containing the requested source pages 2–4, in order.",,accept,,,,,
FR-004,1,observed_unsatisfied,EV-01-SCEN-FR-004-05-01; EV-01-SCEN-FR-004-05-03; EV-01-SCEN-FR-004-05-04,"The 90-degree left rotation failed because the delivered command called a PageObject method that was unavailable, and no left-rotated PDF was produced. No required rotation branch was positively established.",The right-rotation command was not reached because the commands were chained with &&; right rotation remains untested.,accept,,,,,
FR-005,1,observed_satisfied,EV-01-SCEN-FR-005-06-01; EV-01-SCEN-FR-005-06-04,"The system produced a four-page PDF whose page markers appear in the requested order: 3, 1, 2, 4. This demonstrates page reordering.",,accept,,,,,
FR-006,1,observed_satisfied,EV-01-SCEN-FR-006-07-01; EV-01-SCEN-FR-006-07-04,"The interleave command completed, and the seven-page output alternates pages from a.pdf and b.pdf until b.pdf runs out of pages.",,accept,,,,,
FR-007,1,not_observable,EV-01-SCEN-FR-007-08-01; EV-01-SCEN-FR-007-08-02,"None of the required behaviour was established. The recorded command listed pages from two PDFs, but did not show visual selection or composition of pages or sections into a new PDF.","Visual composition, section selection, and creation of a new PDF were not observed.",accept,,,,,
FR-008,1,observed_partial,EV-01-SCEN-FR-008-09-01; EV-01-SCEN-FR-008-09-02,"The preview merge command succeeded and displayed the pages of both input PDFs, establishing a preview of the assembled result.",Previewing a split result before saving or exporting was not tested.,accept,,,,,
FR-009,1,not_observable,EV-01-SCEN-FR-009-10-03; EV-01-SCEN-FR-009-10-04,"None of the required preview-adjustment behaviours was established. Page extraction produced a selected PDF, and a separate rotation command failed, but neither was observed during a preview or review.","Whether users can rotate, rearrange, or remove items during preview when a change is obvious remains untested.",accept,,,,,
FR-010,1,not_observable,EV-01-SCEN-FR-010-11-01; EV-01-SCEN-FR-010-11-04,"None of the required graphical-workflow operations was observed. The recorded command merged two PDFs through a command-line interface and produced a seven-page file; it did not demonstrate adding PDFs, removing items, or reordering pages or whole files in the graphical workflow.",All three graphical-workflow capabilities remain untested.,accept,,,,,
FR-011,1,observed_unsatisfied,EV-01-SCEN-FR-011-12-01; EV-01-SCEN-FR-011-12-02,"The preview command returned a page-by-page text list of the proposed sequence, but no visual composition of the pages. The exercised preview therefore fails the required visual-preview behavior.","No subsequent save was recorded, so the final saved sequence was not verified.",revise,observed_unsatisfied,EV-01-SCEN-FR-011-12-01; EV-01-SCEN-FR-011-12-02,"The exercised preview prints file names and page numbers as plain text. It does not provide the required visual composition preview, so the explicit visual-preview obligation is not met.",Other preview interfaces were not exercised; no later save was recorded.,
FR-012,1,observed_satisfied,EV-01-SCEN-FR-012-13-01; EV-01-SCEN-FR-012-13-02,"The composition preview lists every page from both input PDFs with its source file, satisfying the requirement.",,accept,,,,,
FR-013,1,not_observable,EV-01-SCEN-FR-013-14-01; EV-01-SCEN-FR-013-14-04,"None of the required preview behavior was observed. The command extracted selected pages, and the resulting PDF contains pages 1, 2, 5, and 6, but this does not show a preview identifying included or left-out pages.","No preview output or interaction was captured, so whether the system shows included and left-out pages in preview remains unknown.",accept,,,,,
FR-014,1,not_observable,EV-01-SCEN-FR-014-15-01; EV-01-SCEN-FR-014-15-04,"None of the required preview interactions was observed. The recorded command produced a PDF with reordered pages, but it did not show a user rearranging or removing items directly in a preview before saving.",Both rearranging and removing items in the preview before saving remain untested.,accept,,,,,
FR-015,1,not_observable,EV-01-SCEN-FR-015-16-01,No observation was recorded for the scenarios of this requirement.,"The recorded CLI command does not observe the requested graphical preview, zoom, keyboard focus, or screen-reader behavior. Missing observation: The page is redrawn at a larger scale, making text and page details visibly bigger while remaining within the preview view. The target action was not executed; this is an observation limitation, not a software failure.",accept,,,,,
FR-016,1,not_observable,EV-01-SCEN-FR-016-17-01; EV-01-SCEN-FR-016-17-02,"No required capability was established or refuted. The preview command printed a sequence of page labels, but the record does not show an inspector stepping from one page to the next.",Page-by-page stepping during inspection was not exercised.,accept,,,,,
FR-017,1,not_observable,EV-01-SCEN-FR-017-18-01; EV-01-SCEN-FR-017-18-02,None of the required larger-view behavior was observed. The recorded preview command only reports the PDF's page range.,Opening a page in a larger view for closer inspection was not exercised.,accept,,,,,
FR-018,1,observed_partial,EV-01-SCEN-FR-018-19-01; EV-01-SCEN-FR-018-19-02,"The split command succeeded with --after 3 and reported separate output files for pages 1–3 and 4–6, supporting splitting after a specified page.",Extracting specific sections into separate files was not exercised.,accept,,,,,
FR-019,1,not_observable,EV-01-SCEN-FR-019-20-01; EV-01-SCEN-FR-019-20-02,"None of the required behaviour was observed. The recorded commands created outputs using two separately specified split boundaries, but did not show a user adjusting a boundary in a preview before creating output.","The preview, boundary adjustment within it, and subsequent output creation remain untested.",accept,,,,,
FR-020,1,not_observable,EV-01-SCEN-FR-020-21-01; EV-01-SCEN-FR-020-21-02,"None of the preview obligation is established. The recorded command split a PDF and printed paths for the created files; their filenames indicate page ranges, but the evidence does not show a preview of each file’s included pages.","No preview operation or preview output was recorded, so its ordering, page ranges, and included-page display remain untested.",accept,,,,,
FR-021,1,observed_partial,EV-01-SCEN-FR-021-22-01; EV-01-SCEN-FR-021-22-04,"The command selected PDF pages in the intended order 3, 1, 2, 4, and the new output contains them in that order. This establishes ordered assembly of the selected pages.","The evidence exercises a command-line operation, not visual building or inspection of the order before export.",accept,,,,,
FR-022,1,observed_partial,EV-01-SCEN-FR-022-23-01; EV-01-SCEN-FR-022-23-04,"The output alternates pages from the two source PDFs, but it does not follow the requested 1,2 page-count pattern: it takes one page from each source repeatedly rather than one from the first and two from the second.",Support for the user-chosen pattern is not established by this output.,accept,,,,,
FR-023,1,observed_satisfied,EV-01-SCEN-FR-023-24-01; EV-01-SCEN-FR-023-24-04,The interleaved output preserves the original page order of both source documents: a.pdf pages 1–4 and b.pdf pages 1–3 each appear in ascending order.,,accept,,,,,
FR-024,1,observed_partial,EV-01-SCEN-FR-024-25-01; EV-01-SCEN-FR-024-25-04,"The output alternates pages from the two sources while both have pages. However, in stop-at-shortest mode it includes a.pdf:3 after the two-page source is exhausted, violating the required stop behavior.",The mode that continues with remaining pages was not tested.,accept,,,,,
FR-025,1,not_observable,EV-01-SCEN-FR-025-26-01; EV-01-SCEN-FR-025-26-03,No required obligation was exercised. The recorded command attempted to extract an out-of-range page; it did not interleave pages with a missing source page.,Whether interleaving preserves available pages and flags gaps caused by a missing source page remains untested.,accept,,,,,
FR-026,1,observed_satisfied,EV-01-SCEN-FR-026-27-01; EV-01-SCEN-FR-026-27-04,"The interleave command accepted an explicit --pattern 1,2,1 option, and the produced PDF shows pages from a.pdf repeated within the interleaved output.",,accept,,,,,
FR-027,1,not_observable,EV-01-SCEN-FR-027-28-01; EV-01-SCEN-FR-027-28-04,"None of the required preview behaviour was established. The extract command produced a PDF containing the requested duplicate page, but the evidence does not show a preview or a duplication flag.",Whether the preview flags mismatches or possible accidental duplication instead of automatically correcting them remains untested.,accept,,,,,
FR-028,1,not_observable,EV-01-SCEN-FR-028-29-02; EV-01-SCEN-FR-028-29-03; EV-01-SCEN-FR-028-29-04,"None of the required conditional behaviour is established. The command silently produced a PDF alternating portrait and landscape pages, but the recorded pages do not show that interleaving them clearly broke the document.",Steering remains untested for page sizes shown to be incompatible or for a booklet-like layout that would clearly break the document.,accept,,,,,
FR-029,1,observed_partial,EV-01-SCEN-FR-029-30-01; EV-01-SCEN-FR-029-30-02; EV-01-SCEN-FR-029-30-03; EV-01-SCEN-FR-029-30-04,"The system completed a pattern-controlled interleave of portrait and landscape PDFs, producing eight pages in the requested alternating order. That establishes interleaving despite the page-size mismatch. The captured stdout and stderr show only the output path and no warning or strong preview.",The evidence does not establish that a warning or strong preview is available through another part of the interface.,accept,,,,,
FR-030,1,observed_partial,EV-01-SCEN-FR-030-31-01; EV-01-SCEN-FR-030-31-02,"The preview command loaded two source PDFs and displayed their page sequence. This establishes source-document loading, but the command used merge mode rather than alternating pages.",The evidence does not show a preview of the alternating-page sequence before saving.,accept,,,,,
FR-031,1,not_observable,EV-01-SCEN-FR-031-32-03; EV-01-SCEN-FR-031-32-04,"None of the required preview-confirmation capabilities was observed. The recorded command produced a selection PDF, while the rotation command failed; neither observation exercises a preview in which a user can confirm page order, included sections, or rotations before saving.",Whether the delivered system offers those confirmations in a preview before final PDF saving remains untested.,accept,,,,,
FR-032,1,not_observable,EV-01-SCEN-FR-032-33-01; EV-01-SCEN-FR-032-33-02,"The recorded command created two split PDFs. It did not demonstrate a split preview or a correction made within one, so no required correction capability was established.",Adjusting a wrong boundary and restoring an omitted page directly in the split preview were not tested.,accept,,,,,
FR-033,1,not_observable,EV-01-SCEN-FR-033-34-01; EV-01-SCEN-FR-033-34-04,"None of the required relinking behavior was exercised. The command merged replacement.pdf directly, and the output contains its pages; no existing source-file reference was relinked.","The evidence does not show a missing, moved, renamed, or replaced source file being relinked before export.",accept,,,,,
FR-034,1,not_observable,EV-01-SCEN-FR-034-35-01; EV-01-SCEN-FR-034-35-04,"None of the required browse-for-a-new-file behaviour was observed. The command supplied replacement.pdf directly to a merge operation, which produced a PDF; it did not show a source item needing relinking or a user browsing to select a new file.",The relinking condition and the browse action remain untested.,accept,,,,,
FR-035,1,not_observable,EV-01-SCEN-FR-035-36-01; EV-01-SCEN-FR-035-36-03,"No required branch was established. The recorded project request contained only a missing source file, and the command failed to read it.","No reopened saved project containing both a broken source file and unaffected parts was tested, so continued usability of those parts is unknown.",accept,,,,,
FR-036,1,not_observable,EV-01-SCEN-FR-036-37-01; EV-01-SCEN-FR-036-37-04,"None of the required operations was demonstrated. The recorded command extracted all seven pages of a replacement PDF into a new PDF; it did not show a relinked file or users remapping affected pages, reordering them, or removing and re-adding a section.",The required operations after a relink changes page count or page order remain untested.,accept,,,,,
FR-037,1,observed_partial,EV-01-SCEN-FR-037-38-01; EV-01-SCEN-FR-037-38-04,"The workspace save-and-run operation retained both instances of a.pdf in the output, establishing preservation of the repeated instances.","No workspace edit was recorded, so it is unknown whether the two instances can be edited independently.",accept,,,,,
FR-038,1,not_observable,EV-01-SCEN-FR-038-39-01; EV-01-SCEN-FR-038-39-04,"The output contains two instances of a.pdf, but no instance-specific change was attempted. None of the required editing behaviour was established or refuted.","Whether a user can change one repeated instance's position, rotation, or inclusion without changing the other instances remains untested.",accept,,,,,
FR-039,1,not_observable,EV-01-SCEN-FR-039-40-01; EV-01-SCEN-FR-039-40-03,"The workspace-run command reported that a referenced PDF was missing. No evidence shows how that broken link appears in the workspace, so no required behaviour is established.",The workspace's indication of broken links was not captured.,accept,,,,,
FR-040,1,not_observable,EV-01-SCEN-FR-040-41-01; EV-01-SCEN-FR-040-41-04,"No required obligation was established. The recorded command merges replacement.pdf as the sole input, and the output contains its five pages. It does not show an item already added to an assembly being reselected or replaced.",Whether the system preserves source references or other information sufficient to replace or reselect an already-added item remains untested.,accept,,,,,
FR-041,1,observed_satisfied,EV-01-SCEN-FR-041-42-01; EV-01-SCEN-FR-041-42-04,"The user selected pages 1, 1, 2, and 3 from a four-page PDF. The assembled output contains exactly that sequence: page 1 repeats twice, pages 2 and 3 appear once, and page 4 is omitted. This demonstrates control over which pages repeat and how many times.",,accept,,,,,
FR-042,1,not_observable,EV-01-SCEN-FR-042-43-01; EV-01-SCEN-FR-042-43-04,The command produced a PDF with page 1 duplicated and the requested page order. No complete required visual-workspace operation was observed.,The evidence does not show users visually duplicating a page or range or adjusting its sequence in the workspace before export.,accept,,,,,
FR-043,1,observed_partial,EV-01-SCEN-FR-043-44-01; EV-01-SCEN-FR-043-44-02,"The workspace-save command completed and produced ws.json, establishing that a workspace file could be saved.","No later restoration from the saved file was recorded, so its reusability for restoration remains untested.",accept,,,,,
FR-044,1,observed_partial,EV-01-SCEN-FR-044-45-01; EV-01-SCEN-FR-044-45-02; EV-01-SCEN-FR-044-45-05,"Running the saved merge workspace produced a seven-page PDF containing all pages from the two selected files in their original order. This establishes restoration of the tested file selections, merge operation, and page order.","The evidence does not test restoration of layout, split structure, configured page ranges, non-default rotations, repetitions, merge settings beyond the merge operation, or other layout choices.",accept,,,,,
FR-045,1,observed_partial,EV-01-SCEN-FR-045-46-01; EV-01-SCEN-FR-045-46-05,"Running the saved workspace produced a PDF containing all pages from both input documents in their recorded order, establishing restoration of the document list.","Restoration of output settings was not established: the run supplied a new output path, and the resulting merge does not show whether the saved merge mode was applied rather than a default.",accept,,,,,
FR-046,1,not_observable,EV-01-SCEN-FR-046-47-01; EV-01-SCEN-FR-046-47-03,"The command loaded a hand-written JSON file containing a path to a nonexistent PDF, and the system reported that it could not read that path. None of the required obligations was established: the evidence does not show a project saved by the system and then reopened, or a source that moved, changed, or went missing after saving.","Whether saved projects retain file references as paths and detect moved, changed, or subsequently missing sources on reopening remains untested.",accept,,,,,
FR-047,1,observed_partial,EV-01-SCEN-FR-047-48-01; EV-01-SCEN-FR-047-48-03,"The saved workflow referenced a missing PDF source, and the system clearly reported that it could not read the file because it did not exist. This establishes the warning for a missing source.",There is no readback or comparison showing that the saved workflow file remained intact. Warnings for changed or unavailable settings or sources were not exercised.,accept,,,,,
FR-048,1,not_observable,EV-01-SCEN-FR-048-49-01; EV-01-SCEN-FR-048-49-03,None of the required behaviour was established. The recorded workspace-run command failed when it tried to read a missing PDF; it did not show a saved project being opened or its source being marked as broken and ready to relink.,Opening a saved project with a broken source and observing its relink-ready state remain untested.,accept,,,,,
FR-049,1,observed_satisfied,EV-01-SCEN-FR-049-50-01; EV-01-SCEN-FR-049-50-04,"The user-specified output path, rq3out/merged.pdf, supplied both a location and a name. The merge command completed successfully and produced the final PDF at that path, establishing the stated save capability.",,accept,,,,,
FR-050,1,not_observable,EV-01-SCEN-FR-050-51-01; EV-01-SCEN-FR-050-51-04,"The merge saved a PDF to an explicitly specified folder, but this does not establish that the system remembered that folder. No required obligation was observed.",No subsequent save or setting readback shows whether the last-used folder was retained.,accept,,,,,
FR-051,1,observed_unsatisfied,EV-01-SCEN-FR-051-52-01; EV-01-SCEN-FR-051-52-02; EV-01-SCEN-FR-051-52-03,"The first merge produced the requested file, but repeating it at the same path exited with an 'Output file exists' error. The observed conflict handling did not prompt for a choice, auto-number the output, or use a naming pattern. None of the specified methods was established.",Batch-job behavior was not tested.,revise,observed_unsatisfied,EV-01-SCEN-FR-051-52-01; EV-01-SCEN-FR-051-52-02; EV-01-SCEN-FR-051-52-03,"Repeating the merge at an existing output path is refused with an output-exists error. No prompt offering a choice, auto-numbering or naming pattern is recorded; generic refusal does not establish the specified mechanisms.",Only a repeated-output case was exercised; batch processing and other naming modes were not observed.,
FR-052,1,observed_satisfied,EV-01-SCEN-FR-052-53-01; EV-01-SCEN-FR-052-53-02,"Splitting multi.pdf produced two outputs named multi_split_01_1-3.pdf and multi_split_02_4-6.pdf. The names use the original file name and an ordered split sequence, satisfying the default naming requirement.",,accept,,,,,
FR-053,1,not_observable,EV-01-SCEN-FR-053-54-01; EV-01-SCEN-FR-053-54-04,None of the required rename capability was exercised. The recorded command merged two PDFs into one output; it did not create or manually rename a split output.,Whether users can manually rename split outputs remains untested.,accept,,,,,
FR-054,1,observed_satisfied,EV-01-SCEN-FR-054-55-01; EV-01-SCEN-FR-054-55-02,"Merge, extract, and split commands omitted an output name and succeeded. The resulting filenames were descriptive defaults derived from the input names and distinct from the input files.",Unusual input names and existing-file collisions were not tested.,accept,,,,,
FR-055,1,observed_unsatisfied,EV-01-SCEN-FR-055-56-01; EV-01-SCEN-FR-055-56-02,"The commands used PDFs in rq3in, but the generated output files appeared in /workspace rather than in the input folder. This violates the default-placement requirement; no required branch was positively established.",Placement when an output folder is set in a profile was not tested.,accept,,,,,
FR-056,1,observed_satisfied,EV-01-SCEN-FR-056-57-01; EV-01-SCEN-FR-056-57-02,"Merge, extract, and split commands completed without specified output filenames. Their reported output filenames contain “merged,” “extracted,” and “split,” respectively, reflecting each operation type.",,accept,,,,,
FR-057,1,observed_satisfied,EV-01-SCEN-FR-057-58-01; EV-01-SCEN-FR-057-58-04,"The system was invoked from the command line to merge two PDFs without using a graphical interface. The command succeeded, and the produced PDF contains all seven input pages in order.",,accept,,,,,
FR-058,1,observed_partial,EV-01-SCEN-FR-058-59-01; EV-01-SCEN-FR-058-59-04,"The command-line parameters selected an input PDF, an output path, and page ranges; the produced PDF contains the requested pages 1, 2, 5, and 6. These parts of the requirement are met.","The evidence does not exercise split or merge options, a distinct ordering option, a naming pattern, or overwrite behavior. The rotate error concerns an operation outside this requirement.",accept,,,,,
FR-059,1,observed_satisfied,EV-01-SCEN-FR-059-60-01; EV-01-SCEN-FR-059-60-04; EV-01-SCEN-FR-059-60-05,"The command saved reusable workspace settings with profile_out.pdf as the output path, then ran the saved workspace with a command-line override to override_out.pdf. The run succeeded, the overridden output was produced with the expected seven pages, and profile_out.pdf was not produced. This establishes the runtime override.",,accept,,,,,
FR-060,1,observed_partial,EV-01-SCEN-FR-060-61-01; EV-01-SCEN-FR-060-61-03,"With the required command-line inputs missing, the command exited with code 2 and identified the missing parameter in a clear error message. This establishes the command-line branch.",No missing required job-profile parameter was tested.,accept,,,,,
FR-061,1,not_observable,EV-01-SCEN-FR-061-62-01; EV-01-SCEN-FR-061-62-03,None of the required conflict-rejection behavior was established. The command rejected 45 because it is not an allowed rotation value; the evidence does not show an explicit value conflicting with a default behavior.,Rejection of a valid explicit command-line value that conflicts with a default behavior remains untested.,accept,,,,,
FR-062,1,observed_satisfied,EV-01-SCEN-FR-062-63-01; EV-01-SCEN-FR-062-63-02; EV-01-SCEN-FR-062-63-04; EV-01-SCEN-FR-062-63-05,"The command-line merge used explicit input and output paths. Repeating it with the same inputs produced two seven-page PDFs with the same observed page order and content, demonstrating explicit and reproducible behavior for this recurring operation.",,accept,,,,,
FR-063,1,observed_partial,EV-01-SCEN-FR-063-64-01; EV-01-SCEN-FR-063-64-04,A command-line run using the -o option succeeded and produced a merged PDF in the specified input order. This establishes that the recorded command-line invocation works.,"Only one run on one platform was recorded, so stability of option names and ordering across runs and platforms remains untested.",accept,,,,,
FR-064,1,observed_partial,EV-01-SCEN-FR-064-65-01; EV-01-SCEN-FR-064-65-03; EV-01-SCEN-FR-064-65-04; EV-01-SCEN-FR-064-65-05,"The command-line extraction handled the explicit page ranges predictably, producing pages 1, 2, 5, and 6 at the specified output path. The rotate option failed with a PageObject attribute error and produced no rotated output.",Handling multiple input files was not tested. The evidence does not establish how other options behave.,accept,,,,,
FR-065,1,observed_satisfied,EV-01-SCEN-FR-065-66-01; EV-01-SCEN-FR-065-66-02; EV-01-SCEN-FR-065-66-04,The merge command succeeded with quoted input and output paths containing spaces. The output PDF was produced at the quoted path and contained all four input pages.,,accept,,,,,
FR-066,1,observed_partial,EV-01-SCEN-FR-066-67-01; EV-01-SCEN-FR-066-67-04,"A shell command successfully ran the system's merge operation and produced the expected seven-page PDF, establishing shell usability in the recorded environment.","The recorded environment's operating system is not identified. Usability from Windows batch files and standard shells on each of Windows, macOS, and Linux was not established.",accept,,,,,
FR-067,1,not_observable,EV-01-SCEN-FR-067-68-01,"No required obligation was established. The recorded command invoked the script with Python from the workspace, not as an installed command found on the PATH.",Installation and availability of the command on the PATH were not tested.,accept,,,,,
FR-068,1,not_observable,EV-01-SCEN-FR-068-69-01; EV-01-SCEN-FR-068-69-04,"The system successfully merged local PDF files into a local output file. This establishes local-document processing, but no complete offline-operation branch was observed.","The record does not show the operation being performed without network access, so offline capability remains unknown.",accept,,,,,
FR-069,1,not_observable,EV-01-SCEN-FR-069-70-01; EV-01-SCEN-FR-069-70-04,"The merge completed and produced a seven-page PDF, but no complete offline-operation obligation was established: the evidence does not show whether network access was unavailable during execution.",Core PDF operations were not tested with network access disabled or otherwise shown to work without it.,accept,,,,,
FR-070,1,not_observable,EV-01-SCEN-FR-070-71-01; EV-01-SCEN-FR-070-71-04,"None of the required obligations is established. The merge produced a file at an explicitly specified local output path, but that does not show where files are kept by default or whether they were also uploaded.",Default file handling and the absence of uploads were not observed.,accept,,,,,
FR-071,1,not_observable,EV-01-SCEN-FR-071-72-01; EV-01-SCEN-FR-071-72-02,"The merge completed, and the output-directory listing shows only the finished PDF. No complete cleanup obligation is established: the evidence does not show that temporary copies were created or automatically removed.","Temporary-copy creation and cleanup were not observed, and the listing covers only the output directory.",accept,,,,,
FR-072,1,observed_partial,EV-01-SCEN-FR-072-73-01; EV-01-SCEN-FR-072-73-02; EV-01-SCEN-FR-072-73-04,"The merge wrote a new output PDF, and the source PDF’s hash was unchanged before and after the operation. This establishes that the recorded operation used a separate output file rather than modifying its source.","No attempt to modify a source PDF in place was recorded, so the default prevention of in-place modification remains untested.",accept,,,,,
FR-073,1,observed_satisfied,EV-01-SCEN-FR-073-74-01; EV-01-SCEN-FR-073-74-03; EV-01-SCEN-FR-073-74-04,The merge command attempted to use the source PDF as its output and was rejected because the output file already existed. The recorded source PDF retained the four pages and text added during preparation; no in-place edit by the system was observed.,,revise,not_observable,EV-01-SCEN-FR-073-74-01; EV-01-SCEN-FR-073-74-03; EV-01-SCEN-FR-073-74-04,Using the source PDF as output is blocked by the generic existing-output check. Default-mode refusal does not establish the absolute source-protection rule with overwrite enabled.,Source protection with an explicit overwrite option was not exercised.,
FR-074,1,not_observable,EV-01-SCEN-FR-074-75-01; EV-01-SCEN-FR-074-75-04,The recorded command performed a standard merge and produced a seven-page output. None of the requirement’s obligations was established: the evidence does not show an advanced mode working directly on originals.,No advanced-mode invocation or check of whether direct work on originals requires an explicit opt-in was recorded.,accept,,,,,
FR-075,1,not_observable,EV-01-SCEN-FR-075-76-01; EV-01-SCEN-FR-075-76-04,"A PDF merge succeeded, but the recorded evidence does not identify the operating system. None of the Windows, macOS, or Linux runtime obligations is established.","Execution on Windows, macOS, and Linux remains unverified.",accept,,,,,
FR-076,1,not_observable,EV-01-SCEN-FR-076-77-01; EV-01-SCEN-FR-076-77-04,"No complete required obligation was established. The software ran locally and produced a merged PDF, but this does not show that it was downloaded or installed.","The ease of downloading and installing the system, and whether those steps require a server or cloud account, were not observed.",accept,,,,,
FR-077,1,not_observable,EV-01-SCEN-FR-077-78-02,"None of the open-source requirement is established. The workspace listing shows project files, but does not show whether the software is released as open source.",Licensing and public availability of the source code were not observed.,accept,,,,,
FR-078,1,not_observable,EV-01-SCEN-FR-078-79-01; EV-01-SCEN-FR-078-79-04,"The PDF merge completed, but no complete part of the requirement is established: the recorded operation does not show whether it accessed a cloud service or whether any dependency or bundled component forces cloud use.","Cloud access was not ruled out, and the system's dependencies and bundled components were not assessed.",accept,,,,,
FR-079,1,not_observable,EV-01-SCEN-FR-079-80-01; EV-01-SCEN-FR-079-80-02,None of the requirement is established. The recorded dependency list names pypdf and pytest but does not show their licenses or identify all bundled components.,It remains unknown whether any bundled component has unclear licensing or non-commercial restrictions.,accept,,,,,
FR-080,1,not_observable,EV-01-SCEN-FR-080-81-02,No required obligation was observed. The evidence lists project files but does not show a statement about inspecting or sharing PDF content.,Whether the system provides the required clear statement remains untested.,accept,,,,,
FR-081,1,not_observable,EV-01-SCEN-FR-081-82-01; EV-01-SCEN-FR-081-82-02,"No required obligation is established. The split completed and printed output filenames, but the record does not show progress during the operation or an indication to the user that it had not stalled.",The operation's duration and any in-process user feedback were not observed.,accept,,,,,
FR-082,1,not_observable,EV-01-SCEN-FR-082-83-01; EV-01-SCEN-FR-082-83-02; EV-01-SCEN-FR-082-83-03,"The recorded PDF split completed and listed output files, but no complete required branch was established: the evidence does not show a normal-sized file taking unusually long to process.","No processing duration or unusual-delay condition was recorded, so the absence of a warning in the captured output cannot establish whether the required warning works.",accept,,,,,
FR-083,1,observed_satisfied,EV-01-SCEN-FR-083-84-01; EV-01-SCEN-FR-083-84-03; EV-01-SCEN-FR-083-84-04,"When the merge job could not read its missing input, the command exited with an error, explained that the file did not exist, and did not produce the requested output. This demonstrates a clean stop with an explanation.",,accept,,,,,
FR-084,1,not_observable,EV-01-SCEN-FR-084-85-01; EV-01-SCEN-FR-084-85-02; EV-01-SCEN-FR-084-85-03,"The 60-page split completed, but the captured output lists only resulting files. It shows neither a progress bar nor the current page or file during processing; standard error is empty. Neither required display element was observed.","Elapsed time was not recorded, so whether this job qualifies as a long job is unknown.",accept,,,,,
FR-085,1,not_observable,EV-01-SCEN-FR-085-86-01; EV-01-SCEN-FR-085-86-02,None of the required cancellation behavior was observed. The job completed successfully; no user cancellation was attempted while it was running.,"The evidence does not show whether a user can cancel a running job, or how often such attempts succeed.",accept,,,,,
FR-086,1,not_observable,EV-01-SCEN-FR-086-87-01; EV-01-SCEN-FR-086-87-02,None of the required behaviour was observed. The recorded command completed a split into multiple output files without cancellation.,"Cancellation while writing a single output file was not exercised, so whether it leaves a corrupted result is unknown.",accept,,,,,
FR-087,1,not_observable,EV-01-SCEN-FR-087-88-01; EV-01-SCEN-FR-087-88-05,"The recorded actions saved and ran a workspace and produced a PDF. None exercised closing or discarding unsaved changes or an open layout, so no required prompting behavior was established.","No close or discard action, or resulting prompt, was observed.",accept,,,,,
FR-088,1,not_observable,EV-01-SCEN-FR-088-89-01; EV-01-SCEN-FR-088-89-05,None of the required behavior was observed. The recorded workflow saved and ran a PDF merge workspace; it did not show multiple open layouts or an unsaved-changes prompt.,Whether the system prompts separately for unsaved changes in multiple open layouts remains untested.,accept,,,,,
FR-089,1,not_observable,EV-01-SCEN-FR-089-90-01; EV-01-SCEN-FR-089-90-05,"None of the required selective save-or-discard behaviour is established. The recorded command uses two PDFs in a workspace, and the resulting PDF contains pages from both; it does not show a user choosing to save one open layout and discard another.",Selective saving and discarding when multiple layouts are open remain untested.,accept,,,,,
FR-090,1,not_observable,EV-01-SCEN-FR-090-91-01; EV-01-SCEN-FR-090-91-02; EV-01-SCEN-FR-090-91-03,"None of the required behaviour was established. Saving produced a workspace path, but workspace-run failed with “Unsupported workspace mode: rotate”; the evidence does not show a saved workflow opening with missing or changed options.",Whether an opened workflow shows the user which settings are affected remains untested.,accept,,,,,
FR-091,1,not_observable,EV-01-SCEN-FR-091-92-01; EV-01-SCEN-FR-091-92-03,The workspace run rejected the unsupported mode 'rotate'. This establishes neither that the system fell back to a sensible default nor that it left the changed setting disabled; no required alternative is established.,No resulting setting state or fallback behavior was recorded.,accept,,,,,
FR-092,1,not_observable,EV-01-SCEN-FR-092-93-01; EV-01-SCEN-FR-092-93-03,"The run encountered a missing source file, but no preservation of saved project state was established.","No saved project state was recorded before and after the failure, so whether anything else was lost is unknown.",accept,,,,,
FR-093,1,observed_satisfied,EV-01-SCEN-FR-093-94-01; EV-01-SCEN-FR-093-94-02,"The workspace-save command succeeded and produced a standalone ws.json file, supporting the required simple project-file save format rather than a packaged archive.",The file contents were not inspected.,accept,,,,,
FR-094,1,not_observable,EV-01-SCEN-FR-094-95-01; EV-01-SCEN-FR-094-95-03,None of the required capabilities is established. The recorded operation attempted to use a nonexistent file path and failed while reading it; this does not demonstrate referencing a saved workspace file or an optional file-existence validation feature.,Successful use of a saved workspace file by path and optional validation of whether it still exists remain untested.,accept,,,,,
FR-095,1,observed_partial,EV-01-SCEN-FR-095-96-01; EV-01-SCEN-FR-095-96-02; EV-01-SCEN-FR-095-96-04,"After a command created the output file, a second command using --overwrite succeeded at the same path, demonstrating command-line use of the allow-overwrite option.","The evidence does not show whether users can disallow overwriting on the command line, or whether --overwrite changes the behavior compared with omitting it.",accept,,,,,
FR-096,1,not_observable,EV-01-SCEN-FR-096-97-01; EV-01-SCEN-FR-096-97-04; EV-01-SCEN-FR-096-97-03,"The extraction produced pages matching the explicit selection, but no competing default is recorded, so it does not establish that the user value won over a default. The rotation failed with a software error; the record does not show a default taking precedence. No complete obligation is established positively or negatively.",The applicable defaults and whether either explicit value conflicted with them are unknown. The invalid-combination exception was not exercised.,accept,,,,,
FR-097,1,not_observable,EV-01-SCEN-FR-097-98-01; EV-01-SCEN-FR-097-98-02,"No required default-naming behaviour was observed. Both merge runs used explicit output names, d1.pdf and d2.pdf.","Automated or recurring runs without explicit output names were not tested, so default naming and its consistency for the same inputs and settings remain unknown.",accept,,,,,
FR-098,1,observed_partial,EV-01-SCEN-FR-098-99-01; EV-01-SCEN-FR-098-99-04,"A command-line extract operation accepted scripted page ranges and produced a PDF containing the selected pages, demonstrating split-related input from the command line.",No merge option was exercised. The subsequent rotation failure does not assess split or merge input.,accept,,,,,
FR-099,1,observed_partial,EV-01-SCEN-FR-099-100-01; EV-01-SCEN-FR-099-100-04,"The command-line tool ran in a local script and produced a valid seven-page merged PDF, establishing script-based operation.",Operation as a standalone desktop app was not tested. The record does not establish operation on a user's own machine.,accept,,,,,
BR-001,1,observed_satisfied,EV-01-SCEN-BR-001-101-01; EV-01-SCEN-BR-001-101-02; EV-01-SCEN-BR-001-101-04,"The default merge produced a separate output PDF, and the original input PDF had the same hash immediately before and after the merge. The earlier in-place edit was test preparation, not an action by the delivered implementation.",,accept,,,,,
BR-002,1,not_observable,EV-01-SCEN-BR-002-102-01; EV-01-SCEN-BR-002-102-04,"The merge produced a PDF at a local path, but this does not establish that all processing remained local or that the input files were not uploaded. Neither required restriction is established.",The recorded command and output do not show whether the implementation contacted a remote service or uploaded files during processing.,accept,,,,,
BR-003,1,not_observable,EV-01-SCEN-BR-003-103-01; EV-01-SCEN-BR-003-103-02,"The merge completed and the output directory contained the resulting PDF, but neither observation establishes how long temporary data was retained. No required retention behaviour was established.","The evidence does not identify any temporary data, where it was held, or whether it was removed when no longer needed.",accept,,,,,
BR-004,1,observed_satisfied,EV-01-SCEN-BR-004-104-01; EV-01-SCEN-BR-004-104-03,The tool encountered an encrypted PDF and reported “ERROR: File has not been decrypted” on standard error. It did not fail silently.,,accept,,,,,
BR-005,1,observed_partial,EV-01-SCEN-BR-005-105-01; EV-01-SCEN-BR-005-105-03; EV-01-SCEN-BR-005-105-04,"The default merge command encountered a serious read error on the unreadable PDF, reported the error, exited with code 1, and produced no output file. This establishes that it stopped on the serious read error.","The unreadable PDF came before the protected PDF, so the command did not exercise whether it warns on a protected file whose parts can still be inspected.",accept,,,,,
BR-006,1,observed_satisfied,EV-01-SCEN-BR-006-106-01; EV-01-SCEN-BR-006-106-02; EV-01-SCEN-BR-006-106-04,"The command first created rq3out/dup.pdf, then reran the same output-targeting command with the explicit --overwrite value. The second run exited successfully and produced the requested output file, demonstrating that the explicit user value prevailed over the default no-overwrite behavior in a valid combination.",,accept,,,,,
BR-007,1,observed_satisfied,EV-01-SCEN-BR-007-107-01; EV-01-SCEN-BR-007-107-03; EV-01-SCEN-BR-007-107-04,"When the tool could not proceed because the input file was missing, it stopped cleanly with a nonzero exit code, produced no output file, and explained the cause with an explicit file-not-found error.",,accept,,,,,
BR-008,1,observed_unsatisfied,EV-01-SCEN-BR-008-108-01; EV-01-SCEN-BR-008-108-04,"The system successfully interleaved two documents with mismatched page dimensions, producing an output alternating portrait pages sized 200x300 with landscape pages sized 300x200. This demonstrates that interleaving was allowed despite a document mismatch that could clearly break the document, violating the requirement.",,accept,,,,,
BR-009,1,observed_satisfied,EV-01-SCEN-BR-009-109-01; EV-01-SCEN-BR-009-109-04,"The interleave command explicitly supplied the pattern `1,2,1`, which repeats source 1 by direct user choice, and the produced PDF confirms the repeated source pages in the output.",,accept,,,,,
BR-010,1,observed_satisfied,EV-01-SCEN-BR-010-110-01; EV-01-SCEN-BR-010-110-04,"The merge operation succeeded with the intentionally repeated input sequence a.pdf, b.pdf, a.pdf, and the output preserved all 11 pages in that exact order, including the repeated a.pdf pages at positions 8-11. This positively establishes preservation of intentional repeats without automatic duplicate collapse.",,accept,,,,,
BR-011,1,not_observable,EV-01-SCEN-BR-011-111-01; EV-01-SCEN-BR-011-111-02; EV-01-SCEN-BR-011-111-03,"The dependency file lists pypdf and pytest, but the evidence does not establish their licensing terms, commercial-use restrictions, or whether they introduce cloud-service dependencies. No complete branch of the prohibition is positively or negatively established.","Licensing clarity, non-commercial restrictions, and cloud-service dependencies for the bundled components remain unverified.",accept,,,,,
BR-012,1,not_observable,EV-01-SCEN-BR-012-112-01; EV-01-SCEN-BR-012-112-02,"The dependency list was observed, but it does not establish that pypdf, pytest, or the packaging configuration use clearly permissive licenses or impose no extra legal burden on users. No complete requirement obligation was positively or negatively established.","Dependency and packaging license terms, transitive dependencies, and any legal-burden analysis remain untested or unknown.",accept,,,,,
DI-001,1,observed_partial,EV-01-SCEN-DI-001-113-01; EV-01-SCEN-DI-001-113-02; EV-01-SCEN-DI-001-113-03; EV-01-SCEN-DI-001-113-04; EV-01-SCEN-DI-001-113-05,"The CLI successfully accepted an explicit page range and output path: the extract command produced selection.pdf containing pages 1-2 and 5-6. The rotate option was attempted but failed with a PageObject attribute error, and rotated.pdf was not produced, so option handling is not met for this exercised option.",Multiple input-file acceptance was not exercised; only one input file was supplied. The evidence does not establish successful acceptance of options beyond the failed rotate operation.,accept,,,,,
DI-002,1,not_observable,EV-01-SCEN-DI-002-114-01; EV-01-SCEN-DI-002-114-02; EV-01-SCEN-DI-002-114-03; EV-01-SCEN-DI-002-114-04,"The evidence shows that the PDF merge operation succeeded and produced the expected output, but it invokes the implementation as `python3 pdfsplitmerge.py` using a relative script path. It does not establish that the command-line interface is available as a command on the PATH, nor does it show a PATH lookup failure.",Command availability on the PATH was not directly tested or established.,accept,,,,,
DI-003,1,observed_partial,EV-01-SCEN-DI-003-115-01; EV-01-SCEN-DI-003-115-02; EV-01-SCEN-DI-003-115-04,"The CLI successfully processed input and output paths containing spaces using shell quoting, producing the expected four-page merged PDF. This positively establishes path and quoting handling for the recorded POSIX-style command environment.","No Windows or macOS execution was recorded, and no cross-platform comparison established consistent behavior across Windows, macOS, and Linux. The recorded environment is not explicitly identified as Linux or macOS.",accept,,,,,
DI-004,1,observed_partial,EV-01-SCEN-DI-004-116-01; EV-01-SCEN-DI-004-116-02; EV-01-SCEN-DI-004-116-04; EV-01-SCEN-DI-004-116-05,"Saving a workspace with two documents and then running it produced a PDF containing all seven pages in document order, establishing that the document list was available for later reloading.","No page operations were tested. The run specified its own output path, so it does not show that the saved output setting was reloaded; the save command's requested output PDF was not produced. The merged result does not establish that a saved layout or composition choice, rather than default behavior, was reloaded.",accept,,,,,
DI-005,1,not_observable,EV-01-SCEN-DI-005-117-01; EV-01-SCEN-DI-005-117-03,"No required obligation was established. The command used a manually written JSON file containing a source path, and the software reported that the referenced PDF was missing. This does not show how the software stores file references in a saved project.",No project saved by the software was inspected to determine whether its file references are stored as paths. File-existence validation is optional under this requirement.,accept,,,,,
DI-006,1,not_observable,EV-01-SCEN-DI-006-118-01,No observation was recorded for the scenarios of this requirement.,"The recorded CLI command does not observe the requested graphical preview, zoom, keyboard focus, or screen-reader behavior. Missing observation: The preview offers a side-by-side or thumbnail comparison of the relinked file versus the prior source, helping the user verify the replacement visually. The target action was not executed; this is an observation limitation, not a software failure.",accept,,,,,
QR-001,1,not_observable,EV-01-SCEN-QR-001-119-01; EV-01-SCEN-QR-001-119-04,"A seven-page merge completed and produced an output PDF, but no completion time was recorded. None of the required responsiveness behaviour is established.","Elapsed time is unknown, so the evidence cannot show whether a typical split or merge finishes within a few seconds or exceeds about ten to fifteen seconds.",accept,,,,,
QR-002,1,not_observable,EV-01-SCEN-QR-002-120-01; EV-01-SCEN-QR-002-120-02,"The split completed and printed output filenames, but no complete progress-visibility obligation is established or violated. The record does not show whether this was a longer run or whether the filenames appeared while it was running.",Progress visibility during a demonstrably longer run remains untested.,accept,,,,,
QR-003,1,observed_partial,EV-01-SCEN-QR-003-121-01; EV-01-SCEN-QR-003-121-02,"The system successfully split a 60-page PDF into six output files, demonstrating that it can handle a larger multi-page document in this operation.","The PDF contained blank pages with small text markers, not scan-sized page content, and was not shown to be a combined document. Handling those cases remains untested.",accept,,,,,
QR-004,1,not_observable,EV-01-SCEN-QR-004-122-01,No observation was recorded for the scenarios of this requirement.,"The recorded CLI command does not observe the requested graphical preview, zoom, keyboard focus, or screen-reader behavior. Missing observation: The preview clearly shows page order, rotation, omitted or included pages, and visible layout details well enough for the user to confirm the assembly visually. The target action was not executed; this is an observation limitation, not a software failure.",accept,,,,,
QR-005,1,not_observable,EV-01-SCEN-QR-005-123-01,No observation was recorded for the scenarios of this requirement.,"The recorded CLI command does not observe the requested graphical preview, zoom, keyboard focus, or screen-reader behavior. Missing observation: The preview is rendered at sufficient resolution for the user to read scanned text, inspect form structure, and verify layout details without obvious blurring or pixelation that prevents review. The target action was not executed; this is an observation limitation, not a software failure.",accept,,,,,
QR-006,1,observed_partial,EV-01-SCEN-QR-006-124-01; EV-01-SCEN-QR-006-124-02,"The preview command displays the source file and page number for every page in merge order, giving users a way to verify the assembly sequence before saving.",The evidence does not show whether the saved document matches the preview or whether users can avoid repeated correction cycles.,accept,,,,,
QR-007,1,observed_satisfied,EV-01-SCEN-QR-007-125-01; EV-01-SCEN-QR-007-125-04; EV-01-SCEN-QR-007-125-05,"Two automated merges of the same inputs completed successfully. Both outputs had seven pages with the same observed page order and text, establishing usability and predictable results for the repeatable run tested.","Other commands, inputs, and repeated-run conditions were not tested.",accept,,,,,
QR-008,1,observed_partial,EV-01-SCEN-QR-008-126-01; EV-01-SCEN-QR-008-126-02; EV-01-SCEN-QR-008-126-03; EV-01-SCEN-QR-008-126-04,"The first merge produced a PDF. The repeated merge to the same path failed with an explicit 'Output file exists' error, demonstrating protection against accidentally replacing a previously generated PDF.",The evidence does not exercise an output path that would replace a source file.,accept,,,,,
QR-009,1,observed_partial,EV-01-SCEN-QR-009-127-01; EV-01-SCEN-QR-009-127-02; EV-01-SCEN-QR-009-127-04; EV-01-SCEN-QR-009-127-05,"The saved workspace was successfully run and produced a 7-page PDF containing all pages from both input files, which positively demonstrates preservation of work in that exercised save-and-run workflow. However, the expected merged output file was not produced, as recorded by the failed file check.","No attempt to discard an unsaved layout was recorded, so the requirement to prompt before discarding unsaved layouts is untested. The evidence also covers only this specific save-and-run path and does not establish that work is never lost in other workflows.",accept,,,,,
QR-010,1,not_observable,EV-01-SCEN-QR-010-128-01; EV-01-SCEN-QR-010-128-02; EV-01-SCEN-QR-010-128-04; EV-01-SCEN-QR-010-128-05,"The same merge command succeeded across two runs and produced identical seven-page outputs with the same page sequence, showing repeatability for this specific invocation and output ordering. However, no evidence establishes that the script's option names are consistent or that its options remain consistently ordered.",Cross-platform stability was not tested. Option names and option ordering were not inspected or compared across runs or platforms.,accept,,,,,
QR-011,1,not_observable,EV-01-SCEN-QR-011-129-01; EV-01-SCEN-QR-011-129-02; EV-01-SCEN-QR-011-129-03,"The evidence shows a longer PDF split operation completed and produced six output files, but it does not show a clear progress indicator displaying the current page or file and the number completed out of the total. No complete required obligation is positively or negatively established.","The presence, content, and behavior of a progress indicator during the operation were not recorded.",accept,,,,,
EX-001,1,observed_partial,EV-01-SCEN-EX-001-130-01; EV-01-SCEN-EX-001-130-03; EV-01-SCEN-EX-001-130-04,"The protected PDF was not processed, and the command reported the condition with the specific error ""File has not been decrypted,"" supporting the reported-as-unprocessable branch.","No user choice or command-line configuration was exercised, and there is no evidence that the protected PDF can be skipped under an alternate setting.",accept,,,,,
EX-002,1,observed_satisfied,EV-01-SCEN-EX-002-131-01; EV-01-SCEN-EX-002-131-03,The system was invoked with the required merge input missing and automatically stopped with exit code 2. The command-line error explicitly identified the missing required inputs parameter.,,accept,,,,,
EX-003,1,observed_partial,EV-01-SCEN-EX-003-132-01; EV-01-SCEN-EX-003-132-03; EV-01-SCEN-EX-003-132-04,"The non-existent-file branch is positively established: invoking merge with rq3in/missing.pdf returned exit code 1, reported that the file did not exist, and produced no output file.","Malformed command-line arguments were not exercised, so rejection of malformed arguments remains untested.",accept,,,,,
EX-004,1,not_observable,EV-01-SCEN-EX-004-133-01; EV-01-SCEN-EX-004-133-02; EV-01-SCEN-EX-004-133-03,"A split job on a 60-page file completed successfully, but the evidence does not establish that the job ran unusually long. No warning behavior is shown, and the empty standard error does not prove that no warning was presented elsewhere.","The unusually-long execution condition is untested, and no user warning outcome is recorded for that condition.",accept,,,,,
EX-005,1,not_observable,EV-01-SCEN-EX-005-134-01; EV-01-SCEN-EX-005-134-02; EV-01-SCEN-EX-005-134-03,"The split completed successfully and produced six output files, but no cancellation or interruption while writing a single output file was observed. No corrupted-result check was recorded.","The required cancellation-during-single-file-write condition remains untested, so careful interruption handling and preservation of an uncorrupted result are unknown.",accept,,,,,
EX-006,1,not_observable,EV-01-SCEN-EX-006-135-01; EV-01-SCEN-EX-006-135-02; EV-01-SCEN-EX-006-135-03,"The evidence shows a workflow file was produced, but execution failed with ""Unsupported workspace mode: rotate."" No complete required obligation is established positively or negatively: preservation of the rest of the workflow and disabling or defaulting the unavailable setting were not observed.",It remains unknown whether the saved workflow preserves unaffected settings or disables/defaults the unavailable option until correction.,accept,,,,,
EX-007,1,observed_unsatisfied,EV-01-SCEN-EX-007-136-01; EV-01-SCEN-EX-007-136-04,"The source PDFs had different page sizes, with one sized 200x300 and the other 300x200, establishing the exception condition. The system nevertheless proceeded with normal interleaving and produced an 8-page mixed output, without steering the user to a different workflow. This violates the required behavior for differing page sizes.","The booklet-like structure branch was not tested, but the differing-page-size branch was exercised and failed.",accept,,,,,
EX-008,1,not_observable,EV-01-SCEN-EX-008-137-01; EV-01-SCEN-EX-008-137-03,The command encountered a missing source file and reported a read error. No complete required obligation was established: the response does not show the project marked broken or the user able to relink the source before export.,"No broken-project state, relink attempt, or subsequent export was observed. Changed and unreadable source-file conditions were also untested.",accept,,,,,
EX-009,1,not_observable,EV-01-SCEN-EX-009-138-01; EV-01-SCEN-EX-009-138-04,None of the required behaviour was exercised. The recorded command extracted pages from a seven-page PDF and produced an output PDF; it did not replace a source file within an existing selection.,"The evidence does not show whether the system warns about changed page counts or page order after replacement, or lets the user adjust the selection before export.",accept,,,,,
EX-010,1,observed_satisfied,EV-01-SCEN-EX-010-139-01; EV-01-SCEN-EX-010-139-03,"The invalid source file could not be processed. The error identifies the failed file as 'rq3in/bad.pdf' and explains why it could not be read: the PDF header was invalid, the EOF marker was missing, and the stream ended unexpectedly.",,accept,,,,,
FR-001,2,not_observable,EV-02-SCEN-FR-001-02-01; EV-02-SCEN-FR-001-02-03,No splitting capability was established or refuted. The only split request included page 7 for a six-page PDF and was rejected as out of range.,No valid split request or resulting PDF files were observed.,accept,,,,,
FR-002,2,observed_satisfied,EV-02-SCEN-FR-002-03-01; EV-02-SCEN-FR-002-03-04,"The merge command selected two PDF files and produced a new PDF. The output contains all seven pages from those files in order, establishing file merging.",,accept,,,,,
FR-003,2,observed_satisfied,EV-02-SCEN-FR-003-04-01; EV-02-SCEN-FR-003-04-04,"The extract command completed successfully, and the produced PDF contains the requested source pages 2–4 in order.",,accept,,,,,
FR-004,2,observed_satisfied,EV-02-SCEN-FR-004-05-01; EV-02-SCEN-FR-004-05-04; EV-02-SCEN-FR-004-05-05,"The rotate commands produced PDFs whose selected page was rotated 90 degrees left and 90 degrees right, respectively. Both required directions are demonstrated.",,accept,,,,,
FR-005,2,observed_satisfied,EV-02-SCEN-FR-005-06-01; EV-02-SCEN-FR-005-06-04,"The command requested pages in the order 3, 1, 2, 4, and the produced PDF's page text confirms that order. This demonstrates support for reordering pages.",,accept,,,,,
FR-006,2,observed_satisfied,EV-02-SCEN-FR-006-07-01; EV-02-SCEN-FR-006-07-02; EV-02-SCEN-FR-006-07-04,"The interleave operation completed successfully and produced a seven-page PDF from two different documents. The observed page sequence alternates between the documents as a.pdf:1, b.pdf:1, a.pdf:2, b.pdf:2, a.pdf:3, b.pdf:3, and a.pdf:4, demonstrating support for alternating pages, including when the documents have different page counts.",,accept,,,,,
FR-007,2,not_observable,EV-02-SCEN-FR-007-08-01; EV-02-SCEN-FR-007-08-02; EV-02-SCEN-FR-007-08-03,"The evidence shows a command-line project being saved and loaded with selected pages from two PDF files, but it does not establish visually composing a new PDF document or composing from selected sections. No complete required obligation is positively or negatively established.","Visual composition is untested, section selection is untested, and the evidence does not show that a new PDF was actually produced from the selected content.",accept,,,,,
FR-008,2,not_observable,,"None of the recorded evidence demonstrates that users can preview assembled or split results before saving or exporting. The evidence only shows project creation, saving, and loading.",The preview operation and its timing before saving or exporting were not exercised.,accept,,,,,
FR-009,2,not_observable,EV-02-SCEN-FR-009-10-01; EV-02-SCEN-FR-009-10-04; EV-02-SCEN-FR-009-10-05,"The evidence shows a PDF rotation operation producing a rotated output, and an extraction operation producing a selected subset of pages. These are contextual file operations, but none establishes that users can make rotating, rearranging, or removing adjustments during preview with the changes apparent during review.","The preview/review context is unobserved. Rearranging items and removing items are not positively demonstrated, and the recorded rotation does not establish that it is available during preview or visibly apparent during review.",accept,,,,,
FR-010,2,not_observable,EV-02-SCEN-FR-010-11-01; EV-02-SCEN-FR-010-11-04,"The evidence shows that two PDF files were supplied to a merge command and a seven-page PDF was produced in their existing order. It does not establish the required graphical workflow or positively demonstrate adding PDFs through that workflow, removing items, or reordering pages or whole files. No complete required obligation or condition branch is established.","Graphical PDF addition, item removal, page reordering, and whole-file reordering remain untested.",accept,,,,,
FR-011,2,not_observable,EV-02-SCEN-FR-011-12-01; EV-02-SCEN-FR-011-12-02,"Project save and load succeeded, and the loaded project reports a page sequence containing page 1 from each input. This establishes sequence data persistence, but does not establish a visual composition preview showing the final page sequence page by page before saving.","Whether the system provides a visual, page-by-page preview of the final sequence before saving remains untested.",accept,,,,,
FR-012,2,not_observable,EV-02-SCEN-FR-012-13-02,"The project-load output shows source-file metadata for page references, including rq3in/a.pdf and rq3in/b.pdf, but it does not demonstrate that the composition preview displays the source file for each page.","No composition preview or per-page source-file labels were observed, so the required preview behavior remains untested.",revise,not_observable,EV-02-SCEN-FR-012-13-02,"The command saves and loads a project and prints PageRef metadata. It does not invoke a composition preview, so project metadata cannot establish source-file display in that preview.",A composition preview displaying each page and its source file was not observed.,
FR-013,2,not_observable,EV-02-SCEN-FR-013-14-01; EV-02-SCEN-FR-013-14-04,"The evidence shows that pages 2-4 were selected for extraction and that the resulting file contains those three pages, but it does not show a preview or any indication in a preview of which pages are included or left out.",Whether the system displays included and excluded pages in preview remains untested.,accept,,,,,
FR-014,2,not_observable,EV-02-SCEN-FR-014-15-01; EV-02-SCEN-FR-014-15-04,"The evidence shows a command-line extraction that outputs pages in a different order, but it does not establish that users can rearrange items directly in a preview before saving. No item removal operation or preview interaction is observed.",Direct rearrangement or removal in a preview before saving remains untested.,accept,,,,,
FR-015,2,not_observable,EV-02-SCEN-FR-015-16-01,No observation was recorded for the scenarios of this requirement.,"The recorded CLI command does not observe the requested graphical preview, zoom, keyboard focus, or screen-reader behavior. Missing observation: The page is redrawn at a larger scale, making text and page details visibly bigger while remaining within the preview view. The target action was not executed; this is an observation limitation, not a software failure.",accept,,,,,
FR-016,2,not_observable,EV-02-SCEN-FR-016-17-01; EV-02-SCEN-FR-016-17-02,"The recorded command creates PDFs and saves then loads a project containing selected page references. No page-by-page inspection or stepping operation is shown, so no complete required obligation is established.",Whether the system supports stepping through pages one by one during inspection remains untested.,accept,,,,,
FR-017,2,not_observable,,"None of the recorded evidence positively or negatively exercises opening a page in a larger view for closer inspection; it only shows command-line PDF project creation, saving, splitting, and loading.","No evidence shows a page being opened in a larger view, a zoom or inspection control, or the resulting enlarged display.",accept,,,,,
FR-018,2,not_observable,EV-02-SCEN-FR-018-19-01; EV-02-SCEN-FR-018-19-02; EV-02-SCEN-FR-018-19-03,"The attempted page-range split used ranges 1-3 and 5-7 on a six-page PDF, and the command was rejected because page 7 was out of range. This establishes only a validation error for an invalid range, not successful splitting after selected pages or extracting sections into separate files.","Successful page-range splitting, splitting after certain pages, and extraction of specific sections into separate files remain untested.",accept,,,,,
FR-019,2,not_observable,EV-02-SCEN-FR-019-20-01; EV-02-SCEN-FR-019-20-02,"The evidence shows split outputs generated with two different range configurations, but it does not establish that users can adjust split boundaries in a preview before creating output.",Preview interaction and user adjustment of split boundaries before output creation remain untested.,accept,,,,,
FR-020,2,not_observable,EV-02-SCEN-FR-020-21-01; EV-02-SCEN-FR-020-21-03,"The split command did not complete because the requested range included page 7 in a 6-page document. No preview of output document order, page ranges, or included pages was observed; no complete requirement branch was established positively or negatively.","Preview functionality and its presentation of output order, clear page ranges, and included pages remain untested because execution stopped on the invalid page-range input.",accept,,,,,
FR-021,2,observed_partial,EV-02-SCEN-FR-021-22-01; EV-02-SCEN-FR-021-22-02; EV-02-SCEN-FR-021-22-04,"The system successfully created a new four-page output from selected source sections in the requested order 3,1,2,4, and the produced file preserves that order. This positively establishes ordered assembly and export of selected sections.","The evidence shows a command-line extraction operation, not visually building the output through a visual interface. The visual-building obligation is therefore untested.",accept,,,,,
FR-022,2,observed_partial,EV-02-SCEN-FR-022-23-01; EV-02-SCEN-FR-022-23-04,"Alternating pages from two source documents is positively established: the command completed and produced a seven-page PDF ordered a, b, a, b, a, b, a, including the remaining page from the longer document.",The evidence demonstrates one alternating pattern only; other user-chosen patterns are untested.,accept,,,,,
FR-023,2,observed_satisfied,EV-02-SCEN-FR-023-24-01; EV-02-SCEN-FR-023-24-04,"The interleaving operation completed successfully, and the produced seven-page document preserves the original page order for both source documents: a.pdf appears as pages 1, 2, 3, 4 and b.pdf appears as pages 1, 2, 3, while the documents are interleaved.",,accept,,,,,
FR-024,2,observed_partial,EV-02-SCEN-FR-024-25-01; EV-02-SCEN-FR-024-25-04,"The output alternates pages from both sources until the 2-page source runs out, then continues with the remaining two pages from the 4-page source. This positively establishes the continue-with-remaining-pages branch.",The stop-after-one-source-runs-out branch is untested; the output filename alone does not establish that stop mode was chosen.,accept,,,,,
FR-025,2,observed_partial,EV-02-SCEN-FR-025-26-01; EV-02-SCEN-FR-025-26-03; EV-02-SCEN-FR-025-26-04,"The system identified the missing source page by reporting that page 9 was out of range for the six-page input, which positively establishes gap flagging for the missing-page condition.","No output was produced, so the evidence does not establish that the available pages were preserved during interleaving. The recorded command also does not demonstrate successful interleaving with both available and missing source pages.",accept,,,,,
FR-026,2,observed_satisfied,EV-02-SCEN-FR-026-27-01; EV-02-SCEN-FR-026-27-04,"The interleave command explicitly supplied the same source, a.pdf, more than once, and it completed successfully. The produced 11-page PDF contains repeated a.pdf pages at the expected interleaved positions, demonstrating that a source can be explicitly repeated during interleaving.",,accept,,,,,
FR-027,2,not_observable,EV-02-SCEN-FR-027-28-01; EV-02-SCEN-FR-027-28-04,"The evidence shows that a duplicated page was processed and preserved in the four-page output, but it does not show a preview, a mismatch or duplication flag, or any warning presented to the user. Preservation of the duplicate does not establish the required flagging behavior.",The preview behavior and the system's flagging of possible accidental duplication or mismatches remain untested; the evidence also does not establish the complete intended alternative of flagging instead of automatic correction.,accept,,,,,
FR-028,2,observed_unsatisfied,EV-02-SCEN-FR-028-29-01; EV-02-SCEN-FR-028-29-02; EV-02-SCEN-FR-028-29-03; EV-02-SCEN-FR-028-29-04,The system interleaved pages with mismatched portrait and landscape dimensions and produced an eight-page PDF. The captured command response gave no warning or other guidance steering the user away from that interleaving.,Booklet-like layouts were not tested.,accept,,,,,
FR-029,2,observed_partial,EV-02-SCEN-FR-029-30-01; EV-02-SCEN-FR-029-30-02; EV-02-SCEN-FR-029-30-04,"The system successfully performed a controlled interleaving of two PDFs with mismatched page sizes, producing an eight-page alternating output in the expected order. This positively establishes the interleaving/merge capability for a risk mismatch.","No warning about the page-size mismatch was captured, and no strong preview before or during the merge was demonstrated. The output file inspection is post-operation evidence, not a preview of the proposed merge.",accept,,,,,
FR-030,2,not_observable,EV-02-SCEN-FR-030-31-01; EV-02-SCEN-FR-030-31-02,"The evidence shows source documents were used to create and load a saved project, and a page sequence containing pages from both sources was recorded. It does not show a preview of the resulting alternating page sequence before saving.",The required before-saving preview behavior and its alternating-page result remain untested.,revise,observed_partial,EV-02-SCEN-FR-030-31-01; EV-02-SCEN-FR-030-31-02,"Project save/load records both source PDF paths, establishing source-document loading. Its Project representation is not a preview of the resulting alternating-page sequence before saving.",Alternating-page processing and a before-saving preview of the resulting sequence were not exercised.,
FR-031,2,not_observable,EV-02-SCEN-FR-031-32-01; EV-02-SCEN-FR-031-32-04; EV-02-SCEN-FR-031-32-05,"The evidence shows that pages 2-4 could be extracted and that page 1 could be rotated, producing PDF files. However, it does not show a preview that users could inspect or confirm before saving the final PDF, and it does not demonstrate confirmation of page order, included sections, or rotations within such a preview. No complete required obligation is positively established.","The preview interaction, user confirmation step, save sequencing, and confirmation of page order, included sections, and rotations before final PDF saving remain untested.",accept,,,,,
FR-032,2,not_observable,EV-02-SCEN-FR-032-33-01; EV-02-SCEN-FR-032-33-02; EV-02-SCEN-FR-032-33-03,The recorded evidence only shows a command-line split attempt failing because the requested range includes page 7 in a 6-page PDF. It does not exercise a split preview or demonstrate either adjusting a wrong boundary or restoring an omitted page. No complete required obligation or condition branch is established positively or negatively.,"Direct correction in the split preview, including boundary adjustment and omitted-page restoration, remains untested. The command-line range error is unrelated to the required preview correction behavior.",accept,,,,,
FR-033,2,not_observable,EV-02-SCEN-FR-033-34-01; EV-02-SCEN-FR-033-34-02; EV-02-SCEN-FR-033-34-04,"The evidence shows a replacement PDF being merged successfully, but it does not show a user relinking a missing, moved, renamed, or replaced source file before export. No complete required relinking branch is positively established.","Relinking behavior remains untested for missing, moved, renamed, and replaced source files, including the user action that reconnects the source before export.",accept,,,,,
FR-034,2,not_observable,EV-02-SCEN-FR-034-35-01; EV-02-SCEN-FR-034-35-02; EV-02-SCEN-FR-034-35-04,"The evidence shows a command-line merge using a replacement PDF and production of a relinked output file, but it does not demonstrate that users can browse for a new file when a source item needs relinking. No browse interaction or relinking UI capability was exercised.",The user-facing file-browse operation and the condition where a source item needs to be relinked remain untested.,accept,,,,,
FR-035,2,not_observable,EV-02-SCEN-FR-035-36-01; EV-02-SCEN-FR-035-36-02; EV-02-SCEN-FR-035-36-03; EV-02-SCEN-FR-035-36-04,"No complete required obligation or condition branch was established positively or negatively. The project was parsed with a missing source reference, but no unaffected source part was present or demonstrated as usable after reopening; the subsequent merge failed because the referenced file was missing.","The evidence does not show a saved project containing both an unaffected part and one broken source file being reopened, nor does it show that the unaffected part remains usable afterward.",accept,,,,,
FR-036,2,not_observable,EV-02-SCEN-FR-036-37-01; EV-02-SCEN-FR-036-37-04,"The evidence shows a seven-page replacement PDF was created by extracting its pages, but it does not establish relinking a file whose page count or order changed, nor remapping affected pages, reordering pages, or removing and re-adding a problematic section. No complete required obligation or branch is positively or negatively established.",All specified recovery actions after relinking a changed file remain untested.,accept,,,,,
FR-037,2,not_observable,EV-02-SCEN-FR-037-38-01; EV-02-SCEN-FR-037-38-02,"The evidence shows that the same input file can appear repeatedly in a saved and loaded project as separate page references, but it does not demonstrate that those repeated instances can be edited independently.","Independent editing of each repeated instance, including an edit to one instance that remains isolated from the other instance, was not exercised.",accept,,,,,
FR-038,2,not_observable,EV-02-SCEN-FR-038-39-01; EV-02-SCEN-FR-038-39-02,"The evidence shows that the same input PDF is included in multiple project instances, but it does not show changing one instance's position, rotation, or inclusion while leaving the other repetition unchanged. No complete required capability branch is positively or negatively established.",Changing a single repeated instance's position remains untested. Changing a single repeated instance's rotation remains untested. Changing a single repeated instance's inclusion remains untested.,accept,,,,,
FR-039,2,observed_satisfied,EV-02-SCEN-FR-039-40-02; EV-02-SCEN-FR-039-40-03; EV-02-SCEN-FR-039-40-04,The workspace identifies the broken source link as 'rq3in/missing.pdf' and explicitly reports that it failed to read the file because it does not exist. The failed operation and missing output make the broken link apparent.,,accept,,,,,
FR-040,2,not_observable,EV-02-SCEN-FR-040-41-01; EV-02-SCEN-FR-040-41-02; EV-02-SCEN-FR-040-41-04,"The evidence shows that a replacement PDF was created and processed into an output file, but it does not show an existing assembly item, preserved source reference information, or a user operation that replaces or reselects an already-added item. No complete requirement obligation was positively or negatively established.","Preservation of source references or equivalent replacement information remains untested, as does the user's ability to replace or reselect an item already added to an assembly.",accept,,,,,
FR-041,2,observed_satisfied,EV-02-SCEN-FR-041-42-01; EV-02-SCEN-FR-041-42-04,"The command selected an explicit page sequence, 1,1,2,3, and the produced PDF contained exactly four pages in that order: page 1 repeated twice, followed by pages 2 and 3 once each. This positively demonstrates choosing which pages repeat and controlling their repetition count.",,accept,,,,,
FR-042,2,observed_partial,EV-02-SCEN-FR-042-43-01; EV-02-SCEN-FR-042-43-04,"The recorded extraction successfully duplicated page 1 and produced the sequence 1, 1, 2, 3 in the exported four-page PDF, positively establishing page duplication and sequence adjustment in the output.",The evidence does not show that users can perform these actions visually in a workspace before export; it only demonstrates a command-line extraction producing the desired result.,accept,,,,,
FR-043,2,observed_partial,EV-02-SCEN-FR-043-44-01; EV-02-SCEN-FR-043-44-02,The successful project-save command and generated p.json positively establish that the system can save a reusable project file.,No evidence shows that the saved workspace or project file can later be restored or reopened.,accept,,,,,
FR-044,2,observed_partial,EV-02-SCEN-FR-044-45-01; EV-02-SCEN-FR-044-45-02,"The saved workspace was successfully loaded, and the restored project preserved the input files, selected page references and their order, page rotations, output directory, and output name. This positively establishes partial restoration of the working context.","The evidence does not establish restoration of the full context, including split or merge structure, page ranges, repetitions, merge settings, or other layout choices beyond the fields shown in the loaded project.",accept,,,,,
FR-045,2,observed_satisfied,EV-02-SCEN-FR-045-46-01; EV-02-SCEN-FR-045-46-02,"The system saved a project file containing two input documents and then successfully loaded it. The loaded project output restores the document list (`rq3in/a.pdf`, `rq3in/b.pdf`) and output settings (`output_dir='rq3out'`, `output_name='merged.pdf'`).",,accept,,,,,
FR-046,2,observed_partial,EV-02-SCEN-FR-046-47-02; EV-02-SCEN-FR-046-47-03; EV-02-SCEN-FR-046-47-04,"The reopened project retains the source reference as the path 'rq3in/missing.pdf', and the system detects that the source is missing by reporting a file-not-found error. The missing-source branch is therefore positively established.",No evidence establishes detection when a source has moved or when a source has changed.,accept,,,,,
FR-047,2,observed_partial,EV-02-SCEN-FR-047-48-02; EV-02-SCEN-FR-047-48-03; EV-02-SCEN-FR-047-48-04,"The system produced a clear error identifying the unavailable source file 'rq3in/missing.pdf', which positively establishes the warning requirement. The saved project representation was also loaded and displayed with that source reference.","There is no evidence that the saved file was preserved intact after the missing-source condition, such as a successful file-integrity or unchanged-content check.",accept,,,,,
FR-048,2,not_observable,EV-02-SCEN-FR-048-49-01; EV-02-SCEN-FR-048-49-02; EV-02-SCEN-FR-048-49-03; EV-02-SCEN-FR-048-49-04,"The saved project was parsed with a missing source, but the evidence does not show that the project opened with the source marked as broken or ready to relink. The load instead failed while reading the missing file, and the expected output was not produced. No complete required obligation is positively established.","There is no recorded opened-project state showing a broken-source marker or relinking readiness, and no relink operation or corresponding interface state was observed.",accept,,,,,
FR-049,2,observed_partial,EV-02-SCEN-FR-049-50-01; EV-02-SCEN-FR-049-50-02; EV-02-SCEN-FR-049-50-04,"The merge command successfully saved the final output to the user-specified location and filename `rq3out/merged.pdf`, and the file was produced with the expected seven pages. This positively establishes saving to a chosen path and name when explicitly supplied.",The evidence does not show that saving to a user-chosen location and name is the default behavior; the output path was explicitly provided with `-o`.,revise,observed_partial,EV-02-SCEN-FR-049-50-01; EV-02-SCEN-FR-049-50-02; EV-02-SCEN-FR-049-50-04,"The merge writes a PDF to the explicitly supplied location and name, establishing user-selected output. It does not establish that user choice is the default save behavior.",The default saving flow was not exercised without explicitly providing an output option.,
FR-050,2,not_observable,EV-02-SCEN-FR-050-51-01; EV-02-SCEN-FR-050-51-02; EV-02-SCEN-FR-050-51-04,"The evidence shows a file being saved explicitly to the rq3out folder, but it does not establish that the system remembered this folder for a later save. No complete required behavior was positively or negatively observed.","There is no subsequent save operation demonstrating that rq3out was automatically reused as the last folder, nor any readback or other evidence of persisted folder state.",accept,,,,,
FR-051,2,observed_satisfied,EV-02-SCEN-FR-051-52-01; EV-02-SCEN-FR-051-52-02; EV-02-SCEN-FR-051-52-03; EV-02-SCEN-FR-051-52-04,"The first merge created rq3out/dup.pdf, and the repeated merge targeting the same existing filename was rejected with the explicit message ""error: output already exists: rq3out/dup.pdf"". This demonstrates protection against overwriting an existing file when creating multiple versions, satisfying the requirement through a blocking prompt-like safeguard.","The evidence does not show auto-numbering or a naming pattern, nor an interactive prompt; those alternative mechanisms were not exercised, but they are not required because overwrite prevention was demonstrated.",revise,observed_unsatisfied,EV-02-SCEN-FR-051-52-01; EV-02-SCEN-FR-051-52-02; EV-02-SCEN-FR-051-52-03; EV-02-SCEN-FR-051-52-04,"Repeating the merge at an existing output path is refused with an output-exists error. No prompt offering a choice, auto-numbering or naming pattern is recorded; generic refusal does not establish the specified mechanisms.",Only a repeated-output case was exercised; batch processing and other naming modes were not observed.,
FR-052,2,observed_satisfied,EV-02-SCEN-FR-052-53-01; EV-02-SCEN-FR-052-53-02,"The split command produced multiple outputs named ""multi_split_1_1-2.pdf"" and ""multi_split_2_3-4.pdf"". Each name preserves the original file name ""multi"" and includes a sequential split number, demonstrating a sensible default naming pattern based on the original name and split sequence.",,accept,,,,,
FR-053,2,not_observable,EV-02-SCEN-FR-053-54-01; EV-02-SCEN-FR-053-54-04,No required obligation was exercised. The recorded command merged two PDFs and produced a merged file; it did not split a PDF or attempt to rename a split output.,Whether users can manually rename split outputs remains untested.,accept,,,,,
FR-054,2,observed_satisfied,EV-02-SCEN-FR-054-55-01; EV-02-SCEN-FR-054-55-02,"With no output name specified, the split command succeeded and produced predictable names derived from the input filename and page ranges. The listing shows the original input remained alongside the new files.",The evidence does not test unusual input names or name collisions.,accept,,,,,
FR-055,2,observed_partial,EV-02-SCEN-FR-055-56-01; EV-02-SCEN-FR-055-56-02,"With no profile output folder shown as set, the split command placed its output PDFs in rq3in, the same folder as the input. This establishes the default-location branch.",Placement when an output folder is set in the profile was not tested.,accept,,,,,
FR-056,2,observed_partial,EV-02-SCEN-FR-056-57-01; EV-02-SCEN-FR-056-57-02,"The split operation used no specified output filename and produced default filenames containing “split,” satisfying the split branch.","The merge filename was explicitly specified, so it does not establish the default merge filename. No extraction default filename was observed.",accept,,,,,
FR-057,2,observed_satisfied,EV-02-SCEN-FR-057-58-01; EV-02-SCEN-FR-057-58-04,"The command-line merge completed successfully and produced a seven-page PDF containing the pages from both input files in order, demonstrating operation without a graphical interface.",,accept,,,,,
FR-058,2,observed_partial,EV-02-SCEN-FR-058-59-01; EV-02-SCEN-FR-058-59-02; EV-02-SCEN-FR-058-59-04,"A command-line request supplied an input PDF, an output path, and a page range through parameters. The resulting PDF contained exactly pages 2–4, establishing those capabilities.","The evidence does not establish configurable split and merge options, ordering, naming patterns, overwrite behavior, or use of a saved job profile.",accept,,,,,
FR-059,2,not_observable,EV-02-SCEN-FR-059-60-01; EV-02-SCEN-FR-059-60-04,"None of the required behaviour is established. A profile was saved, and a separate merge command produced a PDF, but the recorded merge command did not use the saved profile.",No recorded command uses a reusable profile while overriding one of its settings at runtime.,accept,,,,,
FR-060,2,observed_partial,EV-02-SCEN-FR-060-61-01; EV-02-SCEN-FR-060-61-03,The command-line branch is met: invoking merge without required inputs and output exited promptly with code 2 and identified the missing arguments in a clear error message.,Missing required job-profile parameters were not tested.,accept,,,,,
FR-061,2,not_observable,EV-02-SCEN-FR-061-62-01; EV-02-SCEN-FR-061-62-03,"None of the required behavior was established. The command rejected an invalid page range, but the evidence does not show an explicit command-line value conflicting with a default behavior.",Rejection of a combination involving such a conflict remains untested.,accept,,,,,
FR-062,2,observed_satisfied,EV-02-SCEN-FR-062-63-01; EV-02-SCEN-FR-062-63-02; EV-02-SCEN-FR-062-63-04; EV-02-SCEN-FR-062-63-05,"Two command-line merge runs specified their inputs and output paths explicitly. Both succeeded and produced seven-page PDFs with the same observed page order and text, demonstrating reproducible behavior for this repeated operation.",The evidence does not compare the files byte-for-byte or exercise other command-line operations.,accept,,,,,
FR-063,2,observed_partial,EV-02-SCEN-FR-063-64-01; EV-02-SCEN-FR-063-64-04,"A command-line merge succeeded using the -o option, and the output pages followed the supplied input-file order. This establishes a working command-line run, but not stability across runs or platforms.",No repeated runs or runs on other platforms were recorded to establish that option names and ordering remain stable.,accept,,,,,
FR-064,2,observed_partial,EV-02-SCEN-FR-064-65-01; EV-02-SCEN-FR-064-65-04; EV-02-SCEN-FR-064-65-05,The command-line extract produced the requested pages 2–4 at the specified output path. The rotate command applied the right-rotation option to page 1 and produced its file at the specified output path.,Both commands used the same input PDF; handling multiple input files was not exercised.,accept,,,,,
FR-065,2,observed_satisfied,EV-02-SCEN-FR-065-66-01; EV-02-SCEN-FR-065-66-02; EV-02-SCEN-FR-065-66-04,"The merge command used quoted input and output paths containing spaces, exited successfully, and produced the expected four-page PDF at the quoted output path. This demonstrates support for quoting command-line paths containing spaces.",,accept,,,,,
FR-066,2,observed_partial,EV-02-SCEN-FR-066-67-01; EV-02-SCEN-FR-066-67-04,"The system was invoked from a shell and successfully produced a seven-page merged PDF, establishing shell usability in the recorded environment.","The recorded environment's operating system is not identified. Usability on each named platform, including from Windows batch files, remains untested.",accept,,,,,
FR-067,2,not_observable,EV-02-SCEN-FR-067-68-01; EV-02-SCEN-FR-067-68-03,"No required obligation was established. The command was not found on PATH in the recorded environment, but the evidence does not show an installation attempt.",Whether the system can be installed so that the command becomes available on PATH remains untested.,revise,not_observable,EV-02-SCEN-FR-067-68-01; EV-02-SCEN-FR-067-68-03,"Direct invocation fails because pdfsplitmerge is not found on PATH. No installation attempt was recorded, so this cannot establish failure of the ability to install the command on PATH.",Installation and a subsequent PATH-based invocation remain untested.,
FR-068,2,not_observable,EV-02-SCEN-FR-068-69-01; EV-02-SCEN-FR-068-69-04,The system merged local PDF files and produced a seven-page output. No complete offline-operation obligation was established because the record does not show whether network access was unavailable during the operation.,Operation without network access remains untested.,accept,,,,,
FR-069,2,not_observable,EV-02-SCEN-FR-069-70-01; EV-02-SCEN-FR-069-70-04,A PDF merge succeeded and produced a seven-page file. No complete offline-operation obligation was established because the evidence does not show whether network access was unavailable during the merge.,"Network availability and use were not observed, so the evidence cannot establish that this core PDF operation works without network access.",accept,,,,,
FR-070,2,not_observable,EV-02-SCEN-FR-070-71-01; EV-02-SCEN-FR-070-71-04,"None of the required behavior is fully established. The merge produced a local file, but the command explicitly specified that output path, so it does not demonstrate where files are kept by default.",Default file location and whether any files were uploaded remain unobserved.,accept,,,,,
FR-071,2,not_observable,EV-02-SCEN-FR-071-72-02,"No required cleanup behaviour was established. After the merge, the output-directory listing showed only the completed PDF, but it did not show whether temporary copies were created or automatically removed.","The existence, location, and cleanup of temporary copies were not observed.",accept,,,,,
FR-072,2,observed_satisfied,EV-02-SCEN-FR-072-73-01; EV-02-SCEN-FR-072-73-02; EV-02-SCEN-FR-072-73-04,"The delivered merge command wrote a separate output PDF, and the source PDF’s checksum was identical before and after the command. This establishes that the recorded default operation left the source unchanged and wrote its result to a new file.",,accept,,,,,
FR-073,2,observed_satisfied,EV-02-SCEN-FR-073-74-01; EV-02-SCEN-FR-073-74-03,"The delivered merge command was given the source PDF as its output path and refused with “output already exists,” so it did not edit that source in place. The earlier Python command that wrote the PDF was test preparation, not the delivered system.",Other operations were not tested.,revise,not_observable,EV-02-SCEN-FR-073-74-01; EV-02-SCEN-FR-073-74-03,Using the source PDF as output is blocked by the generic existing-output check. Default-mode refusal does not establish the absolute source-protection rule with overwrite enabled.,Source protection with an explicit overwrite option was not exercised.,
FR-074,2,not_observable,EV-02-SCEN-FR-074-75-01; EV-02-SCEN-FR-074-75-04,None of the required advanced-mode behaviour was established. The recorded command merged two PDFs into a separate output file; it did not exercise a mode that works directly on originals.,"The evidence does not show whether an advanced mode is available, whether selecting it is explicit and opt-in, or whether direct work on originals is prevented without that opt-in.",accept,,,,,
FR-075,2,not_observable,EV-02-SCEN-FR-075-76-01; EV-02-SCEN-FR-075-76-03,None of the required platform-running obligations was established. The attempted command did not invoke the system because pdfsplitmerge was not found.,"Running on Windows and macOS was not tested, and the missing command prevented an evaluable Linux run.",accept,,,,,
FR-076,2,not_observable,EV-02-SCEN-FR-076-77-01; EV-02-SCEN-FR-076-77-04,"A local command successfully produced a PDF, but this is only evidence that the software ran locally. No complete download or installation obligation was observed.","The record does not show downloading or installing the software, how easy those steps were, or whether they required a server or cloud account.",accept,,,,,
FR-077,2,not_observable,EV-02-SCEN-FR-077-78-02,"None of the open-source requirement is established. The directory listing shows a project folder, but not its licensing terms or public availability.",Whether the system's source is publicly available under an open-source license remains unknown.,accept,,,,,
FR-078,2,not_observable,EV-02-SCEN-FR-078-79-01; EV-02-SCEN-FR-078-79-04,"The PDF merge succeeded, but this does not establish whether any dependency or bundled component forces use of a cloud service. No required obligation was established.","The evidence does not identify the delivered dependencies or components, or show that the operation can run without cloud access.",accept,,,,,
FR-079,2,not_observable,EV-02-SCEN-FR-079-80-02,"No complete obligation is established. The project manifest lists dependencies, but does not show whether any bundled component has unclear licensing or non-commercial restrictions.",The licensing terms and bundled-component inventory were not observed.,accept,,,,,
FR-080,2,not_observable,EV-02-SCEN-FR-080-81-02,None of the required statement was observed. The recorded output only lists workspace files and directories.,"No page, document, or application output containing a statement about inspecting or sharing PDF content was captured.",accept,,,,,
FR-081,2,not_observable,EV-02-SCEN-FR-081-82-01; EV-02-SCEN-FR-081-82-02,The 60-page split completed and its output listed the resulting files. No complete obligation was established: the record does not show that this was a longer-running operation or capture what the user could see while it ran.,"Without evidence of a longer-running operation and its in-progress output, progress and reassurance that the job had not stalled remain untested.",accept,,,,,
FR-082,2,not_observable,EV-02-SCEN-FR-082-83-01; EV-02-SCEN-FR-082-83-02,"No required branch was established. The recorded PDF split completed and produced output files, but the evidence does not show that processing took unusually long.","Without an observed unusually long processing time for a normal-sized file, the requirement to warn the user was not exercised.",accept,,,,,
FR-083,2,observed_satisfied,EV-02-SCEN-FR-083-84-01; EV-02-SCEN-FR-083-84-03; EV-02-SCEN-FR-083-84-04,"When the input PDF was missing, the job exited with a nonzero status, explained the missing-file error, and did not produce an output PDF. This establishes a clean stop with an explanation for the exercised failure.",Only a missing-input-file failure was exercised.,accept,,,,,
FR-084,2,not_observable,EV-02-SCEN-FR-084-85-01; EV-02-SCEN-FR-084-85-02; EV-02-SCEN-FR-084-85-03,"None of the required display behavior is established. The 60-page split completed, and the captured output lists resulting files without a progress bar or current page, but the evidence does not establish that this was a long job.",Progress display during a confirmed long job remains untested.,accept,,,,,
FR-085,2,not_observable,EV-02-SCEN-FR-085-86-01; EV-02-SCEN-FR-085-86-02,"None of the cancellation obligation was exercised. The split job completed successfully, and the record shows no attempt to cancel it while running.",Whether a user can cancel a running job most of the time remains untested.,accept,,,,,
FR-086,2,not_observable,EV-02-SCEN-FR-086-87-01; EV-02-SCEN-FR-086-87-02,"No required obligation was exercised. The command completed without timing out and produced six split files, so it did not demonstrate cancellation while writing a single output file.",Whether cancellation leaves a single output file uncorrupted remains untested.,accept,,,,,
FR-087,2,not_observable,EV-02-SCEN-FR-087-88-01; EV-02-SCEN-FR-087-88-02,None of the required prompting behaviour was observed. The recorded command saved and loaded a project; it did not attempt to close or discard unsaved changes or an open layout.,Whether the system clearly prompts before either action remains untested.,accept,,,,,
FR-088,2,not_observable,EV-02-SCEN-FR-088-89-01; EV-02-SCEN-FR-088-89-02,"None of the required behavior was observed. The recorded command saved and loaded a project, but did not show multiple open layouts or an unsaved-changes prompt.",Handling and prompting for unsaved changes separately for multiple open layouts remain untested.,accept,,,,,
FR-089,2,not_observable,EV-02-SCEN-FR-089-90-01; EV-02-SCEN-FR-089-90-02,None of the required behavior was observed. The recorded commands save and load a PDF project; they do not show multiple open layouts or a user choosing which layouts to save and discard.,Selective saving and discarding of open layouts remain untested.,accept,,,,,
FR-090,2,not_observable,EV-02-SCEN-FR-090-91-01; EV-02-SCEN-FR-090-91-02,"None of the required behaviour was established. The recorded command loaded a project and printed its saved values, but did not establish that any option was missing or changed or show the user which settings were affected.",The behaviour when a saved workflow opens with missing or changed options remains untested.,accept,,,,,
FR-091,2,not_observable,EV-02-SCEN-FR-091-92-01; EV-02-SCEN-FR-091-92-02,"None of the required fallback or disabled-setting behaviour is established. The project-load response echoes a rotation value of 45, but does not show whether the setting is invalid, applied, or disabled.",No observed setting change and subsequent behaviour establishes whether the system falls back to a sensible default or leaves the setting disabled until corrected.,accept,,,,,
FR-092,2,not_observable,EV-02-SCEN-FR-092-93-02; EV-02-SCEN-FR-092-93-03,"The project loaded before the missing source file caused the merge to fail. No recorded observation establishes whether the saved project state was preserved after that failure, so no required behavior is established.",There is no post-failure readback or other check of the saved project state.,accept,,,,,
FR-093,2,not_observable,EV-02-SCEN-FR-093-94-01; EV-02-SCEN-FR-093-94-02,"The project-save command succeeded and listed p.json, but no complete required format property was established. The filename alone does not show that the saved workspace is a simple project or profile file rather than a packaged archive.",The saved file’s contents and format were not inspected.,accept,,,,,
FR-094,2,observed_partial,EV-02-SCEN-FR-094-95-01; EV-02-SCEN-FR-094-95-02; EV-02-SCEN-FR-094-95-03,Loading the saved project preserved and displayed a file reference by path. The later merge reported that the referenced file could not be read because it did not exist.,"The referenced file was missing, so use of an existing saved workspace file was not demonstrated. The read error does not establish an optional file-existence validation capability.",accept,,,,,
FR-095,2,observed_partial,EV-02-SCEN-FR-095-96-01; EV-02-SCEN-FR-095-96-02; EV-02-SCEN-FR-095-96-04,"The command created an output PDF, then successfully ran again against the same path with --overwrite. This establishes that users can allow overwriting on the command line.",The evidence does not test whether users can disallow overwriting on the command line or show that --overwrite changes the default behavior.,accept,,,,,
FR-096,2,observed_satisfied,EV-02-SCEN-FR-096-97-01; EV-02-SCEN-FR-096-97-04; EV-02-SCEN-FR-096-97-05,"The explicit page range produced pages 2–4, and the explicit rotation settings rotated only page 1 to 90 degrees. Both outputs reflect the valid user-supplied values rather than applying an all-pages setting.",No invalid combination was tested; the exception does not require one.,accept,,,,,
FR-097,2,not_observable,EV-02-SCEN-FR-097-98-01; EV-02-SCEN-FR-097-98-02,"None of the required default-naming behaviour was observed. Both successful runs supplied explicit output filenames, d1.pdf and d2.pdf, so their names do not demonstrate a default convention.","No automated or recurring run using default naming was recorded, and consistency of default names for the same inputs and settings remains untested.",accept,,,,,
FR-098,2,observed_partial,EV-02-SCEN-FR-098-99-01; EV-02-SCEN-FR-098-99-02; EV-02-SCEN-FR-098-99-04,"The command line accepted a page-range option and produced a PDF containing the selected pages, demonstrating script-friendly input for a split-related operation.",No command-line merge option or merge result was exercised. The rotation test does not address that obligation.,accept,,,,,
FR-099,2,observed_partial,EV-02-SCEN-FR-099-100-01; EV-02-SCEN-FR-099-100-04,"The command-line tool ran against local PDF files and produced a valid merged PDF, establishing operation suitable for scripts or batch jobs.",Operation as a standalone desktop app was not tested.,accept,,,,,
BR-001,2,observed_satisfied,EV-02-SCEN-BR-001-101-01; EV-02-SCEN-BR-001-101-02; EV-02-SCEN-BR-001-101-04,"The default merge wrote to a separate output file, and the original PDF had the same hash immediately before and after the operation. This establishes that the recorded operation did not modify the original in place.",The recorded hashes do not show the file's state during the operation or establish its treatment in other operations.,accept,,,,,
BR-002,2,not_observable,EV-02-SCEN-BR-002-102-01; EV-02-SCEN-BR-002-102-04,"The merge produced a PDF from local input files, but this does not establish that processing remained entirely local or that no files were uploaded. Neither required restriction is established.",The recorded evidence does not observe network activity or otherwise establish the absence of remote processing or uploads.,accept,,,,,
BR-003,2,not_observable,EV-02-SCEN-BR-003-103-01; EV-02-SCEN-BR-003-103-02; EV-02-SCEN-BR-003-103-04,"The merge completed and produced a seven-page PDF, but no complete temporary-data retention obligation was established positively or negatively.",The evidence does not identify any temporary data or show when it was retained or removed.,accept,,,,,
BR-004,2,observed_partial,EV-02-SCEN-BR-004-104-01; EV-02-SCEN-BR-004-104-03,The tool encountered a protected PDF and did not fail silently: it exited with an error and printed a traceback identifying that the file had not been decrypted.,Behaviour with an unreadable PDF other than the protected file was not tested.,accept,,,,,
BR-005,2,observed_partial,EV-02-SCEN-BR-005-105-01; EV-02-SCEN-BR-005-105-03; EV-02-SCEN-BR-005-105-04,"The default merge command stopped on a serious read error in bad.pdf, reported the error, and produced no output file. This establishes the stop-on-serious-read-errors obligation.","The command stopped at bad.pdf before reaching locked.pdf, so the warning behavior for a protected file whose parts remain inspectable was not tested.",accept,,,,,
BR-006,2,observed_partial,EV-02-SCEN-BR-006-106-01; EV-02-SCEN-BR-006-106-02; EV-02-SCEN-BR-006-106-04,"The command-line run created an output file, then successfully ran the same merge with explicit --overwrite against that existing file. This establishes that the explicit command-line value prevailed in the tested case.",No saved job profile conflict was exercised.,accept,,,,,
BR-007,2,observed_satisfied,EV-02-SCEN-BR-007-107-01; EV-02-SCEN-BR-007-107-03; EV-02-SCEN-BR-007-107-04,"When the input PDF was missing, the tool exited with an error, explained that it could not read the missing file, and did not produce the requested output. This establishes that it stopped cleanly and explained why it could not proceed.",,accept,,,,,
BR-008,2,not_observable,EV-02-SCEN-BR-008-108-01; EV-02-SCEN-BR-008-108-04,"None of the required behaviour is established. The system interleaved portrait and landscape PDFs, but the recorded output contains all eight pages with their identifying text; the evidence does not show that this mismatch would clearly break the document.","The requirement's condition—a mismatch that would clearly break the document—was not established, so avoidance of interleaving under that condition remains untested.",accept,,,,,
BR-009,2,observed_satisfied,EV-02-SCEN-BR-009-109-01; EV-02-SCEN-BR-009-109-04,"The user explicitly listed a.pdf twice in the interleave command. The 11-page output shows its pages repeated, matching that choice.",,accept,,,,,
BR-010,2,observed_satisfied,EV-02-SCEN-BR-010-110-01; EV-02-SCEN-BR-010-110-02,"The user selected the sequence a.pdf, b.pdf, a.pdf. After saving and loading the project, both the input list and page references retained that sequence, including the repeated a.pdf entry. The duplicate was not collapsed or reordered.",,accept,,,,,
BR-011,2,not_observable,EV-02-SCEN-BR-011-111-02,"None of the prohibited-component categories is conclusively assessed. The project manifest lists pypdf and setuptools, but does not establish their licensing terms or whether the delivered system bundles other components or depends on a cloud service.","The licenses, commercial-use terms, and cloud-service dependencies of the delivered components remain unknown.",accept,,,,,
BR-012,2,not_observable,EV-02-SCEN-BR-012-112-02,"The manifest identifies a dependency and build tooling, but no complete requirement obligation is established: it does not show their license terms or the legal terms of the packaged distribution.",Whether the dependencies are clearly permissive and the packaging imposes no extra legal burden remains unknown.,accept,,,,,
DI-001,2,observed_partial,EV-02-SCEN-DI-001-113-01; EV-02-SCEN-DI-001-113-04; EV-02-SCEN-DI-001-113-05,"The CLI accepted an explicit page range, output paths, and a rotation option. The produced PDFs reflect the requested page selection and rotation.",Both commands used the same single input file; acceptance of multiple input files was not tested.,accept,,,,,
DI-002,2,observed_unsatisfied,EV-02-SCEN-DI-002-114-01; EV-02-SCEN-DI-002-114-03,"The shell reported `pdfsplitmerge: command not found` when the CLI was invoked by name, so the required command availability on the PATH failed in the recorded environment.",,accept,,,,,
DI-003,2,observed_partial,EV-02-SCEN-DI-003-115-01; EV-02-SCEN-DI-003-115-02; EV-02-SCEN-DI-003-115-04,The CLI successfully merged a PDF using quoted paths containing spaces and produced the expected four-page output. This establishes quoted-path handling in the recorded environment.,"The recorded run does not identify or compare executions on Windows, macOS, and Linux, so cross-platform consistency and each platform's path and quoting rules remain untested.",accept,,,,,
DI-004,2,observed_partial,EV-02-SCEN-DI-004-116-01; EV-02-SCEN-DI-004-116-02,"Saving and loading the workspace returned the two-document input list and the output directory and filename, establishing that those settings were available after reloading.",No performed page operation or selected layout or composition choice was shown to survive reloading. The loaded page references show only rotation values of zero.,accept,,,,,
DI-005,2,not_observable,EV-02-SCEN-DI-005-117-01; EV-02-SCEN-DI-005-117-02; EV-02-SCEN-DI-005-117-03,"No required obligation was established. The project file was written by the test command, and project-load displayed its path references; no application-saved project was observed.",Whether the application stores file references as paths when saving a project remains untested. Validation of missing files is optional.,accept,,,,,
DI-006,2,not_observable,EV-02-SCEN-DI-006-118-01,No observation was recorded for the scenarios of this requirement.,"The recorded CLI command does not observe the requested graphical preview, zoom, keyboard focus, or screen-reader behavior. Missing observation: The preview offers a side-by-side or thumbnail comparison of the relinked file versus the prior source, helping the user verify the replacement visually. The target action was not executed; this is an observation limitation, not a software failure.",accept,,,,,
QR-001,2,not_observable,EV-02-SCEN-QR-001-119-01; EV-02-SCEN-QR-001-119-04,"A merge completed and produced a seven-page PDF, but none of the required completion-time behaviour is established because no elapsed time was recorded.","Merge duration is unknown, and no split job was timed.",accept,,,,,
QR-002,2,not_observable,EV-02-SCEN-QR-002-120-01; EV-02-SCEN-QR-002-120-02,"No required branch is established. The command completed and its captured output lists result files, but the record does not establish that this was a longer run or show what was visible to the user while it ran.",Progress visibility during an established longer run remains untested.,accept,,,,,
QR-003,2,not_observable,EV-02-SCEN-QR-003-121-01; EV-02-SCEN-QR-003-121-02,"The system successfully split a 60-page PDF, but the recorded file was generated from blank pages with text markers. No complete larger-scan or combined-document branch was established.",The evidence does not show processing of a larger scan or a document assembled from multiple documents.,accept,,,,,
QR-004,2,not_observable,EV-02-SCEN-QR-004-122-01,No observation was recorded for the scenarios of this requirement.,"The recorded CLI command does not observe the requested graphical preview, zoom, keyboard focus, or screen-reader behavior. Missing observation: The preview clearly shows page order, rotation, omitted or included pages, and visible layout details well enough for the user to confirm the assembly visually. The target action was not executed; this is an observation limitation, not a software failure.",accept,,,,,
QR-005,2,not_observable,EV-02-SCEN-QR-005-123-01,No observation was recorded for the scenarios of this requirement.,"The recorded CLI command does not observe the requested graphical preview, zoom, keyboard focus, or screen-reader behavior. Missing observation: The preview is rendered at sufficient resolution for the user to read scanned text, inspect form structure, and verify layout details without obvious blurring or pixelation that prevents review. The target action was not executed; this is an observation limitation, not a software failure.",accept,,,,,
QR-006,2,not_observable,EV-02-SCEN-QR-006-124-01; EV-02-SCEN-QR-006-124-02,"No required obligation is established. The recorded command saves and then loads a project, but does not show users verifying the assembly before saving.",The evidence does not show a pre-save verification experience or whether it helps users trust the final document without repeated corrections.,accept,,,,,
QR-007,2,observed_satisfied,EV-02-SCEN-QR-007-125-01; EV-02-SCEN-QR-007-125-02; EV-02-SCEN-QR-007-125-04; EV-02-SCEN-QR-007-125-05,"Two automated merges of the same inputs completed successfully. Both produced readable seven-page PDFs with the same observed page order and text, establishing usability and predictable results in the repeatable run tested.","The evidence covers repeated merges of these inputs, not other operations or inputs.",accept,,,,,
QR-008,2,observed_partial,EV-02-SCEN-QR-008-126-01; EV-02-SCEN-QR-008-126-02; EV-02-SCEN-QR-008-126-03; EV-02-SCEN-QR-008-126-04,"The system safely prevented a second generation from replacing the previously generated PDF: the first run produced rq3out/dup.pdf, while the repeated command returned an error stating that the output already exists. The existing four-page PDF remained available as the recorded output.",The evidence does not test whether the system prevents users from accidentally replacing the source file itself.,accept,,,,,
QR-009,2,observed_partial,EV-02-SCEN-QR-009-127-01; EV-02-SCEN-QR-009-127-02,"The project was saved and then loaded successfully, with the recorded inputs and page references preserved, positively covering persistence for this exercised save/load workflow. No evidence shows that unsaved layouts were discarded or that the system prompted before discarding them.","The broader no-unexpected-work-loss behavior was only exercised for the recorded project save/load case. The required prompt before discarding unsaved layouts, including any discard-triggering action, remains untested.",accept,,,,,
QR-010,2,observed_partial,EV-02-SCEN-QR-010-128-01; EV-02-SCEN-QR-010-128-02; EV-02-SCEN-QR-010-128-04; EV-02-SCEN-QR-010-128-05,"The same merge operation was run twice and both runs produced identical seven-page outputs with the same file ordering and page ordering, positively establishing stability of the demonstrated output ordering across those runs.","The evidence does not expose or compare script option names, so consistency of option names is untested. It also exercises only one environment and provides no cross-platform comparison.",accept,,,,,
QR-011,2,not_observable,EV-02-SCEN-QR-011-129-01; EV-02-SCEN-QR-011-129-02; EV-02-SCEN-QR-011-129-03,"The evidence shows a longer PDF-splitting operation completed and produced six output files, but it does not positively establish a clear progress indicator showing the current page or file and completed outputs out of the total.","No captured evidence demonstrates progress reporting during the operation, including the current page or file and a completed-versus-total count. The absence of such output cannot be established from these command logs alone.",accept,,,,,
EX-001,2,observed_unsatisfied,EV-02-SCEN-EX-001-130-01; EV-02-SCEN-EX-001-130-03; EV-02-SCEN-EX-001-130-04,"The protected PDF was exercised, but processing failed with an unhandled FileNotDecryptedError traceback and no output file was produced. The evidence does not show the file being skipped or being reported through a user-selectable or command-line-configured unprocessable-file path.",No evidence shows either supported behavior branch: skipping the protected PDF or reporting it as unprocessable according to user choice or command-line configuration.,accept,,,,,
EX-002,2,observed_satisfied,EV-02-SCEN-EX-002-131-01; EV-02-SCEN-EX-002-131-03,The command was invoked without required inputs and the required -o/--output parameter; the system stopped with exit code 2 and reported both missing required arguments.,,accept,,,,,
EX-003,2,observed_partial,EV-02-SCEN-EX-003-132-01; EV-02-SCEN-EX-003-132-03; EV-02-SCEN-EX-003-132-04,"The system rejected a command whose input argument pointed to a non-existent file, returning exit code 2 with an explicit file-not-found error and producing no output file. This positively establishes the non-existent-file rejection branch.","Malformed command-line arguments were not exercised, so rejection of malformed arguments remains untested.",accept,,,,,
EX-004,2,not_observable,EV-02-SCEN-EX-004-133-01; EV-02-SCEN-EX-004-133-02; EV-02-SCEN-EX-004-133-03,"None of the required conditional behaviour was established. The split completed and produced output files, but the record does not show that it ran unusually long.","Without an observed unusually long run on a normal-sized file, the empty standard error and file-path output do not establish whether the system would warn the user.",accept,,,,,
EX-005,2,not_observable,EV-02-SCEN-EX-005-134-01; EV-02-SCEN-EX-005-134-02,No required branch was established: the split command completed without timing out and reported six output files. No cancellation was observed while writing a single file.,"Handling of a cancellation during a single-file write, and the integrity of the resulting file, remain untested.",accept,,,,,
EX-006,2,not_observable,EV-02-SCEN-EX-006-135-01; EV-02-SCEN-EX-006-135-02,"The workflow loaded and its fields were printed, but no complete required branch was established. The evidence does not show that an option or output setting had become unavailable or changed.","Without that condition, the evidence cannot establish whether the system preserves the rest of the workflow and disables or defaults the affected part.",accept,,,,,
EX-007,2,observed_unsatisfied,EV-02-SCEN-EX-007-136-01; EV-02-SCEN-EX-007-136-02; EV-02-SCEN-EX-007-136-04,"The source PDFs had different page dimensions, but the command completed normally and produced an eight-page PDF alternating between them. No different workflow was offered, so the page-size branch was violated.",The booklet-like-structure branch was not tested.,accept,,,,,
EX-008,2,not_observable,EV-02-SCEN-EX-008-137-02; EV-02-SCEN-EX-008-137-03,"A saved project referencing a missing file was loaded, and a separate merge attempt failed to read that file. Neither response establishes that the project marked the source broken or allowed the user to relink it before export; no required obligation was established.",Broken-state marking and relinking were not observed. Changed and unreadable source files were not tested.,accept,,,,,
EX-009,2,not_observable,EV-02-SCEN-EX-009-138-01; EV-02-SCEN-EX-009-138-04,No required branch was established. The command extracted pages directly from a seven-page file; it did not show a source file being replaced within an existing selection.,Whether the system warns about changed page counts or order and lets the user adjust the selection before export remains untested.,accept,,,,,
EX-010,2,observed_satisfied,EV-02-SCEN-EX-010-139-01; EV-02-SCEN-EX-010-139-03,"The malformed source file could not be processed. The error identifies the failed file as 'rq3in/bad.pdf' and explains why it failed: an invalid PDF header, a missing EOF marker, and an unexpectedly ended stream.",,accept,,,,,
FR-001,3,not_observable,EV-03-SCEN-FR-001-02-01; EV-03-SCEN-FR-001-02-03,"No PDF-splitting capability was established or refuted. The attempted split included page 7 of a six-page PDF, and the command rejected that out-of-range request.",No split using valid page ranges was observed.,accept,,,,,
FR-002,3,observed_partial,EV-03-SCEN-FR-002-03-01; EV-03-SCEN-FR-002-03-04,Merging the two selected files succeeded and produced a new PDF containing all seven source pages in order.,Merging selected sections was not tested.,accept,,,,,
FR-003,3,observed_satisfied,EV-03-SCEN-FR-003-04-01; EV-03-SCEN-FR-003-04-04,"The extraction command completed successfully, and the produced PDF contains the requested source pages 2–4 in order.",,accept,,,,,
FR-004,3,observed_satisfied,EV-03-SCEN-FR-004-05-01; EV-03-SCEN-FR-004-05-04; EV-03-SCEN-FR-004-05-05,The recorded commands produced PDFs whose selected page has a rotation of -90 degrees for the left operation and 90 degrees for the right operation. Both required directions are demonstrated.,,accept,,,,,
FR-005,3,not_observable,EV-03-SCEN-FR-005-06-03; EV-03-SCEN-FR-005-06-04,"No reordering obligation was established as met or violated. The command was rejected because --ranges was not supplied in the required form, so the missing output does not show whether a valid page-reordering request would work.",Page reordering was not exercised with a valid request.,accept,,,,,
FR-006,3,observed_satisfied,EV-03-SCEN-FR-006-07-01; EV-03-SCEN-FR-006-07-04,"The interleave command produced a seven-page PDF whose observed page order alternates between a.pdf and b.pdf, retaining the final page of the longer document. This establishes support for alternating pages from different documents.",,accept,,,,,
FR-007,3,not_observable,EV-03-SCEN-FR-007-08-01; EV-03-SCEN-FR-007-08-04,The command merged every page of two PDFs into a new PDF. No complete required capability was established: the recorded operation did not show visual composition or selection of pages and sections.,Visual composition of a new PDF from selected pages and sections remains untested.,accept,,,,,
FR-008,3,not_observable,EV-03-SCEN-FR-008-09-01; EV-03-SCEN-FR-008-09-04,"None of the required preview capability was established. The recorded command assembled two PDFs and produced a saved output file, but did not attempt or show a preview before saving.",Previewing assembled or split results before saving or exporting remains untested.,accept,,,,,
FR-009,3,not_observable,EV-03-SCEN-FR-009-10-01; EV-03-SCEN-FR-009-10-03,No required preview-adjustment capability was established or refuted. The recorded command failed on its --ranges argument before producing an output.,"The evidence does not show a user rotating, rearranging, or removing items during preview when a change is obvious during review.",accept,,,,,
FR-010,3,not_observable,EV-03-SCEN-FR-010-11-01; EV-03-SCEN-FR-010-11-04,"The recorded CLI command merged two PDFs, but none of the required operations was observed in the graphical workflow.","Adding PDFs, removing items, and reordering pages or whole files in the graphical workflow remain untested.",accept,,,,,
FR-011,3,not_observable,EV-03-SCEN-FR-011-12-01; EV-03-SCEN-FR-011-12-04,"No required obligation was observed. The command saved a merged PDF, and the page observations describe that saved file; they do not show a visual composition preview before saving.","Whether the system provides a pre-save, page-by-page visual preview remains untested.",accept,,,,,
FR-012,3,not_observable,EV-03-SCEN-FR-012-13-01; EV-03-SCEN-FR-012-13-04,"No required preview behaviour was established. The source labels were placed in the input PDFs, and the recorded output is a merged PDF rather than a composition preview.","The composition preview was not observed, so whether it shows each page's source file is unknown.",accept,,,,,
FR-013,3,not_observable,EV-03-SCEN-FR-013-14-01; EV-03-SCEN-FR-013-14-03,No required preview behavior was established. The merge command was rejected because --ranges was not provided once per input file; it did not exercise a preview showing included or excluded pages.,"No preview output was captured, so whether it identifies included and left-out pages remains unknown.",accept,,,,,
FR-014,3,not_observable,EV-03-SCEN-FR-014-15-01; EV-03-SCEN-FR-014-15-03,No required preview operation was observed. The recorded command attempted a merge and failed because its --ranges arguments were invalid; it did not exercise rearranging or removing items directly in a preview.,Both rearranging and removing items in the preview before saving remain untested.,accept,,,,,
FR-015,3,not_observable,EV-03-SCEN-FR-015-16-01,No observation was recorded for the scenarios of this requirement.,"The recorded CLI command does not observe the requested graphical preview, zoom, keyboard focus, or screen-reader behavior. Missing observation: The page is redrawn at a larger scale, making text and page details visibly bigger while remaining within the preview view. The target action was not executed; this is an observation limitation, not a software failure.",accept,,,,,
FR-016,3,not_observable,EV-03-SCEN-FR-016-17-01; EV-03-SCEN-FR-016-17-04,"None of the required page-stepping behavior was observed. The evidence shows a merge command and a seven-page output PDF, not an inspection in which pages were stepped through one by one.",The ability to advance through pages one at a time during inspection remains untested.,accept,,,,,
FR-017,3,not_observable,EV-03-SCEN-FR-017-18-01; EV-03-SCEN-FR-017-18-04,No required obligation was observed. The command extracted a page into a PDF; it did not open the page in a larger view.,The ability to open a page in a larger view for closer inspection was not tested.,accept,,,,,
FR-018,3,not_observable,EV-03-SCEN-FR-018-19-01; EV-03-SCEN-FR-018-19-03,"No required splitting operation was established. The requested range included page 7 of a six-page PDF, and the command rejected it as out of range.","Valid page-range splitting, splitting after specified pages, and extracting sections into separate files were not exercised.",accept,,,,,
FR-019,3,not_observable,EV-03-SCEN-FR-019-20-01,"None of the required preview-adjustment behavior was observed. The command completed two CLI splits with different ranges, but did not show a user adjusting a split boundary in a preview before creating output.",Whether the preview allows users to adjust split boundaries before output creation remains untested.,accept,,,,,
FR-020,3,not_observable,EV-03-SCEN-FR-020-21-01; EV-03-SCEN-FR-020-21-03,"No required preview obligation was established. The split command requested page 7 from a six-page PDF and failed with an out-of-range error; it did not show a preview of output documents, their creation order, page ranges, or included pages.",Preview behavior with valid split ranges remains untested.,accept,,,,,
FR-021,3,not_observable,EV-03-SCEN-FR-021-22-01; EV-03-SCEN-FR-021-22-03; EV-03-SCEN-FR-021-22-04,"No required obligation was established. The command was rejected because --ranges was supplied in a form the interface did not accept, so the missing output does not show whether the system can visually build an ordered output.","Visual selection and ordering of sections before export, and export of the resulting output, remain untested.",accept,,,,,
FR-022,3,observed_partial,EV-03-SCEN-FR-022-23-01; EV-03-SCEN-FR-022-23-04,The interleave command produced a seven-page PDF alternating pages from two source documents in their original sequences.,"The command did not specify a user-chosen page pattern, so support for alternating according to such a pattern remains untested.",accept,,,,,
FR-023,3,observed_satisfied,EV-03-SCEN-FR-023-24-01; EV-03-SCEN-FR-023-24-04,The output interleaves the two source PDFs while preserving each document’s original page order: a.pdf pages 1–4 and b.pdf pages 1–3 each appear in sequence.,,accept,,,,,
FR-024,3,observed_partial,EV-03-SCEN-FR-024-25-01; EV-03-SCEN-FR-024-25-04,"The output alternates pages from the two sources until the shorter source runs out. However, with stop-when-exhausted selected, it then includes the longer source’s two remaining pages, violating the stop mode.",The continue-with-remaining-pages mode was not selected or tested.,accept,,,,,
FR-025,3,not_observable,EV-03-SCEN-FR-025-26-01; EV-03-SCEN-FR-025-26-03,No required obligation was established. The recorded command attempted extraction of page 9 from a six-page PDF and received an out-of-range error; it did not exercise interleaving with a missing source page.,Whether interleaving preserves available pages and flags gaps when a source page is missing remains untested.,accept,,,,,
FR-026,3,observed_satisfied,EV-03-SCEN-FR-026-27-01; EV-03-SCEN-FR-026-27-04,"The interleave command explicitly listed a.pdf twice in its --inputs option. The resulting PDF contains 11 pages, with each page of a.pdf appearing twice in the interleaved output. This establishes that a source can be selected to repeat more than once.",,accept,,,,,
FR-027,3,not_observable,EV-03-SCEN-FR-027-28-01; EV-03-SCEN-FR-027-28-03; EV-03-SCEN-FR-027-28-04,"No required behaviour was observed. The command failed because the CLI rejected the --ranges arguments, so it did not produce a preview in which mismatch or duplication flags could be assessed.",Whether the preview flags mismatches or possible accidental duplication without automatically correcting them remains untested.,accept,,,,,
FR-028,3,not_observable,EV-03-SCEN-FR-028-29-01; EV-03-SCEN-FR-028-29-04,"None of the required behaviour was established. The system interleaved portrait and landscape pages, but the evidence does not establish that these pages were incompatible in a way that would clearly break the document.","No clearly incompatible page sizes or booklet-like layout was demonstrated, so the requirement to steer users away under those conditions remains untested.",accept,,,,,
FR-029,3,observed_partial,EV-03-SCEN-FR-029-30-01; EV-03-SCEN-FR-029-30-02; EV-03-SCEN-FR-029-30-03; EV-03-SCEN-FR-029-30-04,"PDFs with different page sizes were successfully interleaved, and the output shows pages alternating from the two inputs. This establishes that interleaving was allowed despite the mismatch.","The captured output shows no warning or strong preview, and does not establish how the interleaving was controlled.",accept,,,,,
FR-030,3,observed_partial,EV-03-SCEN-FR-030-31-01; EV-03-SCEN-FR-030-31-04,"The successful merge used both source PDFs, and the saved output contains a page from each, establishing that users can load source documents.",The recorded command saved a merge directly. It did not exercise alternating pages or show a preview of the resulting sequence before saving.,accept,,,,,
FR-031,3,not_observable,EV-03-SCEN-FR-031-32-01; EV-03-SCEN-FR-031-32-03,"No required preview-confirmation behaviour was observed. The command stopped at range-option validation, before a preview or final PDF could be assessed.","The evidence does not show whether users can confirm page order, included sections, and rotations in a preview before saving.",accept,,,,,
FR-032,3,not_observable,EV-03-SCEN-FR-032-33-01; EV-03-SCEN-FR-032-33-03,No required obligation was exercised. The recorded CLI split request failed because it referenced page 7 of a six-page PDF; it did not show a split preview or a correction made within one.,Whether users can adjust a wrong boundary or restore an omitted page directly in the split preview remains untested.,accept,,,,,
FR-033,3,not_observable,EV-03-SCEN-FR-033-34-01; EV-03-SCEN-FR-033-34-04,"No relinking obligation was exercised. The command supplied replacement.pdf directly as the merge input, and the exported PDF contains its pages; this shows export from that file, not relinking an existing source reference.","No missing, moved, renamed, or replaced source reference or pre-export relink operation was observed.",accept,,,,,
FR-034,3,not_observable,EV-03-SCEN-FR-034-35-01; EV-03-SCEN-FR-034-35-04,No required obligation was established. The recorded command supplied a replacement PDF directly to a merge operation and produced an output PDF; it did not show a source item needing relinking or a user browsing for a new file.,The browsing capability in the relinking context was not exercised.,accept,,,,,
FR-035,3,not_observable,EV-03-SCEN-FR-035-36-01; EV-03-SCEN-FR-035-36-03; EV-03-SCEN-FR-035-36-04,None of the required behaviour was established. The recorded command attempted to merge a single missing source file and produced no output; it did not reopen a saved project containing unaffected parts.,Whether unaffected parts remain usable after reopening a saved project with one broken source file was not tested.,accept,,,,,
FR-036,3,not_observable,EV-03-SCEN-FR-036-37-01; EV-03-SCEN-FR-036-37-04,"None of the required recovery actions was established. The recorded operation extracted all seven pages from a replacement PDF into a new PDF; it did not show a relinked file or a user remapping affected pages, reordering them, or removing and re-adding a section.",Recovery after a relink changes page count or page order remains untested.,accept,,,,,
FR-037,3,not_observable,EV-03-SCEN-FR-037-38-01; EV-03-SCEN-FR-037-38-04,"None of the required workspace behavior was established. The merge output contains both occurrences of a.pdf, but it does not show whether those instances exist as independently editable items in the workspace.",No workspace state or edit to either repeated instance was observed.,accept,,,,,
FR-038,3,not_observable,EV-03-SCEN-FR-038-39-01; EV-03-SCEN-FR-038-39-04,"None of the required instance-specific changes was exercised. The command merged the same PDF twice, and the output shows both repetitions, but no change to only one repetition was attempted.","Whether a user can change one repeated instance’s position, rotation, or inclusion without changing the other repetitions remains untested.",accept,,,,,
FR-039,3,not_observable,EV-03-SCEN-FR-039-40-01; EV-03-SCEN-FR-039-40-03,"No required behaviour was observed. The command reported a missing source PDF, but this does not show whether a broken link is made obvious in the workspace.",No workspace containing a broken link or its visible indication was captured.,accept,,,,,
FR-040,3,not_observable,EV-03-SCEN-FR-040-41-01; EV-03-SCEN-FR-040-41-04,"None of the required behavior was established. The recorded command created an output PDF from replacement.pdf, but it did not show an item previously added to an assembly or preserved information enabling that item to be replaced or reselected.",Preservation of source references or other replacement-enabling information for an already-added assembly item remains untested.,accept,,,,,
FR-041,3,not_observable,EV-03-SCEN-FR-041-42-01; EV-03-SCEN-FR-041-42-03,"No required behaviour was established. The attempted assembly was rejected because --ranges was supplied multiple times for one input file, so it did not test whether users can select pages to repeat or set their repeat counts.",A valid assembly request and its resulting page sequence were not observed.,accept,,,,,
FR-042,3,not_observable,EV-03-SCEN-FR-042-43-01; EV-03-SCEN-FR-042-43-03; EV-03-SCEN-FR-042-43-04,"No required obligation was established. The command failed because its --ranges arguments were invalid, so it did not exercise visual page duplication or sequence adjustment in the workspace.",Visual duplication of a page or page range and workspace sequence adjustment before export remain untested.,accept,,,,,
FR-043,3,not_observable,EV-03-SCEN-FR-043-44-01; EV-03-SCEN-FR-043-44-04,"No required obligation is established. The recorded command merged two PDFs and produced a seven-page PDF, but did not show a reusable workspace or project file being saved.",Saving a reusable workspace or project file and restoring it later were not tested.,accept,,,,,
FR-044,3,not_observable,EV-03-SCEN-FR-044-45-01; EV-03-SCEN-FR-044-45-04,None of the required restoration behavior was observed. The recorded command directly merged two PDFs and produced a seven-page output; it did not load a saved workspace.,"Restoration of layout, file selections, page order, split or merge structure, page ranges, rotations, repetitions, merge settings, and other layout choices remains untested.",accept,,,,,
FR-045,3,not_observable,EV-03-SCEN-FR-045-46-01; EV-03-SCEN-FR-045-46-04,"None of the required restoration behavior was observed. The command supplied document inputs and an output path directly, and the resulting PDF shows those documents were merged; it did not load a saved workspace or project file.",Restoration of the document list and output settings from a saved workspace or project file remains untested.,accept,,,,,
FR-046,3,not_observable,EV-03-SCEN-FR-046-47-01; EV-03-SCEN-FR-046-47-03,"No required obligation was established. A direct merge reported that its input file was missing, but the evidence does not show a saved project being reopened.","It remains unknown whether saved projects keep file references as paths or detect moved, changed, or missing sources when reopened.",accept,,,,,
FR-047,3,not_observable,EV-03-SCEN-FR-047-48-01; EV-03-SCEN-FR-047-48-03,"No required branch was established. The command reported a missing source file, but the evidence does not show a saved workflow being loaded or a warning about a setting or source within one.","Warnings for missing, changed, or unavailable saved-workflow settings or sources, and preservation of the saved file, remain untested.",accept,,,,,
FR-048,3,not_observable,EV-03-SCEN-FR-048-49-01; EV-03-SCEN-FR-048-49-03,No required obligation was exercised. The recorded command attempted to merge a missing PDF and failed; it did not open a saved project.,Whether a saved project opens with broken sources marked as broken and ready to relink remains untested.,accept,,,,,
FR-049,3,observed_satisfied,EV-03-SCEN-FR-049-50-01; EV-03-SCEN-FR-049-50-04,"The normal merge command specified a user-chosen output location and name, rq3out/merged.pdf, and the final seven-page PDF was produced there.",,accept,,,,,
FR-050,3,not_observable,EV-03-SCEN-FR-050-51-01; EV-03-SCEN-FR-050-51-04,The merge saved a PDF to an explicitly specified folder. No observation establishes that the system remembered that folder.,No subsequent save or folder-setting readback tested whether the last save folder was retained.,accept,,,,,
FR-051,3,observed_satisfied,EV-03-SCEN-FR-051-52-01; EV-03-SCEN-FR-051-52-03; EV-03-SCEN-FR-051-52-04,"On a second attempt to create the same output file, the system refused to overwrite it and directed the user to explicitly choose --overwrite. The existing PDF remained present. This provides an overwrite-avoidance prompt for the tested repeated-output case.","Batch-job behavior was not tested; auto-numbering and naming patterns were not tested, but the requirement permits prompting as an alternative.",accept,,,,,
FR-052,3,not_observable,EV-03-SCEN-FR-052-53-01; EV-03-SCEN-FR-052-53-03,No required naming behavior was established. The split request included page 7 for a six-page file and was rejected as out of range.,"No successful split or resulting output filenames were observed, so the default naming pattern cannot be assessed.",accept,,,,,
FR-053,3,not_observable,EV-03-SCEN-FR-053-54-01; EV-03-SCEN-FR-053-54-04,No required obligation was exercised. The recorded command merged two PDFs and produced a merged file; it did not split a PDF or attempt to rename a split output.,Manual renaming of split outputs remains untested.,accept,,,,,
FR-054,3,not_observable,EV-03-SCEN-FR-054-55-01; EV-03-SCEN-FR-054-55-03,"No required output-name behavior was established. The command omitted an output name, but requested page 7 from a six-page PDF and failed with an out-of-range error before any default output name was observed.","Derivation, safety, and predictability of the default output name remain untested.",accept,,,,,
FR-055,3,not_observable,EV-03-SCEN-FR-055-56-01; EV-03-SCEN-FR-055-56-03,No output-placement branch was established. The split command requested page 7 from a six-page PDF and failed with an out-of-range error before default output placement could be observed.,Neither placement beside the input nor placement in a profile-defined output folder was tested with a successful operation.,accept,,,,,
FR-056,3,not_observable,EV-03-SCEN-FR-056-57-01; EV-03-SCEN-FR-056-57-03,"No default output filename was observed. The split command failed because page 7 was outside the six-page input, so the subsequent merge command was not reached.","Whether default filenames reflect the operation type for split, merge, or extract remains untested.",accept,,,,,
FR-057,3,observed_satisfied,EV-03-SCEN-FR-057-58-01; EV-03-SCEN-FR-057-58-04,"The command-line merge completed successfully without invoking a graphical interface. The produced PDF contains all seven input pages in order, demonstrating a completed command-line operation.",,accept,,,,,
FR-058,3,not_observable,EV-03-SCEN-FR-058-59-01; EV-03-SCEN-FR-058-59-03; EV-03-SCEN-FR-058-59-04,"No required capability was established or refuted. The command supplied two range values for one input, and the CLI rejected it because --ranges must be provided once per input. The intended output file was not produced, but this rejected invocation does not show that a correctly specified range cannot be used.","Defining inputs, output paths, split and merge options, selected pages or ranges, ordering, naming patterns, and overwrite behavior through valid parameters or a saved job profile remains untested.",accept,,,,,
FR-059,3,not_observable,EV-03-SCEN-FR-059-60-01; EV-03-SCEN-FR-059-60-04,The command used a --ranges option and produced a two-page PDF. No complete required obligation was established: the evidence does not show a reusable profile setting being overridden from the command line.,"No reusable profile or its settings were observed, so the effect of a runtime override could not be assessed.",accept,,,,,
FR-060,3,observed_partial,EV-03-SCEN-FR-060-61-01; EV-03-SCEN-FR-060-61-03,"The merge command exited with code 2 and clearly identified the missing required command-line parameters, --inputs and --output, in its error message.",The evidence does not test a missing required job-profile parameter.,accept,,,,,
FR-061,3,not_observable,EV-03-SCEN-FR-061-62-01; EV-03-SCEN-FR-061-62-03,No complete required behavior was established. The command rejected --ranges 1-0 because page 0 was out of range; the evidence does not show a conflict between an explicit value and a default behavior.,Rejection of an explicit command-line value that conflicts with a default behavior remains untested.,accept,,,,,
FR-062,3,observed_satisfied,EV-03-SCEN-FR-062-63-01; EV-03-SCEN-FR-062-63-04; EV-03-SCEN-FR-062-63-05,"Two command-line merges explicitly specified the input files and output paths. Both succeeded and produced the same observed seven-page sequence, demonstrating reproducible behavior for this repeated operation.",,accept,,,,,
FR-063,3,observed_partial,EV-03-SCEN-FR-063-64-01; EV-03-SCEN-FR-063-64-04,A command-line run accepted --inputs and --output and produced a merged PDF whose pages followed the supplied input order. This establishes a working CLI run with those option names and that ordering in the observed run.,"Only one run on one platform was recorded, so stability of option names and ordering across runs and platforms remains untested.",accept,,,,,
FR-064,3,not_observable,EV-03-SCEN-FR-064-65-01; EV-03-SCEN-FR-064-65-03; EV-03-SCEN-FR-064-65-04,"No required handling behaviour was established. The command supplied two range arguments for one input file, and the CLI rejected it with an explicit message that --ranges must be provided once per input file. The requested output was not produced.","The evidence does not exercise a valid range invocation, multiple input files, or successful handling of an output path and option.",accept,,,,,
FR-065,3,observed_satisfied,EV-03-SCEN-FR-065-66-01; EV-03-SCEN-FR-065-66-04,"The merge command succeeded with quoted input and output paths containing spaces. The output PDF was produced at the quoted path with all four expected pages, establishing support for those paths.",,accept,,,,,
FR-066,3,observed_partial,EV-03-SCEN-FR-066-67-01; EV-03-SCEN-FR-066-67-04,"The system was invoked successfully from a shell command, and the expected merged PDF was produced. This establishes shell usability in the recorded environment.",The operating system was not recorded. Usability from Windows batch files and from standard shells on each specified platform remains untested.,accept,,,,,
FR-067,3,not_observable,EV-03-SCEN-FR-067-68-01; EV-03-SCEN-FR-067-68-04,"No required obligation was established. The module ran successfully through `python3 -m pdfsplitmerge` and produced a PDF, but this does not show that an installed command is available on the PATH.",No installation or direct invocation of the command through the PATH was recorded.,accept,,,,,
FR-068,3,not_observable,EV-03-SCEN-FR-068-69-01; EV-03-SCEN-FR-068-69-04,"The system successfully merged local PDF files, but no required offline-operation branch was established; the evidence does not show that the operation worked without network access.","Network availability during the operation is unknown, so offline operation remains untested.",accept,,,,,
FR-069,3,not_observable,EV-03-SCEN-FR-069-70-01; EV-03-SCEN-FR-069-70-04,"A PDF merge succeeded and produced the expected seven-page file, but the record does not establish that network access was unavailable. No complete offline-operation obligation was demonstrated.","Whether the merge, or other core PDF operations, work without network access remains untested.",accept,,,,,
FR-070,3,observed_partial,EV-03-SCEN-FR-070-71-01; EV-03-SCEN-FR-070-71-04,"The default merge operation used local input paths and produced a PDF at the specified local output path, establishing local file output.",The record does not show whether the system also uploaded the files anywhere.,accept,,,,,
FR-071,3,not_observable,EV-03-SCEN-FR-071-72-01; EV-03-SCEN-FR-071-72-02,"The merge completed, and the output-directory listing showed only the final PDF. Neither observation establishes that temporary copies were created and then automatically cleaned up; no required cleanup behaviour was positively or negatively established.","The evidence does not show whether temporary copies existed, where they were stored, or whether the system removed them when they were no longer needed.",accept,,,,,
FR-072,3,observed_partial,EV-03-SCEN-FR-072-73-01; EV-03-SCEN-FR-072-73-02; EV-03-SCEN-FR-072-73-04,"The merge wrote a new output PDF, and the source PDF’s hash was unchanged before and after the operation. This establishes that the recorded operation used a separate output file rather than modifying its source.","The command explicitly specified a separate output path. No attempt to modify a source PDF in place was recorded, so default prevention of in-place modification remains untested.",accept,,,,,
FR-073,3,not_observable,EV-03-SCEN-FR-073-74-01; EV-03-SCEN-FR-073-74-03,No complete source-PDF protection obligation was established. The same-path merge was rejected because the output file already existed; the response does not show that the system specifically prevents editing a source PDF in place.,The recorded attempt did not test whether an overwrite-enabled operation could edit the source PDF in place.,revise,not_observable,EV-03-SCEN-FR-073-74-01; EV-03-SCEN-FR-073-74-03,Using the source PDF as output is blocked by the generic existing-output check. Default-mode refusal does not establish the absolute source-protection rule with overwrite enabled.,Source protection with an explicit overwrite option was not exercised.,
FR-074,3,not_observable,EV-03-SCEN-FR-074-75-01; EV-03-SCEN-FR-074-75-04,The recorded command produced a merged PDF without invoking an advanced mode. No required obligation or condition branch was established.,The evidence does not show whether a mode that works directly on originals is available or whether using it requires explicit opt-in.,accept,,,,,
FR-075,3,not_observable,EV-03-SCEN-FR-075-76-01; EV-03-SCEN-FR-075-76-04,"A PDF merge succeeded in the test environment, but the recorded evidence does not identify its operating system. None of the Windows, macOS, or Linux branches is established.",Execution on each of the three specified operating systems remains untested or unconfirmed.,accept,,,,,
FR-076,3,observed_partial,EV-03-SCEN-FR-076-77-01; EV-03-SCEN-FR-076-77-04,The installed software ran through a local command and produced the expected PDF without a server or cloud-account interaction in the recorded workflow. This supports local use without those services.,"The evidence does not show downloading or installing the software, so their ease cannot be assessed.",accept,,,,,
FR-077,3,not_observable,EV-03-SCEN-FR-077-78-02,"None of the open-source obligation is established. The recorded directory listing shows project files in the workspace, but does not establish that the system is available as open source.",The evidence does not show source-code availability or licensing terms.,accept,,,,,
FR-078,3,not_observable,EV-03-SCEN-FR-078-79-01; EV-03-SCEN-FR-078-79-04,"The PDF merge succeeded, but no required obligation was established: the recorded run does not show whether a dependency or bundled component forces use of a cloud service.",No dependency inspection or offline execution evidence establishes that the system can operate without a cloud service.,accept,,,,,
FR-079,3,not_observable,EV-03-SCEN-FR-079-80-02,"The requirements file lists pypdf, but the recorded evidence establishes no complete licensing obligation as met or violated.","The evidence does not establish the licenses of bundled components, whether any have unclear licensing, or whether any impose non-commercial restrictions.",accept,,,,,
FR-080,3,not_observable,EV-03-SCEN-FR-080-81-02,No required obligation was observed. The recorded output lists workspace files but does not show a statement about inspecting or sharing PDF content.,"The content of the delivered interface or documentation was not inspected, so the required statement remains untested.",accept,,,,,
FR-081,3,not_observable,EV-03-SCEN-FR-081-82-01; EV-03-SCEN-FR-081-82-02; EV-03-SCEN-FR-081-82-03,The PDF split completed with empty standard output and standard error. No required branch is established: the record does not show that this was a longer-running operation or what the user could see while it ran.,"No duration or in-progress observation was captured, so progress and stall awareness cannot be assessed.",accept,,,,,
FR-082,3,not_observable,EV-03-SCEN-FR-082-83-01; EV-03-SCEN-FR-082-83-02; EV-03-SCEN-FR-082-83-03,"The split command completed, but the evidence does not establish that a normal-sized file took unusually long to process. No required warning behavior is established positively or negatively.","Processing duration and the unusually-long condition were not recorded, so the warning requirement cannot be assessed.",accept,,,,,
FR-083,3,observed_satisfied,EV-03-SCEN-FR-083-84-01; EV-03-SCEN-FR-083-84-03; EV-03-SCEN-FR-083-84-04,"When the merge job could not proceed because a source file was missing, the command exited without timing out, reported that the source file was not found, and did not produce the requested output. This establishes a clean stop with an explanation for the observed failure.",Other reasons a job might be unable to proceed were not tested.,accept,,,,,
FR-084,3,not_observable,EV-03-SCEN-FR-084-85-01; EV-03-SCEN-FR-084-85-02; EV-03-SCEN-FR-084-85-03,"None of the required display behavior is established. A 60-page split completed, and its captured standard output and error were empty.","The record does not establish that this was a long job or capture a display during processing, so the absence of output does not establish a violation of the long-job requirement.",accept,,,,,
FR-085,3,not_observable,EV-03-SCEN-FR-085-86-01,No cancellation obligation was established positively or negatively. The recorded job completed successfully without a cancellation attempt.,"Cancellation of a running job was not exercised, so the evidence cannot establish whether it works most of the time.",accept,,,,,
FR-086,3,not_observable,EV-03-SCEN-FR-086-87-01,No required cancellation-handling obligation was exercised. The recorded split completed successfully without timing out.,Cancellation during a single-output-file write and the resulting file's integrity were not observed.,accept,,,,,
FR-087,3,not_observable,EV-03-SCEN-FR-087-88-01; EV-03-SCEN-FR-087-88-04,None of the required prompting behavior was observed. The recorded command merged PDFs and produced an output file; it did not exercise closing or discarding unsaved changes or an open layout.,"No close or discard action, or prompt preceding one, was captured.",accept,,,,,
FR-088,3,not_observable,EV-03-SCEN-FR-088-89-01; EV-03-SCEN-FR-088-89-04,No required behaviour was established. The recorded operation merged two PDFs; it did not show multiple open layouts or a prompt about unsaved changes.,Whether the system handles each open layout separately when prompting about unsaved changes remains untested.,accept,,,,,
FR-089,3,not_observable,,"None of the recorded evidence exercises saving selected open layouts or discarding only user-chosen layouts. The evidence shows two PDF files being merged into a seven-page output, which is unrelated to the required layout save and selective discard behavior.","The ability to save some layouts, discard selected layouts, and preserve the other open layouts remains untested.",accept,,,,,
FR-090,3,not_observable,EV-03-SCEN-FR-090-91-01; EV-03-SCEN-FR-090-91-02; EV-03-SCEN-FR-090-91-03,"None of the recorded evidence exercises a saved workflow opening with missing or changed options, or shows the user which settings are affected.",The evidence only shows a failed PDF splitting command and a page-range error; the required workflow behavior and any affected-settings display remain untested.,accept,,,,,
FR-091,3,not_observable,EV-03-SCEN-FR-091-92-01; EV-03-SCEN-FR-091-92-03,"No complete requirement obligation or condition branch was exercised. The command failed because page 0 was out of range, which is unrelated to fallback behavior or leaving a changed setting disabled.","The evidence does not show a changed setting becoming invalid, a sensible default being applied, or the changed setting remaining disabled until the user fixes it.",accept,,,,,
FR-092,3,not_observable,EV-03-SCEN-FR-092-93-01; EV-03-SCEN-FR-092-93-03; EV-03-SCEN-FR-092-93-04,The command reports that the source file was not found and that the expected output was not produced. These are contextual facts about a failed merge; no evidence establishes whether the saved project state was preserved or lost.,Whether the system preserves the saved project state when a source file cannot be recovered immediately remains untested.,accept,,,,,
FR-093,3,not_observable,EV-03-SCEN-FR-093-94-01; EV-03-SCEN-FR-093-94-04,"A single PDF file was successfully produced from input PDFs, but the evidence does not establish that this file is a workspace save format or that it is a simple project/profile file rather than a heavy packaged archive.","Workspace save semantics, the file's project/profile structure, and any comparison showing that the format is not a heavy packaged archive remain untested.",accept,,,,,
FR-094,3,observed_partial,EV-03-SCEN-FR-094-95-01; EV-03-SCEN-FR-094-95-03; EV-03-SCEN-FR-094-95-04,"The system accepted a workspace file path as an input and validated that the referenced file existed, reporting that the source file was not found and declining to produce the output.",Successful referencing of an existing saved workspace file by path was not observed. The evidence also does not establish whether validation can be optionally disabled.,accept,,,,,
FR-095,3,observed_partial,EV-03-SCEN-FR-095-96-01; EV-03-SCEN-FR-095-96-04,"The command-line --overwrite option was accepted in a successful command sequence, and rq3out/dup.pdf was produced with the expected four pages, positively establishing the ability to enable overwriting via the command line.","The evidence does not show the behavior when overwriting is not enabled, such as rejection or preservation of an existing output, so the system's ability to override between allowed and disallowed states is only partially exercised.",accept,,,,,
FR-096,3,not_observable,EV-03-SCEN-FR-096-97-03; EV-03-SCEN-FR-096-97-04,"The merge command failed because --ranges was not provided once per --input file, and the expected output PDF was not produced. This exercises argument validation, but does not establish that explicit user values win over defaults or that an invalid resulting combination is rejected.","No valid combination of explicit values and defaults was tested, and no evidence shows how the system resolves conflicts between them or handles an invalid resulting combination.",accept,,,,,
FR-097,3,not_observable,EV-03-SCEN-FR-097-98-01; EV-03-SCEN-FR-097-98-04; EV-03-SCEN-FR-097-98-05,"The evidence shows two runs with explicitly supplied output names, d1.pdf and d2.pdf, producing identical contents. This does not establish a default naming convention for automated or recurring runs.","Default naming behavior was not exercised. No evidence establishes that names are generated automatically, remain predictable for the same inputs and settings, or may vary by job profile.",accept,,,,,
FR-098,3,not_observable,EV-03-SCEN-FR-098-99-01; EV-03-SCEN-FR-098-99-03; EV-03-SCEN-FR-098-99-04,"No required capability was established. The attempted command-line merge was rejected because two --ranges values were supplied for one input, and no output file was produced. The evidence does not establish that this was a supported way to specify the ranges.","Script-friendly command-line input for split options was not tested, and supported input for merge options was not demonstrated.",accept,,,,,
FR-099,3,observed_partial,EV-03-SCEN-FR-099-100-01; EV-03-SCEN-FR-099-100-04,"The command-line tool ran in a scripted command and produced the expected seven-page PDF, establishing script or batch operation in the recorded environment.",Standalone desktop-app operation was not tested. The record does not establish deployment or operation on a user's own desktop machine.,accept,,,,,
BR-001,3,observed_satisfied,EV-03-SCEN-BR-001-101-01; EV-03-SCEN-BR-001-101-02; EV-03-SCEN-BR-001-101-04,"The input PDF was prepared before the first checksum. The default merge then wrote to a separate output file, and the input PDF’s checksums before and after the merge matched. This establishes that the recorded operation did not modify the original in place.",Other operations and times were not observed.,accept,,,,,
BR-002,3,not_observable,EV-03-SCEN-BR-002-102-01; EV-03-SCEN-BR-002-102-04,The command merged two local PDF inputs and produced a local output. Neither complete required obligation—processing remaining local or files not being uploaded to a remote service—is established by those observations.,The evidence does not show where the merge was performed or whether the files were transmitted to a remote service.,accept,,,,,
BR-003,3,not_observable,EV-03-SCEN-BR-003-103-01; EV-03-SCEN-BR-003-103-02; EV-03-SCEN-BR-003-103-04,"None of the required retention behaviour was established. The evidence shows a successful merge and its output, but not how long any temporary data was retained.",No observation identifies temporary data or shows whether it was removed once it was no longer needed for the operation.,accept,,,,,
BR-004,3,observed_partial,EV-03-SCEN-BR-004-104-01; EV-03-SCEN-BR-004-104-03,"The protected PDF caused the merge command to fail with the explicit stderr message “error: File has not been decrypted,” so this failure was not silent.",The response to an unreadable PDF that is not protected was not tested.,accept,,,,,
BR-005,3,observed_partial,EV-03-SCEN-BR-005-105-01; EV-03-SCEN-BR-005-105-03; EV-03-SCEN-BR-005-105-04,"The command encountered unreadable PDF input, returned exit code 1, emitted read-error messages, and produced no merged output, positively establishing the stop-on-serious-read-errors branch.",The evidence does not establish the required warning behavior for a protected PDF whose parts remain inspectable; no explicit protected-file warning or successful partial inspection is recorded.,accept,,,,,
BR-006,3,observed_partial,EV-03-SCEN-BR-006-106-01; EV-03-SCEN-BR-006-106-04,"The explicit --overwrite value prevailed over the default behavior: after an initial merge produced rq3out/dup.pdf, a second command using --overwrite completed successfully and produced the output file.","The invalid-combination exception was not exercised, so the evidence does not establish that an explicit value is rejected when it creates an invalid combination.",accept,,,,,
BR-007,3,observed_satisfied,EV-03-SCEN-BR-007-107-01; EV-03-SCEN-BR-007-107-03; EV-03-SCEN-BR-007-107-04,"The tool could not proceed because the source file was missing, exited without producing the requested output, and clearly explained the cause with ""source file not found: rq3in/missing.pdf"".",,accept,,,,,
BR-008,3,observed_unsatisfied,EV-03-SCEN-BR-008-108-01; EV-03-SCEN-BR-008-108-04,"The system successfully produced an interleaved document from portrait pages sized [200.0, 300.0] and landscape pages sized [300.0, 200.0], with alternating pages from each input. This demonstrates interleaving despite a document mismatch that would clearly break the combined document, violating the requirement to avoid interleaving in that condition.",,accept,,,,,
BR-009,3,observed_satisfied,EV-03-SCEN-BR-009-109-01; EV-03-SCEN-BR-009-109-04,"The interleave command explicitly lists a.pdf twice in the user-supplied inputs, and the produced output contains the repeated a.pdf pages in the corresponding interleaving sequence. This establishes that the repetition was an explicit user choice.",,accept,,,,,
BR-010,3,observed_satisfied,EV-03-SCEN-BR-010-110-01; EV-03-SCEN-BR-010-110-04,"The merge was executed with the intentional input sequence a.pdf, b.pdf, a.pdf, and the output preserved all 11 pages in that exact order, including the repeated a.pdf pages at positions 1-4 and 8-11. This demonstrates that intentional duplicates were not automatically collapsed and that the chosen order and content were preserved.",,accept,,,,,
BR-011,3,not_observable,EV-03-SCEN-BR-011-111-01; EV-03-SCEN-BR-011-111-02; EV-03-SCEN-BR-011-111-03,"The recorded requirements file shows that the system bundles the pypdf dependency, but the evidence does not establish whether its licensing is clear, whether it has non-commercial restrictions, or whether it has cloud-service dependencies. No complete compliance or violation branch is positively or negatively established.","Licensing clarity, commercial-use restrictions, and cloud-service dependency status remain untested or unknown for pypdf.",accept,,,,,
BR-012,3,not_observable,EV-03-SCEN-BR-012-112-01; EV-03-SCEN-BR-012-112-02; EV-03-SCEN-BR-012-112-03,"The evidence shows that the package declares a dependency on pypdf>=5.0.0, but it does not establish the dependency's license terms or that the packaging avoids imposing extra legal burden on users. No complete required obligation is positively or negatively established.",The permissiveness and legal burden of the dependency and overall packaging remain untested and unknown.,accept,,,,,
DI-001,3,observed_unsatisfied,EV-03-SCEN-DI-001-113-01; EV-03-SCEN-DI-001-113-03; EV-03-SCEN-DI-001-113-04,"The CLI invocation included an input file, explicit page ranges, an output path, and an option, but the command was rejected because --ranges had to be provided once per --input file. The requested operation therefore failed and produced no output file.","Acceptance of multiple input files, explicit page ranges, output paths, and options was not positively demonstrated; the recorded invocation used only one input file and failed before producing the expected output.",accept,,,,,
DI-002,3,not_observable,EV-03-SCEN-DI-002-114-01,"No PATH availability was established. The successful invocation used `python3 -m pdfsplitmerge`, not a command resolved from the PATH.",A direct invocation of the CLI command through the PATH was not recorded.,accept,,,,,
DI-003,3,observed_partial,EV-03-SCEN-DI-003-115-01; EV-03-SCEN-DI-003-115-04,"The CLI successfully merged a PDF using quoted input and output paths containing spaces, and the expected output was produced. This establishes path-and-quoting behavior for the recorded invocation.","The recorded environment is not identified as Windows, macOS, or Linux, and no cross-platform comparison or platform-specific path handling was exercised.",accept,,,,,
DI-004,3,not_observable,EV-03-SCEN-DI-004-116-01; EV-03-SCEN-DI-004-116-02; EV-03-SCEN-DI-004-116-04,"The evidence shows two input documents were merged into a seven-page PDF, establishing a page operation and resulting document output. It does not show that a saved workspace stored the document list, page operations, output settings, or layout/composition choices for later reloading.","Persistence and later reloading were not exercised. Document-list storage, output-setting storage, and layout/composition storage remain untested, and the observed merge does not establish that these details were saved or reloadable.",accept,,,,,
DI-005,3,observed_partial,EV-03-SCEN-DI-005-117-01; EV-03-SCEN-DI-005-117-03; EV-03-SCEN-DI-005-117-04,"The command demonstrates that a missing input path is detected and rejected with an explicit 'source file not found' error. This positively establishes optional validation of whether a referenced file exists, but it does not establish that a saved project stores file references as paths.",Storage of file references as paths was not observed. No saved project output or serialized reference representation was provided.,accept,,,,,
DI-006,3,not_observable,EV-03-SCEN-DI-006-118-01,No observation was recorded for the scenarios of this requirement.,"The recorded CLI command does not observe the requested graphical preview, zoom, keyboard focus, or screen-reader behavior. Missing observation: The preview offers a side-by-side or thumbnail comparison of the relinked file versus the prior source, helping the user verify the replacement visually. The target action was not executed; this is an observation limitation, not a software failure.",accept,,,,,
QR-001,3,not_observable,EV-03-SCEN-QR-001-119-01; EV-03-SCEN-QR-001-119-04,"A merge job for a seven-page file completed successfully and produced the expected output, but no execution duration was recorded. Therefore, no complete timing obligation is positively or negatively established.","The evidence does not show whether the merge completed within a few seconds or exceeded ten to fifteen seconds, and no split-job timing was recorded.",accept,,,,,
QR-002,3,not_observable,EV-03-SCEN-QR-002-120-01; EV-03-SCEN-QR-002-120-02; EV-03-SCEN-QR-002-120-03,"The long-running command completed successfully, but the recorded evidence does not show any visible progress indicator, incremental status, or other user-facing feedback during the operation. No complete required obligation is positively or negatively established.",Visible progress for longer runs remains untested and unknown because only command completion and empty standard output/error records are provided; no user-facing interface or progress updates were captured.,accept,,,,,
QR-003,3,observed_satisfied,EV-03-SCEN-QR-003-121-01,"The system successfully processed and split a 60-page PDF into six combined-document ranges, with the command completing with return code 0 and no timeout. This positively establishes capability for an occasional larger scan or combined document.",,revise,not_observable,EV-03-SCEN-QR-003-121-01,The cited evidence is the command log alone; no produced document is recorded that would show the page range was combined.,"The split command completed, but no generated document was captured or inspected to establish the larger-document result.",
QR-004,3,not_observable,EV-03-SCEN-QR-004-122-01,No observation was recorded for the scenarios of this requirement.,"The recorded CLI command does not observe the requested graphical preview, zoom, keyboard focus, or screen-reader behavior. Missing observation: The preview clearly shows page order, rotation, omitted or included pages, and visible layout details well enough for the user to confirm the assembly visually. The target action was not executed; this is an observation limitation, not a software failure.",accept,,,,,
QR-005,3,not_observable,EV-03-SCEN-QR-005-123-01,No observation was recorded for the scenarios of this requirement.,"The recorded CLI command does not observe the requested graphical preview, zoom, keyboard focus, or screen-reader behavior. Missing observation: The preview is rendered at sufficient resolution for the user to read scanned text, inspect form structure, and verify layout details without obvious blurring or pixelation that prevents review. The target action was not executed; this is an observation limitation, not a software failure.",accept,,,,,
QR-006,3,observed_partial,EV-03-SCEN-QR-006-124-01; EV-03-SCEN-QR-006-124-04,"The merge completed and produced a seven-page PDF with the expected page order and source-page labels, establishing that the assembly result was produced correctly. This does not establish that users can verify the assembly before saving or avoid repeated correction cycles.",Pre-save verification and whether users can trust the final document without repeated corrections remain untested; the evidence shows only the completed output.,accept,,,,,
QR-007,3,observed_partial,EV-03-SCEN-QR-007-125-01; EV-03-SCEN-QR-007-125-02; EV-03-SCEN-QR-007-125-03; EV-03-SCEN-QR-007-125-04; EV-03-SCEN-QR-007-125-05,"The automated PDF merge run completed successfully with return code 0, no recorded standard error, and produced the expected seven-page output. Repeating the same merge produced an output with the same size, page count, page order, dimensions, and page text, positively establishing usability and predictable repeatability for this exercised workflow.","The evidence covers only the tested PDF merge workflow and does not establish that the system remains usable and predictable across other automated or repeatable runs, inputs, or failure conditions.",accept,,,,,
QR-008,3,observed_partial,EV-03-SCEN-QR-008-126-01; EV-03-SCEN-QR-008-126-03; EV-03-SCEN-QR-008-126-04,"The system refused a second merge targeting the existing PDF, reporting that the output exists and requiring --overwrite; the previously generated PDF remained available. This positively establishes protection for an existing generated PDF. The source file was prepared and used as input, but no attempt to replace it was observed.",Protection against accidentally replacing a source file remains untested.,accept,,,,,
QR-009,3,not_observable,EV-03-SCEN-QR-009-127-01; EV-03-SCEN-QR-009-127-04,"The evidence shows a PDF merge completed and produced a seven-page output, but it does not exercise unexpected work loss or prompting before discarding unsaved layouts. No complete required obligation or condition branch was positively or negatively established.","Unexpected work-loss behavior was not tested, and no attempt to discard an unsaved layout or resulting prompt was observed.",accept,,,,,
QR-010,3,not_observable,EV-03-SCEN-QR-010-128-01; EV-03-SCEN-QR-010-128-02; EV-03-SCEN-QR-010-128-04; EV-03-SCEN-QR-010-128-05,"The same merge command produced identical seven-page outputs across two runs, with the input files appearing in the same order. However, the evidence does not show the system's option names or an option listing whose ordering can be assessed.",Consistency across platforms was not exercised. Consistency of option names and the ordering of options themselves remain untested.,accept,,,,,
QR-011,3,not_observable,,"The evidence shows a long PDF split operation completed successfully, but it does not show or capture a progress indicator containing the current page or file and the number of pages or outputs completed out of the total.",The progress-indicator behavior and all required displayed details remain untested and unobservable.,accept,,,,,
EX-001,3,observed_partial,EV-03-SCEN-EX-001-130-01; EV-03-SCEN-EX-001-130-03; EV-03-SCEN-EX-001-130-04,"The protected PDF was rejected with `File has not been decrypted`, and no output PDF was produced. This establishes that the command reports the protected input as unprocessable, satisfying that handling branch.","Whether the user can choose to skip protected or unreadable PDFs, and whether command-line configuration can select the handling behavior, remains untested.",accept,,,,,
EX-002,3,observed_satisfied,EV-03-SCEN-EX-002-131-01; EV-03-SCEN-EX-002-131-03,"The command was run without the required --inputs and --output parameters, and the system stopped with exit code 2 while reporting that those arguments are required.",,accept,,,,,
EX-003,3,observed_partial,EV-03-SCEN-EX-003-132-01; EV-03-SCEN-EX-003-132-03; EV-03-SCEN-EX-003-132-04,"The command rejected an argument pointing to a non-existent file, exited with code 1, reported that the source file was not found, and produced no output file.",Malformed arguments were not tested.,accept,,,,,
EX-004,3,not_observable,EV-03-SCEN-EX-004-133-01; EV-03-SCEN-EX-004-133-02; EV-03-SCEN-EX-004-133-03,"The split operation completed successfully on a 60-page file, but the evidence does not establish that it ran unusually long or whether the user was warned. No required warning or silence branch is positively or negatively established.",Unusually long runtime on a normal-sized file and the corresponding user warning behavior remain untested; the file's normal size is also not established.,accept,,,,,
EX-005,3,not_observable,EV-03-SCEN-EX-005-134-01; EV-03-SCEN-EX-005-134-02; EV-03-SCEN-EX-005-134-03,"The command created a PDF and ran a split operation, but it completed with exit code 0 and did not record a cancellation while writing an output file or any resulting file state. No required interruption-handling branch is established positively or negatively.",Cancellation during a single output-file write and whether the resulting output is corrupted remain untested.,accept,,,,,
EX-006,3,not_observable,EV-03-SCEN-EX-006-135-01; EV-03-SCEN-EX-006-135-03,"The only observed behavior is rejection of an invalid page-range setting (`1-0`) with an out-of-range error. The evidence does not show a saved workflow being loaded, preservation of the rest of that workflow, or disabling/defaulting the affected option or output setting.",Preservation of unaffected workflow content and disabling or defaulting a changed or unavailable setting remain untested. No complete required obligation or condition branch is positively established.,accept,,,,,
EX-007,3,observed_unsatisfied,EV-03-SCEN-EX-007-136-01; EV-03-SCEN-EX-007-136-04,"The input documents had different page sizes, with one document sized 200x300 and the other 300x200, satisfying the stated exception condition. The system nevertheless proceeded with the normal interleave workflow and produced an 8-page mixed PDF, rather than steering the user to a different workflow. This violates the differing-page-size branch.",Booklet-like structures were not exercised. No positive evidence shows steering to an alternate workflow for either exception condition.,accept,,,,,
EX-008,3,not_observable,EV-03-SCEN-EX-008-137-01; EV-03-SCEN-EX-008-137-03; EV-03-SCEN-EX-008-137-04,"No required obligation or condition branch is established. The evidence shows a standalone merge command rejecting a missing input file, not a missing source in a saved project being marked broken or made relinkable.","Whether missing, changed, or unreadable sources in saved projects are marked broken and can be relinked before export remains untested.",accept,,,,,
EX-009,3,not_observable,EV-03-SCEN-EX-009-138-01; EV-03-SCEN-EX-009-138-04,"The evidence shows that a source file was replaced with a different version and that the page count changed from 4 pages to 7 pages, followed by production of an output file. However, it does not show a user warning, a page-order change assessment, or a user-adjustment step before export.",The warning behavior and the ability for the user to adjust the selection before export remain unobserved; page-order change was not exercised.,accept,,,,,
EX-010,3,observed_partial,EV-03-SCEN-EX-010-139-01; EV-03-SCEN-EX-010-139-03,"The invalid source file caused processing to fail, and the error output explains why with messages including an invalid PDF header and an unexpected end of stream. However, the output does not identify the exact failed file, such as rq3in/bad.pdf.",The requirement's file-identification branch is not satisfied; the error messages are generic and do not name the source file.,accept,,,,,
FR-001,4,not_observable,EV-04-SCEN-FR-001-02-01; EV-04-SCEN-FR-001-02-03,"A PDF splitting command was attempted, but it requested pages 5-7 from a six-page document and failed with ""Sequence index out of range"". This does not establish that the system cannot split PDFs because the requested range included a nonexistent page.","No successful split output or valid-range split operation was recorded, so PDF splitting capability remains unverified.",accept,,,,,
FR-002,4,observed_satisfied,EV-04-SCEN-FR-002-03-01; EV-04-SCEN-FR-002-03-02; EV-04-SCEN-FR-002-03-04,The system successfully merged the selected input files rq3in/a.pdf and rq3in/b.pdf into the new output file rq3out/merged.pdf. The output was produced with seven pages preserving the four pages from a.pdf followed by the three pages from b.pdf.,"Selection and merging of individual sections within files was not tested, but the selected-files branch of the requirement was positively established.",accept,,,,,
FR-003,4,observed_satisfied,EV-04-SCEN-FR-003-04-01; EV-04-SCEN-FR-003-04-04,"The system successfully extracted pages 2 through 4 from a six-page PDF, producing an output PDF with three pages containing the expected page-specific text.",,accept,,,,,
FR-004,4,observed_satisfied,EV-04-SCEN-FR-004-05-01; EV-04-SCEN-FR-004-05-02; EV-04-SCEN-FR-004-05-04; EV-04-SCEN-FR-004-05-05,"The system successfully produced a left-rotated page with rotation -90 and a right-rotated page with rotation 90, demonstrating support for both required 90-degree rotation directions.",,accept,,,,,
FR-005,4,observed_satisfied,EV-04-SCEN-FR-005-06-01; EV-04-SCEN-FR-005-06-04,"The system successfully produced a four-page PDF reordered from the original sequence to 3,1,2,4, demonstrating support for reordering pages.",,accept,,,,,
FR-006,4,observed_satisfied,EV-04-SCEN-FR-006-07-01; EV-04-SCEN-FR-006-07-02; EV-04-SCEN-FR-006-07-03; EV-04-SCEN-FR-006-07-04,"The system successfully produced an interleaved PDF from two different documents. The seven-page output alternates pages as a.pdf:1, b.pdf:1, a.pdf:2, b.pdf:2, a.pdf:3, b.pdf:3, and a.pdf:4, demonstrating support for alternating pages from different documents.",,accept,,,,,
FR-007,4,not_observable,EV-04-SCEN-FR-007-08-01; EV-04-SCEN-FR-007-08-02; EV-04-SCEN-FR-007-08-04,"The evidence shows that a new 7-page PDF was produced by merging two source PDFs, but it does not establish the required visual composition from selected pages and sections. No visual composition interaction, page selection, or section selection was observed.",Visual composition remains untested. Selection of specific pages and composition from selected sections also remain untested; the recorded output contains all pages from both source documents.,accept,,,,,
FR-008,4,not_observable,EV-04-SCEN-FR-008-09-01; EV-04-SCEN-FR-008-09-02; EV-04-SCEN-FR-008-09-04,"The evidence shows that input PDFs were merged and an assembled output file was produced with seven pages. It does not show users previewing the assembled or split result before saving or exporting; therefore, no complete required obligation was positively established.",Preview functionality and the required ordering of preview before saving or exporting remain untested. The produced output file does not establish that a preview was available or displayed beforehand.,accept,,,,,
FR-009,4,observed_partial,EV-04-SCEN-FR-009-10-01; EV-04-SCEN-FR-009-10-04,"The system successfully applied a 90-degree rotation to the selected pages, establishing the rotating adjustment branch. The output contained only pages 1, 2, 5, and 6 from the six-page input, establishing removal of pages 3 and 4. No evidence demonstrates rearranging items or that these adjustments are available specifically during preview or are obvious during review.",Rearranging items remains untested. The recorded command and output do not establish a preview/review context or the required obviousness of the available adjustments.,accept,,,,,
FR-010,4,not_observable,EV-04-SCEN-FR-010-11-01; EV-04-SCEN-FR-010-11-04,"The evidence shows two PDFs being combined into a seven-page output in whole-file order, but this was performed through a command-line invocation rather than a graphical workflow. No complete required graphical operation is positively established.","The evidence does not demonstrate adding PDFs through the graphical workflow, removing items, reordering pages, or reordering whole files.",accept,,,,,
FR-011,4,not_observable,EV-04-SCEN-FR-011-12-01; EV-04-SCEN-FR-011-12-04,"The command successfully produced a seven-page merged PDF, and the recorded page observations show its page sequence. This establishes the output sequence, but does not establish that a visual composition preview was provided before saving.","Whether the system provides a visual, page-by-page preview before saving is untested.",accept,,,,,
FR-012,4,not_observable,EV-04-SCEN-FR-012-13-01; EV-04-SCEN-FR-012-13-04,"The produced PDF contains text labels such as ""a.pdf:1"" and ""b.pdf:1"" on its pages, but those labels were embedded into the input files during preparation. The evidence does not show that the system displayed each page's source file in a composition preview.",Whether the composition preview shows the source file for each page remains untested.,accept,,,,,
FR-013,4,not_observable,EV-04-SCEN-FR-013-14-01; EV-04-SCEN-FR-013-14-02; EV-04-SCEN-FR-013-14-04,"The evidence shows that pages 1-2 and 5-6 were selected and produced in an output PDF, but it does not show a preview indicating which pages were included or left out. No complete required obligation was positively established.","Whether the system displays included and excluded pages in a preview remains untested and unknown; the recorded output is an extracted PDF, not evidence of a preview display.",accept,,,,,
FR-014,4,not_observable,EV-04-SCEN-FR-014-15-01; EV-04-SCEN-FR-014-15-04,"The evidence shows a command producing a reordered PDF with pages ordered 3, 1, 2, 4, but it does not establish that users can rearrange items directly in a preview before saving. It also does not show removal of an item.","The preview interaction, user-directed rearrangement before saving, and item removal behavior remain untested.",accept,,,,,
FR-015,4,not_observable,EV-04-SCEN-FR-015-16-01,No observation was recorded for the scenarios of this requirement.,"The recorded CLI command does not observe the requested graphical preview, zoom, keyboard focus, or screen-reader behavior. Missing observation: The page is redrawn at a larger scale, making text and page details visibly bigger while remaining within the preview view. The target action was not executed; this is an observation limitation, not a software failure.",accept,,,,,
FR-016,4,not_observable,,"The evidence shows a PDF merge producing a seven-page file, but no page-by-page inspection or stepping operation was observed. No complete required obligation was established.",Whether the system supports stepping through pages one by one during inspection remains untested.,accept,,,,,
FR-017,4,not_observable,EV-04-SCEN-FR-017-18-01; EV-04-SCEN-FR-017-18-02; EV-04-SCEN-FR-017-18-03; EV-04-SCEN-FR-017-18-04,"The evidence shows creation and extraction of a one-page PDF, but it does not demonstrate opening a page in a larger view for closer inspection. No complete required behavior was positively or negatively established.",The larger-view interaction and its closer-inspection outcome were not exercised or observed.,accept,,,,,
FR-018,4,not_observable,EV-04-SCEN-FR-018-19-01; EV-04-SCEN-FR-018-19-03,"No complete page-range splitting or section-extraction operation was observed. The command failed with return code 1 and 'Sequence index out of range' before a successful split result was recorded, so no required capability branch was positively or negatively established.",Splitting after specified pages and extracting selected sections into separate files remain untested because the command did not produce a successful tool execution or output files.,accept,,,,,
FR-019,4,observed_partial,EV-04-SCEN-FR-019-20-01; EV-04-SCEN-FR-019-20-02,"The evidence shows split boundaries being supplied as two different range configurations, 1-3;4-6 and 1-4;5-6, and both split operations completed successfully before output files were produced. This positively establishes adjustment of split boundaries and creation of output for the tested command-line workflow.",The evidence does not show a preview interface or demonstrate that users can adjust boundaries within a preview before creating output. It only demonstrates command-line range changes followed by output creation.,accept,,,,,
FR-020,4,not_observable,EV-04-SCEN-FR-020-21-01; EV-04-SCEN-FR-020-21-02; EV-04-SCEN-FR-020-21-03,No required preview behavior is established. The split command failed with a sequence-index error for a requested range extending beyond the six-page input; this does not show whether a resulting split preview presents files in creation order with clear page ranges and included pages.,"Preview order, page ranges, and included pages for each resulting file remain untested.",accept,,,,,
FR-021,4,observed_partial,EV-04-SCEN-FR-021-22-01; EV-04-SCEN-FR-021-22-04,"The system successfully produced an exported PDF from selected pages in the requested order: pages 3, 1, 2, and 4 appear as pages 1, 2, 3, and 4 in the output. This positively establishes preserving the intended order before export.","The evidence shows a command-line extraction operation, not visually building a new output from selected sections through a visual interface. The visual-building obligation remains untested.",accept,,,,,
FR-022,4,observed_partial,EV-04-SCEN-FR-022-23-01; EV-04-SCEN-FR-022-23-04,"The user-chosen interleave pattern was exercised with two source documents. The produced seven-page PDF alternates pages from a.pdf and b.pdf, then includes a.pdf's remaining page, positively establishing alternating page sequences from multiple documents according to the selected pattern.",Only the interleave pattern with two source documents was observed; other user-chosen patterns remain untested.,accept,,,,,
FR-023,4,observed_satisfied,EV-04-SCEN-FR-023-24-01; EV-04-SCEN-FR-023-24-04,"The interleaving operation completed successfully, and the resulting seven-page document preserves the original order from each source: a.pdf pages 1, 2, 3, 4 appear in that order, and b.pdf pages 1, 2, 3 appear in that order.",,accept,,,,,
FR-024,4,observed_partial,EV-04-SCEN-FR-024-25-01; EV-04-SCEN-FR-024-25-04,"The system produced pages in alternating order while both sources had pages available, then continued with the remaining pages from a.pdf after short.pdf ran out: a.pdf:1, short.pdf:1, a.pdf:2, short.pdf:2, a.pdf:3, a.pdf:4. This positively establishes the alternating behavior and the continue-with-remaining-pages mode.","The stop mode, in which processing ends when one source runs out, was not exercised or observed.",accept,,,,,
FR-025,4,observed_unsatisfied,EV-04-SCEN-FR-025-26-01; EV-04-SCEN-FR-025-26-03; EV-04-SCEN-FR-025-26-04,"The missing-page operation failed with ""Sequence index out of range"" and produced no output file, so available pages were not preserved when the requested source page was missing. No distinct required obligation was positively established.",The evidence does not show that the system flags the missing source page or otherwise records a gap during interleaving.,accept,,,,,
FR-026,4,observed_satisfied,EV-04-SCEN-FR-026-27-01; EV-04-SCEN-FR-026-27-04,"The merge command explicitly supplies source a.pdf more than once with interleaving enabled, and the produced 11-page PDF shows a.pdf pages repeated throughout the interleaved output. This demonstrates that a source can be selected to repeat more than once during assembly.",,accept,,,,,
FR-027,4,observed_unsatisfied,EV-04-SCEN-FR-027-28-01; EV-04-SCEN-FR-027-28-04,"A PDF extraction request included page 1 twice, but the output contains only three pages labeled a.pdf:1, a.pdf:2, and a.pdf:3. The preview evidence does not show a flag identifying the duplicate or a mismatch; the repeated page appears to have been omitted, so automatic correction rather than flagging is indicated. This violates the requirement.","No preview interface or warning details were captured, so it is unknown whether a separate preview flagged the duplicate before producing this output.",accept,,,,,
FR-028,4,observed_unsatisfied,EV-04-SCEN-FR-028-29-01; EV-04-SCEN-FR-028-29-02; EV-04-SCEN-FR-028-29-03; EV-04-SCEN-FR-028-29-04,"The system successfully interleaved portrait pages sized 200x300 with landscape pages sized 300x200, producing an 8-page mixed-size document. The recorded output contains only the output path, and the recorded standard error is empty; no warning, recommendation, or other steering away from interleaving is shown despite the incompatible page sizes.","The evidence does not exercise booklet-like layouts separately or show a visual rendering of how the mixed document breaks, but the incompatible-page-size condition is directly observed.",accept,,,,,
FR-029,4,observed_partial,EV-04-SCEN-FR-029-30-01; EV-04-SCEN-FR-029-30-02; EV-04-SCEN-FR-029-30-04,"The system successfully performed a controlled interleaving of two mismatched PDFs using the --interleave operation, producing an eight-page output with alternating pages from each input. This positively establishes the allowed interleaving branch for a mismatch treated as a risk rather than a hard blocker.",No recorded evidence shows a warning for the mismatch or a strong preview of the proposed merge. The output file confirms the merge result but does not establish either of those required accompanying behaviors.,accept,,,,,
FR-030,4,observed_partial,EV-04-SCEN-FR-030-31-01; EV-04-SCEN-FR-030-31-02; EV-04-SCEN-FR-030-31-04,"The source documents were successfully loaded and used to produce a saved two-page PDF sequence, with page 1 from a.pdf followed by page 1 from b.pdf. This positively establishes the loading and resulting sequence production portion.","No evidence shows a preview of the resulting alternating page sequence before saving, and the recorded output does not establish that a preview was displayed or that the full alternating-pages workflow was exercised.",accept,,,,,
FR-031,4,not_observable,EV-04-SCEN-FR-031-32-01; EV-04-SCEN-FR-031-32-02; EV-04-SCEN-FR-031-32-03; EV-04-SCEN-FR-031-32-04,"The evidence shows that selected pages and a 90-degree rotation were applied to produce a four-page PDF, but it does not establish a preview or a user confirmation step before saving. No complete required obligation is positively established.","There is no recorded preview showing page order, included sections, and rotations, and no evidence that users can confirm those choices before the final PDF is saved.",accept,,,,,
FR-032,4,not_observable,EV-04-SCEN-FR-032-33-01; EV-04-SCEN-FR-032-33-03,"The preparation and split command failed with return code 1 and the error ""Sequence index out of range"" before any split preview or correction operation was observed. No complete required obligation or condition branch was established positively or negatively.",The evidence does not show users adjusting a wrong boundary or restoring an omitted page directly in the split preview.,accept,,,,,
FR-033,4,not_observable,EV-04-SCEN-FR-033-34-01; EV-04-SCEN-FR-033-34-02; EV-04-SCEN-FR-033-34-04,"The evidence shows that a replacement PDF was supplied directly to the merge command and an output file was produced, but it does not show a missing, moved, renamed, or replaced source being identified and relinked by the system before export. No complete relinking obligation is positively established.","The missing-source condition, user relinking action, and successful continuation of the export using the relinked source remain untested.",accept,,,,,
FR-034,4,not_observable,EV-04-SCEN-FR-034-35-01; EV-04-SCEN-FR-034-35-02; EV-04-SCEN-FR-034-35-04,"The evidence shows a replacement PDF supplied directly by a command and a relinked output file produced successfully, but it does not demonstrate that users can browse for a new file when relinking a source item.",The file-browsing interaction and its availability during source-item relinking remain untested.,accept,,,,,
FR-035,4,not_observable,EV-04-SCEN-FR-035-36-01; EV-04-SCEN-FR-035-36-03; EV-04-SCEN-FR-035-36-04,"None of the evidence exercises reopening a saved project, handling a broken source file, or verifying that unaffected assembly parts remain usable. The recorded failure concerns a missing PDF input and does not establish a failure of the stated assembly behavior.",The required reopen scenario and the usability of unaffected parts after one source file is broken remain untested.,accept,,,,,
FR-036,4,not_observable,EV-04-SCEN-FR-036-37-01; EV-04-SCEN-FR-036-37-02; EV-04-SCEN-FR-036-37-04,"The evidence shows that a replacement PDF with seven pages was produced after preparing an original four-page file, but it does not demonstrate remapping affected pages, reordering pages, or removing and re-adding a problematic section.","The required remap, reorder, and remove-and-re-add operations after a relinked file changes page count or order remain untested.",accept,,,,,
FR-037,4,not_observable,EV-04-SCEN-FR-037-38-01; EV-04-SCEN-FR-037-38-02; EV-04-SCEN-FR-037-38-03; EV-04-SCEN-FR-037-38-04,"The produced PDF contains repeated page instances, including duplicated pages from a.pdf, but no recorded edit operation or other evidence demonstrates that each repeated instance is independently editable in the workspace. No complete required obligation is positively established.",Independent editability of each repeated instance remains untested and unknown; preserving duplicate instances in the output alone does not establish that they can be edited independently.,accept,,,,,
FR-038,4,not_observable,EV-04-SCEN-FR-038-39-04,"The evidence shows that a PDF merge produced an 11-page output, but it does not exercise changing one repeated instance's position, rotation, or inclusion independently of other repetitions. No required branch is established positively or negatively.","Independent per-instance changes to position, rotation, and inclusion remain untested.",accept,,,,,
FR-039,4,not_observable,EV-04-SCEN-FR-039-40-01; EV-04-SCEN-FR-039-40-03; EV-04-SCEN-FR-039-40-04,"The evidence shows a missing input file causing a command failure and an explicit file-not-found error, but it does not demonstrate that broken links are identified or made obvious in the workspace.","No workspace link, broken-link indicator, warning, or other user-visible notification was observed.",accept,,,,,
FR-040,4,not_observable,EV-04-SCEN-FR-040-41-01; EV-04-SCEN-FR-040-41-02; EV-04-SCEN-FR-040-41-03; EV-04-SCEN-FR-040-41-04,"The evidence shows that a replacement PDF was merged into an output file, but it does not show an item previously added to an assembly, preserved source references or replacement information, or a user reselecting or replacing that item. No complete required obligation or condition branch was established.","Preservation of source references or equivalent replacement information remains untested, as does the user's ability to replace or reselect an already-added assembly item.",accept,,,,,
FR-041,4,observed_unsatisfied,EV-04-SCEN-FR-041-42-01; EV-04-SCEN-FR-041-42-04,"The command requested pages 1,1,2,3, including page 1 twice, but the produced assembly contained only three pages with observations a.pdf:1, a.pdf:2, and a.pdf:3. The requested repetition count was therefore not honored.",No successful execution demonstrates that users can select pages to repeat with an exact repeat count.,accept,,,,,
FR-042,4,not_observable,EV-04-SCEN-FR-042-43-01; EV-04-SCEN-FR-042-43-02; EV-04-SCEN-FR-042-43-04,"No complete required obligation is established. The command requested pages 1,1,2,3, but the produced PDF contained only three pages with sequence 1,2,3, so the recorded export did not preserve the requested duplicate. The evidence does not show a user visually duplicating a page or page range or adjusting sequence in a workspace.","Visual duplication, sequence adjustment in the workspace, and the resulting pre-export workflow remain untested. The command-line extraction evidence does not establish the required visual workspace capability.",accept,,,,,
FR-043,4,not_observable,EV-04-SCEN-FR-043-44-01; EV-04-SCEN-FR-043-44-02; EV-04-SCEN-FR-043-44-03,"The evidence shows a PDF being split into output files in a directory named ws_saved, but it does not establish that users can save a reusable workspace or project file, nor that the saved file can later be restored.","No restoration or reopening operation is recorded, and the generated PDF outputs are not shown to be reusable workspace or project files.",accept,,,,,
FR-044,4,not_observable,EV-04-SCEN-FR-044-45-01; EV-04-SCEN-FR-044-45-02; EV-04-SCEN-FR-044-45-04,"No complete restore-from-saved-workspace obligation or condition branch was positively established. The evidence only shows a merge command producing a seven-page PDF with the source page order preserved; this is contextual evidence of a merge operation, not restoration of a saved workspace.","There is no observed saved-workspace creation or loading, nor evidence that restoration preserves layout, file selections, page order from saved state, split or merge structure, page ranges, rotations, repetitions, merge settings, or other layout choices.",accept,,,,,
FR-045,4,not_observable,EV-04-SCEN-FR-045-46-01; EV-04-SCEN-FR-045-46-02; EV-04-SCEN-FR-045-46-04,"The evidence shows PDFs being merged into a seven-page output file, but it does not show loading a saved workspace or project file or restoring a document list or output settings. No complete required obligation or condition branch was positively or negatively established.",Restoration from a saved workspace or project file was not exercised. There is no evidence that the document list was restored or that output settings were restored.,accept,,,,,
FR-046,4,not_observable,EV-04-SCEN-FR-046-47-01; EV-04-SCEN-FR-046-47-03; EV-04-SCEN-FR-046-47-04,"No complete required obligation or condition branch was established. The command detected that a missing input file could not be read, but it did not exercise keeping file references as paths or detecting a moved, changed, or missing source when reopening a saved project.","The evidence does not show a saved project being created or reopened, path references being preserved, or detection of moved or changed sources. The missing-file merge failure is unrelated to the required reopen behavior.",accept,,,,,
FR-047,4,not_observable,EV-04-SCEN-FR-047-48-01; EV-04-SCEN-FR-047-48-03; EV-04-SCEN-FR-047-48-04,"The evidence shows a missing input file causing a command error, but it does not exercise a saved workflow or demonstrate a clear user warning and preservation of the saved file. No complete required obligation is established positively or negatively.","Whether a saved workflow detects missing, changed, or unavailable settings or sources, clearly warns the user, and preserves the saved file intact remains untested.",accept,,,,,
FR-048,4,not_observable,EV-04-SCEN-FR-048-49-01; EV-04-SCEN-FR-048-49-03; EV-04-SCEN-FR-048-49-04,"None of the evidence exercises opening a saved project, marking broken sources as broken, or making them ready to relink. The recorded command only fails because a PDF source file is missing.",The saved-project opening behavior and both required broken-source states remain untested and unknown.,accept,,,,,
FR-049,4,observed_partial,EV-04-SCEN-FR-049-50-01; EV-04-SCEN-FR-049-50-02; EV-04-SCEN-FR-049-50-04,"The merge operation successfully saved the final output to the explicitly chosen location and filename `rq3out/merged.pdf`, demonstrating the user-chosen save capability.","The evidence does not establish that choosing the output location and name is available by default without explicitly supplying the `-o` option, nor does it show an interactive or default save flow.",accept,,,,,
FR-050,4,not_observable,EV-04-SCEN-FR-050-51-01; EV-04-SCEN-FR-050-51-02; EV-04-SCEN-FR-050-51-03; EV-04-SCEN-FR-050-51-04,"The evidence shows a PDF merge command successfully saving output to rq3out/merged.pdf, but it does not show that the system remembered or reused the last folder used for saving.","No repeated save operation, folder persistence state, or subsequent default save-folder behavior was observed.",accept,,,,,
FR-051,4,observed_unsatisfied,EV-04-SCEN-FR-051-52-01; EV-04-SCEN-FR-051-52-02; EV-04-SCEN-FR-051-52-03; EV-04-SCEN-FR-051-52-04,"The same merge operation was run twice with the existing output path rq3out/dup.pdf, and both invocations succeeded while reporting the unchanged filename. No prompt, auto-numbering, or alternate naming pattern prevented the second run from targeting the existing file, demonstrating an overwrite-avoidance failure.","No separate positive test of another file-creation workflow or naming configuration was recorded, but the exercised repeated-output case violates the requirement.",accept,,,,,
FR-052,4,observed_satisfied,EV-04-SCEN-FR-052-53-01; EV-04-SCEN-FR-052-53-02,"The split operation completed successfully for the original file multi.pdf, producing multiple outputs named multi_split_001.pdf through multi_split_006.pdf. This demonstrates a sensible default naming pattern based on the original file name and split sequence.",,accept,,,,,
FR-053,4,not_observable,EV-04-SCEN-FR-053-54-01; EV-04-SCEN-FR-053-54-02; EV-04-SCEN-FR-053-54-03; EV-04-SCEN-FR-053-54-04,The evidence shows that the system successfully merged two PDF inputs into a seven-page output. No split operation or manual renaming of split outputs was exercised.,The required ability for users to manually rename split outputs remains untested.,accept,,,,,
FR-054,4,observed_satisfied,EV-04-SCEN-FR-054-55-01; EV-04-SCEN-FR-054-55-02,"When no output name was specified, the split operation completed successfully and derived the predictable output names ""multi_split_001.pdf"" through ""multi_split_006.pdf"" from the input ""multi.pdf"".","The evidence demonstrates default naming for this input and split operation, but does not establish behavior for other input names or output-producing operations.",accept,,,,,
FR-055,4,not_observable,EV-04-SCEN-FR-055-56-01; EV-04-SCEN-FR-055-56-02,"The split operation produced outputs in the explicitly supplied CLI directory `rq3out/split_default`, but the evidence does not establish that this directory was configured in a profile or that the default-output behavior was exercised.","The same-folder default branch was not tested, and no profile-defined output folder was observed. Therefore, the requirement's required default or profile-conditioned behavior remains unverified.",accept,,,,,
FR-056,4,observed_partial,EV-04-SCEN-FR-056-57-01; EV-04-SCEN-FR-056-57-02,"The split operation positively demonstrates that default output filenames reflect the operation type: generated files are named with the ""_split_"" suffix.","Default filename behavior for other operation types, including merge or extraction, remains untested. The merge output used an explicitly supplied filename, ""merged.pdf"", so it does not establish the default naming behavior.",accept,,,,,
FR-057,4,observed_satisfied,EV-04-SCEN-FR-057-58-01; EV-04-SCEN-FR-057-58-02; EV-04-SCEN-FR-057-58-04,"The command-line invocation of pdf_tool.py completed successfully without any graphical-interface interaction, produced the expected merged.pdf output, and the resulting file contained the expected seven pages. This positively establishes command-line operation without requiring the graphical interface.",,accept,,,,,
FR-058,4,observed_partial,EV-04-SCEN-FR-058-59-01; EV-04-SCEN-FR-058-59-04,"The command-line interface positively demonstrates defining an input path, an output path, and selected page ranges through parameters. The command reads rq3in/multi.pdf, selects pages 1-2 and 5-6, and produces rq3out/selection.pdf containing the expected four pages.","No evidence demonstrates command-line parameters or saved job-profile settings for split and merge options, ordering controls, naming patterns, or overwrite behavior.",accept,,,,,
FR-059,4,not_observable,EV-04-SCEN-FR-059-60-01; EV-04-SCEN-FR-059-60-04,"The command-line merge completed and produced a PDF containing the selected first page from each input, establishing command-line operation with a page-selection argument. However, no reusable profile settings or runtime override of such settings is shown, so no complete required obligation is positively established.",Whether the system supports reusable profile settings and overriding them at runtime from the command line remains untested.,accept,,,,,
FR-060,4,observed_partial,EV-04-SCEN-FR-060-61-01; EV-04-SCEN-FR-060-61-03,The command was invoked without required merge parameters and failed immediately with exit code 2. The clear argparse error explicitly identifies the missing inputs and -o/--output parameters.,"No job-profile parameter case was exercised, so fail-fast handling for missing required job-profile parameters remains untested.",accept,,,,,
FR-061,4,not_observable,EV-04-SCEN-FR-061-62-01; EV-04-SCEN-FR-061-62-03; EV-04-SCEN-FR-061-62-04,"The command was rejected with the error ""invalid range: 5-1,"" but the evidence does not establish that this explicit command-line value conflicted with a default behavior. The rejection is therefore only contextual and does not positively or negatively establish the stated requirement.","No default behavior or explicit conflict between the command-line value and that default was recorded, so the required conflict-rejection branch remains untested.",accept,,,,,
FR-062,4,observed_satisfied,EV-04-SCEN-FR-062-63-01; EV-04-SCEN-FR-062-63-02; EV-04-SCEN-FR-062-63-04; EV-04-SCEN-FR-062-63-05,"The command-line operation is explicit, including input files, output paths, and the merge command. The same merge operation was executed twice successfully and produced identical 7-page output files with matching size and page contents, establishing reproducible behavior for a recurring operation.",,accept,,,,,
FR-063,4,not_observable,EV-04-SCEN-FR-063-64-01; EV-04-SCEN-FR-063-64-02; EV-04-SCEN-FR-063-64-04,"A command-line invocation using positional input files and the -o option completed successfully and produced the expected merged PDF, but this demonstrates only one successful run, not stable option names or ordering.","Stability across repeated runs and across platforms was not exercised or compared, so script-compatible consistency cannot be established.",accept,,,,,
FR-064,4,observed_partial,EV-04-SCEN-FR-064-65-01; EV-04-SCEN-FR-064-65-02; EV-04-SCEN-FR-064-65-04,"The command successfully handled an explicit page range (`1-2,5-6`), an output path (`rq3out/selection.pdf`), and the `--rotate 90` option. The produced file had the expected four selected pages, each rotated 90 degrees.","Multiple input files were not exercised; the command used only one input file. Other command-line options were also not tested beyond page selection, output path, and rotation.",accept,,,,,
FR-065,4,observed_satisfied,EV-04-SCEN-FR-065-66-01; EV-04-SCEN-FR-065-66-04,"The command successfully invoked the tool with quoted input and output paths containing spaces, and produced the expected merged PDF at the quoted output path. This positively establishes support for quoting command-line paths that contain spaces.",,accept,,,,,
FR-066,4,observed_partial,EV-04-SCEN-FR-066-67-01; EV-04-SCEN-FR-066-67-02; EV-04-SCEN-FR-066-67-04,"The PDF merge command succeeded from a shell and produced the expected seven-page output, establishing usability from a standard shell in the observed environment.","Usability from Windows shells and batch files, macOS shells, and Linux shells was not established across the required platforms; the recorded command uses Python and does not demonstrate batch-file use.",accept,,,,,
FR-067,4,not_observable,EV-04-SCEN-FR-067-68-01; EV-04-SCEN-FR-067-68-02; EV-04-SCEN-FR-067-68-03; EV-04-SCEN-FR-067-68-04,"The recorded command successfully executed the tool and produced the expected PDF output, but it invoked `pdf_tool.py` via a relative path from the workspace. This does not establish that the system is installable or that the command is available on the PATH.","No installation step, installed command name, or PATH-based invocation was recorded.",accept,,,,,
FR-068,4,observed_satisfied,EV-04-SCEN-FR-068-69-01; EV-04-SCEN-FR-068-69-04,"The system successfully processed local PDF documents and produced a merged PDF using a local command, demonstrating offline operation for local documents.",,accept,,,,,
FR-069,4,observed_partial,EV-04-SCEN-FR-069-70-01; EV-04-SCEN-FR-069-70-03; EV-04-SCEN-FR-069-70-04,"The PDF merge operation completed successfully using local input and output files, producing a valid seven-page PDF with no recorded standard-error output or network interaction. This positively demonstrates that at least one core PDF operation can run without an observed network dependency.","The evidence does not establish that network access was actively unavailable, and it does not exercise other core PDF operations that may have separate network requirements.",accept,,,,,
FR-070,4,not_observable,EV-04-SCEN-FR-070-71-01; EV-04-SCEN-FR-070-71-02; EV-04-SCEN-FR-070-71-04,"The evidence shows files were read from local paths and a merged file was produced locally, but it does not establish the system's default file-handling policy or demonstrate that files are never uploaded anywhere. No complete required obligation is positively or negatively established.","Whether files remain local by default and whether any upload occurs are untested. There is no recorded network, upload, or configuration observation.",accept,,,,,
FR-071,4,not_observable,EV-04-SCEN-FR-071-72-01; EV-04-SCEN-FR-071-72-02; EV-04-SCEN-FR-071-72-04,"The merge operation completed and produced the expected output PDF, but no evidence establishes that temporary copies were created or automatically removed after they were no longer needed. No complete cleanup obligation was positively or negatively observed.","Temporary-copy creation, the point at which copies were no longer needed, and post-operation cleanup or retention state remain untested.",accept,,,,,
FR-072,4,observed_partial,EV-04-SCEN-FR-072-73-01; EV-04-SCEN-FR-072-73-02; EV-04-SCEN-FR-072-73-04,"The merge operation wrote a new file at rq3out/copy.pdf, and the recorded source hash for rq3in/a.pdf remained unchanged across that operation. This positively establishes writing the demonstrated change to a new output file.","The evidence does not exercise the system's default behavior when an operation would otherwise modify a source PDF in place. The source was modified in place by the test setup helper before the tool operation, so prevention of in-place modification by the delivered system remains untested.",accept,,,,,
FR-073,4,observed_unsatisfied,EV-04-SCEN-FR-073-74-01; EV-04-SCEN-FR-073-74-04,"The command writes the generated PDF to rq3in/g.pdf and then invokes the merge operation with rq3in/g.pdf as both the input and output path, successfully editing the source PDF in place. This directly violates the requirement's prohibition.",,accept,,,,,
FR-074,4,not_observable,EV-04-SCEN-FR-074-75-01; EV-04-SCEN-FR-074-75-04,"The evidence shows that the system merged the input PDF files and produced a seven-page output, but it does not establish an advanced mode or demonstrate that working directly on originals requires an explicit opt-in.","Whether the advanced mode exists, is explicit, and is opt-in remains untested.",accept,,,,,
FR-075,4,not_observable,EV-04-SCEN-FR-075-76-01; EV-04-SCEN-FR-075-76-02; EV-04-SCEN-FR-075-76-04,"The evidence shows that a PDF merge operation completed successfully and produced a valid seven-page output file, but it does not identify the operating system on which the software ran. No complete Windows, macOS, or Linux compatibility branch is positively established.","Execution evidence for Windows, macOS, and Linux is absent or unidentified, so cross-platform operation cannot be assessed.",accept,,,,,
FR-076,4,not_observable,EV-04-SCEN-FR-076-77-01; EV-04-SCEN-FR-076-77-02; EV-04-SCEN-FR-076-77-04,"The evidence shows a local command successfully executed a PDF merge and produced an output file, but it does not exercise downloading or installing the system locally, nor does it establish that no server or cloud account is needed.","Ease of download, ease of local installation, and operation without a server or cloud account remain untested.",accept,,,,,
FR-077,4,not_observable,EV-04-SCEN-FR-077-78-01; EV-04-SCEN-FR-077-78-02; EV-04-SCEN-FR-077-78-03,"The recorded commands show that an evaluable workspace artifact exists, but they do not establish that the system is open source. No source-license, repository, or explicit open-source evidence was observed.",Open-source status remains untested and unknown.,accept,,,,,
FR-078,4,observed_partial,EV-04-SCEN-FR-078-79-01; EV-04-SCEN-FR-078-79-02; EV-04-SCEN-FR-078-79-04,"The PDF merge operation completed successfully using locally generated files and produced a valid seven-page output, with no recorded cloud-service interaction or cloud-dependent failure. This positively covers the exercised merge functionality operating locally without a forced cloud service dependency.",The evidence does not inspect the system's dependency or bundled-component set and does not establish that all other functionality avoids dependencies that force a cloud service dependency.,accept,,,,,
FR-079,4,not_observable,EV-04-SCEN-FR-079-80-01; EV-04-SCEN-FR-079-80-02,"The recorded dependency list shows pypdf and pytest, but it does not establish that bundled components have clear licensing or lack non-commercial restrictions.","Licensing terms, component bundling details, and any review or restriction status remain untested and unknown.",accept,,,,,
FR-080,4,not_observable,,None of the recorded evidence demonstrates that the system provides a clear statement about not inspecting or sharing content beyond what is needed for PDF operations. The evidence only shows a directory listing command and its output/error.,The required privacy statement and its content were not observed.,accept,,,,,
FR-081,4,not_observable,EV-04-SCEN-FR-081-82-01; EV-04-SCEN-FR-081-82-02,"The PDF split operation completed successfully and produced six output files, but the evidence does not show any progress indication or user-visible signal that the longer-running job had not stalled.",Progress reporting and stall-awareness feedback during the operation were not observed.,accept,,,,,
FR-082,4,not_observable,EV-04-SCEN-FR-082-83-01; EV-04-SCEN-FR-082-83-02; EV-04-SCEN-FR-082-83-03,"The evidence shows that a 60-page PDF was successfully split, but it does not show that processing took unusually long or that the system warned the user.","The processing duration, threshold for unusually long processing, and any warning or notification are unobserved.",accept,,,,,
FR-083,4,observed_satisfied,EV-04-SCEN-FR-083-84-01; EV-04-SCEN-FR-083-84-03; EV-04-SCEN-FR-083-84-04,"The system stopped the merge job with a controlled nonzero exit when it could not read the input file, and clearly explained the cause as the input file not existing. The expected output file was not produced.",,accept,,,,,
FR-084,4,not_observable,EV-04-SCEN-FR-084-85-01; EV-04-SCEN-FR-084-85-02; EV-04-SCEN-FR-084-85-03,"The recorded evidence shows a long PDF split job completing successfully and listing output files, but it does not show a simple progress bar or the current page or file being processed during the job. No complete required display obligation was positively or negatively established.","Progress-bar display during long jobs is untested, and current-page or current-file display during processing is untested.",accept,,,,,
FR-085,4,not_observable,EV-04-SCEN-FR-085-86-01; EV-04-SCEN-FR-085-86-02; EV-04-SCEN-FR-085-86-03,"The evidence shows a PDF split job completing successfully and producing output files, but it does not show the user attempting to cancel a running job or the system completing such a cancellation. No required cancellation obligation is positively or negatively established.","Cancellation of a running job remains untested, including whether the user can request cancellation and whether the running job stops as a result. The timeout command is not evidence of a user cancellation capability.",accept,,,,,
FR-086,4,not_observable,EV-04-SCEN-FR-086-87-01; EV-04-SCEN-FR-086-87-02,"The command completed and produced split output files, but no cancellation was exercised and no evidence shows how cancellation is handled or that a single output file remains uncorrupted.","Cancellation during writing, the resulting output-file state after cancellation, and output integrity were not tested or observed.",accept,,,,,
FR-087,4,not_observable,,"None of the recorded evidence exercises closing or discarding unsaved changes or open layouts, and no prompt or warning is observed.",Whether the system clearly prompts before closing unsaved changes remains untested. Whether it clearly prompts before discarding unsaved changes or open layouts also remains untested.,accept,,,,,
FR-088,4,not_observable,EV-04-SCEN-FR-088-89-01; EV-04-SCEN-FR-088-89-02; EV-04-SCEN-FR-088-89-04,"The evidence shows that two PDF inputs were merged into a seven-page output. No complete obligation or condition branch concerning multiple open layouts, unsaved changes, or separate prompting behavior was exercised.",Whether prompts for unsaved changes are handled separately for multiple open layouts remains untested and unknown.,accept,,,,,
FR-089,4,not_observable,EV-04-SCEN-FR-089-90-01; EV-04-SCEN-FR-089-90-04,None of the required behaviour was observed. The recorded operation merged two PDFs into one output; it did not show a user saving selected open layouts or discarding only chosen layouts.,The ability to selectively save and discard layouts while multiple layouts are open remains untested.,accept,,,,,
FR-090,4,not_observable,EV-04-SCEN-FR-090-91-01; EV-04-SCEN-FR-090-91-03,No required obligation was exercised. The recorded command failed because of an invalid PDF page range; it did not open a saved workflow with missing or changed options.,There is no observation of whether the system identifies affected settings to the user when such a workflow opens.,accept,,,,,
FR-091,4,not_observable,EV-04-SCEN-FR-091-92-01; EV-04-SCEN-FR-091-92-03; EV-04-SCEN-FR-091-92-04,"None of the required fallback or disabled-setting behaviour was established. The command rejected an invalid page range and produced no file, but that does not show what happened to a changed setting.","No changed setting, default value, disabled state, or subsequent correction was observed.",accept,,,,,
FR-092,4,not_observable,EV-04-SCEN-FR-092-93-01; EV-04-SCEN-FR-092-93-03; EV-04-SCEN-FR-092-93-04,"None of the required preservation behaviour was established. The merge failed because the source file was missing, and no output PDF was produced; these observations do not show whether saved project state was preserved or lost.",No saved project state was recorded before the failure or checked afterward.,accept,,,,,
FR-093,4,not_observable,EV-04-SCEN-FR-093-94-01; EV-04-SCEN-FR-093-94-02,No required obligation was established. The recorded command split a PDF and produced two PDF outputs; it did not exercise saving a workspace.,Whether the system can save a workspace as a simple project or profile file rather than a heavy packaged archive remains untested.,accept,,,,,
FR-094,4,not_observable,EV-04-SCEN-FR-094-95-01; EV-04-SCEN-FR-094-95-03; EV-04-SCEN-FR-094-95-04,"The command attempted to reference a file by path and reported that the path did not exist, but no successful reference to an existing saved workspace file was observed. Therefore, no complete required obligation was established positively.",Successful referencing of an existing saved workspace file remains untested. The evidence also does not establish that optional existence validation works for an existing file.,accept,,,,,
FR-095,4,not_observable,EV-04-SCEN-FR-095-96-01; EV-04-SCEN-FR-095-96-02; EV-04-SCEN-FR-095-96-04,"The command successfully ran the merge operation twice and produced the same output file, but no command-line option or differing overwrite setting was exercised. No complete obligation was positively established.",Whether users can override the overwrite policy via a command-line option remains untested.,accept,,,,,
FR-096,4,observed_partial,EV-04-SCEN-FR-096-97-01; EV-04-SCEN-FR-096-97-04,"The explicit page selection (1-2,5-6) and rotation value (90 degrees) were applied successfully, producing a four-page output with the requested pages and rotation. This positively establishes that explicit user values take precedence over defaults for a valid combination.","The evidence does not exercise a combination in which the explicit values would produce an invalid result, so the exception behavior is untested.",accept,,,,,
FR-097,4,not_observable,EV-04-SCEN-FR-097-98-01; EV-04-SCEN-FR-097-98-02; EV-04-SCEN-FR-097-98-04; EV-04-SCEN-FR-097-98-05,"The evidence shows two merge runs with identical inputs producing identical seven-page outputs, but both runs explicitly specify output names d1.pdf and d2.pdf. No default naming behavior for automated or recurring runs is observed, and no job-profile variation is exercised.","The default naming convention, consistency of automatically generated names for the same inputs and settings, and variation by job profile remain untested.",accept,,,,,
FR-098,4,observed_partial,EV-04-SCEN-FR-098-99-01; EV-04-SCEN-FR-098-99-02; EV-04-SCEN-FR-098-99-04,"The command-line invocation successfully accepted script-provided page-selection and rotation options and produced a four-page output containing the selected pages, positively demonstrating script-friendly split/extraction option input.","No command-line merge operation, such as combining multiple input files or supplying merge options, was exercised.",accept,,,,,
FR-099,4,observed_partial,EV-04-SCEN-FR-099-100-01; EV-04-SCEN-FR-099-100-02; EV-04-SCEN-FR-099-100-04,"The command-line operation successfully ran on local files and produced a merged PDF, positively establishing operation in a script or batch-job context on a user's machine. No evidence establishes a standalone desktop app or operation through a desktop application interface.",Standalone desktop app support remains untested and unknown.,accept,,,,,
BR-001,4,observed_satisfied,EV-04-SCEN-BR-001-101-01; EV-04-SCEN-BR-001-101-02; EV-04-SCEN-BR-001-101-04,"The merge operation produced a separate output file, rq3out/copy.pdf, while the input file rq3in/a.pdf had the same MD5 checksum before and after the merge. This positively establishes that the demonstrated default merge operation did not modify the original PDF in place.",,accept,,,,,
BR-002,4,observed_partial,EV-04-SCEN-BR-002-102-01; EV-04-SCEN-BR-002-102-04,"Local document processing is positively established: locally created PDF files were merged by pdf_tool.py into a local output file, producing the expected seven-page result. No remote service or upload is shown in the recorded execution.","The evidence does not establish that files are never uploaded to a remote service, because it contains no network observation, request trace, or equivalent proof covering the no-upload restriction.",accept,,,,,
BR-003,4,not_observable,EV-04-SCEN-BR-003-103-01; EV-04-SCEN-BR-003-103-02; EV-04-SCEN-BR-003-103-04,"The merge operation completed successfully and produced the expected seven-page output file. However, the evidence does not establish how long the temporary input data or intermediate data was retained, so no retention-duration obligation is positively or negatively established.",Retention and deletion of temporary data after the operation remain untested; no evidence shows that temporary data was removed when no longer needed or retained beyond that point.,accept,,,,,
BR-004,4,observed_partial,EV-04-SCEN-BR-004-104-01; EV-04-SCEN-BR-004-104-03; EV-04-SCEN-BR-004-104-04,"The protected-PDF branch was exercised: the merge command encountered an encrypted PDF, failed with an explicit error, and reported ""File has not been decrypted"" rather than failing silently.",The separate unreadable-PDF branch was not exercised.,accept,,,,,
BR-005,4,observed_partial,EV-04-SCEN-BR-005-105-01; EV-04-SCEN-BR-005-105-03; EV-04-SCEN-BR-005-105-04,"The command encountered an unreadable PDF, emitted read-error messages, exited with code 1, and produced no output file, positively establishing that the default behavior stops on a serious read error.",No evidence establishes that a protected PDF with inspectable parts produces a warning; the locked PDF branch is not demonstrated.,accept,,,,,
BR-006,4,not_observable,EV-04-SCEN-BR-006-106-01; EV-04-SCEN-BR-006-106-02; EV-04-SCEN-BR-006-106-04,"The run successfully merged the input to the explicit output path rq3out/dup.pdf twice, and the produced file contains the expected four pages. This establishes that the explicit output value was accepted in this run; no conflict with a default behavior is shown, so no complete required branch is established.","Untested whether an explicit user value prevails when it conflicts with a default, for either a command-line run or a saved job profile, and whether an invalid combination is correctly excepted.",accept,,,,,
BR-007,4,observed_satisfied,EV-04-SCEN-BR-007-107-01; EV-04-SCEN-BR-007-107-03; EV-04-SCEN-BR-007-107-04,"The tool stopped cleanly with return code 1 when it could not read the missing input file, and it explained why with the error message indicating that 'rq3in/missing.pdf' does not exist. The expected output file was not produced.",,accept,,,,,
BR-008,4,not_observable,EV-04-SCEN-BR-008-108-01; EV-04-SCEN-BR-008-108-04,"Interleaving was successfully performed on two four-page PDFs with different page orientations, producing an alternating eight-page document. The evidence does not establish that this mismatch would clearly break the document, so no required branch is positively shown as met or violated.","Whether the orientation mismatch clearly breaks the document, and whether interleaving is avoided in that condition, remain untested.",accept,,,,,
BR-009,4,observed_satisfied,EV-04-SCEN-BR-009-109-01; EV-04-SCEN-BR-009-109-04,"The command explicitly supplies rq3in/a.pdf twice in the interleaving input list, demonstrating an explicit user choice to repeat the source. The resulting 11-page output confirms that the repeated source was included in the interleaving.",,accept,,,,,
BR-010,4,observed_satisfied,EV-04-SCEN-BR-010-110-01; EV-04-SCEN-BR-010-110-04,"The merge operation completed successfully, and the produced PDF contains all 11 pages in the selected order: a.pdf pages 1-4, b.pdf pages 1-3, then the repeated a.pdf pages 1-4. This demonstrates that intentional duplicate inputs were preserved without collapsing repeats or changing their order.",,accept,,,,,
BR-011,4,not_observable,EV-04-SCEN-BR-011-111-01; EV-04-SCEN-BR-011-111-02; EV-04-SCEN-BR-011-111-03,"The recorded requirements.txt lists pypdf and pytest, but the evidence does not establish their licensing clarity, commercial-use restrictions, or cloud-service dependencies. No complete compliance or violation branch is positively established.","The licensing terms and commercial restrictions of the bundled components are untested, and no evidence assesses whether either component depends on a cloud service.",accept,,,,,
BR-012,4,not_observable,EV-04-SCEN-BR-012-112-01; EV-04-SCEN-BR-012-112-02,"The dependency file lists pypdf and pytest, but the evidence does not establish that these dependencies are clearly permissive or that the packaging imposes no extra legal burden.","Dependency license terms, transitive dependencies, packaging metadata, and any legal-burden assessment remain untested or unknown.",accept,,,,,
DI-001,4,observed_partial,EV-04-SCEN-DI-001-113-01; EV-04-SCEN-DI-001-113-02; EV-04-SCEN-DI-001-113-04,"The CLI successfully accepted an explicit page range (`1-2,5-6`), an output path (`-o rq3out/selection.pdf`), and an option (`--rotate 90`), producing the expected four-page output with 90-degree rotation.",Multiple input file acceptance was not exercised; the recorded command used only one input file.,accept,,,,,
DI-002,4,not_observable,EV-04-SCEN-DI-002-114-01; EV-04-SCEN-DI-002-114-02; EV-04-SCEN-DI-002-114-04,"The CLI operation succeeded and produced the expected merged PDF, but the command was invoked as `python3 pdf_tool.py` using a script path rather than as an installed command resolved through PATH. No complete positive or negative observation of PATH command availability was recorded.",Whether the CLI command is available and executable via PATH remains untested.,accept,,,,,
DI-003,4,not_observable,EV-04-SCEN-DI-003-115-01; EV-04-SCEN-DI-003-115-02; EV-04-SCEN-DI-003-115-04,"The merge succeeded with quoted input and output paths containing spaces and produced the expected four-page PDF. This establishes that the invocation worked in the recorded environment, but the evidence does not identify that environment as Windows, macOS, or Linux. Therefore, none of the named-platform branches or cross-platform consistency is established.","Windows-, macOS-, and Linux-specific path and quoting behavior, and equivalent behavior across those platforms, remain untested or unknown.",accept,,,,,
DI-004,4,not_observable,EV-04-SCEN-DI-004-116-01; EV-04-SCEN-DI-004-116-02; EV-04-SCEN-DI-004-116-04,"The evidence shows two input documents were merged into a seven-page PDF, establishing only an output artifact reflecting a document-list/page operation. It does not establish that a saved workspace stores any state for later reloading, and no complete required storage obligation is positively or negatively demonstrated.","Document lists, page operations, output settings, and layout or composition choices were not shown to be saved in a workspace or successfully reloaded later.",accept,,,,,
DI-005,4,not_observable,EV-04-SCEN-DI-005-117-01; EV-04-SCEN-DI-005-117-03; EV-04-SCEN-DI-005-117-04,"No complete required obligation was established. The evidence shows a command attempting to read a missing file path and reporting that it does not exist, but it does not show a saved project storing file references as paths or validating persisted references.","Storage of file references in the saved project remains untested. Validation of referenced files as part of saved-project behavior also remains untested; the observed missing-file error is from a merge command, not saved-project validation.",accept,,,,,
DI-006,4,not_observable,EV-04-SCEN-DI-006-118-01,No observation was recorded for the scenarios of this requirement.,"The recorded CLI command does not observe the requested graphical preview, zoom, keyboard focus, or screen-reader behavior. Missing observation: The preview offers a side-by-side or thumbnail comparison of the relinked file versus the prior source, helping the user verify the replacement visually. The target action was not executed; this is an observation limitation, not a software failure.",accept,,,,,
QR-001,4,not_observable,EV-04-SCEN-QR-001-119-01; EV-04-SCEN-QR-001-119-04,"A normal-sized merge job completed successfully and produced the expected seven-page output, but no execution duration was recorded. Therefore, no complete near-instant or within-fifteen-seconds performance obligation is positively established.","The evidence does not record elapsed time, so it cannot establish whether the merge completed within a few seconds or exceeded the ten-to-fifteen-second threshold. Split-job performance is also untested.",accept,,,,,
QR-002,4,not_observable,EV-04-SCEN-QR-002-120-01; EV-04-SCEN-QR-002-120-02; EV-04-SCEN-QR-002-120-03,"The 60-page PDF split command completed successfully and listed six output files, but no visible progress indicator or other user-facing progress output was recorded. No required progress behavior is established as met or violated.",Whether the system shows visible progress during longer runs remains untested; the captured output does not show the operation's intermediate state.,accept,,,,,
QR-003,4,observed_satisfied,EV-04-SCEN-QR-003-121-01; EV-04-SCEN-QR-003-121-02,"A 60-page combined PDF was successfully processed by the system's split operation, which completed with exit code 0 and produced six output documents. This positively demonstrates reasonable handling of an occasional larger combined document.",,accept,,,,,
QR-004,4,not_observable,EV-04-SCEN-QR-004-122-01,No observation was recorded for the scenarios of this requirement.,"The recorded CLI command does not observe the requested graphical preview, zoom, keyboard focus, or screen-reader behavior. Missing observation: The preview clearly shows page order, rotation, omitted or included pages, and visible layout details well enough for the user to confirm the assembly visually. The target action was not executed; this is an observation limitation, not a software failure.",accept,,,,,
QR-005,4,not_observable,EV-04-SCEN-QR-005-123-01,No observation was recorded for the scenarios of this requirement.,"The recorded CLI command does not observe the requested graphical preview, zoom, keyboard focus, or screen-reader behavior. Missing observation: The preview is rendered at sufficient resolution for the user to read scanned text, inspect form structure, and verify layout details without obvious blurring or pixelation that prevents review. The target action was not executed; this is an observation limitation, not a software failure.",accept,,,,,
QR-006,4,not_observable,EV-04-SCEN-QR-006-124-01; EV-04-SCEN-QR-006-124-02; EV-04-SCEN-QR-006-124-04,"The evidence shows that two PDFs were assembled into a seven-page output and that the resulting pages could be inspected by page count, dimensions, and source labels. These are contextual assembly and output facts, but they do not establish that users can verify the assembly before saving or avoid repeated correction cycles.","There is no evidence of a pre-save verification view or workflow, user-facing verification aids, confirmation that the assembled content is correct before saving, or reduced need for repeated corrections.",accept,,,,,
QR-007,4,observed_satisfied,EV-04-SCEN-QR-007-125-01; EV-04-SCEN-QR-007-125-02; EV-04-SCEN-QR-007-125-03; EV-04-SCEN-QR-007-125-04; EV-04-SCEN-QR-007-125-05,"The automated PDF merge workflow completed successfully with exit code 0, produced both expected output files, emitted no standard error, and generated valid seven-page PDFs. Running the same command twice produced identical file sizes, page counts, page dimensions, ordering, and extracted page text, demonstrating usability and predictable repeatability for the exercised automated run.",The evidence covers the demonstrated PDF merge workflow and does not establish behavior for other system workflows or input classes.,accept,,,,,
QR-008,4,not_observable,EV-04-SCEN-QR-008-126-01; EV-04-SCEN-QR-008-126-02; EV-04-SCEN-QR-008-126-04,"The same output path was used successfully twice, showing predictable acceptance of repeated generation, but the evidence does not establish whether the second command replaced the prior PDF, prompted or warned the user, preserved the prior file, or otherwise prevented accidental replacement. No source-file replacement scenario was exercised.","Safety against replacing a previously generated PDF remains untested, including collision handling and preservation or warning behavior. Safety against replacing the source file was also untested.",accept,,,,,
QR-009,4,not_observable,EV-04-SCEN-QR-009-127-01; EV-04-SCEN-QR-009-127-02; EV-04-SCEN-QR-009-127-03; EV-04-SCEN-QR-009-127-04,The evidence shows that a PDF merge completed successfully and produced a seven-page output file. This is contextual execution evidence only; it does not establish that work is preserved without unexpected loss or that the system prompts before discarding unsaved layouts.,"Unexpected work-loss behavior was not exercised, and no attempt to discard an unsaved layout or corresponding prompt was observed.",accept,,,,,
QR-010,4,observed_partial,EV-04-SCEN-QR-010-128-01; EV-04-SCEN-QR-010-128-02; EV-04-SCEN-QR-010-128-04; EV-04-SCEN-QR-010-128-05,"The merge script produced identical seven-page outputs across two runs, with the same page ordering and identical file sizes, positively establishing stable ordering across those observed runs.","No cross-platform execution was recorded, and the evidence does not compare or establish consistent option names. The observed commands also use the same invocation each time, so option-name stability remains untested.",accept,,,,,
QR-011,4,not_observable,EV-04-SCEN-QR-011-129-01; EV-04-SCEN-QR-011-129-02; EV-04-SCEN-QR-011-129-03,"The evidence shows a multi-page PDF split operation completed and produced six output files, but it does not show a clear progress indicator containing the current page or file and the number of pages or outputs completed out of the total. No complete required obligation is positively or negatively established.","The progress indicator behavior during the longer operation was not captured, including current-item reporting and completed-out-of-total reporting.",accept,,,,,
EX-001,4,observed_satisfied,EV-04-SCEN-EX-001-130-01; EV-04-SCEN-EX-001-130-03; EV-04-SCEN-EX-001-130-04,"A protected encrypted PDF was supplied to the merge command, which reported that the file had not been decrypted and did not produce an output PDF. This positively establishes the allowed behavior of reporting the protected PDF as unprocessable.","The alternative behavior of silently skipping the protected PDF, and selection of behavior through an explicit user choice or command-line configuration, were not separately exercised.",accept,,,,,
EX-002,4,observed_satisfied,EV-04-SCEN-EX-002-131-01; EV-04-SCEN-EX-002-131-02; EV-04-SCEN-EX-002-131-03,"The system automatically stopped with exit code 2 when the required inputs and output parameter were omitted, and the error explicitly identified both missing requirements.",,accept,,,,,
EX-003,4,observed_partial,EV-04-SCEN-EX-003-132-01; EV-04-SCEN-EX-003-132-03; EV-04-SCEN-EX-003-132-04,"The system rejected a command-line argument pointing to a non-existent file: the merge command exited with code 1, reported that the input file could not be read because it did not exist, and did not produce the output file.",Malformed argument syntax was not tested; only the non-existent-file branch was observed.,accept,,,,,
EX-004,4,not_observable,EV-04-SCEN-EX-004-133-01; EV-04-SCEN-EX-004-133-02; EV-04-SCEN-EX-004-133-03,"The split job completed successfully and produced six output files, but the evidence does not establish that the job ran unusually long on a normal-sized file or whether a user warning was issued. No complete required obligation or condition branch was positively or negatively established.","The unusually-long execution condition is unmeasured, the file's normal-sized classification is unestablished, and warning behavior is not recorded. Empty standard error and ordinary output listing do not prove that the system remained silent in all warning channels.",accept,,,,,
EX-005,4,not_observable,EV-04-SCEN-EX-005-134-01; EV-04-SCEN-EX-005-134-02; EV-04-SCEN-EX-005-134-03,"The recorded command completed successfully and produced all listed split output files, but it does not show a cancellation occurring while writing a single output file or demonstrate how an interrupted write was handled. No corruption outcome was observed.","The cancellation condition, single-output-file write, interruption handling, and resulting-file integrity remain untested.",accept,,,,,
EX-006,4,not_observable,EV-04-SCEN-EX-006-135-01; EV-04-SCEN-EX-006-135-03; EV-04-SCEN-EX-006-135-04,"No complete required obligation or condition branch was established. The evidence shows an invalid page-range input being rejected and the expected output file not being produced, but it does not exercise a saved workflow containing an unavailable or changed option or output setting, nor preservation, disabling, or defaulting of the affected part.","The required exception behavior is entirely untested: preservation of the rest of a saved workflow, and disabling or defaulting the unavailable or changed option or output setting until user correction.",accept,,,,,
EX-007,4,observed_unsatisfied,EV-04-SCEN-EX-007-136-01; EV-04-SCEN-EX-007-136-04,"The source documents had different page sizes, with one portrait document at 200x300 and one landscape document at 300x200. Despite this exception condition, the system proceeded with normal interleaving and produced an 8-page alternating output, rather than steering the user to a different workflow. This violates the differing-page-size branch of the requirement.","The booklet-like-structure branch was not tested, but the observed violation of the differing-page-size branch is sufficient to establish failure.",accept,,,,,
EX-008,4,not_observable,EV-04-SCEN-EX-008-137-01; EV-04-SCEN-EX-008-137-03; EV-04-SCEN-EX-008-137-04,"The command failed because the input file was missing and no output was produced, but the evidence does not show a saved project, a broken-file mark, or a relink operation. No complete required obligation is established positively or negatively.","It remains untested whether a missing, changed, or unreadable source in a saved project is marked broken and whether the user can relink it before export.",accept,,,,,
EX-009,4,observed_unsatisfied,EV-04-SCEN-EX-009-138-01; EV-04-SCEN-EX-009-138-02; EV-04-SCEN-EX-009-138-03; EV-04-SCEN-EX-009-138-04,"The source file was replaced with a different version whose page count changed from 4 pages to 7 pages, and export completed successfully. The recorded output contains only the exported filename, with no warning and no evidence that the user could adjust the selection before export. This establishes failure of the required warning-and-adjustment behavior for the changed-page-count condition.","A page-order-only change was not tested independently, and no interactive selection-adjustment control was observed.",accept,,,,,
EX-010,4,observed_satisfied,EV-04-SCEN-EX-010-139-01; EV-04-SCEN-EX-010-139-03,"The unprocessable source file is identified exactly as rq3in/bad.pdf, and the error explains why: the PDF stream ended unexpectedly. The message is emitted in the command's standard error after processing fails.",,accept,,,,,
FR-001,5,observed_satisfied,EV-05-SCEN-FR-001-02-01; EV-05-SCEN-FR-001-02-02,The PDF splitting capability was successfully exercised on a six-page PDF with a boundary at page 3. The command completed successfully and produced two split PDF files covering pages 1-3 and 4-6.,,accept,,,,,
FR-002,5,observed_satisfied,EV-05-SCEN-FR-002-03-01; EV-05-SCEN-FR-002-03-02; EV-05-SCEN-FR-002-03-04,"The system successfully merged the two selected input PDF files, a.pdf and b.pdf, into the new output file rq3out/merged.pdf. The resulting PDF contained all seven source pages in order, demonstrating the required file-merging capability.",,accept,,,,,
FR-003,5,observed_satisfied,EV-05-SCEN-FR-003-04-01; EV-05-SCEN-FR-003-04-02; EV-05-SCEN-FR-003-04-04,"The system successfully extracted pages 2 through 4 from a six-page PDF and produced an output PDF containing exactly those three pages, as confirmed by the page text observations.",,accept,,,,,
FR-004,5,observed_satisfied,EV-05-SCEN-FR-004-05-01; EV-05-SCEN-FR-004-05-02; EV-05-SCEN-FR-004-05-04; EV-05-SCEN-FR-004-05-05,"The system successfully produced a PDF with a page rotated -90 degrees (left) and another with a page rotated 90 degrees (right), demonstrating support for both required 90-degree rotation directions.",,accept,,,,,
FR-005,5,observed_satisfied,EV-05-SCEN-FR-005-06-01; EV-05-SCEN-FR-005-06-02; EV-05-SCEN-FR-005-06-04,"The system successfully processed a page order request of 3,1,2,4 and produced an output PDF. The recorded page observations confirm the resulting order was page 3, page 1, page 2, page 4, establishing support for reordering pages.",,accept,,,,,
FR-006,5,observed_unsatisfied,EV-05-SCEN-FR-006-07-01; EV-05-SCEN-FR-006-07-04,"The merge operation produced a four-page PDF, but the pages were ordered a.pdf:1, a.pdf:2, b.pdf:1, b.pdf:2 rather than alternating pages from the two documents. This observed output violates the required alternating-page behavior.",No successful alternating-page output was observed.,accept,,,,,
FR-007,5,observed_unsatisfied,EV-05-SCEN-FR-007-08-01; EV-05-SCEN-FR-007-08-02; EV-05-SCEN-FR-007-08-04,"The attempted workspace merge recorded the source PDFs and a merge operation, but the workspace contained no selected pages and the expected composed PDF was not produced. This is a failure of the demonstrated document-composition workflow, and no successful visual composition of selected pages or sections was established.",The evidence does not demonstrate a visual composing interface or successful composition from selected pages or sections.,accept,,,,,
FR-008,5,observed_partial,EV-05-SCEN-FR-008-09-01; EV-05-SCEN-FR-008-09-02; EV-05-SCEN-FR-008-09-04,"The merge workspace was successfully created and the preview command was invoked successfully, providing partial evidence that an assembled result can be targeted for preview. However, the recorded output does not contain any rendered or otherwise inspectable preview result, and the expected merged output file was not produced.","No actual preview content or readback is shown for the assembled result, so completion of the preview behavior is not established. Preview of split results is also untested.",accept,,,,,
FR-009,5,observed_partial,EV-05-SCEN-FR-009-10-01; EV-05-SCEN-FR-009-10-04,"The system successfully rotated selected pages by 90 degrees and produced an output containing only pages 1, 2, 5, and 6 from the six-page input, positively demonstrating lightweight rotation and removal adjustments.","No evidence demonstrates rearranging items, and the recorded command does not establish that these adjustments were available during a preview or were obvious during review.",accept,,,,,
FR-010,5,not_observable,EV-05-SCEN-FR-010-11-01; EV-05-SCEN-FR-010-11-02; EV-05-SCEN-FR-010-11-04,"The evidence shows a command-line merge of two PDFs into a seven-page output, but it does not establish that users can perform the operation through a graphical workflow. No complete obligation is positively established for adding PDFs, removing items, or reordering pages or whole files in that graphical workflow.","The graphical workflow was not exercised. PDF removal and page or whole-file reordering were not observed, and the merge command does not demonstrate those capabilities.",accept,,,,,
FR-011,5,not_observable,EV-05-SCEN-FR-011-12-01; EV-05-SCEN-FR-011-12-02; EV-05-SCEN-FR-011-12-04,"No complete required obligation or condition branch was established positively or negatively. The preview command exited successfully, but the recorded workspace output contains an empty pages list and does not show a visual, page-by-page composition preview. The expected merged PDF was also not produced.","The evidence does not demonstrate that the system renders the final page sequence visually, page by page, before saving.",accept,,,,,
FR-012,5,observed_satisfied,EV-05-SCEN-FR-012-13-02,The composition preview output shows a source file for every displayed page: pages 1-4 identify rq3in/a.pdf and pages 1-3 identify rq3in/b.pdf.,,accept,,,,,
FR-013,5,not_observable,EV-05-SCEN-FR-013-14-01; EV-05-SCEN-FR-013-14-04,"The evidence shows that pages 1, 2, 5, and 6 were selected and produced in the output PDF, but it does not show a preview displaying which pages are included or left out.","No preview or equivalent user-facing display is recorded, and pages 3 and 4 are not explicitly shown as left out in a preview.",accept,,,,,
FR-014,5,not_observable,EV-05-SCEN-FR-014-15-01; EV-05-SCEN-FR-014-15-04,"The evidence shows a command-line merge producing a reordered PDF, but it does not demonstrate rearranging or removing items directly in a preview before saving. No complete required preview interaction is positively or negatively established.","Preview-based rearrangement is untested, and item removal is untested. The evidence does not establish that the demonstrated command operates through a preview or that changes occur before saving.",accept,,,,,
FR-015,5,not_observable,EV-05-SCEN-FR-015-16-01,No observation was recorded for the scenarios of this requirement.,"The recorded CLI command does not observe the requested graphical preview, zoom, keyboard focus, or screen-reader behavior. Missing observation: The page is redrawn at a larger scale, making text and page details visibly bigger while remaining within the preview view. The target action was not executed; this is an observation limitation, not a software failure.",accept,,,,,
FR-016,5,not_observable,EV-05-SCEN-FR-016-17-01; EV-05-SCEN-FR-016-17-02; EV-05-SCEN-FR-016-17-04,No complete obligation or condition branch for stepping through pages one by one during inspection was positively or negatively established. The evidence only shows workspace creation and a preview command whose recorded page list is empty; the merged PDF was not produced.,"The evidence does not demonstrate an inspection interface or any page-by-page navigation action, such as advancing from one page to the next.",accept,,,,,
FR-017,5,not_observable,EV-05-SCEN-FR-017-18-01; EV-05-SCEN-FR-017-18-02,"The evidence shows a PDF preview command successfully listing pages and their dimensions, but it does not show opening a page in a larger view for closer inspection.",The required larger-view behavior and its resulting closer-inspection presentation were not exercised or observed.,accept,,,,,
FR-018,5,observed_satisfied,EV-05-SCEN-FR-018-19-01; EV-05-SCEN-FR-018-19-02,"The command successfully split a six-page PDF after page 3 using a page boundary, and the output produced separate files for page ranges 1-3 and 4-6. This positively establishes page-range based splitting, splitting after a specified page, and extracting the resulting sections into separate files.",,accept,,,,,
FR-019,5,observed_partial,EV-05-SCEN-FR-019-20-01; EV-05-SCEN-FR-019-20-02,"The command successfully created output using a boundary of 3 and then a different boundary of 4, producing corresponding split ranges. This positively establishes that split boundaries can affect the generated output.","The evidence only shows command-line splitting with supplied boundary values. It does not show a preview or adjustment of boundaries within a preview before output creation, nor does it establish that users can perform that interaction.",accept,,,,,
FR-020,5,not_observable,EV-05-SCEN-FR-020-21-01; EV-05-SCEN-FR-020-21-02; EV-05-SCEN-FR-020-21-03,"The command successfully created split output files in order, with filenames showing page ranges 1-3 and 4-6. However, no preview of the resulting documents or clear display of the included pages for each file was recorded.",Preview functionality and the required page-range and included-page presentation remain untested and unobserved.,accept,,,,,
FR-021,5,observed_partial,EV-05-SCEN-FR-021-22-01; EV-05-SCEN-FR-021-22-04,"The system successfully created and exported a new four-page output from selected source sections in the requested order 3, 1, 2, 4, as shown by the successful merge command and the output page observations.","The evidence demonstrates selection, ordering, and export through a command-line operation, but does not establish that the output was built visually through a visual interface.",accept,,,,,
FR-022,5,not_observable,EV-05-SCEN-FR-022-23-01; EV-05-SCEN-FR-022-23-04,"The evidence shows that pages from two source documents can be merged, but the resulting sequence is a.pdf:1, a.pdf:2, b.pdf:1, b.pdf:2, which is not alternating and does not demonstrate a user-chosen alternating pattern.","No complete alternating sequence or user-selected pattern is observed, so support for alternating page sequences from multiple source documents remains untested.",accept,,,,,
FR-023,5,observed_satisfied,EV-05-SCEN-FR-023-24-01; EV-05-SCEN-FR-023-24-04,"The produced interleaved PDF preserves the original order of pages from each source document: a.pdf pages 1 and 2 remain in order, followed by b.pdf pages 1 and 2 in order.",,accept,,,,,
FR-024,5,observed_unsatisfied,EV-05-SCEN-FR-024-25-01; EV-05-SCEN-FR-024-25-04,"The produced output contains pages in grouped source order (a.pdf:1, a.pdf:2, short.pdf:1, short.pdf:2) rather than alternating between the two sources. This violates the required alternating behavior before a source runs out.","The evidence does not establish which stop-or-continue mode was chosen, nor does it test continuation with remaining pages after one source runs out.",accept,,,,,
FR-025,5,observed_partial,EV-05-SCEN-FR-025-26-01; EV-05-SCEN-FR-025-26-03; EV-05-SCEN-FR-025-26-04,"The system identified the missing source page with the message ""Page 9 out of range for rq3in/multi.pdf,"" which positively establishes gap flagging for the attempted missing-page case. However, the merge failed and no output file was produced, so preservation of the available pages was not established.",Preservation of available pages during interleaving remains untested or failed to produce an observable result.,accept,,,,,
FR-026,5,observed_satisfied,EV-05-SCEN-FR-026-27-01; EV-05-SCEN-FR-026-27-04,"The merge command explicitly includes source a.pdf twice, and the produced 11-page output contains a.pdf pages 1-4, followed by b.pdf pages 1-3, followed by a.pdf pages 1-4 again. This positively establishes that a source can be explicitly repeated more than once during assembly.",,accept,,,,,
FR-027,5,not_observable,EV-05-SCEN-FR-027-28-01; EV-05-SCEN-FR-027-28-04,"The evidence demonstrates that a duplicated page was included in the generated PDF, but it does not show a preview, a mismatch or duplication flag, or whether the system automatically corrected anything.","The preview behavior is untested: there is no evidence that mismatches or possible accidental duplication are flagged, nor evidence establishing the required non-correction behavior in the preview.",accept,,,,,
FR-028,5,not_observable,EV-05-SCEN-FR-028-29-01; EV-05-SCEN-FR-028-29-02; EV-05-SCEN-FR-028-29-03; EV-05-SCEN-FR-028-29-04,"The evidence shows that files with different page sizes were merged successfully, but it does not exercise interleaving or show whether the system steers users away from it when layouts would break. No complete required obligation is established positively or negatively.","Interleaving with incompatible page sizes or booklet-like layouts, and any resulting warning, recommendation, or blocking behavior, remain untested.",accept,,,,,
FR-029,5,observed_partial,EV-05-SCEN-FR-029-30-01; EV-05-SCEN-FR-029-30-02; EV-05-SCEN-FR-029-30-04,"The system successfully merged two PDFs with mismatched page dimensions, producing an 8-page output that preserved the source page order and content markers. This positively establishes the controlled merge capability for a mismatch treated as a non-blocking risk.","No warning was observed for the mismatch, and no strong preview or preview-specific output was recorded. The evidence also does not establish how the system distinguishes a risk mismatch from a hard blocker beyond accepting this particular merge.",accept,,,,,
FR-030,5,observed_partial,EV-05-SCEN-FR-030-31-01; EV-05-SCEN-FR-030-31-02,"Loading source documents is positively demonstrated by previewing both prepared PDFs and receiving their page sequences. The preview outputs list pages and source files, but do not establish the resulting alternating page sequence before saving.",The alternating-page operation and preview of its resulting sequence before saving remain untested.,accept,,,,,
FR-031,5,not_observable,EV-05-SCEN-FR-031-32-01; EV-05-SCEN-FR-031-32-04,"The evidence shows that pages 1-2 and 5-6 were selected in order and that the resulting four-page PDF has 90-degree rotation applied. However, it does not show a user preview or confirmation step before the final PDF was saved.","The required preview-based confirmation of page order, included sections, and rotations before saving remains untested. The evidence also does not establish that users can interactively review or confirm these settings in a preview.",accept,,,,,
FR-032,5,not_observable,EV-05-SCEN-FR-032-33-01; EV-05-SCEN-FR-032-33-02; EV-05-SCEN-FR-032-33-03,"No complete required obligation or condition branch was positively or negatively established. The evidence shows a command-line split using a boundary and generated split files, but does not show a split preview or any direct correction such as adjusting a boundary or restoring an omitted page.",The split-preview interface and the ability to perform split-related corrections within it remain untested.,accept,,,,,
FR-033,5,not_observable,EV-05-SCEN-FR-033-34-01; EV-05-SCEN-FR-033-34-02; EV-05-SCEN-FR-033-34-04,"No complete required obligation is established. The evidence shows a replacement PDF being passed directly to a merge command and an output file being produced, but it does not show a missing, moved, renamed, or replaced source being detected and relinked before export.","Relinking for missing, moved, renamed, and replaced source files remains untested, including the user relink action and its effect on the pre-export workflow.",accept,,,,,
FR-034,5,not_observable,EV-05-SCEN-FR-034-35-01; EV-05-SCEN-FR-034-35-02; EV-05-SCEN-FR-034-35-04,"The evidence shows a replacement PDF being supplied directly to a command-line merge operation and producing an output file, but it does not show users browsing for or selecting a new file when a source item needs relinking. No complete required obligation is established.",The user-facing browse or file-selection behavior for relinking a source item remains untested and unobserved.,accept,,,,,
FR-035,5,not_observable,EV-05-SCEN-FR-035-36-01; EV-05-SCEN-FR-035-36-03,"The evidence shows a merge command failing because a source file is missing, but it does not exercise reopening a saved project or demonstrate whether unaffected assembly parts remain usable. No complete required obligation or condition branch was positively or negatively established.","Saved-project reopening, handling of one broken source within that project, and continued usability of unaffected parts remain untested.",accept,,,,,
FR-036,5,not_observable,EV-05-SCEN-FR-036-37-01; EV-05-SCEN-FR-036-37-02; EV-05-SCEN-FR-036-37-04,"The evidence shows a replacement PDF with seven pages was merged into an output file, but it does not demonstrate remapping affected pages, reordering pages, or removing and re-adding a problematic section after a relinked file changed page count or order. No complete required obligation or branch was positively or negatively established.","Remapping, reordering, and remove-and-re-add behavior after a relinked file changes page count or page order remain untested.",accept,,,,,
FR-037,5,not_observable,EV-05-SCEN-FR-037-38-01; EV-05-SCEN-FR-037-38-04,"The workspace was created and run with the same PDF included twice, and the output preserved both repeated page sequences, including pages 1-4 and 8-11. However, no recorded operation edits one repeated instance independently or demonstrates that changes to one instance do not affect the other. Therefore, no complete independently-editable obligation is positively established.","Independent editing of each repeated instance, including persistence and separation of edits between instances, remains untested.",accept,,,,,
FR-038,5,not_observable,EV-05-SCEN-FR-038-39-01; EV-05-SCEN-FR-038-39-02; EV-05-SCEN-FR-038-39-04,"The evidence shows that repeated input files were processed and produced an 11-page output, but it does not show any user changing one repeated instance's position, rotation, or inclusion.","Individual changes to position, rotation, and inclusion were not exercised, and there is no evidence that changes to one repetition remain isolated from the other repetitions.",accept,,,,,
FR-039,5,observed_satisfied,EV-05-SCEN-FR-039-40-01; EV-05-SCEN-FR-039-40-03,"The workspace-run operation attempted to use the missing source 'rq3in/missing.pdf' and failed with an explicit RuntimeError identifying the failed PDF and the underlying FileNotFoundError, making the broken link obvious.",,accept,,,,,
FR-040,5,not_observable,EV-05-SCEN-FR-040-41-01; EV-05-SCEN-FR-040-41-02; EV-05-SCEN-FR-040-41-04,"The evidence shows that a replacement PDF was merged into a newly produced five-page PDF, but it does not establish preservation of source references or enough information to replace or reselect an item that was already added to an assembly. No existing assembly item, retained source reference, or user replacement/reselection operation was observed.","Preservation of source references or equivalent replacement information remains untested, as does the user's ability to replace or reselect an already-added assembly item.",accept,,,,,
FR-041,5,observed_satisfied,EV-05-SCEN-FR-041-42-01; EV-05-SCEN-FR-041-42-04,"The merge command selected an explicit page sequence, 1,1,2,3, and completed successfully. The output confirms page 1 appears twice while pages 2 and 3 appear once and page 4 is omitted, demonstrating that users can choose which pages repeat and the repetition count.",,accept,,,,,
FR-042,5,observed_partial,EV-05-SCEN-FR-042-43-01; EV-05-SCEN-FR-042-43-02; EV-05-SCEN-FR-042-43-04,"The produced PDF demonstrates that a page was duplicated and that the exported sequence was adjusted to 1,1,2,3, establishing the underlying duplicate-and-reorder output behavior before export.",The evidence uses a command-line merge operation and does not establish that users can perform the duplication and sequence adjustment visually in a workspace. Page-range duplication beyond the demonstrated single-page duplication is also untested.,accept,,,,,
FR-043,5,observed_partial,EV-05-SCEN-FR-043-44-01; EV-05-SCEN-FR-043-44-02; EV-05-SCEN-FR-043-44-04,"Saving a reusable workspace is positively established: the workspace-save command completed successfully and produced rq3out/ws.json. The attempted merged PDF output was not produced, which is a failure of that output in this run, but the requirement does not require a merged PDF as part of saving and restoring a workspace.",Restoration of the saved workspace was not exercised; the evidence does not establish whether the saved workspace can later be restored.,accept,,,,,
FR-044,5,observed_partial,EV-05-SCEN-FR-044-45-01; EV-05-SCEN-FR-044-45-02; EV-05-SCEN-FR-044-45-04,"The saved workspace was successfully created and run, producing a seven-page PDF containing the selected files in the recorded order: all four pages of a.pdf followed by all three pages of b.pdf. This positively establishes restoration of the basic file selection and page order context.","The evidence does not exercise or establish restoration of layout, split or merge structure, page ranges, non-default rotations, repetitions, merge settings, or other layout choices. The output shows rotation 0 only and provides no evidence that saved non-default settings were restored.",accept,,,,,
FR-045,5,observed_partial,EV-05-SCEN-FR-045-46-01; EV-05-SCEN-FR-045-46-02; EV-05-SCEN-FR-045-46-04,"The saved workspace was run successfully, and the produced PDF contains the restored document list in order: all four pages from a.pdf followed by all three pages from b.pdf. The output file was also produced successfully.","The evidence does not directly show that output settings were restored from the workspace, such as a settings readback or an output-specific behavior demonstrating those settings.",accept,,,,,
FR-046,5,not_observable,EV-05-SCEN-FR-046-47-01; EV-05-SCEN-FR-046-47-03,"The evidence shows a direct attempt to load a missing PDF path and a FileNotFoundError, but it does not establish reopening a saved project or a project-level source detection result. No complete required obligation is positively or negatively established.","Retention of file references as paths is not demonstrated. Detection when reopening a saved project is untested for missing, moved, and changed sources; the observed direct merge failure is not linked to saved-project reopening.",accept,,,,,
FR-047,5,observed_partial,EV-05-SCEN-FR-047-48-03,"The CLI reports that it failed to read the named source PDF because the file was not found, establishing a warning about an unavailable source. The traceback is unhandled, but it identifies the missing file and cause.",The evidence does not check whether the saved workflow file remained intact after the failed run.,accept,,,,,
FR-048,5,not_observable,EV-05-SCEN-FR-048-49-01; EV-05-SCEN-FR-048-49-03,"The evidence shows a merge command failing because a source file is missing, but it does not establish that a saved project was opened, that the broken source was marked as broken, or that it was ready to relink. No complete required obligation or branch was positively or negatively established.","Opening a saved project, identifying and marking broken sources, and presenting them as ready to relink remain untested.",accept,,,,,
FR-049,5,observed_partial,EV-05-SCEN-FR-049-50-01; EV-05-SCEN-FR-049-50-02; EV-05-SCEN-FR-049-50-04,"The merge command accepted an explicitly user-chosen output location and filename, rq3out/merged.pdf, and successfully produced that file. This positively establishes saving the final output to a specified location and name.",The evidence uses an explicit --output argument and does not establish that saving to a user-chosen location and name occurs by default without that option.,accept,,,,,
FR-050,5,not_observable,EV-05-SCEN-FR-050-51-01; EV-05-SCEN-FR-050-51-02; EV-05-SCEN-FR-050-51-04,"The evidence shows a file was saved to rq3out/merged.pdf, but it does not exercise or establish remembering that folder for a subsequent save.",No follow-up save operation or persisted/read-back setting demonstrates that the last used folder was remembered.,accept,,,,,
FR-051,5,observed_unsatisfied,EV-05-SCEN-FR-051-52-01; EV-05-SCEN-FR-051-52-02; EV-05-SCEN-FR-051-52-03; EV-05-SCEN-FR-051-52-04,"The same output path, rq3out/dup.pdf, was used for two consecutive merge runs, both completed successfully and reported the same path. No prompt, auto-numbered filename, or alternate naming pattern was observed, and only one output file was produced. This demonstrates that repeated creation can overwrite or reuse the existing file without an overwrite-avoidance mechanism.",No other output-naming mode or explicit overwrite confirmation workflow was tested.,accept,,,,,
FR-052,5,observed_satisfied,EV-05-SCEN-FR-052-53-01; EV-05-SCEN-FR-052-53-02,"The split operation produced multiple outputs named `multi_split_01_1-3.pdf` and `multi_split_02_4-6.pdf`, using the original file name `multi` together with an ordered split sequence and page ranges. This demonstrates a sensible default naming pattern for multiple split outputs.",,accept,,,,,
FR-053,5,not_observable,EV-05-SCEN-FR-053-54-01; EV-05-SCEN-FR-053-54-02; EV-05-SCEN-FR-053-54-04,"The evidence shows that PDF files were merged successfully into a seven-page output, but no split operation or manual renaming of split outputs was exercised. No complete required obligation was established positively or negatively.","Manual renaming of split outputs remains untested, including whether users can assign custom names to the generated split files.",accept,,,,,
FR-054,5,observed_satisfied,EV-05-SCEN-FR-054-55-01; EV-05-SCEN-FR-054-55-02,"The merge and split commands omit an output argument, and the resulting files show predictable names derived from the input: `a.pdf` produces `a_merged.pdf`, while `multi.pdf` produces `multi_split_01_1-3.pdf` and `multi_split_02_4-6.pdf`. This positively establishes safe default output naming for both operations.",,accept,,,,,
FR-055,5,observed_partial,EV-05-SCEN-FR-055-56-01; EV-05-SCEN-FR-055-56-02,"The default output-location branch is positively established: merge and split operations produced output files in the same input folder, rq3in, as shown by the recorded output paths.","The profile-configured output-folder branch was not exercised, so it is unknown whether outputs are placed in the defined folder when one is set.",accept,,,,,
FR-056,5,not_observable,EV-05-SCEN-FR-056-57-01; EV-05-SCEN-FR-056-57-02; EV-05-SCEN-FR-056-57-03,"No complete operation branch was positively or negatively established. The attempted command failed because page 4 was out of range for rq3in/b.pdf, before any output filename was observed.","Default output filenames for split, merged, or extracted operations were not recorded, so reflection of the operation type remains untested.",accept,,,,,
FR-057,5,observed_satisfied,EV-05-SCEN-FR-057-58-01; EV-05-SCEN-FR-057-58-02; EV-05-SCEN-FR-057-58-04,"The command-line invocation `python3 -m pdfsplitmerge merge ...` completed successfully without invoking a graphical interface, returned exit code 0, and produced the expected merged PDF with seven pages. This positively establishes command-line operation independent of the graphical interface.",,accept,,,,,
FR-058,5,observed_partial,EV-05-SCEN-FR-058-59-01; EV-05-SCEN-FR-058-59-02; EV-05-SCEN-FR-058-59-04,"The command-line interface successfully accepted an input path, output path, a merge operation, and selected page ranges through parameters, producing a four-page output with the requested pages and rotation.","The evidence does not establish command-line or saved-profile support for split options, explicit ordering controls, naming patterns, or overwrite behavior. It also does not show a saved job profile.",accept,,,,,
FR-059,5,not_observable,EV-05-SCEN-FR-059-60-01; EV-05-SCEN-FR-059-60-04; EV-05-SCEN-FR-059-60-05,"No complete required obligation was established. The command successfully produced a direct merge output, but it did not demonstrate applying reusable profile settings or overriding those settings at runtime from the command line. The profile-based output was not produced.","The evidence does not show a reusable profile being loaded, a profile setting being overridden through a command-line argument, or the resulting overridden behavior. The successful direct merge is not evidence of runtime profile override support.",accept,,,,,
FR-060,5,observed_satisfied,EV-05-SCEN-FR-060-61-01; EV-05-SCEN-FR-060-61-03,"The command was invoked without the required inputs parameter, exited immediately with code 2, and produced a clear error stating that the following argument is required: inputs.",,accept,,,,,
FR-061,5,observed_satisfied,EV-05-SCEN-FR-061-62-01; EV-05-SCEN-FR-061-62-03; EV-05-SCEN-FR-061-62-04,"The command supplied the explicit value --pages 0 for a four-page PDF, and the system rejected it with the specific error ""Page 0 out of range for rq3in/a.pdf"". The expected output file was not produced, establishing rejection of the invalid explicit command-line combination.",,revise,not_observable,EV-05-SCEN-FR-061-62-01; EV-05-SCEN-FR-061-62-03; EV-05-SCEN-FR-061-62-04,"The recorded failure is an out-of-range page index, which does not exercise the explicit-value and default-behaviour conflict this requirement covers.",No conflicting explicit command-line value and default behavior was prepared.,
FR-062,5,observed_satisfied,EV-05-SCEN-FR-062-63-01; EV-05-SCEN-FR-062-63-02; EV-05-SCEN-FR-062-63-03; EV-05-SCEN-FR-062-63-04; EV-05-SCEN-FR-062-63-05,"The command-line operations are explicit, including inputs, output paths, environment configuration, and the merge command. The same operation was run twice and both runs completed successfully with identical 7-page output files and matching page contents, demonstrating reproducible behavior for repeated or automated execution.",,accept,,,,,
FR-063,5,not_observable,EV-05-SCEN-FR-063-64-01; EV-05-SCEN-FR-063-64-02; EV-05-SCEN-FR-063-64-04,"The command-line merge operation succeeded using the recorded option name --output and produced the expected merged file. However, the evidence does not establish that option names or their ordering remain stable across repeated runs or platforms.","Cross-run and cross-platform comparisons are untested, so stable option names and ordering for script compatibility are not established.",accept,,,,,
FR-064,5,observed_partial,EV-05-SCEN-FR-064-65-01; EV-05-SCEN-FR-064-65-02; EV-05-SCEN-FR-064-65-04,"The command successfully processed an input PDF with the explicit page range 1-2,5-6, applied the --rotate 90 option, wrote to the explicit output path rq3out/selection.pdf, and produced a four-page output containing the selected pages with rotation 90. These observations positively establish predictable handling of an explicit page range, an output path, and a command-line option.",Handling multiple input files was not exercised because the command used only one input file. No other command-line options or combinations of multiple input files were observed.,accept,,,,,
FR-065,5,observed_satisfied,EV-05-SCEN-FR-065-66-01; EV-05-SCEN-FR-065-66-02; EV-05-SCEN-FR-065-66-04,"The command-line invocation quoted input and output paths containing spaces, completed successfully with exit code 0, and produced the expected merged PDF at the space-containing output path.",,accept,,,,,
FR-066,5,observed_partial,EV-05-SCEN-FR-066-67-01; EV-05-SCEN-FR-066-67-02; EV-05-SCEN-FR-066-67-03; EV-05-SCEN-FR-066-67-04,"The recorded command executed successfully from a standard shell environment and produced the expected merged PDF, demonstrating usability from a standard shell on the observed Unix-like environment, consistent with Linux or macOS. The output file was produced with the expected seven pages.","No evidence identifies whether the observed Unix-like environment was Linux or macOS, and no execution from a Windows standard shell or from Windows batch files was recorded. Batch-file usability was not exercised on any platform.",accept,,,,,
FR-067,5,observed_unsatisfied,EV-05-SCEN-FR-067-68-01; EV-05-SCEN-FR-067-68-03; EV-05-SCEN-FR-067-68-04,"The attempted PATH invocation failed with exit code 127 because `pdfsplitmerge` was not found, and the expected output file was not produced. This demonstrates that the command was unavailable on the PATH in the recorded environment, violating the installability requirement.",The evidence does not establish whether the command could be installed or made available on the PATH through another installation method or environment.,revise,not_observable,EV-05-SCEN-FR-067-68-01; EV-05-SCEN-FR-067-68-03; EV-05-SCEN-FR-067-68-04,"Direct invocation fails because pdfsplitmerge is not found on PATH. No installation attempt was recorded, so this cannot establish failure of the ability to install the command on PATH.",Installation and a subsequent PATH-based invocation remain untested.,
FR-068,5,observed_satisfied,EV-05-SCEN-FR-068-69-01; EV-05-SCEN-FR-068-69-02; EV-05-SCEN-FR-068-69-04,The system successfully processed local PDF documents using a local command and produced a merged local output containing all seven source pages. This demonstrates offline operation for local documents.,,accept,,,,,
FR-069,5,not_observable,EV-05-SCEN-FR-069-70-01; EV-05-SCEN-FR-069-70-02; EV-05-SCEN-FR-069-70-04,"The core PDF merge operation was successfully executed and produced a valid seven-page PDF from local input files. However, the evidence does not establish whether the operation required or attempted network access.","Network independence was not directly tested or demonstrated, such as by running the core operation with network access unavailable.",accept,,,,,
FR-070,5,observed_partial,EV-05-SCEN-FR-070-71-01; EV-05-SCEN-FR-070-71-04,"The merge command completed locally and produced the merged PDF in the local rq3out directory. This establishes local output for this operation, but does not establish that files are kept local by default or that they are not uploaded anywhere.",Default file handling and whether files are uploaded anywhere remain untested.,accept,,,,,
FR-071,5,not_observable,EV-05-SCEN-FR-071-72-01; EV-05-SCEN-FR-071-72-02; EV-05-SCEN-FR-071-72-04,"The evidence shows that the merge operation completed and produced the expected output file, but it does not establish that temporary copies were created, identified as no longer needed, or automatically removed.",Temporary-copy cleanup after the operation remains untested and unknown; the directory listing only shows the output directory and does not verify cleanup of temporary copies elsewhere.,accept,,,,,
FR-072,5,observed_partial,EV-05-SCEN-FR-072-73-01; EV-05-SCEN-FR-072-73-02; EV-05-SCEN-FR-072-73-04,"The merge operation wrote a separate output file, and the source PDF's MD5 hash was unchanged afterward. This positively establishes that this operation did not modify its source in place.",The evidence covers only this merge operation; default behavior for other PDF-changing operations or separate working-copy workflows is untested.,accept,,,,,
FR-073,5,observed_unsatisfied,EV-05-SCEN-FR-073-74-01; EV-05-SCEN-FR-073-74-04,"The command explicitly writes the generated PDF to rq3in/g.pdf and then runs the merge operation with --output rq3in/g.pdf, the same path as the source. The successful execution and produced file show that the source PDF was edited in place, violating the prohibition.","The evidence does not show a compliant operation using a separate output path, but the observed in-place edit is sufficient to establish a violation.",accept,,,,,
FR-074,5,not_observable,EV-05-SCEN-FR-074-75-01; EV-05-SCEN-FR-074-75-02; EV-05-SCEN-FR-074-75-04,"The evidence shows a successful PDF merge producing a seven-page output, but it does not establish an advanced mode that works directly on originals, nor that such a mode is explicit and opt-in. No complete required obligation or condition branch was positively or negatively observed.","Whether the advanced mode exists, operates directly on originals, is explicitly identified, and requires opt-in remains untested or unknown.",accept,,,,,
FR-075,5,not_observable,EV-05-SCEN-FR-075-76-01; EV-05-SCEN-FR-075-76-03; EV-05-SCEN-FR-075-76-04,"No complete obligation or platform branch was established positively or negatively. The recorded command failed because pdfsplitmerge was not found, and the expected output file was not produced; this does not evaluate whether the system runs on Windows, macOS, or Linux.","Support and successful execution on Windows, macOS, and Linux remain untested and unknown.",accept,,,,,
FR-076,5,not_observable,EV-05-SCEN-FR-076-77-01; EV-05-SCEN-FR-076-77-02; EV-05-SCEN-FR-076-77-04,"The evidence shows a locally invoked Python module successfully producing an output file, but it does not demonstrate that the system can be downloaded or installed easily, nor that installation or use requires no server or cloud account.","Downloadability, installation steps and ease of installation, and independence from a server or cloud account remain untested.",accept,,,,,
FR-077,5,not_observable,EV-05-SCEN-FR-077-78-02,Only the workspace contents were observed; no complete obligation establishing that the system is open source was demonstrated.,Whether the source is publicly available under an open-source license is untested.,accept,,,,,
FR-078,5,not_observable,EV-05-SCEN-FR-078-79-01; EV-05-SCEN-FR-078-79-04,"The PDF merge operation completed locally and produced the expected seven-page output, but this does not establish that the system avoids dependencies or bundled components that force a cloud service dependency. No complete obligation was positively or negatively established.","The evidence does not inspect dependencies or bundled components, identify any cloud-service requirement, or demonstrate operation under conditions where cloud access is unavailable.",accept,,,,,
FR-079,5,not_observable,EV-05-SCEN-FR-079-80-01; EV-05-SCEN-FR-079-80-02,"The project manifest shows a dependency on pypdf>=5.0.0, but this does not establish that bundled components have clear licensing or lack non-commercial restrictions. No complete compliance or violation branch was positively or negatively established.",The licensing terms and commercial-use restrictions of pypdf and any other bundled components were not recorded or evaluated.,accept,,,,,
FR-080,5,not_observable,EV-05-SCEN-FR-080-81-01; EV-05-SCEN-FR-080-81-02,The evidence only shows that a software workspace and test files exist. No recorded content or output provides a clear statement that the system does not inspect or share content beyond what is needed for PDF operations.,"The required privacy statement was not observed in the delivered interface, documentation, or execution output.",accept,,,,,
FR-081,5,not_observable,EV-05-SCEN-FR-081-82-01; EV-05-SCEN-FR-081-82-02; EV-05-SCEN-FR-081-82-03,"The longer-running PDF operation completed successfully, but the recorded evidence shows only the final output filenames and no progress updates or indication during execution that the job had not stalled. No complete requirement branch is positively or negatively established.",Progress reporting and user visibility into continued job activity remain untested and unknown.,accept,,,,,
FR-082,5,not_observable,EV-05-SCEN-FR-082-83-01; EV-05-SCEN-FR-082-83-02; EV-05-SCEN-FR-082-83-03,"The evidence shows that a 60-page PDF was processed successfully, but it does not establish that the file was normal-sized, that processing took unusually long, or that any warning was issued.","The warning behavior, processing duration, normal-size classification, and threshold for unusually long processing remain untested or unknown.",accept,,,,,
FR-083,5,observed_partial,EV-05-SCEN-FR-083-84-01; EV-05-SCEN-FR-083-84-03; EV-05-SCEN-FR-083-84-04,"The system stopped without producing the requested output when the input PDF was missing, and the error message explained that it failed to read the specified file because it did not exist. However, the stop was not cleanly presented: the command emitted an unhandled Python traceback and exited with code 1.",No other reasons a job might be unable to proceed were exercised.,accept,,,,,
FR-084,5,not_observable,EV-05-SCEN-FR-084-85-01; EV-05-SCEN-FR-084-85-02; EV-05-SCEN-FR-084-85-03,"The evidence shows that a long PDF split job completed and produced output files, but it does not positively establish display of a progress bar or the current page or file during processing.","Whether a simple progress bar was displayed remains untested, and whether the current page or file being processed was displayed remains untested.",accept,,,,,
FR-085,5,not_observable,EV-05-SCEN-FR-085-86-01; EV-05-SCEN-FR-085-86-02; EV-05-SCEN-FR-085-86-03,No complete cancellation operation was exercised. The command failed before the job could be started or cancelled because the command exited with code 127 and timeout reported that it could not run `PYTHONPATH=/workspace` as a command.,"Whether the system allows cancellation of a running job, and whether this is true most of the time, remains untested.",accept,,,,,
FR-086,5,not_observable,EV-05-SCEN-FR-086-87-01; EV-05-SCEN-FR-086-87-02; EV-05-SCEN-FR-086-87-03,No cancellation operation or single-output-file result was successfully exercised. The command exited with code 127 because the timeout invocation failed before the intended processing could run.,"The evidence does not show cancellation during output writing, successful completion, cleanup, atomicity, or whether the output file remains uncorrupted.",accept,,,,,
FR-087,5,not_observable,EV-05-SCEN-FR-087-88-01; EV-05-SCEN-FR-087-88-02; EV-05-SCEN-FR-087-88-04,"The evidence shows workspace creation and execution producing a PDF, but it does not show closing or discarding unsaved changes or open layouts, nor any clear prompt before such an action. No complete required obligation or condition branch was observed.",Prompt behavior before closing or discarding unsaved changes remains untested and unknown.,accept,,,,,
FR-088,5,not_observable,EV-05-SCEN-FR-088-89-01; EV-05-SCEN-FR-088-89-04,"The evidence shows that two PDF layouts were processed into a seven-page output, but it does not show prompting about unsaved changes or separate handling of prompts for multiple open layouts. No complete required obligation or condition branch was positively or negatively established.","The behavior of prompting about unsaved changes for multiple open layouts, including whether each layout is handled separately, remains untested.",accept,,,,,
FR-089,5,observed_partial,EV-05-SCEN-FR-089-90-01; EV-05-SCEN-FR-089-90-04,"The system successfully saved and reopened a workspace containing multiple layouts/files: a.pdf and b.pdf were provided to workspace-save, and workspace-run produced a 7-page output containing all four pages of a.pdf and all three pages of b.pdf. This positively establishes saving multiple open layouts. Selectively discarding only layouts chosen by the user was not demonstrated.","The evidence contains no discard or close operation selecting one layout while retaining another, so the selective-discard branch remains untested.",accept,,,,,
FR-090,5,observed_partial,EV-05-SCEN-FR-090-91-02; EV-05-SCEN-FR-090-91-03,"When the saved workflow was run with an unsupported option, the system reported the affected setting by naming the operation as ""rotate"" in its user-visible error output.","No separate evidence shows a saved workflow opening with changed options, or shows multiple affected settings when more than one option is missing or changed.",accept,,,,,
FR-091,5,not_observable,EV-05-SCEN-FR-091-92-03; EV-05-SCEN-FR-091-92-04,"The unsupported operation was rejected and no output file was produced, but the evidence does not show a sensible fallback default or establish that a changed setting was deliberately left disabled until the user fixes it. No complete required branch is positively or negatively established.","Fallback behavior, the resulting default setting, and any explicit disabled-until-fixed state remain untested or unknown.",accept,,,,,
FR-092,5,not_observable,EV-05-SCEN-FR-092-93-01; EV-05-SCEN-FR-092-93-03,"The missing source file was detected and the operation failed with a file-not-found error, but the evidence does not show whether the previously saved project state was preserved or lost. No complete required obligation was established positively or negatively.",Preservation of saved project state when a source file is unavailable remains untested and there is no recorded inspection of the resulting project state.,accept,,,,,
FR-093,5,observed_satisfied,EV-05-SCEN-FR-093-94-01; EV-05-SCEN-FR-093-94-02,"The workspace-save command completed successfully and produced `rq3out/ws.json`, positively demonstrating a simple project-file save format rather than a packaged archive.",The file contents were not inspected; the evidence establishes the output format by its `.json` filename and recorded save operation.,accept,,,,,
FR-094,5,not_observable,EV-05-SCEN-FR-094-95-01; EV-05-SCEN-FR-094-95-03,"The run shows that a path was supplied and the system attempted to open it, producing a missing-file error. This establishes path lookup and existence checking for the missing path, but it does not establish successful referencing of an existing saved workspace file.","No successful operation using an existing saved workspace file was recorded, so the required file-by-path referencing capability remains untested.",accept,,,,,
FR-095,5,not_observable,EV-05-SCEN-FR-095-96-01; EV-05-SCEN-FR-095-96-02; EV-05-SCEN-FR-095-96-04,"The evidence shows the same merge command executed twice and produced the output file both times, but it does not show a command-line option or argument that lets users override whether overwriting is allowed. No complete requirement branch was positively established.","The command-line interface for selecting or overriding overwrite behavior was not demonstrated, and no contrasting invocation or resulting overwrite policy was recorded.",accept,,,,,
FR-096,5,observed_partial,EV-05-SCEN-FR-096-97-01; EV-05-SCEN-FR-096-97-04,"The explicit user values for page selection and rotation were applied: the output contains pages 1, 2, 5, and 6 with rotation 90 degrees, demonstrating that explicit values override defaults in a valid combination.",No evidence tests an invalid combination where defaults would be relevant or establishes how invalid combinations are handled.,accept,,,,,
FR-097,5,not_observable,EV-05-SCEN-FR-097-98-01; EV-05-SCEN-FR-097-98-02; EV-05-SCEN-FR-097-98-04; EV-05-SCEN-FR-097-98-05,"The evidence shows two merge runs producing explicitly specified output files, d1.pdf and d2.pdf, with identical contents and page counts. It does not establish a default naming convention for automated or recurring runs.","Default naming behavior, consistency of generated names for the same inputs and settings, and variation by job profile were not exercised or observed.",accept,,,,,
FR-098,5,observed_partial,EV-05-SCEN-FR-098-99-01; EV-05-SCEN-FR-098-99-02; EV-05-SCEN-FR-098-99-04,"The command-line interface successfully accepted script-provided merge options, including page selection (--pages 1-2,5-6), rotation (--rotate 90), and output path (--output), and produced the expected four-page PDF with the selected pages rotated 90 degrees.","No split command or split-specific options were exercised, so script-friendly input for split operations remains untested.",accept,,,,,
FR-099,5,observed_partial,EV-05-SCEN-FR-099-100-01; EV-05-SCEN-FR-099-100-02; EV-05-SCEN-FR-099-100-04,"The command successfully invoked the software as a local Python module with command-line arguments and produced the expected merged PDF, positively establishing operation in a script or batch-style workflow on the user's machine.",No evidence demonstrates operation as a standalone desktop app on a local desktop machine.,accept,,,,,
BR-001,5,observed_satisfied,EV-05-SCEN-BR-001-101-01; EV-05-SCEN-BR-001-101-02; EV-05-SCEN-BR-001-101-04,"The default merge operation completed successfully, produced a separate output file, and the input PDF's MD5 hash was identical before and after the operation, showing that the original input was not modified in place.",The evidence covers the demonstrated default merge operation and does not establish behavior for every possible command or operation.,accept,,,,,
BR-002,5,observed_partial,EV-05-SCEN-BR-002-102-01; EV-05-SCEN-BR-002-102-02; EV-05-SCEN-BR-002-102-04,"The demonstrated PDF merge processed local input files from rq3in and produced a local output file at rq3out/merged.pdf, positively establishing local processing for this exercised merge operation.","The evidence does not establish that all document-processing operations remain local by default, nor does it directly verify that files are never uploaded to a remote service.",accept,,,,,
BR-003,5,not_observable,EV-05-SCEN-BR-003-103-01; EV-05-SCEN-BR-003-103-02; EV-05-SCEN-BR-003-103-04,The merge operation completed successfully and produced the expected seven-page output file. No evidence positively establishes or violates how long temporary data was retained.,"Temporary data lifecycle and cleanup after operation completion were not observed, so retention was not shown to be limited to the time needed to complete the operation.",accept,,,,,
BR-004,5,observed_satisfied,EV-05-SCEN-BR-004-104-01; EV-05-SCEN-BR-004-104-03; EV-05-SCEN-BR-004-104-04,"The protected PDF caused the command to exit with a nonzero status, and the tool emitted an explicit traceback identifying that the file had not been decrypted. The missing output file is also recorded, so the failure was surfaced rather than occurring silently.",,accept,,,,,
BR-005,5,observed_partial,EV-05-SCEN-BR-005-105-01; EV-05-SCEN-BR-005-105-03; EV-05-SCEN-BR-005-105-04,"The unreadable malformed PDF produced a serious read error, the command exited with code 1, and no output file was produced, establishing that the default behavior stops on that error.",The protected-PDF branch was not exercised because processing stopped on the malformed PDF before the protected file was reached. No warning for a protected file with inspectable parts was observed.,accept,,,,,
BR-006,5,not_observable,EV-05-SCEN-BR-006-106-01; EV-05-SCEN-BR-006-106-02; EV-05-SCEN-BR-006-106-04,"The command successfully supplied an explicit --output value and produced rq3out/dup.pdf, but the evidence does not establish that this value conflicted with a default behavior or demonstrate which value would prevail in such a conflict. No invalid-combination branch was exercised.","Precedence between an explicit user value and a conflicting default remains untested, and no invalid combination was observed.",accept,,,,,
BR-007,5,observed_partial,EV-05-SCEN-BR-007-107-01; EV-05-SCEN-BR-007-107-03; EV-05-SCEN-BR-007-107-04,"The tool stopped without producing the requested output file and explained the cause: the input PDF did not exist. However, the failure surfaced as an unhandled Python traceback, so the stop was not fully clean.",Clean error handling without an unhandled traceback was not demonstrated.,accept,,,,,
BR-008,5,observed_satisfied,EV-05-SCEN-BR-008-108-01; EV-05-SCEN-BR-008-108-04,"The system successfully merged documents with clearly mismatched page dimensions, producing an 8-page output. The output preserves each source document as a contiguous block: pages 1-4 are from a.pdf and pages 5-8 are from land.pdf, demonstrating that the mismatched documents were not interleaved.",,revise,not_observable,EV-05-SCEN-BR-008-108-01; EV-05-SCEN-BR-008-108-04,"The recorded command is an ordinary merge with no interleaving request, so no behaviour that avoids interleaving was exercised.",Ordinary merging was performed; interleaving under a document-breaking mismatch was not tested.,
BR-009,5,observed_satisfied,EV-05-SCEN-BR-009-109-01; EV-05-SCEN-BR-009-109-04,"The recorded merge command explicitly selected a.pdf twice in the interleaving sequence a.pdf, b.pdf, a.pdf, and the produced PDF confirms that sequence with a.pdf pages repeated after b.pdf. This establishes that the repeated source was an explicit user choice.",,accept,,,,,
BR-010,5,observed_satisfied,EV-05-SCEN-BR-010-110-01; EV-05-SCEN-BR-010-110-04,"The system was exercised with the intentional input sequence a.pdf, b.pdf, a.pdf, and produced 11 pages preserving that sequence: a.pdf pages 1-4, b.pdf pages 1-3, then a.pdf pages 1-4 again. The repeated a.pdf entry was retained with its original content and order rather than being collapsed.",,accept,,,,,
BR-011,5,not_observable,EV-05-SCEN-BR-011-111-02,"The dependency declaration shows that pypdf is bundled, but the evidence does not establish its licensing clarity, commercial-use status, or absence of cloud-service dependencies. No prohibited component is positively identified, and no compliant licensing assessment is recorded.","The licensing terms, commercial restrictions, and cloud-service dependencies of bundled components remain unverified.",accept,,,,,
BR-012,5,not_observable,EV-05-SCEN-BR-012-112-02,"The package configuration shows a dependency on pypdf>=5.0.0, but it does not establish that the dependency has a clearly permissive license or that the packaging imposes no extra legal burden on users. No complete requirement branch is positively or negatively established.",The dependency's license and any legal burden introduced by the dependency or packaging are untested or unknown.,accept,,,,,
DI-001,5,observed_partial,EV-05-SCEN-DI-001-113-01; EV-05-SCEN-DI-001-113-02; EV-05-SCEN-DI-001-113-04,"The CLI successfully accepted an explicit page range (`--pages 1-2,5-6`), an output path (`--output rq3out/selection.pdf`), and an option (`--rotate 90`), producing the expected four-page output with 90-degree rotation. These complete obligations are positively established.",Multiple input-file acceptance was not exercised because the recorded command supplied only one input file (`rq3in/multi.pdf`).,accept,,,,,
DI-002,5,observed_unsatisfied,EV-05-SCEN-DI-002-114-01; EV-05-SCEN-DI-002-114-03; EV-05-SCEN-DI-002-114-04,The required CLI command was not available on PATH: invoking `pdfsplitmerge` exited with code 127 and produced `bash: line 20: pdfsplitmerge: command not found`. The expected output file was consequently not produced.,,accept,,,,,
DI-003,5,observed_partial,EV-05-SCEN-DI-003-115-01; EV-05-SCEN-DI-003-115-02; EV-05-SCEN-DI-003-115-03; EV-05-SCEN-DI-003-115-04,"The CLI successfully processed quoted input and output paths containing spaces in the recorded execution environment, exited with code 0, and produced the expected four-page output file. This positively establishes path and quoting behavior for that one environment.","No execution evidence identifies or exercises Windows, macOS, or Linux separately, and no cross-platform comparison demonstrates consistent behavior across all three platforms.",accept,,,,,
DI-004,5,observed_partial,EV-05-SCEN-DI-004-116-01; EV-05-SCEN-DI-004-116-02; EV-05-SCEN-DI-004-116-04,"The workspace was saved with two source documents and an output path, then reloaded and run successfully without resupplying those inputs. The resulting seven-page PDF preserves the document list and page composition order, showing positive coverage for storing the document list and a composed output configuration for later reloading.","The evidence does not expose the saved workspace contents or demonstrate distinct page operations such as reordering, deletion, or insertion. It also does not establish that output settings beyond the output path, or independent layout/composition choices, were stored and restored.",accept,,,,,
DI-005,5,observed_satisfied,EV-05-SCEN-DI-005-117-01; EV-05-SCEN-DI-005-117-03,"The saved JSON project/configuration stores the file reference as a path in the sources field (""rq3in/missing.pdf""). When executed, the interface attempts to resolve that path and reports a FileNotFoundError for the missing referenced file, demonstrating validation of whether the referenced file exists.",,accept,,,,,
DI-006,5,not_observable,EV-05-SCEN-DI-006-118-01,No observation was recorded for the scenarios of this requirement.,"The recorded CLI command does not observe the requested graphical preview, zoom, keyboard focus, or screen-reader behavior. Missing observation: The preview offers a side-by-side or thumbnail comparison of the relinked file versus the prior source, helping the user verify the replacement visually. The target action was not executed; this is an observation limitation, not a software failure.",accept,,,,,
QR-001,5,not_observable,EV-05-SCEN-QR-001-119-01; EV-05-SCEN-QR-001-119-04,"A normal-sized seven-page merge completed successfully and produced the expected output file, but no execution duration or timing measurement was recorded. Therefore, the required near-instant or few-seconds performance branch is not positively established, and no violation of the ten-to-fifteen-second threshold is established.","The merge duration is unknown, so the performance requirement cannot be assessed. No split job was observed, and no timing evidence was provided for either operation.",accept,,,,,
QR-002,5,not_observable,EV-05-SCEN-QR-002-120-01; EV-05-SCEN-QR-002-120-02; EV-05-SCEN-QR-002-120-03,"The longer PDF-splitting operation completed successfully and produced final output paths, but the recorded evidence does not establish that visible progress was shown during the run.","No live progress indicator, incremental status output, or other user-visible progress record was captured; the command logs only show completion and final output.",accept,,,,,
QR-003,5,observed_satisfied,EV-05-SCEN-QR-003-121-01; EV-05-SCEN-QR-003-121-02; EV-05-SCEN-QR-003-121-03,"A 60-page PDF was successfully processed and split into six output documents covering all page ranges from 1 through 60, positively demonstrating capability to handle a larger combined document.","The evidence does not specifically test image-heavy scanned pages or substantially larger file sizes, but those cases are not required to establish the stated combined-document capability.",accept,,,,,
QR-004,5,not_observable,EV-05-SCEN-QR-004-122-01,No observation was recorded for the scenarios of this requirement.,"The recorded CLI command does not observe the requested graphical preview, zoom, keyboard focus, or screen-reader behavior. Missing observation: The preview clearly shows page order, rotation, omitted or included pages, and visible layout details well enough for the user to confirm the assembly visually. The target action was not executed; this is an observation limitation, not a software failure.",accept,,,,,
QR-005,5,not_observable,EV-05-SCEN-QR-005-123-01,No observation was recorded for the scenarios of this requirement.,"The recorded CLI command does not observe the requested graphical preview, zoom, keyboard focus, or screen-reader behavior. Missing observation: The preview is rendered at sufficient resolution for the user to read scanned text, inspect form structure, and verify layout details without obvious blurring or pixelation that prevents review. The target action was not executed; this is an observation limitation, not a software failure.",accept,,,,,
QR-006,5,observed_unsatisfied,EV-05-SCEN-QR-006-124-01; EV-05-SCEN-QR-006-124-02; EV-05-SCEN-QR-006-124-04,"The assembly workflow did not produce a trustworthy final document: the saved workspace preview reported an empty pages list despite two source PDFs, and the expected merged PDF was not produced. This is a failure in the relevant save/verification workflow, with no complete obligation positively established.","The evidence does not show a direct user-facing verification experience or repeated correction cycles, so those aspects were not independently exercised.",accept,,,,,
QR-007,5,observed_satisfied,EV-05-SCEN-QR-007-125-01; EV-05-SCEN-QR-007-125-02; EV-05-SCEN-QR-007-125-03; EV-05-SCEN-QR-007-125-04; EV-05-SCEN-QR-007-125-05,"The automated PDF merge command completed successfully twice with no standard error, produced both requested output files, and reported seven pages for each run. The two output artifacts had identical byte sizes, page dimensions, ordering, and extracted page text, positively establishing usability and predictable repeatability for the exercised workflow.",,accept,,,,,
QR-008,5,observed_unsatisfied,EV-05-SCEN-QR-008-126-01; EV-05-SCEN-QR-008-126-02; EV-05-SCEN-QR-008-126-04,"The system accepted the same output path twice, returned success both times, and produced rq3out/dup.pdf again. This demonstrates that a previously generated PDF can be replaced without a safety prompt or rejection, violating the requirement's protection against accidental replacement.",Whether the system prevents replacing the source file itself was not tested or established.,accept,,,,,
QR-009,5,observed_partial,EV-05-SCEN-QR-009-127-01; EV-05-SCEN-QR-009-127-02; EV-05-SCEN-QR-009-127-04,"The successful workspace save and subsequent run produced a seven-page PDF containing all four pages from a.pdf and all three pages from b.pdf, positively demonstrating preservation of work in the exercised save/run flow. No evidence demonstrates prompting before discarding an unsaved layout.","The system was not exercised with an unsaved layout followed by a discard-triggering action, so the required confirmation prompt and behavior before discarding unsaved work remain untested.",accept,,,,,
QR-010,5,not_observable,EV-05-SCEN-QR-010-128-01; EV-05-SCEN-QR-010-128-02; EV-05-SCEN-QR-010-128-04; EV-05-SCEN-QR-010-128-05,"None of the complete required obligations are established. The evidence shows that the same merge command produced two seven-page PDFs with matching page ordering across repeated runs, but it does not show script option names or their ordering.","Consistency across platforms was not exercised. Option names and ordering were not captured, and no cross-platform comparison was provided.",accept,,,,,
QR-011,5,not_observable,EV-05-SCEN-QR-011-129-01; EV-05-SCEN-QR-011-129-02,"The long PDF split operation completed and produced six output files, but the evidence does not show a progress indicator displaying the current page or file and the number completed out of the total.",Whether the system provides the required progress indicator during longer operations remains untested; the captured command output only lists completed output filenames.,accept,,,,,
EX-001,5,observed_partial,EV-05-SCEN-EX-001-130-01; EV-05-SCEN-EX-001-130-03; EV-05-SCEN-EX-001-130-04,"A protected PDF was exercised and the command reported a pypdf FileNotDecryptedError rather than producing a merged output, providing partial evidence that the file is recognized as unprocessable.","No evidence shows that the PDF can be intentionally skipped, that reporting is controlled by user choice or command-line configuration, or that the unprocessable condition is handled as a deliberate user-facing report rather than an uncaught traceback.",accept,,,,,
EX-002,5,observed_satisfied,EV-05-SCEN-EX-002-131-01; EV-05-SCEN-EX-002-131-03,"The merge command was invoked without the required inputs parameter, and the system stopped with exit code 2 while reporting that the inputs argument is required.",,accept,,,,,
EX-003,5,observed_partial,EV-05-SCEN-EX-003-132-01; EV-05-SCEN-EX-003-132-03; EV-05-SCEN-EX-003-132-04,"The system rejected an argument pointing to a non-existent file: the merge command exited with code 1, reported FileNotFoundError for 'rq3in/missing.pdf', and produced no output file.","Malformed command-line arguments were not exercised, so rejection of malformed arguments remains untested.",accept,,,,,
EX-004,5,not_observable,EV-05-SCEN-EX-004-133-01; EV-05-SCEN-EX-004-133-02; EV-05-SCEN-EX-004-133-03,"The split operation completed and produced six output files, but the evidence does not establish that the job ran unusually long or show whether a user warning was issued. No complete required obligation or condition branch was positively or negatively established.","The normal-sized-file condition, unusually long runtime, and warning-versus-silence outcome remain untested or unknown. Empty standard error cannot by itself prove that no warning was shown.",accept,,,,,
EX-005,5,not_observable,EV-05-SCEN-EX-005-134-01; EV-05-SCEN-EX-005-134-03,The cancellation scenario was not executed: the command failed before running the application because timeout treated `PYTHONPATH=/workspace` as the command. No interruption during single-file writing or resulting output integrity was observed.,"Handling cancellation while writing a single output file remains entirely untested, including whether cancellation avoids producing a corrupted result.",accept,,,,,
EX-006,5,observed_unsatisfied,EV-05-SCEN-EX-006-135-01; EV-05-SCEN-EX-006-135-03; EV-05-SCEN-EX-006-135-04,"A saved workflow containing the unavailable operation ""rotate"" was executed, but the system returned ""Unsupported workspace operation: rotate"" and failed to produce the output file. This demonstrates failure to handle the changed option by preserving and continuing the rest of the workflow with the affected part disabled or defaulted.",The evidence does not separately show whether any unaffected workflow state was preserved or whether the unavailable setting was disabled or defaulted before failure.,accept,,,,,
EX-007,5,observed_unsatisfied,EV-05-SCEN-EX-007-136-01; EV-05-SCEN-EX-007-136-02; EV-05-SCEN-EX-007-136-04,"The inputs had differing page sizes: a.pdf pages were 200x300 and land.pdf pages were 300x200. The system proceeded with the normal merge workflow, returned success, and produced mixed.pdf with all 8 pages, rather than steering the user to a different workflow. This violates the differing-page-size exception boundary.",Booklet-like structures were not exercised.,accept,,,,,
EX-008,5,observed_unsatisfied,EV-05-SCEN-EX-008-137-01; EV-05-SCEN-EX-008-137-03,"The missing-source condition was exercised, but the system raised a FileNotFoundError and terminated with a RuntimeError instead of marking the saved project as broken and allowing the source to be relinked before export. This is a failure of the required missing-file handling workflow.","No evidence exercises changed or unreadable source files, and no successful broken-state marking or relinking operation is observed.",accept,,,,,
EX-009,5,not_observable,EV-05-SCEN-EX-009-138-01; EV-05-SCEN-EX-009-138-04,"The evidence shows a four-page source and a seven-page replacement were created and exported, but it does not show that the system detected the replacement, warned the user about changed page counts or order, or provided an opportunity to adjust the selection before export. No complete required obligation or branch is positively or negatively established.",Warning behavior for changed page counts or page order and user adjustment of the selection before export remain untested.,accept,,,,,
EX-010,5,observed_satisfied,EV-05-SCEN-EX-010-139-01; EV-05-SCEN-EX-010-139-03,"The invalid source file could not be processed, and the system reported exactly which file failed ('rq3in/bad.pdf') and why ('Stream has ended unexpectedly') in the error message.",,accept,,,,,
