case_id,method_id,transcript_id,representative_riu_id,canonical_statement,member_count,member_riu_ids,member_statements,deduplication_correct,review_note
PURE_002,hashimoto,PURE_002::hashimoto,PURE_002::hashimoto::A001::U01,The system shall make it easy for people who are new to online commerce to get a store up and running without requiring a lot of technical help.,5,PURE_002::hashimoto::A001::U01; PURE_002::hashimoto::A001::U05; PURE_002::hashimoto::A001::U10; PURE_002::hashimoto::A001::U11; PURE_002::hashimoto::A001::U12,The system shall make it easy for people who are new to online commerce to get a store up and running without requiring a lot of technical help. | The system shall enable a new owner to start selling quickly. | The system shall allow customers to browse products without problems. | The system shall allow customers to use the shopping cart without problems. | The system shall allow customers to buy without problems.,,
PURE_002,hashimoto,PURE_002::hashimoto,PURE_002::hashimoto::A001::U02,The system shall allow store owners and sales staff to add and maintain products.,9,PURE_002::hashimoto::A001::U02; PURE_002::hashimoto::A001::U06; PURE_002::hashimoto::A003::U01; PURE_002::hashimoto::A003::U03; PURE_002::hashimoto::A003::U05; PURE_002::hashimoto::A003::U06; PURE_002::hashimoto::A003::U07; PURE_002::hashimoto::A003::U10; PURE_002::hashimoto::A011::U08,The system shall allow store owners and sales staff to add and maintain products. | The system shall enable store owners and sales staff to keep product and customer information current. | Store owners and sales personnel shall sign in with their own accounts. | Store owners shall have full access to manage products. | Store owners shall have full access to manage overall store settings. | Sales personnel shall have more limited access than store owners. | Sales personnel shall have access mainly to products. | Sales personnel shall not have access to administrative settings. | Product management and customer account management shall be available during normal administration after launch.,,
PURE_002,hashimoto,PURE_002::hashimoto,PURE_002::hashimoto::A001::U03,The system shall allow store owners and sales staff to manage customer accounts.,7,PURE_002::hashimoto::A001::U03; PURE_002::hashimoto::A003::U02; PURE_002::hashimoto::A003::U04; PURE_002::hashimoto::A003::U08; PURE_002::hashimoto::A003::U11; PURE_002::hashimoto::A003::U12; PURE_002::hashimoto::A003::U13,The system shall allow store owners and sales staff to manage customer accounts. | Customers shall have separate customer logins if they want to place orders or view their account history. | Store owners shall have full access to manage customer accounts. | Sales personnel shall have access mainly to customers. | Customers shall only be able to view and change their own profile. | Customers shall only be able to view and change their own cart. | Customers shall only be able to view and change their own orders.,,
PURE_002,hashimoto,PURE_002::hashimoto,PURE_002::hashimoto::A001::U04,The system shall allow store owners and sales staff to process orders confidently through a simple interface.,4,PURE_002::hashimoto::A001::U04; PURE_002::hashimoto::A001::U07; PURE_002::hashimoto::A003::U09; PURE_002::hashimoto::A007::U02,The system shall allow store owners and sales staff to process orders confidently through a simple interface. | The system shall allow store owners and sales staff to handle orders without getting stuck. | Sales personnel shall have access mainly to order handling. | Sales personnel or owners shall be able to move orders forward as work is done.,,
PURE_002,hashimoto,PURE_002::hashimoto,PURE_002::hashimoto::A001::U08,The system shall reduce support requests.,2,PURE_002::hashimoto::A001::U08; PURE_002::hashimoto::A001::U09,The system shall reduce support requests. | The system shall support smoother day-to-day operations.,,
PURE_002,hashimoto,PURE_002::hashimoto,PURE_002::hashimoto::A002::U04,The store shall prevent checkout when required customer details or shipping details are missing.,2,PURE_002::hashimoto::A002::U04; PURE_002::hashimoto::A006::U09,The store shall prevent checkout when required customer details or shipping details are missing. | The system shall block checkout if the address is incomplete or clearly invalid.,,
PURE_002,hashimoto,PURE_002::hashimoto,PURE_002::hashimoto::A002::U06,"If an order has already been processed, changes to the order shall be restricted and may require a staff override or cancellation workflow.",3,PURE_002::hashimoto::A002::U06; PURE_002::hashimoto::A007::U05; PURE_002::hashimoto::A007::U06,"If an order has already been processed, changes to the order shall be restricted and may require a staff override or cancellation workflow. | After an order is marked shipped, changes shall be limited and controlled by staff. | Cancellation shall usually no longer be allowed after an order is marked shipped unless there is a special exception.",,
PURE_002,hashimoto,PURE_002::hashimoto,PURE_002::hashimoto::A003::U14,Sensitive actions such as deleting records shall have tighter restrictions for staff.,3,PURE_002::hashimoto::A003::U14; PURE_002::hashimoto::A003::U15; PURE_002::hashimoto::A003::U16,Sensitive actions such as deleting records shall have tighter restrictions for staff. | Sensitive actions such as changing order status shall have tighter restrictions for staff. | Sensitive actions such as making major account changes shall have tighter restrictions for staff.,,
PURE_002,hashimoto,PURE_002::hashimoto,PURE_002::hashimoto::A010::U01,Customer registration shall be self-service with immediate access.,2,PURE_002::hashimoto::A010::U01; PURE_002::hashimoto::A010::U02,Customer registration shall be self-service with immediate access. | The system shall not require a manual approval step for ordinary customers at launch.,,
PURE_002,llmrei-long,PURE_002::llmrei-long,PURE_002::llmrei-long::A001::U03,The web store shall let customers browse products.,4,PURE_002::llmrei-long::A001::U03; PURE_002::llmrei-long::A004::U05; PURE_002::llmrei-long::A008::U03; PURE_002::llmrei-long::A015::U02,The web store shall let customers browse products. | The system shall allow customers to browse products. | Customers shall be able to find items. | Customers should be able to browse the shop.,,
PURE_002,llmrei-long,PURE_002::llmrei-long,PURE_002::llmrei-long::A001::U04,The web store shall let customers use a cart.,3,PURE_002::llmrei-long::A001::U04; PURE_002::llmrei-long::A004::U06; PURE_002::llmrei-long::A008::U04,The web store shall let customers use a cart. | The system shall allow customers to add items to a cart. | Customers shall be able to add items to a shopping cart.,,
PURE_002,llmrei-long,PURE_002::llmrei-long,PURE_002::llmrei-long::A001::U05,The web store shall let customers place orders.,2,PURE_002::llmrei-long::A001::U05; PURE_002::llmrei-long::A008::U05,The web store shall let customers place orders. | Customers shall be able to place an order.,,
PURE_002,llmrei-long,PURE_002::llmrei-long,PURE_002::llmrei-long::A002::U03,The store should be practical for people who are new to online commerce.,4,PURE_002::llmrei-long::A002::U03; PURE_002::llmrei-long::A014::U07; PURE_002::llmrei-long::A015::U09; PURE_002::llmrei-long::A016::U01,The store should be practical for people who are new to online commerce. | The store shall be easy for beginners to use. | The system should be easy to learn. | The system should stay simple enough that someone with little e-commerce experience can use it without training.,,
PURE_002,llmrei-long,PURE_002::llmrei-long,PURE_002::llmrei-long::A004::U01,The system shall support staff in adding products.,4,PURE_002::llmrei-long::A004::U01; PURE_002::llmrei-long::A004::U02; PURE_002::llmrei-long::A008::U06; PURE_002::llmrei-long::A015::U05,The system shall support staff in adding products. | The system shall support staff in updating products. | Staff shall be able to keep products current. | Staff should be able to manage products efficiently.,,
PURE_002,llmrei-long,PURE_002::llmrei-long,PURE_002::llmrei-long::A004::U03,The system shall support staff in adding customer accounts.,3,PURE_002::llmrei-long::A004::U03; PURE_002::llmrei-long::A004::U04; PURE_002::llmrei-long::A015::U06,The system shall support staff in adding customer accounts. | The system shall support staff in updating customer accounts. | Staff should be able to manage customer accounts efficiently.,,
PURE_002,llmrei-long,PURE_002::llmrei-long,PURE_002::llmrei-long::A004::U07,The system shall allow customers to complete an order without needing much guidance.,2,PURE_002::llmrei-long::A004::U07; PURE_002::llmrei-long::A015::U04,The system shall allow customers to complete an order without needing much guidance. | Customers should be able to place orders without confusion.,,
PURE_002,llmrei-long,PURE_002::llmrei-long,PURE_002::llmrei-long::A005::U02,The system shall provide customers with order history.,2,PURE_002::llmrei-long::A005::U02; PURE_002::llmrei-long::A013::U03,The system shall provide customers with order history. | Customers should be able to see their order history.,,
PURE_002,llmrei-long,PURE_002::llmrei-long,PURE_002::llmrei-long::A005::U04,The system shall provide notifications for order confirmation.,5,PURE_002::llmrei-long::A005::U04; PURE_002::llmrei-long::A006::U01; PURE_002::llmrei-long::A006::U02; PURE_002::llmrei-long::A006::U03; PURE_002::llmrei-long::A009::U08,The system shall provide notifications for order confirmation. | Order confirmation notifications should be included as a core feature. | Customers should receive immediate confirmation after placing an order so they know the order was received. | Staff should have visibility that a new order has come in. | The system shall provide a clear confirmation right away after successful purchase submission.,,
PURE_002,llmrei-long,PURE_002::llmrei-long,PURE_002::llmrei-long::A007::U01,The first version shall include the core set of features identified by the interviewee.,2,PURE_002::llmrei-long::A007::U01; PURE_002::llmrei-long::A007::U02,The first version shall include the core set of features identified by the interviewee. | The details of the first version may be refined later if needed.,,
PURE_002,llmrei-long,PURE_002::llmrei-long,PURE_002::llmrei-long::A009::U01,"For a first-time customer, the shopping cart shall allow the customer to add products.",4,PURE_002::llmrei-long::A009::U01; PURE_002::llmrei-long::A009::U02; PURE_002::llmrei-long::A009::U03; PURE_002::llmrei-long::A015::U03,"For a first-time customer, the shopping cart shall allow the customer to add products. | For a first-time customer, the shopping cart shall allow the customer to change quantities. | For a first-time customer, the shopping cart shall allow the customer to remove items. | Customers should be able to add items to the cart.",,
PURE_002,llmrei-long,PURE_002::llmrei-long,PURE_002::llmrei-long::A009::U05,Order placement shall allow the customer to enter their details.,2,PURE_002::llmrei-long::A009::U05; PURE_002::llmrei-long::A009::U06,Order placement shall allow the customer to enter their details. | Order placement shall allow the customer to confirm the items.,,
PURE_002,proposed_method,PURE_002::proposed_method,PURE_002::proposed_method::A001::U06,The system shall support products with names.,2,PURE_002::proposed_method::A001::U06; PURE_002::proposed_method::A015::U05,The system shall support products with names. | The store should provide simple product descriptions.,,
PURE_002,proposed_method,PURE_002::proposed_method,PURE_002::proposed_method::A001::U12,The system shall allow management of customer accounts.,3,PURE_002::proposed_method::A001::U12; PURE_002::proposed_method::A006::U06; PURE_002::proposed_method::A041::U05,The system shall allow management of customer accounts. | Sales personnel shall help with customer accounts. | Customer account handling should be treated as a nice-to-have for later.,,
PURE_002,proposed_method,PURE_002::proposed_method,PURE_002::proposed_method::A001::U13,The system shall allow cart handling.,3,PURE_002::proposed_method::A001::U13; PURE_002::proposed_method::A006::U09; PURE_002::proposed_method::A041::U03,The system shall allow cart handling. | Customers shall be able to manage their cart. | Cart functionality should be treated as a nice-to-have for later.,,
PURE_002,proposed_method,PURE_002::proposed_method,PURE_002::proposed_method::A001::U14,The system shall allow order processing.,3,PURE_002::proposed_method::A001::U14; PURE_002::proposed_method::A006::U07; PURE_002::proposed_method::A041::U04,The system shall allow order processing. | Sales personnel shall review orders. | Ordering should be treated as a nice-to-have for later.,,
PURE_002,proposed_method,PURE_002::proposed_method,PURE_002::proposed_method::A001::U15,The first version of the system shall focus on core operations needed to run a small online shop reliably rather than every possible retail scenario.,2,PURE_002::proposed_method::A001::U15; PURE_002::proposed_method::A041::U06,The first version of the system shall focus on core operations needed to run a small online shop reliably rather than every possible retail scenario. | Advanced reporting should be delivered only after the core launch if it does not slow down delivery.,,
PURE_002,proposed_method,PURE_002::proposed_method,PURE_002::proposed_method::A002::U03,The first launch shall include a straightforward product catalog.,2,PURE_002::proposed_method::A002::U03; PURE_002::proposed_method::A034::U02,The first launch shall include a straightforward product catalog. | The first release shall include a product catalog.,,
PURE_002,proposed_method,PURE_002::proposed_method,PURE_002::proposed_method::A002::U04,The first launch shall include regular customer accounts.,2,PURE_002::proposed_method::A002::U04; PURE_002::proposed_method::A034::U03,The first launch shall include regular customer accounts. | The first release shall include customer accounts.,,
PURE_002,proposed_method,PURE_002::proposed_method,PURE_002::proposed_method::A002::U05,The first launch shall include a shopping cart.,2,PURE_002::proposed_method::A002::U05; PURE_002::proposed_method::A034::U04,The first launch shall include a shopping cart. | The first release shall include a cart.,,
PURE_002,proposed_method,PURE_002::proposed_method,PURE_002::proposed_method::A002::U06,The first launch shall include standard order placement.,2,PURE_002::proposed_method::A002::U06; PURE_002::proposed_method::A034::U06,The first launch shall include standard order placement. | The first release shall include order processing.,,
PURE_002,proposed_method,PURE_002::proposed_method,PURE_002::proposed_method::A003::U04,The system shall keep personal data to the minimum needed to fulfill orders.,4,PURE_002::proposed_method::A003::U04; PURE_002::proposed_method::A040::U06; PURE_002::proposed_method::A042::U01; PURE_002::proposed_method::A042::U03,The system shall keep personal data to the minimum needed to fulfill orders. | The system shall collect only the information necessary to complete the order. | The system shall avoid storing information that is not needed to process and fulfill an order. | The system shall keep only the minimum contact and shipping information needed for an order.,,
PURE_002,proposed_method,PURE_002::proposed_method,PURE_002::proposed_method::A006::U01,Store owners shall handle the overall setup of the store system.,2,PURE_002::proposed_method::A006::U01; PURE_002::proposed_method::A006::U12,Store owners shall handle the overall setup of the store system. | Customers shall be completely separated from administrative work.,,
PURE_002,proposed_method,PURE_002::proposed_method,PURE_002::proposed_method::A006::U02,Store owners shall handle product management.,2,PURE_002::proposed_method::A006::U02; PURE_002::proposed_method::A041::U02,Store owners shall handle product management. | Product management should be treated as a nice-to-have for later.,,
PURE_002,proposed_method,PURE_002::proposed_method,PURE_002::proposed_method::A006::U04,Store owners shall handle business settings.,2,PURE_002::proposed_method::A006::U04; PURE_002::proposed_method::A006::U13,Store owners shall handle business settings. | Some actions shall be reserved for owners rather than general staff.,,
PURE_002,proposed_method,PURE_002::proposed_method,PURE_002::proposed_method::A006::U08,Customers shall be able to browse products.,2,PURE_002::proposed_method::A006::U08; PURE_002::proposed_method::A015::U04,Customers shall be able to browse products. | The store should provide clear categories.,,
PURE_002,proposed_method,PURE_002::proposed_method,PURE_002::proposed_method::A006::U11,The system shall enforce limits on who can change what.,4,PURE_002::proposed_method::A006::U11; PURE_002::proposed_method::A035::U05; PURE_002::proposed_method::A042::U04; PURE_002::proposed_method::A042::U06,The system shall enforce limits on who can change what. | The system shall block invalid order status transitions and explain the reason in plain language. | The system shall limit access to sensitive data to a small set of authorized store staff. | The system shall not make sensitive data broadly visible to all system users.,,
PURE_002,proposed_method,PURE_002::proposed_method,PURE_002::proposed_method::A008::U01,A product shall only be purchasable when it is marked active and available for sale.,4,PURE_002::proposed_method::A008::U01; PURE_002::proposed_method::A046::U02; PURE_002::proposed_method::A046::U03; PURE_002::proposed_method::A046::U04,A product shall only be purchasable when it is marked active and available for sale. | A product shall not be purchasable if its price has not been confirmed. | A product shall not be purchasable if inventory is temporarily uncertain. | A product shall not be purchasable if an approval step is still pending.,,
PURE_002,proposed_method,PURE_002::proposed_method,PURE_002::proposed_method::A009::U03,"If a cart exceeds the configured limits, the system should flag it before checkout and tell the customer exactly what needs to be adjusted.",2,PURE_002::proposed_method::A009::U03; PURE_002::proposed_method::A020::U03,"If a cart exceeds the configured limits, the system should flag it before checkout and tell the customer exactly what needs to be adjusted. | If a shopper exceeds a limit, the cart shall clearly flag the issue and prevent checkout until the shopper reduces the quantity or removes the item.",,
PURE_002,proposed_method,PURE_002::proposed_method,PURE_002::proposed_method::A009::U04,The system should not wait until the final checkout step to report that a cart is outside the allowed limits.,2,PURE_002::proposed_method::A009::U04; PURE_002::proposed_method::A020::U04,The system should not wait until the final checkout step to report that a cart is outside the allowed limits. | The cart shall not fail silently when a shopper exceeds a limit.,,
PURE_002,proposed_method,PURE_002::proposed_method,PURE_002::proposed_method::A010::U03,"After data is loaded, someone shall review the listings for correctness.",2,PURE_002::proposed_method::A010::U03; PURE_002::proposed_method::A010::U04,"After data is loaded, someone shall review the listings for correctness. | After data is loaded, someone shall review the listings for images, pricing, and availability.",,
PURE_002,proposed_method,PURE_002::proposed_method,PURE_002::proposed_method::A012::U03,The business may want the product data onboarding process to support more automatic data synchronization later.,2,PURE_002::proposed_method::A012::U03; PURE_002::proposed_method::A041::U08,The business may want the product data onboarding process to support more automatic data synchronization later. | Automatic syncing should be delivered only after the core launch if it does not slow down delivery.,,
PURE_002,proposed_method,PURE_002::proposed_method,PURE_002::proposed_method::A012::U04,The store should handle onboarding changes in a way that does not disturb the live catalog.,2,PURE_002::proposed_method::A012::U04; PURE_002::proposed_method::A038::U01,The store should handle onboarding changes in a way that does not disturb the live catalog. | The system shall not partially change live data without the operator being aware.,,
PURE_002,proposed_method,PURE_002::proposed_method,PURE_002::proposed_method::A012::U05,The store should provide clear validation for onboarding changes.,3,PURE_002::proposed_method::A012::U05; PURE_002::proposed_method::A036::U03; PURE_002::proposed_method::A038::U02,The store should provide clear validation for onboarding changes. | Every imported row must be validated before it goes live. | The system shall validate data first before importing it.,,
PURE_002,proposed_method,PURE_002::proposed_method,PURE_002::proposed_method::A012::U06,The store should allow users to preview or review onboarding changes before they are applied.,2,PURE_002::proposed_method::A012::U06; PURE_002::proposed_method::A041::U09,The store should allow users to preview or review onboarding changes before they are applied. | Richer onboarding tools should be delivered only after the core launch if they do not slow down delivery.,,
PURE_002,proposed_method,PURE_002::proposed_method,PURE_002::proposed_method::A012::U08,"When a new onboarding rule is added, it should apply consistently to new loads.",2,PURE_002::proposed_method::A012::U08; PURE_002::proposed_method::A036::U05,"When a new onboarding rule is added, it should apply consistently to new loads. | Automatic syncing must follow the same validation rule as imports, so no unexpected changes go live without validation.",,
PURE_002,proposed_method,PURE_002::proposed_method,PURE_002::proposed_method::A018::U06,The system shall route a request to an admin review queue when it cannot confidently determine whether it is safe to proceed.,5,PURE_002::proposed_method::A018::U06; PURE_002::proposed_method::A040::U02; PURE_002::proposed_method::A040::U03; PURE_002::proposed_method::A040::U04; PURE_002::proposed_method::A040::U05,The system shall route a request to an admin review queue when it cannot confidently determine whether it is safe to proceed. | The system shall hold an order for review before proceeding if the order looks unusual. | The system shall hold an order for review before proceeding if the order has a high value. | The system shall hold an order for review before proceeding if the customer details are mismatched. | The system shall hold an order for review before proceeding if there are repeated failed payment attempts.,,
PURE_002,proposed_method,PURE_002::proposed_method,PURE_002::proposed_method::A022::U02,"If a product is visible but not purchasable, the system shall mark it as not purchasable.",4,PURE_002::proposed_method::A022::U02; PURE_002::proposed_method::A045::U03; PURE_002::proposed_method::A046::U05; PURE_002::proposed_method::A047::U04,"If a product is visible but not purchasable, the system shall mark it as not purchasable. | If a product is not purchasable, the system shall indicate on the product page that the product is unavailable. | Products that are not purchasable shall clearly appear unavailable for purchase so that customers cannot complete an order by mistake. | The messaging should be clear enough that customers understand the product is unavailable.",,
PURE_002,proposed_method,PURE_002::proposed_method,PURE_002::proposed_method::A022::U03,"If a product is visible but not purchasable, the system shall block add-to-cart and checkout actions.",4,PURE_002::proposed_method::A022::U03; PURE_002::proposed_method::A045::U01; PURE_002::proposed_method::A045::U02; PURE_002::proposed_method::A045::U06,"If a product is visible but not purchasable, the system shall block add-to-cart and checkout actions. | If a product is not purchasable, the system shall block add-to-cart. | If a product is not purchasable, the system shall block checkout. | The system shall prevent any purchase action until price or inventory is available again.",,
PURE_002,proposed_method,PURE_002::proposed_method,PURE_002::proposed_method::A028::U09,Customer messages about manual review outcomes shall remain high level and shall not expose internal fraud or security details.,2,PURE_002::proposed_method::A028::U09; PURE_002::proposed_method::A047::U05,Customer messages about manual review outcomes shall remain high level and shall not expose internal fraud or security details. | The system should not expose internal handling details in the messaging.,,
PURE_002,proposed_method,PURE_002::proposed_method,PURE_002::proposed_method::A030::U05,The system shall prevent an order from proceeding to picking and packing if payment is unresolved.,2,PURE_002::proposed_method::A030::U05; PURE_002::proposed_method::A035::U03,The system shall prevent an order from proceeding to picking and packing if payment is unresolved. | An unpaid order shall not be moved into fulfillment.,,
PURE_002,proposed_method,PURE_002::proposed_method,PURE_002::proposed_method::A031::U01,The web store shall support the major current browsers that most customers use.,2,PURE_002::proposed_method::A031::U01; PURE_002::proposed_method::A031::U03,The web store shall support the major current browsers that most customers use. | The web store shall support Safari.,,
PURE_002,proposed_method,PURE_002::proposed_method,PURE_002::proposed_method::A031::U07,The web store shall work on mobile devices.,2,PURE_002::proposed_method::A031::U07; PURE_002::proposed_method::A031::U08,The web store shall work on mobile devices. | The web store shall work well on phones.,,
PURE_002,proposed_method,PURE_002::proposed_method,PURE_002::proposed_method::A034::U01,The first release shall focus on the core shop workflow.,4,PURE_002::proposed_method::A034::U01; PURE_002::proposed_method::A041::U01; PURE_002::proposed_method::A041::U10; PURE_002::proposed_method::A041::U11,"The first release shall focus on the core shop workflow. | Anything beyond the basic store setup should be treated as a nice-to-have for later. | The first release should prioritize a simple, reliable store. | The store should be simple and reliable enough for new operators to run without too much complexity.",,
PURE_002,proposed_method,PURE_002::proposed_method,PURE_002::proposed_method::A034::U10,The first release shall exclude complex promotions.,2,PURE_002::proposed_method::A034::U10; PURE_002::proposed_method::A041::U07,The first release shall exclude complex promotions. | Promotions should be delivered only after the core launch if they do not slow down delivery.,,
PURE_002,proposed_method,PURE_002::proposed_method,PURE_002::proposed_method::A039::U01,Changes that an operator would reasonably adjust should be handled mostly through configuration or business settings.,2,PURE_002::proposed_method::A039::U01; PURE_002::proposed_method::A039::U08,Changes that an operator would reasonably adjust should be handled mostly through configuration or business settings. | Frequent and low-risk changes should be configurable.,,
PURE_002,proposed_method,PURE_002::proposed_method,PURE_002::proposed_method::A039::U05,Changes affecting the core checkout flow should be handled through code changes and new releases.,2,PURE_002::proposed_method::A039::U05; PURE_002::proposed_method::A039::U07,Changes affecting the core checkout flow should be handled through code changes and new releases. | Changes introducing any major new capability should be handled through code changes and new releases.,,
PURE_002,proposed_method,PURE_002::proposed_method,PURE_002::proposed_method::A039::U06,Changes affecting security should be handled through code changes and new releases.,2,PURE_002::proposed_method::A039::U06; PURE_002::proposed_method::A039::U09,Changes affecting security should be handled through code changes and new releases. | Structural or technically sensitive changes should go through a release.,,
PURE_002,sparkme,PURE_002::sparkme,PURE_002::sparkme::A001::U01,The system shall provide people who are new to online selling with a simple way to start and run a web store without requiring extensive technical knowledge.,18,PURE_002::sparkme::A001::U01; PURE_002::sparkme::A001::U07; PURE_002::sparkme::A002::U01; PURE_002::sparkme::A002::U02; PURE_002::sparkme::A002::U03; PURE_002::sparkme::A002::U04; PURE_002::sparkme::A002::U05; PURE_002::sparkme::A003::U01; PURE_002::sparkme::A003::U03; PURE_002::sparkme::A003::U04; PURE_002::sparkme::A003::U05; PURE_002::sparkme::A004::U03; PURE_002::sparkme::A004::U04; PURE_002::sparkme::A004::U05; PURE_002::sparkme::A005::U01; PURE_002::sparkme::A005::U02; PURE_002::sparkme::A006::U01; PURE_002::sparkme::A006::U03,"The system shall provide people who are new to online selling with a simple way to start and run a web store without requiring extensive technical knowledge. | The system shall address the problem that setting up and operating a small online retail business is complicated and fragmented for beginners. | The web store shall support small businesses and first-time sellers who want to get online quickly without buying many separate tools or hiring specialists. | The web store shall be straightforward. | The web store shall be affordable. | The web store shall be easy to learn for users coming from physical retail or very small operations. | The web store shall provide a simple way for businesses to compete online and reach customers who expect to shop online. | The system should enable more small retailers to launch an online store with minimal setup help. | Lower setup time should be an important indicator that the system is working well. | Fewer support calls should be an important indicator that the system is working well. | User satisfaction should be an important success measure for the system. | The system shall work well for users with limited technical experience. | The user interface shall stay simple. | The setup process shall be guided. | The system's terminology should use plain language. | The system should use the terms store owner, sales staff, customer, product, cart, and order as the main terms. | The system shall present common e-commerce terms such as inventory, fulfillment, shipping method, and order status in a way that is understandable to beginners. | The system shall present operational or technical terms in very simple language with short help text.",,
PURE_002,sparkme,PURE_002::sparkme,PURE_002::sparkme::A001::U02,The system shall allow store owners and sales staff to handle products easily.,2,PURE_002::sparkme::A001::U02; PURE_002::sparkme::A003::U06,The system shall allow store owners and sales staff to handle products easily. | Store owners should feel confident managing products and customers on their own.,,
PURE_002,sparkme,PURE_002::sparkme,PURE_002::sparkme::A001::U04,The system shall allow customers to browse items.,2,PURE_002::sparkme::A001::U04; PURE_002::sparkme::A010::U09,The system shall allow customers to browse items. | The system shall allow customers to browse products.,,
PURE_002,sparkme,PURE_002::sparkme,PURE_002::sparkme::A001::U05,The system shall allow customers to keep a cart.,2,PURE_002::sparkme::A001::U05; PURE_002::sparkme::A010::U10,The system shall allow customers to keep a cart. | The system shall allow customers to add items to the cart.,,
PURE_002,sparkme,PURE_002::sparkme,PURE_002::sparkme::A001::U06,The system shall allow customers to place orders online.,3,PURE_002::sparkme::A001::U06; PURE_002::sparkme::A003::U02; PURE_002::sparkme::A010::U11,The system shall allow customers to place orders online. | The system should support steady order activity after retailers go live. | The system shall allow customers to place orders.,,
PURE_002,sparkme,PURE_002::sparkme,PURE_002::sparkme::A004::U01,The system shall be web-based and run in a standard browser.,2,PURE_002::sparkme::A004::U01; PURE_002::sparkme::A004::U02,The system shall be web-based and run in a standard browser. | The system shall not require users to install special software.,,
PURE_002,sparkme,PURE_002::sparkme,PURE_002::sparkme::A005::U03,"In this business context, the term account should mean a customer profile with contact and order details.",2,PURE_002::sparkme::A005::U03; PURE_002::sparkme::A005::U04,"In this business context, the term account should mean a customer profile with contact and order details. | In this business context, the term account should not necessarily mean a paid subscription.",,
PURE_002,sparkme,PURE_002::sparkme,PURE_002::sparkme::A007::U01,The system shall support correct catalog setup for new sellers.,6,PURE_002::sparkme::A007::U01; PURE_002::sparkme::A007::U02; PURE_002::sparkme::A007::U03; PURE_002::sparkme::A007::U04; PURE_002::sparkme::A008::U06; PURE_002::sparkme::A008::U07,The system shall support correct catalog setup for new sellers. | The system shall help new sellers organize products consistently when entering catalog data. | The system shall help new sellers manage customer information and order handling after sales begin. | The system shall provide guidance to new sellers when they need to figure things out. | The system should support cleaning up inconsistent product details and fixing mistakes after the fact. | The system should help users know where each piece of information should be stored.,,
PURE_002,sparkme,PURE_002::sparkme,PURE_002::sparkme::A008::U01,New sellers currently set up their product catalog manually.,2,PURE_002::sparkme::A008::U01; PURE_002::sparkme::A008::U05,New sellers currently set up their product catalog manually. | New sellers must juggle different records and keep them in sync.,,
PURE_002,sparkme,PURE_002::sparkme,PURE_002::sparkme::A008::U02,New sellers begin product catalog setup with a basic list of products in a spreadsheet or on paper.,2,PURE_002::sparkme::A008::U02; PURE_002::sparkme::A008::U03,New sellers begin product catalog setup with a basic list of products in a spreadsheet or on paper. | New sellers move product information from the initial list into the system they are using.,,
PURE_002,sparkme,PURE_002::sparkme,PURE_002::sparkme::A009::U01,Target users are small retailers who handle everything themselves or with only a couple of staff.,6,PURE_002::sparkme::A009::U01; PURE_002::sparkme::A009::U02; PURE_002::sparkme::A009::U03; PURE_002::sparkme::A009::U04; PURE_002::sparkme::A009::U05; PURE_002::sparkme::A009::U06,"Target users are small retailers who handle everything themselves or with only a couple of staff. | Target users balance sales, product updates, and customer follow-up at the same time. | Before using GAMMA-J, target users rely on manual records, spreadsheets, and basic tools that are not built for online retail. | Target users need to keep information organized. | Target users need to respond quickly to customers. | Target users need to process orders without making mistakes.",,
PURE_002,sparkme,PURE_002::sparkme,PURE_002::sparkme::A010::U01,The system shall allow a store owner to add products.,2,PURE_002::sparkme::A010::U01; PURE_002::sparkme::A010::U02,The system shall allow a store owner to add products. | The system shall allow a store owner to update products.,,
PURE_002,sparkme,PURE_002::sparkme,PURE_002::sparkme::A016::U10,The system shall explain mistakes in plain language so users can correct them before they start selling.,5,PURE_002::sparkme::A016::U10; PURE_002::sparkme::A026::U02; PURE_002::sparkme::A026::U03; PURE_002::sparkme::A049::U03; PURE_002::sparkme::A049::U08,"The system shall explain mistakes in plain language so users can correct them before they start selling. | The system should show a plain-language explanation of the error. | The system should suggest a next step such as retrying, contacting the customer, or correcting the details. | The import wizard shall use plain and reassuring messages. | The import wizard shall provide a calm explanation for errors.",,
PURE_002,sparkme,PURE_002::sparkme,PURE_002::sparkme::A017::U07,GAMMA-J shall make edits fast and traceable.,3,PURE_002::sparkme::A017::U07; PURE_002::sparkme::A018::U01; PURE_002::sparkme::A018::U04,GAMMA-J shall make edits fast and traceable. | The system shall provide a change log so staff can see who changed an order or product and when the change happened. | The system shall make change history visible in a simple way.,,
PURE_002,sparkme,PURE_002::sparkme,PURE_002::sparkme::A017::U08,GAMMA-J shall ensure that everyone sees the updated status without creating more mistakes.,7,PURE_002::sparkme::A017::U08; PURE_002::sparkme::A018::U02; PURE_002::sparkme::A020::U03; PURE_002::sparkme::A020::U04; PURE_002::sparkme::A020::U05; PURE_002::sparkme::A020::U06; PURE_002::sparkme::A027::U05,GAMMA-J shall ensure that everyone sees the updated status without creating more mistakes. | The system shall send notifications for important updates. | The system should display notifications when something important changes. | An order correction should trigger a notification. | A stock adjustment should trigger a notification. | A customer account update should trigger a notification. | The system shall present urgent problems to staff first.,,
PURE_002,sparkme,PURE_002::sparkme,PURE_002::sparkme::A019::U01,The system shall provide brief tips and plain-language summaries.,4,PURE_002::sparkme::A019::U01; PURE_002::sparkme::A019::U02; PURE_002::sparkme::A020::U01; PURE_002::sparkme::A020::U02,"The system shall provide brief tips and plain-language summaries. | The system shall prioritize brief tips and plain-language summaries especially at first. | The system should show tips most frequently during the first few uses. | After the first few uses, the system should show tips only occasionally to avoid being annoying.",,
PURE_002,sparkme,PURE_002::sparkme,PURE_002::sparkme::A022::U06,The system shall record who used a manual override or retry option and why it was used.,7,PURE_002::sparkme::A022::U06; PURE_002::sparkme::A026::U04; PURE_002::sparkme::A026::U06; PURE_002::sparkme::A026::U07; PURE_002::sparkme::A026::U08; PURE_002::sparkme::A026::U09; PURE_002::sparkme::A026::U10,"The system shall record who used a manual override or retry option and why it was used. | If staff choose a manual override, the system should require a reason before saving the change. | The system should maintain a clear history of manual override changes. | The system should provide an audit trail that shows the original error. | The system should provide an audit trail that shows the action taken. | The system should provide an audit trail that shows the time of the action. | The system should provide an audit trail that shows who handled the error.",,
PURE_002,sparkme,PURE_002::sparkme,PURE_002::sparkme::A024::U06,The integrations shall allow staff to spend more time on customer service instead of copying information between systems.,3,PURE_002::sparkme::A024::U06; PURE_002::sparkme::A045::U10; PURE_002::sparkme::A046::U05,"The integrations shall allow staff to spend more time on customer service instead of copying information between systems. | For order validation, the system shall highlight missing or incorrect fields. | The product import process shall detect missing required fields.",,
PURE_002,sparkme,PURE_002::sparkme,PURE_002::sparkme::A025::U02,"For the first release, the system shall support one shipping carrier integration.",4,PURE_002::sparkme::A025::U02; PURE_002::sparkme::A045::U05; PURE_002::sparkme::A045::U11; PURE_002::sparkme::A045::U12,"For the first release, the system shall support one shipping carrier integration. | If something blocks the import, the system shall provide a simple explanation and a suggested fix. | For order validation, the system shall explain exactly what the user needs to do to correct the issue. | For order validation, the system shall keep the user on the same screen so they can correct the issue quickly.",,
PURE_002,sparkme,PURE_002::sparkme,PURE_002::sparkme::A025::U04,The specific vendor names for the payment gateway and shipping carrier integrations are not yet finalized and must be confirmed with the business team before commitment.,3,PURE_002::sparkme::A025::U04; PURE_002::sparkme::A044::U05; PURE_002::sparkme::A046::U06,"The specific vendor names for the payment gateway and shipping carrier integrations are not yet finalized and must be confirmed with the business team before commitment. | For the first release, product import shall provide basic validation for duplicate entries. | The product import process shall detect duplicate entries.",,
PURE_002,sparkme,PURE_002::sparkme,PURE_002::sparkme::A025::U05,"The system shall allow owners and sales staff to process orders, confirm payments, and generate shipping information without switching tools repeatedly.",2,PURE_002::sparkme::A025::U05; PURE_002::sparkme::A045::U04,"The system shall allow owners and sales staff to process orders, confirm payments, and generate shipping information without switching tools repeatedly. | If something blocks the import, the system shall show the issue next to the problem row or field.",,
PURE_002,sparkme,PURE_002::sparkme,PURE_002::sparkme::A027::U02,The system shall send email notifications for more serious issues or issues that remain unresolved for too long.,3,PURE_002::sparkme::A027::U02; PURE_002::sparkme::A042::U01; PURE_002::sparkme::A042::U03,The system shall send email notifications for more serious issues or issues that remain unresolved for too long. | The import wizard shall feel like a guided checklist rather than a technical setup screen. | The import wizard shall use plain-language explanations.,,
PURE_002,sparkme,PURE_002::sparkme,PURE_002::sparkme::A027::U03,The system shall display a dashboard indicator showing items that still need attention at a glance.,5,PURE_002::sparkme::A027::U03; PURE_002::sparkme::A042::U04; PURE_002::sparkme::A045::U01; PURE_002::sparkme::A045::U02; PURE_002::sparkme::A045::U03,The system shall display a dashboard indicator showing items that still need attention at a glance. | The import wizard shall provide a preview of what the system understood. | The import wizard shall provide a clear step indicator. | The import wizard shall provide a progress bar. | The import wizard shall display plain messages indicating the user’s current stage and what still needs attention.,,
PURE_002,sparkme,PURE_002::sparkme,PURE_002::sparkme::A027::U04,The system shall prioritize payment failures and issues blocking fulfillment ahead of minor shipping delays.,3,PURE_002::sparkme::A027::U04; PURE_002::sparkme::A042::U06; PURE_002::sparkme::A045::U07,"The system shall prioritize payment failures and issues blocking fulfillment ahead of minor shipping delays. | The import wizard shall reassure users with messages such as “most items are ready.” | When most data is good, the system shall explicitly state that status.",,
PURE_002,sparkme,PURE_002::sparkme,PURE_002::sparkme::A034::U01,The system shall perform basic validation before an order is submitted.,8,PURE_002::sparkme::A034::U01; PURE_002::sparkme::A044::U04; PURE_002::sparkme::A044::U09; PURE_002::sparkme::A046::U04; PURE_002::sparkme::A046::U10; PURE_002::sparkme::A048::U03; PURE_002::sparkme::A048::U04; PURE_002::sparkme::A048::U07,"The system shall perform basic validation before an order is submitted. | For the first release, product import shall provide basic validation for required fields. | Orders shall undergo a basic validation step before submission. | For the initial launch, the product import process shall validate data before anything is committed. | For order validation, the system shall check the customer's required information before the order is submitted. | The system shall handle missing required fields during spreadsheet import. | The system shall handle invalid data formats during spreadsheet import. | The checkout shall validate required customer, shipping, and payment information before submission.",,
PURE_002,sparkme,PURE_002::sparkme,PURE_002::sparkme::A034::U02,The system shall check required address fields before an order is submitted.,6,PURE_002::sparkme::A034::U02; PURE_002::sparkme::A034::U03; PURE_002::sparkme::A044::U10; PURE_002::sparkme::A044::U11; PURE_002::sparkme::A046::U11; PURE_002::sparkme::A046::U12,"The system shall check required address fields before an order is submitted. | The system shall check for obvious payment format issues before an order is submitted. | Before an order is placed, the system shall show missing shipping information so customers can correct it. | Before an order is placed, the system shall show missing payment information so customers can correct it. | For order validation, the system shall specifically check shipping details. | For order validation, the system shall specifically check payment-related fields.",,
PURE_002,sparkme,PURE_002::sparkme,PURE_002::sparkme::A034::U05,The system shall provide staff with guided messages that explain the likely cause of an issue and suggest the next step.,5,PURE_002::sparkme::A034::U05; PURE_002::sparkme::A046::U13; PURE_002::sparkme::A048::U08; PURE_002::sparkme::A049::U06; PURE_002::sparkme::A051::U07,"The system shall provide staff with guided messages that explain the likely cause of an issue and suggest the next step. | If an order validation error occurs, the system shall explain the problem in simple terms. | The checkout shall provide simple, direct guidance on what needs to be corrected. | The import wizard shall tell users exactly what the next action is. | The import wizard shall provide a plain explanation for each error.",,
PURE_002,sparkme,PURE_002::sparkme,PURE_002::sparkme::A035::U01,The system shall support spreadsheet import.,19,PURE_002::sparkme::A035::U01; PURE_002::sparkme::A035::U02; PURE_002::sparkme::A035::U03; PURE_002::sparkme::A035::U04; PURE_002::sparkme::A035::U05; PURE_002::sparkme::A035::U06; PURE_002::sparkme::A038::U02; PURE_002::sparkme::A038::U03; PURE_002::sparkme::A038::U04; PURE_002::sparkme::A038::U05; PURE_002::sparkme::A038::U10; PURE_002::sparkme::A040::U03; PURE_002::sparkme::A044::U01; PURE_002::sparkme::A044::U02; PURE_002::sparkme::A044::U03; PURE_002::sparkme::A046::U01; PURE_002::sparkme::A046::U02; PURE_002::sparkme::A046::U03; PURE_002::sparkme::A048::U01,"The system shall support spreadsheet import. | The system shall support CSV import. | The system shall map imported columns to system fields. | The system shall provide a preview before saving imported data. | The system shall flag missing or invalid values before the import completes. | The system shall provide a simple step-by-step import wizard. | The system shall ask the user to match spreadsheet columns to product fields. | The system shall run a validation pass after the file is uploaded and mapped. | The system shall group validation problems together. | The system shall present missing values in one place. | The system shall show a final summary before the user confirms the import. | The import wizard should show a live preview after column mapping. | For the first release, product import shall support a simple spreadsheet upload. | For the first release, product import shall support column mapping. | For the first release, product import shall support previewing the import data before import. | For the initial launch, the product import process shall include file upload. | For the initial launch, the product import process shall include field mapping. | For the initial launch, the product import process shall include a preview before anything is committed. | For the initial launch, the system shall support spreadsheet import with mapping, preview, and validation.",,
PURE_002,sparkme,PURE_002::sparkme,PURE_002::sparkme::A036::U01,"The system shall detect duplicate product records during import by comparing product name, SKU, and, if available, barcode.",10,PURE_002::sparkme::A036::U01; PURE_002::sparkme::A036::U02; PURE_002::sparkme::A037::U02; PURE_002::sparkme::A037::U03; PURE_002::sparkme::A037::U04; PURE_002::sparkme::A037::U05; PURE_002::sparkme::A038::U06; PURE_002::sparkme::A038::U09; PURE_002::sparkme::A040::U07; PURE_002::sparkme::A048::U05,"The system shall detect duplicate product records during import by comparing product name, SKU, and, if available, barcode. | When duplicate product records are detected during import, the system shall either warn the user or allow the user to merge the records. | For duplicate records, the system shall display matching records side by side. | For duplicate records, the system shall allow the user to choose to keep a record. | For duplicate records, the system shall allow the user to merge records. | For duplicate records, the system shall allow the user to skip records. | The system shall present duplicates in one place. | The system shall allow the user to review suggested merges or corrections. | The import wizard should provide a button to ignore issues. | The system shall handle duplicate records during spreadsheet import.",,
PURE_002,sparkme,PURE_002::sparkme,PURE_002::sparkme::A036::U03,"The system shall highlight inconsistent product details, including missing prices and mismatched categories, in a review screen before the import is finalized.",5,PURE_002::sparkme::A036::U03; PURE_002::sparkme::A038::U07; PURE_002::sparkme::A040::U04; PURE_002::sparkme::A049::U07; PURE_002::sparkme::A051::U06,"The system shall highlight inconsistent product details, including missing prices and mismatched categories, in a review screen before the import is finalized. | The system shall present bad categories in one place. | The import wizard should highlight only the rows with issues. | The import wizard shall use red highlights only where needed when showing errors. | When an error occurs, the import wizard shall show the error at the item or field where it occurred.",,
PURE_002,sparkme,PURE_002::sparkme,PURE_002::sparkme::A036::U04,The system shall allow users to clean up product data during the import process before the data is fully loaded.,2,PURE_002::sparkme::A036::U04; PURE_002::sparkme::A037::U07,The system shall allow users to clean up product data during the import process before the data is fully loaded. | The system shall provide automation for obvious fixes.,,
PURE_002,sparkme,PURE_002::sparkme,PURE_002::sparkme::A037::U01,The system shall allow users to edit problem fields directly in the review screen without leaving the import flow.,3,PURE_002::sparkme::A037::U01; PURE_002::sparkme::A038::U08; PURE_002::sparkme::A040::U06,The system shall allow users to edit problem fields directly in the review screen without leaving the import flow. | The system shall allow the user to fix issues inline. | The import wizard should provide a button to fix issues.,,
PURE_002,sparkme,PURE_002::sparkme,PURE_002::sparkme::A037::U06,"When the system flags duplicate records, it shall provide a clear explanation of why the records were flagged.",2,PURE_002::sparkme::A037::U06; PURE_002::sparkme::A040::U05,"When the system flags duplicate records, it shall provide a clear explanation of why the records were flagged. | The import wizard should explain row issues in plain language.",,
PURE_002,sparkme,PURE_002::sparkme,PURE_002::sparkme::A037::U08,"For ambiguous issues, the system shall suggest a resolution and let the user confirm it.",2,PURE_002::sparkme::A037::U08; PURE_002::sparkme::A040::U08,"For ambiguous issues, the system shall suggest a resolution and let the user confirm it. | The import wizard should provide a button to apply a suggested correction.",,
PURE_002,sparkme,PURE_002::sparkme,PURE_002::sparkme::A040::U01,The import wizard should guide the user through the process in small steps with one decision at a time.,4,PURE_002::sparkme::A040::U01; PURE_002::sparkme::A040::U02; PURE_002::sparkme::A049::U01; PURE_002::sparkme::A051::U01,"The import wizard should guide the user through the process in small steps with one decision at a time. | The import wizard should avoid presenting the user with a huge form. | The import wizard shall show one step at a time. | The import wizard shall break the import process into small, visible steps.",,
PURE_002,sparkme,PURE_002::sparkme,PURE_002::sparkme::A040::U09,The import wizard should show progress.,7,PURE_002::sparkme::A040::U09; PURE_002::sparkme::A040::U10; PURE_002::sparkme::A040::U11; PURE_002::sparkme::A049::U02; PURE_002::sparkme::A051::U02; PURE_002::sparkme::A051::U03; PURE_002::sparkme::A051::U04,The import wizard should show progress. | The import wizard should show a simple count of how many items are ready and how many still need attention. | The import wizard should help users see that they are getting through the process. | The import wizard shall display a short progress indicator so users can see that they are moving forward. | The import wizard shall show users where they are in the process. | The import wizard shall display a simple progress bar. | The import wizard shall display a current step label.,,
PURE_002,sparkme,PURE_002::sparkme,PURE_002::sparkme::A041::U06,The system shall provide small inline hints during product import.,2,PURE_002::sparkme::A041::U06; PURE_002::sparkme::A047::U04,The system shall provide small inline hints during product import. | The system shall present import helpers in a simple suggestion panel or inline prompt.,,
PURE_002,sparkme,PURE_002::sparkme,PURE_002::sparkme::A043::U01,The system shall provide automation as suggestions or default fixes rather than making silent changes.,3,PURE_002::sparkme::A043::U01; PURE_002::sparkme::A047::U02; PURE_002::sparkme::A047::U03,The system shall provide automation as suggestions or default fixes rather than making silent changes. | The system shall present import helpers as optional suggestions or fixes that the user can review. | The system shall not apply import helper changes automatically in a way that might surprise the user.,,
PURE_002,sparkme,PURE_002::sparkme,PURE_002::sparkme::A043::U02,The system shall allow the user to accept each automated suggestion.,2,PURE_002::sparkme::A043::U02; PURE_002::sparkme::A047::U05,"The system shall allow the user to accept each automated suggestion. | The system shall provide a clear accept, edit, or ignore choice for each suggested item.",,
PURE_002,sparkme,PURE_002::sparkme,PURE_002::sparkme::A044::U06,"For the first release, product import shall provide basic validation for obvious formatting errors.",2,PURE_002::sparkme::A044::U06; PURE_002::sparkme::A046::U07,"For the first release, product import shall provide basic validation for obvious formatting errors. | The product import process shall detect format problems.",,
PURE_002,sparkme,PURE_002::sparkme,PURE_002::sparkme::A044::U07,The system shall let users fix problems before import.,7,PURE_002::sparkme::A044::U07; PURE_002::sparkme::A046::U08; PURE_002::sparkme::A046::U14; PURE_002::sparkme::A048::U06; PURE_002::sparkme::A049::U09; PURE_002::sparkme::A051::U08; PURE_002::sparkme::A051::U09,"The system shall let users fix problems before import. | The product import process shall allow users to correct issues without restarting the entire import. | If an order validation error occurs, the system shall keep the customer on the checkout page so they can fix the issue immediately. | The system shall let the seller fix issues before the import is finalized. | The import wizard shall provide a clear fix option for errors. | The import wizard shall provide a quick way to fix each error. | The import wizard shall allow the user to keep moving after an error instead of feeling stopped.",,
PURE_002,sparkme,PURE_002::sparkme,PURE_002::sparkme::A044::U08,The system shall clearly show what was accepted and what was rejected during import.,3,PURE_002::sparkme::A044::U08; PURE_002::sparkme::A048::U02; PURE_002::sparkme::A051::U05,The system shall clearly show what was accepted and what was rejected during import. | The system shall provide a clear result screen that shows what succeeded and what still needs attention after spreadsheet import. | The import wizard shall show brief confirmation messages after each stage.,,
PURE_002,sparkme,PURE_002::sparkme,PURE_002::sparkme::A045::U08,"When most data is good, the system shall tell the user how many items are ready to import and how many only need minor review.",3,PURE_002::sparkme::A045::U08; PURE_002::sparkme::A049::U04; PURE_002::sparkme::A049::U05,"When most data is good, the system shall tell the user how many items are ready to import and how many only need minor review. | The import wizard shall tell users how many products are ready. | The import wizard shall tell users how many products need review.",,
PURE_005,hashimoto,PURE_005::hashimoto,PURE_005::hashimoto::A001::U08,The system shall publish the trading outcome to the rest of the platform.,4,PURE_005::hashimoto::A001::U08; PURE_005::hashimoto::A001::U09; PURE_005::hashimoto::A001::U10; PURE_005::hashimoto::A001::U11,The system shall publish the trading outcome to the rest of the platform. | The system shall publish executed trade details. | The system shall publish partial fill information when applicable. | The system shall publish rejection or cancellation status when applicable.,,
PURE_005,llmrei-long,PURE_005::llmrei-long,PURE_005::llmrei-long::A001::U02,The Central Trading System shall receive trading instructions.,3,PURE_005::llmrei-long::A001::U02; PURE_005::llmrei-long::A010::U01; PURE_005::llmrei-long::A015::U01,The Central Trading System shall receive trading instructions. | The system shall take in instructions from the client-facing service. | The Central Trading System shall reliably receive instructions.,,
PURE_005,llmrei-long,PURE_005::llmrei-long,PURE_005::llmrei-long::A001::U05,The Central Trading System shall share results with other parts of the platform.,3,PURE_005::llmrei-long::A001::U05; PURE_005::llmrei-long::A004::U04; PURE_005::llmrei-long::A015::U03,The Central Trading System shall share results with other parts of the platform. | The system shall pass trading results cleanly to the rest of the platform. | The Central Trading System shall publish the correct results back to the platform without delays or inconsistencies.,,
PURE_005,llmrei-long,PURE_005::llmrei-long,PURE_005::llmrei-long::A001::U06,Managers shall be able to inspect the Central Trading System.,3,PURE_005::llmrei-long::A001::U06; PURE_005::llmrei-long::A004::U05; PURE_005::llmrei-long::A015::U04,Managers shall be able to inspect the Central Trading System. | The system shall provide managers a way to inspect what happened without needing technical support. | The Central Trading System shall allow authorized managers to inspect the information they need.,,
PURE_005,llmrei-long,PURE_005::llmrei-long,PURE_005::llmrei-long::A002::U01,The interviewee is speaking as the business stakeholder for the trading platform.,3,PURE_005::llmrei-long::A002::U01; PURE_005::llmrei-long::A002::U02; PURE_005::llmrei-long::A002::U03,The interviewee is speaking as the business stakeholder for the trading platform. | The interviewee represents the operational needs around the Central Trading System. | The interviewee is familiar with how the subsystem fits into the broader environment.,,
PURE_005,llmrei-long,PURE_005::llmrei-long,PURE_005::llmrei-long::A002::U04,The subsystem needs to support trading operations and oversight.,2,PURE_005::llmrei-long::A002::U04; PURE_005::llmrei-long::A003::U05,The subsystem needs to support trading operations and oversight. | The Central Trading System shall support the described operational flow.,,
PURE_005,llmrei-long,PURE_005::llmrei-long,PURE_005::llmrei-long::A003::U02,The system shall determine what kind of instruction it is.,3,PURE_005::llmrei-long::A003::U02; PURE_005::llmrei-long::A004::U06; PURE_005::llmrei-long::A010::U02,The system shall determine what kind of instruction it is. | The system shall handle different instruction types better than the current system. | The system shall identify the instruction type.,,
PURE_005,llmrei-long,PURE_005::llmrei-long,PURE_005::llmrei-long::A003::U03,The system shall apply the relevant trading rules.,3,PURE_005::llmrei-long::A003::U03; PURE_005::llmrei-long::A004::U03; PURE_005::llmrei-long::A010::U03,The system shall apply the relevant trading rules. | The system shall apply trading rules consistently every time. | The system shall process each instruction according to the correct trading rules.,,
PURE_005,llmrei-long,PURE_005::llmrei-long,PURE_005::llmrei-long::A003::U04,The system shall match compatible buy and sell orders when possible.,3,PURE_005::llmrei-long::A003::U04; PURE_005::llmrei-long::A010::U04; PURE_005::llmrei-long::A015::U02,"The system shall match compatible buy and sell orders when possible. | For compatible stock orders, the system shall match them accurately and produce the resulting trade information. | The Central Trading System shall match orders correctly under the trading rules.",,
PURE_005,llmrei-long,PURE_005::llmrei-long,PURE_005::llmrei-long::A004::U01,The system shall centralize matching and processing.,3,PURE_005::llmrei-long::A004::U01; PURE_005::llmrei-long::A004::U02; PURE_005::llmrei-long::A010::U05,The system shall centralize matching and processing. | The system shall perform matching and processing reliably. | The system shall perform instruction handling consistently.,,
PURE_005,llmrei-long,PURE_005::llmrei-long,PURE_005::llmrei-long::A006::U01,The system shall include an audit trail.,11,PURE_005::llmrei-long::A006::U01; PURE_005::llmrei-long::A006::U02; PURE_005::llmrei-long::A006::U03; PURE_005::llmrei-long::A006::U04; PURE_005::llmrei-long::A006::U05; PURE_005::llmrei-long::A007::U02; PURE_005::llmrei-long::A007::U03; PURE_005::llmrei-long::A007::U04; PURE_005::llmrei-long::A007::U05; PURE_005::llmrei-long::A007::U06; PURE_005::llmrei-long::A011::U03,The system shall include an audit trail. | The system shall record what instruction came in. | The system shall record how the instruction was handled. | The system shall record what matching decision was made. | The audit trail shall support review and investigation. | The audit trail shall support understanding what happened and when. | The audit trail shall support resolving disputes. | The audit trail shall support checking rule application. | The audit trail shall support internal review. | The audit trail shall record enough detail to reconstruct the decision path. | Cases of unmatched or unprocessable instructions should be logged so managers can review what happened later.,,
PURE_005,llmrei-long,PURE_005::llmrei-long,PURE_005::llmrei-long::A008::U02,Only approved system managers or designated support staff shall be able to view the audit trail and other manager-facing information.,2,PURE_005::llmrei-long::A008::U02; PURE_005::llmrei-long::A008::U04,Only approved system managers or designated support staff shall be able to view the audit trail and other manager-facing information. | The system shall block everyone else by default from viewing the audit trail and other manager-facing information.,,
PURE_005,llmrei-long,PURE_005::llmrei-long,PURE_005::llmrei-long::A009::U01,The system shall prioritize centralized instruction processing and matching as the first main feature.,3,PURE_005::llmrei-long::A009::U01; PURE_005::llmrei-long::A009::U02; PURE_005::llmrei-long::A009::U03,The system shall prioritize centralized instruction processing and matching as the first main feature. | The system shall include result distribution and manager inspection access after centralized instruction processing and matching. | The system shall include the audit trail alongside result distribution and manager inspection access rather than treating it as an afterthought.,,
PURE_005,llmrei-long,PURE_005::llmrei-long,PURE_005::llmrei-long::A010::U06,The system shall provide clear handling when an instruction cannot be matched or cannot be processed as expected.,2,PURE_005::llmrei-long::A010::U06; PURE_005::llmrei-long::A015::U05,The system shall provide clear handling when an instruction cannot be matched or cannot be processed as expected. | The Central Trading System shall support review of exceptions.,,
PURE_005,llmrei-long,PURE_005::llmrei-long,PURE_005::llmrei-long::A011::U01,"If an instruction cannot be matched, it should be kept as pending or queued until a compatible order arrives, provided that the trading rules allow it.",2,PURE_005::llmrei-long::A011::U01; PURE_005::llmrei-long::A012::U04,"If an instruction cannot be matched, it should be kept as pending or queued until a compatible order arrives, provided that the trading rules allow it. | Queuing pending orders is useful if the rules allow it.",,
PURE_005,llmrei-long,PURE_005::llmrei-long,PURE_005::llmrei-long::A012::U02,Rejecting invalid or incomplete instructions is important.,2,PURE_005::llmrei-long::A012::U02; PURE_005::llmrei-long::A012::U03,Rejecting invalid or incomplete instructions is important. | Rejecting invalid or incomplete instructions is a control and safety behavior.,,
PURE_005,llmrei-long,PURE_005::llmrei-long,PURE_005::llmrei-long::A015::U06,The Central Trading System shall operate the core flows in production with no major defects.,2,PURE_005::llmrei-long::A015::U06; PURE_005::llmrei-long::A015::U07,The Central Trading System shall operate the core flows in production with no major defects. | The trading teams shall trust the outputs of the Central Trading System.,,
PURE_005,proposed_method,PURE_005::proposed_method,PURE_005::proposed_method::A001::U01,The system shall take incoming instructions from the client-facing service.,2,PURE_005::proposed_method::A001::U01; PURE_005::proposed_method::A016::U01,The system shall take incoming instructions from the client-facing service. | An instruction shall be defined as the request coming in from the client-facing side.,,
PURE_005,proposed_method,PURE_005::proposed_method,PURE_005::proposed_method::A001::U02,The system shall determine what kind of order or instruction has been received.,4,PURE_005::proposed_method::A001::U02; PURE_005::proposed_method::A017::U01; PURE_005::proposed_method::A017::U02; PURE_005::proposed_method::A017::U03,The system shall determine what kind of order or instruction has been received. | The system shall recognize a new order instruction. | The system shall recognize a cancel instruction. | The system shall recognize an amend or replace instruction.,,
PURE_005,proposed_method,PURE_005::proposed_method,PURE_005::proposed_method::A001::U03,The system shall apply trading rules to determine whether an order or instruction can be matched.,4,PURE_005::proposed_method::A001::U03; PURE_005::proposed_method::A001::U08; PURE_005::proposed_method::A009::U05; PURE_005::proposed_method::A010::U09,The system shall apply trading rules to determine whether an order or instruction can be matched. | The system shall ensure that only valid orders are executed under the appropriate rules. | The core matching behavior shall remain quite stable. | The system shall enforce the applicable rule set consistently.,,
PURE_005,proposed_method,PURE_005::proposed_method,PURE_005::proposed_method::A001::U04,The system shall pass match information or trade state changes onward so the rest of the platform stays in sync.,2,PURE_005::proposed_method::A001::U04; PURE_005::proposed_method::A008::U07,The system shall pass match information or trade state changes onward so the rest of the platform stays in sync. | The system shall avoid breaking downstream notifications or manager inspection as the rules evolve.,,
PURE_005,proposed_method,PURE_005::proposed_method,PURE_005::proposed_method::A001::U05,The system shall support faster trading.,3,PURE_005::proposed_method::A001::U05; PURE_005::proposed_method::A001::U06; PURE_005::proposed_method::A001::U07,The system shall support faster trading. | The system shall support more consistent trading. | The system shall support more reliable trading.,,
PURE_005,proposed_method,PURE_005::proposed_method,PURE_005::proposed_method::A001::U09,The system shall provide managers with visibility into the system.,4,PURE_005::proposed_method::A001::U09; PURE_005::proposed_method::A001::U10; PURE_005::proposed_method::A001::U11; PURE_005::proposed_method::A001::U12,The system shall provide managers with visibility into the system. | The system shall allow managers to monitor activity. | The system shall allow managers to investigate issues. | The system shall allow managers to keep control over the trading operation.,,
PURE_005,proposed_method,PURE_005::proposed_method,PURE_005::proposed_method::A002::U01,The central trading system shall validate incoming instructions.,4,PURE_005::proposed_method::A002::U01; PURE_005::proposed_method::A002::U02; PURE_005::proposed_method::A020::U02; PURE_005::proposed_method::A020::U10,The central trading system shall validate incoming instructions. | The central trading system shall keep track of order states. | The system shall reject orders with missing required fields at intake. | The system shall perform these intake checks at intake.,,
PURE_005,proposed_method,PURE_005::proposed_method,PURE_005::proposed_method::A002::U04,The central trading system shall record enough information for audit and operational review.,3,PURE_005::proposed_method::A002::U04; PURE_005::proposed_method::A019::U04; PURE_005::proposed_method::A041::U07,"The central trading system shall record enough information for audit and operational review. | If an order is already filled, canceled, or otherwise no longer active, follow-on instructions against that order shall not be treated the same as instructions against a live order. | The system shall log who viewed what in the subsystem’s trading information.",,
PURE_005,proposed_method,PURE_005::proposed_method,PURE_005::proposed_method::A002::U05,The central trading system shall support inspection by system managers without exposing information they should not see.,7,PURE_005::proposed_method::A002::U05; PURE_005::proposed_method::A007::U09; PURE_005::proposed_method::A007::U12; PURE_005::proposed_method::A041::U01; PURE_005::proposed_method::A041::U02; PURE_005::proposed_method::A041::U04; PURE_005::proposed_method::A041::U06,The central trading system shall support inspection by system managers without exposing information they should not see. | The system shall restrict who can view trading data and manager-level information. | The system shall support controlled disclosure of records. | Only authorized system managers shall be able to inspect the subsystem’s trading information. | Access to the subsystem’s trading information shall be controlled by role. | Not every system manager shall be able to see every detail of the subsystem’s trading information unless they have the right clearance or operational need. | The system shall enforce role-based access for the subsystem’s trading information.,,
PURE_005,proposed_method,PURE_005::proposed_method,PURE_005::proposed_method::A002::U06,The central trading system shall handle exceptions or failed matches cleanly.,2,PURE_005::proposed_method::A002::U06; PURE_005::proposed_method::A002::U07,The central trading system shall handle exceptions or failed matches cleanly. | The central trading system shall report exceptions or failed matches back to the rest of the platform.,,
PURE_005,proposed_method,PURE_005::proposed_method,PURE_005::proposed_method::A003::U02,The central trading system shall refuse incomplete client-facing requests rather than pushing them further into matching.,3,PURE_005::proposed_method::A003::U02; PURE_005::proposed_method::A003::U03; PURE_005::proposed_method::A003::U04,The central trading system shall refuse incomplete client-facing requests rather than pushing them further into matching. | The central trading system shall refuse invalid client-facing requests rather than pushing them further into matching. | The central trading system shall refuse client-facing requests that are not allowed under the trading rules rather than pushing them further into matching.,,
PURE_005,proposed_method,PURE_005::proposed_method,PURE_005::proposed_method::A003::U07,The central trading system shall handle requests that are already in a terminal state differently from fresh orders.,3,PURE_005::proposed_method::A003::U07; PURE_005::proposed_method::A018::U01; PURE_005::proposed_method::A030::U03,"The central trading system shall handle requests that are already in a terminal state differently from fresh orders. | If the service is impaired, the system shall stop normal matching first. | An instruction shall be rejected rather than held when it is canceled, expired, completed, or otherwise invalid.",,
PURE_005,proposed_method,PURE_005::proposed_method,PURE_005::proposed_method::A003::U08,The central trading system shall handle duplicate or conflicting instructions differently from fresh orders.,2,PURE_005::proposed_method::A003::U08; PURE_005::proposed_method::A003::U09,The central trading system shall handle duplicate or conflicting instructions differently from fresh orders. | The central trading system shall reject or ignore duplicate or conflicting instructions depending on the request status.,,
PURE_005,proposed_method,PURE_005::proposed_method,PURE_005::proposed_method::A003::U10,"The central trading system shall handle matching and state decisions, then publish the outcome onward.",4,PURE_005::proposed_method::A003::U10; PURE_005::proposed_method::A012::U01; PURE_005::proposed_method::A012::U02; PURE_005::proposed_method::A012::U05,"The central trading system shall handle matching and state decisions, then publish the outcome onward. | The Central Trading System shall pass the outcome onward whenever an order has been accepted and either fully or partially executed. | Execution details shall be used as input for downstream processing. | Anything after a valid execution shall be handed off with the trade details, status, and audit information.",,
PURE_005,proposed_method,PURE_005::proposed_method,PURE_005::proposed_method::A004::U02,End users shall not interact with the central trading system directly.,3,PURE_005::proposed_method::A004::U02; PURE_005::proposed_method::A007::U10; PURE_005::proposed_method::A007::U11,End users shall not interact with the central trading system directly. | The system shall support audit review of records. | The system shall support investigation of records.,,
PURE_005,proposed_method,PURE_005::proposed_method,PURE_005::proposed_method::A004::U03,Authorized trading clients or broker-side users shall be able to originate instructions.,2,PURE_005::proposed_method::A004::U03; PURE_005::proposed_method::A043::U01,Authorized trading clients or broker-side users shall be able to originate instructions. | The system shall allow other actor categories beyond ordinary trading clients and broker-side users.,,
PURE_005,proposed_method,PURE_005::proposed_method,PURE_005::proposed_method::A005::U01,The trading subsystem shall be available whenever the trading window is open.,2,PURE_005::proposed_method::A005::U01; PURE_005::proposed_method::A005::U02,The trading subsystem shall be available whenever the trading window is open. | The trading subsystem shall provide very high availability during market hours.,,
PURE_005,proposed_method,PURE_005::proposed_method,PURE_005::proposed_method::A005::U03,"During service interruptions, the trading subsystem shall stop accepting new instructions.",3,PURE_005::proposed_method::A005::U03; PURE_005::proposed_method::A005::U04; PURE_005::proposed_method::A030::U02,"During service interruptions, the trading subsystem shall stop accepting new instructions. | During service interruptions, the trading subsystem shall preserve all previously accepted instructions so that nothing is lost. | An instruction shall not go straight into matching when the market is closed, suspended, in maintenance, or the instrument is outside its allowed window.",,
PURE_005,proposed_method,PURE_005::proposed_method,PURE_005::proposed_method::A006::U02,The trading subsystem shall operate reliably at low latency.,2,PURE_005::proposed_method::A006::U02; PURE_005::proposed_method::A023::U02,The trading subsystem shall operate reliably at low latency. | The matching process shall have no noticeable delay from the business side during peak periods.,,
PURE_005,proposed_method,PURE_005::proposed_method,PURE_005::proposed_method::A007::U01,The system shall keep an auditable record of accepted orders.,7,PURE_005::proposed_method::A007::U01; PURE_005::proposed_method::A007::U02; PURE_005::proposed_method::A007::U03; PURE_005::proposed_method::A007::U04; PURE_005::proposed_method::A007::U05; PURE_005::proposed_method::A008::U06; PURE_005::proposed_method::A019::U02,The system shall keep an auditable record of accepted orders. | The system shall keep an auditable record of matching decisions. | The system shall keep an auditable record of cancellations. | The system shall keep an auditable record of rejections. | The system shall keep an auditable record of all state changes. | The system shall keep a clean audit trail. | A new order shall be rejected if the trading window is closed.,,
PURE_005,proposed_method,PURE_005::proposed_method,PURE_005::proposed_method::A007::U07,The system shall apply retention controls in accordance with applicable internal compliance requirements and market regulations.,2,PURE_005::proposed_method::A007::U07; PURE_005::proposed_method::A020::U09,The system shall apply retention controls in accordance with applicable internal compliance requirements and market regulations. | The exact limit values and duplicate rules shall come from the business and risk teams.,,
PURE_005,proposed_method,PURE_005::proposed_method,PURE_005::proposed_method::A007::U08,The system shall apply access controls in accordance with applicable internal compliance requirements and market regulations.,10,PURE_005::proposed_method::A007::U08; PURE_005::proposed_method::A045::U01; PURE_005::proposed_method::A046::U01; PURE_005::proposed_method::A046::U02; PURE_005::proposed_method::A046::U03; PURE_005::proposed_method::A046::U04; PURE_005::proposed_method::A046::U05; PURE_005::proposed_method::A046::U08; PURE_005::proposed_method::A046::U09; PURE_005::proposed_method::A046::U10,The system shall apply access controls in accordance with applicable internal compliance requirements and market regulations. | Access to the manager-excluded categories shall follow a least-privilege rule with an explicit purpose requirement. | Access should be granted only when there is a documented operational need. | A documented operational need may include a live incident. | A documented operational need may include a compliance review. | A documented operational need may include a formal investigation. | The request must be approved by the designated control owner or an equivalent senior approver. | Access can be blocked if the request is too broad. | Access can be blocked if the role does not match the data sensitivity. | Access can be blocked if the reason is not specific enough.,,
PURE_005,proposed_method,PURE_005::proposed_method,PURE_005::proposed_method::A008::U01,"The system shall remain stable for the core flow of order intake, validation, matching, and trade publication when new products or order types are added.",5,PURE_005::proposed_method::A008::U01; PURE_005::proposed_method::A034::U01; PURE_005::proposed_method::A034::U02; PURE_005::proposed_method::A034::U03; PURE_005::proposed_method::A034::U04,"The system shall remain stable for the core flow of order intake, validation, matching, and trade publication when new products or order types are added. | The system should scale only in ways that do not change matching outcomes or weaken the audit trail. | Added capacity must preserve ordering. | Added capacity must preserve rule enforcement. | Added capacity must preserve traceability.",,
PURE_005,proposed_method,PURE_005::proposed_method,PURE_005::proposed_method::A008::U02,The system should support additional markets in the future.,2,PURE_005::proposed_method::A008::U02; PURE_005::proposed_method::A019::U03,"The system should support additional markets in the future. | A new order shall be rejected if it fails basic eligibility checks, including instrument validity and participant validity.",,
PURE_005,proposed_method,PURE_005::proposed_method,PURE_005::proposed_method::A008::U03,The system should support more complex order conditions in the future.,2,PURE_005::proposed_method::A008::U03; PURE_005::proposed_method::A020::U01,The system should support more complex order conditions in the future. | The system shall reject clearly malformed instructions at intake.,,
PURE_005,proposed_method,PURE_005::proposed_method,PURE_005::proposed_method::A008::U04,The system should support higher throughput in the future.,2,PURE_005::proposed_method::A008::U04; PURE_005::proposed_method::A020::U06,The system should support higher throughput in the future. | The system shall detect and catch duplicate submissions at intake.,,
PURE_005,proposed_method,PURE_005::proposed_method,PURE_005::proposed_method::A011::U09,The system shall stop a request before matching if it is outside allowed trading hours.,2,PURE_005::proposed_method::A011::U09; PURE_005::proposed_method::A029::U08,The system shall stop a request before matching if it is outside allowed trading hours. | The system shall prevent false expectations and matching after the allowed time.,,
PURE_005,proposed_method,PURE_005::proposed_method,PURE_005::proposed_method::A011::U10,The system shall stop a request before matching if the account is not authorized for the activity.,4,PURE_005::proposed_method::A011::U10; PURE_005::proposed_method::A022::U01; PURE_005::proposed_method::A022::U03; PURE_005::proposed_method::A022::U04,The system shall stop a request before matching if the account is not authorized for the activity. | The system shall refuse a request during allowed trading hours if the participant is not authorized for the instrument or specific activity. | The system shall perform the entitlement check before admitting the order for matching. | Being inside the trading window alone shall not make a request allowed.,,
PURE_005,proposed_method,PURE_005::proposed_method,PURE_005::proposed_method::A013::U03,The initial deployment and cutover must use a controlled cutover.,2,PURE_005::proposed_method::A013::U03; PURE_005::proposed_method::A032::U01,The initial deployment and cutover must use a controlled cutover. | Cutover shall occur only within a controlled window.,,
PURE_005,proposed_method,PURE_005::proposed_method,PURE_005::proposed_method::A013::U04,The initial deployment and cutover must include enough testing.,4,PURE_005::proposed_method::A013::U04; PURE_005::proposed_method::A034::U08; PURE_005::proposed_method::A034::U09; PURE_005::proposed_method::A034::U10,"The initial deployment and cutover must include enough testing. | Before going live, any scaling change should undergo regression checks on matching. | Before going live, any scaling change should undergo regression checks on record creation. | Before going live, any scaling change should undergo regression checks on outbound messaging.",,
PURE_005,proposed_method,PURE_005::proposed_method,PURE_005::proposed_method::A013::U06,The system must be closely monitored immediately after go-live so that matching or messaging issues are caught quickly.,2,PURE_005::proposed_method::A013::U06; PURE_005::proposed_method::A032::U03,The system must be closely monitored immediately after go-live so that matching or messaging issues are caught quickly. | The system or process shall provide clear monitoring and assign a named operator to watch the first live trades immediately after go-live.,,
PURE_005,proposed_method,PURE_005::proposed_method,PURE_005::proposed_method::A014::U02,The Central Trading System shall make any open orders available on day one.,4,PURE_005::proposed_method::A014::U02; PURE_005::proposed_method::A015::U01; PURE_005::proposed_method::A015::U02; PURE_005::proposed_method::A015::U03,The Central Trading System shall make any open orders available on day one. | Anything that is still active or operationally relevant at cutover shall be mandatory to migrate. | Open orders shall be mandatory to migrate at cutover. | Unsettled trades shall be mandatory to migrate at cutover.,,
PURE_005,proposed_method,PURE_005::proposed_method,PURE_005::proposed_method::A014::U04,The Central Trading System shall make whatever audit history is needed for reconciliation and inspection available on day one.,3,PURE_005::proposed_method::A014::U04; PURE_005::proposed_method::A015::U04; PURE_005::proposed_method::A015::U06,The Central Trading System shall make whatever audit history is needed for reconciliation and inspection available on day one. | Records needed for reconciliation or manager review shall be mandatory to migrate at cutover. | Records that remain in the source system or archive shall be retrievable for audit and retention purposes.,,
PURE_005,proposed_method,PURE_005::proposed_method,PURE_005::proposed_method::A014::U05,"The Central Trading System may leave closed or very old records in the source system or archive them separately, depending on retention rules.",3,PURE_005::proposed_method::A014::U05; PURE_005::proposed_method::A015::U05; PURE_005::proposed_method::A015::U08,"The Central Trading System may leave closed or very old records in the source system or archive them separately, depending on retention rules. | Older closed trades and routine history may remain in the source system or be moved to an archive. | Migrated legacy records shall remain read-only unless a controlled exception process is used.",,
PURE_005,proposed_method,PURE_005::proposed_method,PURE_005::proposed_method::A014::U07,The business shall agree on which records are authoritative after cutover.,2,PURE_005::proposed_method::A014::U07; PURE_005::proposed_method::A015::U07,The business shall agree on which records are authoritative after cutover. | The Central Trading System shall be the source of truth for anything created after go-live.,,
PURE_005,proposed_method,PURE_005::proposed_method,PURE_005::proposed_method::A023::U03,"If processing slows enough to risk stale prices, the system shall not continue processing at the same pace.",6,PURE_005::proposed_method::A023::U03; PURE_005::proposed_method::A023::U04; PURE_005::proposed_method::A035::U01; PURE_005::proposed_method::A035::U02; PURE_005::proposed_method::A035::U03; PURE_005::proposed_method::A035::U04,"If processing slows enough to risk stale prices, the system shall not continue processing at the same pace. | If processing slows enough to risk missed priorities or inconsistent sequencing, the system shall not continue processing at the same pace. | If instability is observed, scaling shall be paused. | If unexplained latency is observed, scaling shall be paused. | If backlog growth is observed, scaling shall be paused. | If there is any sign that matching or outbound notifications might diverge, scaling shall be paused.",,
PURE_005,proposed_method,PURE_005::proposed_method,PURE_005::proposed_method::A023::U05,"In conditions where processing slows enough to risk stale prices, missed priorities, or inconsistent sequencing, the system shall hold, queue, or temporarily reject new intake depending on the condition.",6,PURE_005::proposed_method::A023::U05; PURE_005::proposed_method::A023::U06; PURE_005::proposed_method::A035::U05; PURE_005::proposed_method::A035::U06; PURE_005::proposed_method::A035::U07; PURE_005::proposed_method::A035::U08,"In conditions where processing slows enough to risk stale prices, missed priorities, or inconsistent sequencing, the system shall hold, queue, or temporarily reject new intake depending on the condition. | The system shall prefer holding, queuing, or temporarily rejecting new intake rather than accepting orders that cannot be processed fairly. | If instability is observed, scaling shall be capped. | If unexplained latency is observed, scaling shall be capped. | If backlog growth is observed, scaling shall be capped. | If there is any sign that matching or outbound notifications might diverge, scaling shall be capped.",,
PURE_005,proposed_method,PURE_005::proposed_method,PURE_005::proposed_method::A024::U01,"When the slowdown is minor and recovery is expected quickly, the system should queue a limited amount of new intake to preserve order of arrival.",2,PURE_005::proposed_method::A024::U01; PURE_005::proposed_method::A024::U02,"When the slowdown is minor and recovery is expected quickly, the system should queue a limited amount of new intake to preserve order of arrival. | If the system is already at risk of stale or unfair matches, it should pause intake or reject new requests rather than continue admitting them.",,
PURE_005,proposed_method,PURE_005::proposed_method,PURE_005::proposed_method::A025::U01,"A new market or order condition shall only be enabled after its rules are fully configured, tested, and traceable in the system’s reference data.",2,PURE_005::proposed_method::A025::U01; PURE_005::proposed_method::A025::U04,"A new market or order condition shall only be enabled after its rules are fully configured, tested, and traceable in the system’s reference data. | If configuration is not complete or approved, the new market or order condition shall remain inactive rather than be partially supported.",,
PURE_005,proposed_method,PURE_005::proposed_method,PURE_005::proposed_method::A026::U03,The system shall require verification that reference data and trading rules are complete and consistent before activating a new market or order condition.,2,PURE_005::proposed_method::A026::U03; PURE_005::proposed_method::A032::U02,"The system shall require verification that reference data and trading rules are complete and consistent before activating a new market or order condition. | Cutover shall occur only after the approved reference data, trading rules, and downstream interfaces have been confirmed ready.",,
PURE_005,proposed_method,PURE_005::proposed_method,PURE_005::proposed_method::A026::U05,The system shall keep a new market or order condition inactive if any critical pieces are missing.,4,PURE_005::proposed_method::A026::U05; PURE_005::proposed_method::A026::U06; PURE_005::proposed_method::A026::U07; PURE_005::proposed_method::A026::U08,The system shall keep a new market or order condition inactive if any critical pieces are missing. | The system shall keep a new market or order condition inactive when rule coverage is incomplete. | The system shall keep a new market or order condition inactive when defects remain unresolved. | The system shall keep a new market or order condition inactive until operations has confirmed readiness.,,
PURE_005,proposed_method,PURE_005::proposed_method,PURE_005::proposed_method::A026::U09,The system shall not activate a new market or order condition unless correct matching and end-to-end auditability can be guaranteed.,2,PURE_005::proposed_method::A026::U09; PURE_005::proposed_method::A034::U11,"The system shall not activate a new market or order condition unless correct matching and end-to-end auditability can be guaranteed. | If the expanded setup cannot be proven to produce the same correct results, it should not be enabled.",,
PURE_005,proposed_method,PURE_005::proposed_method,PURE_005::proposed_method::A027::U01,A new market or condition shall get its own distinct rule set if it changes how orders are prioritized.,3,PURE_005::proposed_method::A027::U01; PURE_005::proposed_method::A027::U02; PURE_005::proposed_method::A027::U03,A new market or condition shall get its own distinct rule set if it changes how orders are prioritized. | A new market or condition shall get its own distinct rule set if it changes how orders are matched. | A new market or condition shall get its own distinct rule set if it changes how orders are validated.,,
PURE_005,proposed_method,PURE_005::proposed_method,PURE_005::proposed_method::A028::U01,Any mismatch between what was approved and what is actually configured shall block activation.,7,PURE_005::proposed_method::A028::U01; PURE_005::proposed_method::A028::U02; PURE_005::proposed_method::A028::U03; PURE_005::proposed_method::A028::U04; PURE_005::proposed_method::A028::U05; PURE_005::proposed_method::A028::U06; PURE_005::proposed_method::A034::U07,"Any mismatch between what was approved and what is actually configured shall block activation. | Reference data that does not match the approved market definition shall block activation. | Trading rules that do not align with the signed-off behavior shall block activation. | If downstream systems are not ready to receive and interpret the results, activation shall be blocked. | An unresolved exception in testing shall block activation. | If manager review cannot clearly see what changed, activation shall be blocked. | Any scaling change should be treated as a controlled change to trading behavior.",,
PURE_005,proposed_method,PURE_005::proposed_method,PURE_005::proposed_method::A029::U01,"When the service cannot safely process trading, the system shall not accept new instructions for matching.",2,PURE_005::proposed_method::A029::U01; PURE_005::proposed_method::A029::U04,"When the service cannot safely process trading, the system shall not accept new instructions for matching. | The system shall avoid accepting orders when it knows it cannot handle them correctly.",,
PURE_005,proposed_method,PURE_005::proposed_method,PURE_005::proposed_method::A035::U10,"When instability, unexplained latency, backlog growth, or possible divergence in matching or outbound notifications is present, the system shall use a slower but safer path instead of pushing through.",2,PURE_005::proposed_method::A035::U10; PURE_005::proposed_method::A035::U11,"When instability, unexplained latency, backlog growth, or possible divergence in matching or outbound notifications is present, the system shall use a slower but safer path instead of pushing through. | The system shall prefer a slower but safer path over pushing through when doing so would risk bad trades or incomplete audit records.",,
PURE_005,proposed_method,PURE_005::proposed_method,PURE_005::proposed_method::A035::U12,The system shall slow down when a new market is in a heightened verification period.,3,PURE_005::proposed_method::A035::U12; PURE_005::proposed_method::A035::U13; PURE_005::proposed_method::A035::U14,The system shall slow down when a new market is in a heightened verification period. | The system shall slow down when a rule change is in a heightened verification period. | The system shall slow down when a release is in a heightened verification period.,,
PURE_005,proposed_method,PURE_005::proposed_method,PURE_005::proposed_method::A035::U15,The system shall keep matching results exactly consistent with the approved trading rules.,3,PURE_005::proposed_method::A035::U15; PURE_005::proposed_method::A035::U16; PURE_005::proposed_method::A035::U17,The system shall keep matching results exactly consistent with the approved trading rules. | The system shall keep records exactly consistent with the approved trading rules. | The system shall keep notifications exactly consistent with the approved trading rules.,,
PURE_005,proposed_method,PURE_005::proposed_method,PURE_005::proposed_method::A036::U01,Normal throughput shall only be restored after the underlying issue is cleared.,6,PURE_005::proposed_method::A036::U01; PURE_005::proposed_method::A036::U02; PURE_005::proposed_method::A036::U03; PURE_005::proposed_method::A036::U05; PURE_005::proposed_method::A036::U07; PURE_005::proposed_method::A036::U08,Normal throughput shall only be restored after the underlying issue is cleared. | Normal throughput shall only be restored after the backlog is under control. | Normal throughput shall only be restored after monitoring shows the system is behaving consistently for a sustained period. | Normal throughput shall not be restored based only on the queues having drained. | Restoring normal throughput shall be a deliberate operator decision based on stability and correctness. | Normal throughput shall not be restored just because demand rises again.,,
PURE_005,proposed_method,PURE_005::proposed_method,PURE_005::proposed_method::A037::U03,The system shall send a structured exception message to downstream systems that need to know.,2,PURE_005::proposed_method::A037::U03; PURE_005::proposed_method::A037::U04,The system shall send a structured exception message to downstream systems that need to know. | The exception message shall be useful enough for downstream systems to react appropriately.,,
PURE_005,proposed_method,PURE_005::proposed_method,PURE_005::proposed_method::A038::U01,The system shall allow filtering by order status.,2,PURE_005::proposed_method::A038::U01; PURE_005::proposed_method::A038::U07,The system shall allow filtering by order status. | The system shall make these basic filters available.,,
PURE_005,proposed_method,PURE_005::proposed_method,PURE_005::proposed_method::A041::U05,The system may require approval-based restrictions for especially sensitive information.,9,PURE_005::proposed_method::A041::U05; PURE_005::proposed_method::A045::U05; PURE_005::proposed_method::A046::U06; PURE_005::proposed_method::A046::U07; PURE_005::proposed_method::A047::U01; PURE_005::proposed_method::A047::U02; PURE_005::proposed_method::A047::U05; PURE_005::proposed_method::A047::U06; PURE_005::proposed_method::A047::U07,"The system may require approval-based restrictions for especially sensitive information. | Emergency overrides may be allowed for access to the manager-excluded categories. | In an emergency, approval may be obtained after the fact. | Emergency access must be tied to a specific event and recorded. | An emergency access exception shall be grantable only by a very small set of senior roles. | Emergency access exceptions shall usually be grantable by operations leadership or security/compliance roles. | At the time of access, the system shall capture who approved the emergency access. | At the time of access, the system shall capture who used the emergency access. | At the time of access, the system shall capture the incident reference for the emergency access.",,
PURE_005,proposed_method,PURE_005::proposed_method,PURE_005::proposed_method::A045::U07,"Emergency overrides shall be time-limited, logged, and reviewed afterward.",4,PURE_005::proposed_method::A045::U07; PURE_005::proposed_method::A047::U11; PURE_005::proposed_method::A047::U12; PURE_005::proposed_method::A053::U09,"Emergency overrides shall be time-limited, logged, and reviewed afterward. | Emergency access shall be fully logged so it can be reviewed afterward. | Emergency access shall be shut off automatically when the incident is closed or the time window expires. | The system shall not omit the record for any real emergency access incident.",,
PURE_005,proposed_method,PURE_005::proposed_method,PURE_005::proposed_method::A047::U08,"At the time of access, the system shall capture the reason for the emergency access.",3,PURE_005::proposed_method::A047::U08; PURE_005::proposed_method::A053::U01; PURE_005::proposed_method::A053::U06,"At the time of access, the system shall capture the reason for the emergency access. | The system shall record the timestamp for an emergency access incident. | The system shall record a short business justification for the emergency access incident.",,
PURE_005,proposed_method,PURE_005::proposed_method,PURE_005::proposed_method::A047::U09,"At the time of access, the system shall capture the start and end time of the emergency access.",2,PURE_005::proposed_method::A047::U09; PURE_005::proposed_method::A053::U02,"At the time of access, the system shall capture the start and end time of the emergency access. | The system shall record the duration of an emergency access incident.",,
PURE_005,proposed_method,PURE_005::proposed_method,PURE_005::proposed_method::A048::U01,The system shall capture access details whenever access is granted outside normal standing permission.,7,PURE_005::proposed_method::A048::U01; PURE_005::proposed_method::A048::U02; PURE_005::proposed_method::A048::U03; PURE_005::proposed_method::A048::U04; PURE_005::proposed_method::A048::U07; PURE_005::proposed_method::A048::U08; PURE_005::proposed_method::A048::U09,The system shall capture access details whenever access is granted outside normal standing permission. | The system shall capture access details for emergency exceptions. | The system shall capture access details for after-hours overrides. | The system shall capture access details for temporary elevation tied to an incident or outage. | The access record shall include incident severity. | The access record shall include the affected service. | The access record shall include whether the access was read-only or allowed changes.,,
PURE_005,proposed_method,PURE_005::proposed_method,PURE_005::proposed_method::A048::U10,The system shall not capture unnecessary personal detail about the requester beyond what is needed for audit.,3,PURE_005::proposed_method::A048::U10; PURE_005::proposed_method::A053::U10; PURE_005::proposed_method::A053::U11,The system shall not capture unnecessary personal detail about the requester beyond what is needed for audit. | The system shall limit requester personal details to what is needed for identity and audit. | The system shall avoid storing extra sensitive requester information that is not useful afterward.,,
PURE_005,proposed_method,PURE_005::proposed_method,PURE_005::proposed_method::A048::U11,The access record for routine low-impact incidents may be simpler.,2,PURE_005::proposed_method::A048::U11; PURE_005::proposed_method::A048::U12,The access record for routine low-impact incidents may be simpler. | The access record shall still include the core traceability fields for routine low-impact incidents.,,
PURE_005,proposed_method,PURE_005::proposed_method,PURE_005::proposed_method::A050::U03,The cutover lead's emergency decision must be bounded by pre-agreed emergency criteria.,3,PURE_005::proposed_method::A050::U03; PURE_005::proposed_method::A050::U04; PURE_005::proposed_method::A050::U05,The cutover lead's emergency decision must be bounded by pre-agreed emergency criteria. | The cutover lead's emergency decision must be logged with the reason. | The cutover lead's emergency decision must be reviewed afterward by the normal approvers.,,
PURE_005,proposed_method,PURE_005::proposed_method,PURE_005::proposed_method::A054::U01,The first delivery shall include explicit cancellation handling for incoming instructions and matched orders.,3,PURE_005::proposed_method::A054::U01; PURE_005::proposed_method::A054::U03; PURE_005::proposed_method::A054::U04,The first delivery shall include explicit cancellation handling for incoming instructions and matched orders. | The first delivery shall specify how the system handles orders that cannot be matched. | The first delivery shall specify how the system handles orders that need to be withdrawn.,,
PURE_005,proposed_method,PURE_005::proposed_method,PURE_005::proposed_method::A055::U01,The first release shall focus on the straight-through trading path and the essential reject or cancel outcomes.,3,PURE_005::proposed_method::A055::U01; PURE_005::proposed_method::A055::U02; PURE_005::proposed_method::A055::U05,The first release shall focus on the straight-through trading path and the essential reject or cancel outcomes. | The system shall safely process live instructions end to end. | The first release shall be operationally safe and complete enough for trading.,,
PURE_005,sparkme,PURE_005::sparkme,PURE_005::sparkme::A001::U01,The Central Trading System shall be the core matching component inside the broader trading platform.,2,PURE_005::sparkme::A001::U01; PURE_005::sparkme::A017::U01,The Central Trading System shall be the core matching component inside the broader trading platform. | The Central Trading System shall sit between the client-facing service and the rest of the trading platform.,,
PURE_005,sparkme,PURE_005::sparkme,PURE_005::sparkme::A001::U02,The Central Trading System shall take orders coming in from the client-facing service.,6,PURE_005::sparkme::A001::U02; PURE_005::sparkme::A004::U01; PURE_005::sparkme::A006::U01; PURE_005::sparkme::A009::U01; PURE_005::sparkme::A016::U01; PURE_005::sparkme::A017::U02,The Central Trading System shall take orders coming in from the client-facing service. | The Central Trading System shall support a client-facing service that submits trading instructions. | The client-facing service shall submit orders to the Central Trading System. | The system shall handle order intake during a normal trading day. | The system shall receive orders from the client-facing service. | The Central Trading System shall receive instructions from the client service.,,
PURE_005,sparkme,PURE_005::sparkme,PURE_005::sparkme::A001::U04,The Central Trading System shall match compatible stock orders according to the trading rules in force.,11,PURE_005::sparkme::A001::U04; PURE_005::sparkme::A006::U02; PURE_005::sparkme::A009::U02; PURE_005::sparkme::A010::U01; PURE_005::sparkme::A010::U04; PURE_005::sparkme::A011::U03; PURE_005::sparkme::A012::U01; PURE_005::sparkme::A015::U01; PURE_005::sparkme::A015::U05; PURE_005::sparkme::A048::U01; PURE_005::sparkme::A048::U12,"The Central Trading System shall match compatible stock orders according to the trading rules in force. | The Central Trading System shall perform matching and rule handling. | The system shall handle order matching during a normal trading day. | During the open session, the system shall continuously process incoming orders and match them according to the configured trading rules as quickly as possible. | If the market is halted or paused, the system shall stop matching. | During halts, the system should stop execution immediately. | The system shall match only compatible orders. | Orders and trades shall be represented with well-defined identifier fields. | Orders and trades shall be represented with well-defined timestamp fields. | The system shall demonstrate correct order matching under expected peak volumes. | The system shall be approved after a formal test run that resembles real trading conditions.",,
PURE_005,sparkme,PURE_005::sparkme,PURE_005::sparkme::A001::U05,Front-end services shall not make matching decisions themselves.,2,PURE_005::sparkme::A001::U05; PURE_005::sparkme::A007::U08,Front-end services shall not make matching decisions themselves. | The client-facing service shall interact automatically through system interfaces rather than by human action.,,
PURE_005,sparkme,PURE_005::sparkme,PURE_005::sparkme::A001::U06,The Central Trading System shall provide a central place where resulting trade information can be passed to the rest of the platform.,7,PURE_005::sparkme::A001::U06; PURE_005::sparkme::A004::U03; PURE_005::sparkme::A006::U03; PURE_005::sparkme::A009::U03; PURE_005::sparkme::A017::U03; PURE_005::sparkme::A017::U04; PURE_005::sparkme::A019::U02,"The Central Trading System shall provide a central place where resulting trade information can be passed to the rest of the platform. | The Central Trading System shall provide trade results to downstream platform components. | Downstream platform services shall receive trade outcomes. | The system shall handle trade confirmation during a normal trading day. | The Central Trading System shall send back order and execution outcomes to the client service. | The Central Trading System shall publish trade results or status changes to downstream components that need them. | The system shall push trade results, order state changes, and other downstream events to risk, settlement, and reporting services to keep those consumers in sync.",,
PURE_005,sparkme,PURE_005::sparkme,PURE_005::sparkme::A001::U07,The Central Trading System shall allow resulting trade information to be reviewed by authorized managers.,4,PURE_005::sparkme::A001::U07; PURE_005::sparkme::A005::U07; PURE_005::sparkme::A005::U08; PURE_005::sparkme::A007::U06,"The Central Trading System shall allow resulting trade information to be reviewed by authorized managers. | The system should support traceability. | The system should prove that it followed the rules. | Compliance officers shall use reviewed records, reports, and exception history to confirm that the trading rules were followed.",,
PURE_005,sparkme,PURE_005::sparkme,PURE_005::sparkme::A002::U02,The system shall provide faster order handling.,6,PURE_005::sparkme::A002::U02; PURE_005::sparkme::A004::U05; PURE_005::sparkme::A006::U06; PURE_005::sparkme::A022::U01; PURE_005::sparkme::A023::U01; PURE_005::sparkme::A048::U04,The system shall provide faster order handling. | The Central Trading System shall provide reliable order handling for the client service. | The client-facing service shall prioritize speed and reliability. | The Central Trading System must handle market-open spikes without slowing down matching or acknowledgement times. | The platform shall absorb surges without delaying order intake or matching. | The system shall meet acceptable latency requirements.,,
PURE_005,sparkme,PURE_005::sparkme,PURE_005::sparkme::A002::U04,The system shall provide a more reliable path for passing trade outcomes to downstream systems.,2,PURE_005::sparkme::A002::U04; PURE_005::sparkme::A018::U03,The system shall provide a more reliable path for passing trade outcomes to downstream systems. | The system shall provide reliable delivery so trade result messages are not lost or duplicated when propagated.,,
PURE_005,sparkme,PURE_005::sparkme,PURE_005::sparkme::A004::U06,The Central Trading System shall support traceability for system managers.,5,PURE_005::sparkme::A004::U06; PURE_005::sparkme::A004::U07; PURE_005::sparkme::A004::U08; PURE_005::sparkme::A006::U04; PURE_005::sparkme::A006::U08,"The Central Trading System shall support traceability for system managers. | The Central Trading System shall support oversight for system managers. | The Central Trading System shall allow system managers to inspect what the matching engine did. | System managers shall inspect activity and manage oversight. | Human users shall prioritize traceability, control, and auditability.",,
PURE_005,sparkme,PURE_005::sparkme,PURE_005::sparkme::A005::U02,"Operations staff may need visibility into queues, failures, and unusual matching behavior.",4,PURE_005::sparkme::A005::U02; PURE_005::sparkme::A005::U03; PURE_005::sparkme::A007::U02; PURE_005::sparkme::A007::U03,"Operations staff may need visibility into queues, failures, and unusual matching behavior. | Operations staff need this visibility to support the platform. | Operations staff shall look at failed instructions and delayed instructions. | Operations staff shall check whether the matching flow is healthy.",,
PURE_005,sparkme,PURE_005::sparkme,PURE_005::sparkme::A005::U04,Compliance or audit reviewers may need read-only access to records and reports.,5,PURE_005::sparkme::A005::U04; PURE_005::sparkme::A005::U05; PURE_005::sparkme::A006::U05; PURE_005::sparkme::A007::U05; PURE_005::sparkme::A008::U01,"Compliance or audit reviewers may need read-only access to records and reports. | Compliance or audit reviewers need read-only access for investigation or regulatory checks. | Operations or compliance users shall review logs, exceptions, and records. | Compliance officers shall review records, reports, and exception history. | External auditors shall be provided with read-only access or, more commonly, exported reports and records rather than direct operational access.",,
PURE_005,sparkme,PURE_005::sparkme,PURE_005::sparkme::A007::U07,System managers shall have the broadest access for inspection and support.,4,PURE_005::sparkme::A007::U07; PURE_005::sparkme::A026::U03; PURE_005::sparkme::A026::U04; PURE_005::sparkme::A028::U05,"System managers shall have the broadest access for inspection and support. | For human system managers, role-based authorization shall gate inspection or administrative access. | The principle of least privilege shall be applied to human system managers' inspection or administrative access. | The system shall enforce role-based permissions for human users.",,
PURE_005,sparkme,PURE_005::sparkme,PURE_005::sparkme::A009::U06,The system shall vary matching behavior and permitted actions depending on the trading session.,2,PURE_005::sparkme::A009::U06; PURE_005::sparkme::A015::U06,The system shall vary matching behavior and permitted actions depending on the trading session. | Orders and trades shall be represented with well-defined status fields.,,
PURE_005,sparkme,PURE_005::sparkme,PURE_005::sparkme::A009::U07,The system shall be affected by special market conditions such as halts or pauses.,3,PURE_005::sparkme::A009::U07; PURE_005::sparkme::A014::U15; PURE_005::sparkme::A015::U02,The system shall be affected by special market conditions such as halts or pauses. | The system shall expect reference data for participant or account identifiers. | Orders and trades shall be represented with well-defined instrument detail fields.,,
PURE_005,sparkme,PURE_005::sparkme,PURE_005::sparkme::A010::U02,"During pre-open or close sessions, the system may restrict what can be accepted or when matching is allowed.",2,PURE_005::sparkme::A010::U02; PURE_005::sparkme::A015::U03,"During pre-open or close sessions, the system may restrict what can be accepted or when matching is allowed. | Orders and trades shall be represented with well-defined quantity fields.",,
PURE_005,sparkme,PURE_005::sparkme,PURE_005::sparkme::A010::U03,"During pre-open or close sessions, the system may queue some instructions until the session changes.",2,PURE_005::sparkme::A010::U03; PURE_005::sparkme::A015::U04,"During pre-open or close sessions, the system may queue some instructions until the session changes. | Orders and trades shall be represented with well-defined price fields.",,
PURE_005,sparkme,PURE_005::sparkme,PURE_005::sparkme::A013::U01,The Central Trading System shall keep a complete audit trail of incoming instructions.,3,PURE_005::sparkme::A013::U01; PURE_005::sparkme::A025::U01; PURE_005::sparkme::A025::U02,"The Central Trading System shall keep a complete audit trail of incoming instructions. | The system must maintain a complete, tamper-evident audit trail of trading instructions, order decisions, and administrator access. | The system must protect audit records from deletion or unauthorized changes.",,
PURE_005,sparkme,PURE_005::sparkme,PURE_005::sparkme::A014::U04,"The system shall manage related status or event records for trading instructions, orders, and executed trades.",2,PURE_005::sparkme::A014::U04; PURE_005::sparkme::A016::U06,"The system shall manage related status or event records for trading instructions, orders, and executed trades. | The system shall store both the live state and the related event history for audit purposes.",,
PURE_005,sparkme,PURE_005::sparkme,PURE_005::sparkme::A014::U09,A trading instruction shall include the time received.,2,PURE_005::sparkme::A014::U09; PURE_005::sparkme::A016::U03,A trading instruction shall include the time received. | The system shall assign an internal tracking identifier to each order before it enters the matching flow.,,
PURE_005,sparkme,PURE_005::sparkme,PURE_005::sparkme::A021::U01,The system shall be continuously available when trading is open.,3,PURE_005::sparkme::A021::U01; PURE_005::sparkme::A029::U01; PURE_005::sparkme::A029::U02,The system shall be continuously available when trading is open. | The system shall remain available during trading hours. | The system should avoid routine downtime during trading hours whenever possible.,,
PURE_005,sparkme,PURE_005::sparkme,PURE_005::sparkme::A021::U02,Any planned downtime shall be scheduled outside trading hours and be tightly controlled.,3,PURE_005::sparkme::A021::U02; PURE_005::sparkme::A029::U03; PURE_005::sparkme::A030::U06,Any planned downtime shall be scheduled outside trading hours and be tightly controlled. | Planned maintenance should ideally be performed outside market hours. | Planned maintenance should be scheduled outside trading hours.,,
PURE_005,sparkme,PURE_005::sparkme,PURE_005::sparkme::A021::U03,Failover shall occur quickly and with minimal disruption.,8,PURE_005::sparkme::A021::U03; PURE_005::sparkme::A029::U04; PURE_005::sparkme::A029::U05; PURE_005::sparkme::A029::U06; PURE_005::sparkme::A030::U01; PURE_005::sparkme::A030::U02; PURE_005::sparkme::A030::U03; PURE_005::sparkme::A030::U04,"Failover shall occur quickly and with minimal disruption. | If a failure occurs during the day, recovery shall be fast enough that incoming instructions are not lost or left in an unknown state. | Failover should be automatic where practical. | Failover shall provide a clear handoff to a standby instance or recovery path. | During market hours, the recovery time objective should be measured in minutes. | During market hours, the recovery time objective should not be measured in hours. | The recovery time objective should be short enough that the trading workflow is barely interrupted. | The failover mechanism should use a warm or hot standby rather than a manual rebuild.",,
PURE_005,sparkme,PURE_005::sparkme,PURE_005::sparkme::A024::U01,Security for the subsystem shall be strict because it handles trading instructions and audit trails.,3,PURE_005::sparkme::A024::U01; PURE_005::sparkme::A048::U06; PURE_005::sparkme::A048::U07,Security for the subsystem shall be strict because it handles trading instructions and audit trails. | The system shall have no critical open defects in security. | The system shall have no critical open defects in compliance.,,
PURE_005,sparkme,PURE_005::sparkme,PURE_005::sparkme::A024::U05,The system shall provide strong audit logging.,5,PURE_005::sparkme::A024::U05; PURE_005::sparkme::A027::U06; PURE_005::sparkme::A028::U06; PURE_005::sparkme::A047::U01; PURE_005::sparkme::A048::U05,The system shall provide strong audit logging. | The system shall produce logs detailed enough to reconstruct what happened afterward. | The system shall log each action for audit purposes. | The system shall not use a performance shortcut if it reduces the detail available in the audit trail. | The system shall provide clean audit logging.,,
PURE_005,sparkme,PURE_005::sparkme,PURE_005::sparkme::A024::U06,The system shall monitor for unusual access or message activity.,4,PURE_005::sparkme::A024::U06; PURE_005::sparkme::A027::U01; PURE_005::sparkme::A027::U02; PURE_005::sparkme::A048::U08,The system shall monitor for unusual access or message activity. | The system shall monitor failed authentication attempts. | The system shall monitor unauthorized access attempts. | The system shall have no critical open defects in operational monitoring.,,
PURE_005,sparkme,PURE_005::sparkme,PURE_005::sparkme::A026::U01,Service-to-service authentication shall be mandatory for the external client-facing service and internal platform services.,3,PURE_005::sparkme::A026::U01; PURE_005::sparkme::A028::U01; PURE_005::sparkme::A028::U02,Service-to-service authentication shall be mandatory for the external client-facing service and internal platform services. | The system shall use strong machine-to-machine authentication for services. | The system shall support mutual certificate-based authentication or an equivalent platform-approved mechanism for service authentication.,,
PURE_005,sparkme,PURE_005::sparkme,PURE_005::sparkme::A034::U01,"New system managers or operations staff shall be able to handle routine monitoring and basic lookup tasks within the first few days of training, assuming they already know the business domain.",4,PURE_005::sparkme::A034::U01; PURE_005::sparkme::A034::U02; PURE_005::sparkme::A034::U03; PURE_005::sparkme::A034::U04,"New system managers or operations staff shall be able to handle routine monitoring and basic lookup tasks within the first few days of training, assuming they already know the business domain. | New system managers or operations staff shall be comfortable investigating alerts within a couple of weeks of training. | New system managers or operations staff shall be comfortable checking order status within a couple of weeks of training. | New system managers or operations staff shall be comfortable following runbooks for common issues within a couple of weeks of training.",,
PURE_005,sparkme,PURE_005::sparkme,PURE_005::sparkme::A035::U01,Accessibility matters for the internal dashboard.,5,PURE_005::sparkme::A035::U01; PURE_005::sparkme::A035::U02; PURE_005::sparkme::A035::U03; PURE_005::sparkme::A035::U04; PURE_005::sparkme::A035::U05,Accessibility matters for the internal dashboard. | The internal dashboard should be usable with standard keyboard navigation. | The internal dashboard should provide clear color contrast. | The internal dashboard should present readable alerts. | The system should not rely on color alone to convey critical status.,,
PURE_005,sparkme,PURE_005::sparkme,PURE_005::sparkme::A036::U01,The main dashboard and all admin screens shall work with screen readers.,7,PURE_005::sparkme::A036::U01; PURE_005::sparkme::A036::U02; PURE_005::sparkme::A036::U03; PURE_005::sparkme::A036::U04; PURE_005::sparkme::A036::U05; PURE_005::sparkme::A036::U06; PURE_005::sparkme::A036::U07,The main dashboard and all admin screens shall work with screen readers. | Fields on the main dashboard and admin screens shall have proper labels for screen readers. | Buttons on the main dashboard and admin screens shall have proper labels for screen readers. | Tables on the main dashboard and admin screens shall have proper labels for screen readers. | Status messages on the main dashboard and admin screens shall have proper labels for screen readers. | Icons and alerts shall have text equivalents. | Important information shall be announced clearly rather than shown only visually.,,
PURE_005,sparkme,PURE_005::sparkme,PURE_005::sparkme::A037::U01,The system interface shall be very consistent.,3,PURE_005::sparkme::A037::U01; PURE_005::sparkme::A037::U02; PURE_005::sparkme::A037::U03,The system interface shall be very consistent. | The system interface shall use familiar layouts. | The system interface shall use clear labels.,,
PURE_005,sparkme,PURE_005::sparkme,PURE_005::sparkme::A037::U06,The system shall provide guided onboarding for new users.,2,PURE_005::sparkme::A037::U06; PURE_005::sparkme::A037::U07,The system shall provide guided onboarding for new users. | The system shall provide short scenario-based training.,,
PURE_005,sparkme,PURE_005::sparkme,PURE_005::sparkme::A037::U09,The system shall provide a training or sandbox environment that closely mirrors production.,2,PURE_005::sparkme::A037::U09; PURE_005::sparkme::A037::U10,The system shall provide a training or sandbox environment that closely mirrors production. | The training or sandbox environment shall allow users to build confidence without risking live trades.,,
PURE_005,sparkme,PURE_005::sparkme,PURE_005::sparkme::A038::U01,The system shall support full keyboard navigation.,4,PURE_005::sparkme::A038::U01; PURE_005::sparkme::A038::U02; PURE_005::sparkme::A038::U03; PURE_005::sparkme::A038::U04,"The system shall support full keyboard navigation. | The system shall be compatible with screen readers. | The system shall provide clear focus states. | The system shall provide meaningful labels for all controls, including icons and dynamic alerts.",,
PURE_005,sparkme,PURE_005::sparkme,PURE_005::sparkme::A039::U01,"The Central Trading System requirements are expected to evolve frequently because trading rules, compliance expectations, and integration points change.",4,PURE_005::sparkme::A039::U01; PURE_005::sparkme::A041::U01; PURE_005::sparkme::A041::U02; PURE_005::sparkme::A041::U03,"The Central Trading System requirements are expected to evolve frequently because trading rules, compliance expectations, and integration points change. | The system requirements are expected to change as trading regulations change. | The system requirements are expected to change as market practices change. | The system requirements are expected to change as upstream or downstream system interfaces change.",,
PURE_005,sparkme,PURE_005::sparkme,PURE_005::sparkme::A039::U02,The Central Trading System should use a controlled change process with clear approval.,6,PURE_005::sparkme::A039::U02; PURE_005::sparkme::A041::U04; PURE_005::sparkme::A041::U07; PURE_005::sparkme::A048::U09; PURE_005::sparkme::A048::U10; PURE_005::sparkme::A048::U11,The Central Trading System should use a controlled change process with clear approval. | The organization should have formal change governance to manage requirement changes. | The organization should use a central backlog to manage system evolution. | The system shall obtain sign-off from the business before go-live. | The system shall obtain sign-off from operations before go-live. | The system shall obtain sign-off from control functions before go-live.,,
PURE_005,sparkme,PURE_005::sparkme,PURE_005::sparkme::A039::U03,The Central Trading System change process should include impact review.,2,PURE_005::sparkme::A039::U03; PURE_005::sparkme::A041::U06,The Central Trading System change process should include impact review. | There should be a clear review path for changes that affect trading logic or controls.,,
PURE_005,sparkme,PURE_005::sparkme,PURE_005::sparkme::A039::U04,The Central Trading System change process should include traceability so updates do not accidentally break order matching or downstream reporting.,3,PURE_005::sparkme::A039::U04; PURE_005::sparkme::A041::U05; PURE_005::sparkme::A041::U09,The Central Trading System change process should include traceability so updates do not accidentally break order matching or downstream reporting. | The organization should maintain traceability from each requirement to its implementation and test evidence. | The organization should maintain good audit logs to support system evolution.,,
PURE_005,sparkme,PURE_005::sparkme,PURE_005::sparkme::A039::U05,The Central Trading System should have versioned rules and configuration.,2,PURE_005::sparkme::A039::U05; PURE_005::sparkme::A041::U08,The Central Trading System should have versioned rules and configuration. | The organization should use versioned configuration to manage system evolution.,,
PURE_005,sparkme,PURE_005::sparkme,PURE_005::sparkme::A040::U01,Normal updates shall be deployed on a planned schedule.,2,PURE_005::sparkme::A040::U01; PURE_005::sparkme::A040::U02,Normal updates shall be deployed on a planned schedule. | Normal updates shall be deployed outside trading hours.,,
PURE_005,sparkme,PURE_005::sparkme,PURE_005::sparkme::A042::U07,The migration shall provide strong audit trails.,8,PURE_005::sparkme::A042::U07; PURE_005::sparkme::A049::U07; PURE_005::sparkme::A049::U08; PURE_005::sparkme::A049::U09; PURE_005::sparkme::A049::U10; PURE_005::sparkme::A049::U11; PURE_005::sparkme::A049::U12; PURE_005::sparkme::A049::U13,The migration shall provide strong audit trails. | Each conversion run shall produce an audit log. | The audit log shall record the source. | The audit log shall record the target. | The audit log shall record timestamps. | The audit log shall record who approved the conversion run. | The audit log shall record exceptions. | The audit log shall record manual overrides.,,
PURE_005,sparkme,PURE_005::sparkme,PURE_005::sparkme::A045::U01,The system shall support schema versioning and explicit mapping rules to define how old data fields translate into the new format.,4,PURE_005::sparkme::A045::U01; PURE_005::sparkme::A049::U01; PURE_005::sparkme::A049::U02; PURE_005::sparkme::A049::U03,The system shall support schema versioning and explicit mapping rules to define how old data fields translate into the new format. | The system shall provide a controlled conversion pipeline. | The controlled conversion pipeline shall use versioned mapping files. | The controlled conversion pipeline shall use repeatable scripts.,,
PURE_005,sparkme,PURE_005::sparkme,PURE_005::sparkme::A045::U03,"After test migrations, the system shall compare record counts, key fields, and audit trails to ensure that nothing is dropped or altered unexpectedly.",4,PURE_005::sparkme::A045::U03; PURE_005::sparkme::A049::U04; PURE_005::sparkme::A049::U05; PURE_005::sparkme::A049::U06,"After test migrations, the system shall compare record counts, key fields, and audit trails to ensure that nothing is dropped or altered unexpectedly. | The conversion process shall include checksums at each stage. | The conversion process shall include record counts at each stage. | The conversion process shall support verification that no data was lost during conversion.",,
PURE_005,sparkme,PURE_005::sparkme,PURE_005::sparkme::A048::U02,The system shall have no unexplained mismatches between input instructions and output trades.,2,PURE_005::sparkme::A048::U02; PURE_005::sparkme::A048::U03,The system shall have no unexplained mismatches between input instructions and output trades. | The system shall achieve successful reconciliation.,,
PURE_006,hashimoto,PURE_006::hashimoto,PURE_006::hashimoto::A002::U07,The system shall allow staff to overlay permitted use map layers.,2,PURE_006::hashimoto::A002::U07; PURE_006::hashimoto::A005::U04,The system shall allow staff to overlay permitted use map layers. | The system shall include GIS layers used by staff for parcels.,,
PURE_006,hashimoto,PURE_006::hashimoto,PURE_006::hashimoto::A002::U08,The system shall allow staff to overlay actual use map layers.,2,PURE_006::hashimoto::A002::U08; PURE_006::hashimoto::A005::U05,The system shall allow staff to overlay actual use map layers. | The system shall include GIS layers used by staff for wells.,,
PURE_006,hashimoto,PURE_006::hashimoto,PURE_006::hashimoto::A002::U09,The system shall allow staff to overlay water resources map layers.,2,PURE_006::hashimoto::A002::U09; PURE_006::hashimoto::A005::U06,The system shall allow staff to overlay water resources map layers. | The system shall include GIS layers used by staff for facilities.,,
PURE_006,hashimoto,PURE_006::hashimoto,PURE_006::hashimoto::A002::U10,The system shall allow staff to overlay management boundary map layers.,2,PURE_006::hashimoto::A002::U10; PURE_006::hashimoto::A005::U07,The system shall allow staff to overlay management boundary map layers. | The system shall include GIS layers for District boundaries or management areas.,,
PURE_006,hashimoto,PURE_006::hashimoto,PURE_006::hashimoto::A004::U06,External customers shall have access to their own permit information.,4,PURE_006::hashimoto::A004::U06; PURE_006::hashimoto::A005::U01; PURE_006::hashimoto::A005::U02; PURE_006::hashimoto::A005::U08,External customers shall have access to their own permit information. | The system shall pull in permit records. | The system shall pull in permitted-use allocations. | The system shall include permit metadata.,,
PURE_006,hashimoto,PURE_006::hashimoto,PURE_006::hashimoto::A004::U07,External customers shall have access to their own water-use information.,2,PURE_006::hashimoto::A004::U07; PURE_006::hashimoto::A005::U03,External customers shall have access to their own water-use information. | The system shall pull in actual-use submissions.,,
PURE_006,llmrei-long,PURE_006::llmrei-long,PURE_006::llmrei-long::A001::U03,The system shall analyze trends over time.,3,PURE_006::llmrei-long::A001::U03; PURE_006::llmrei-long::A004::U05; PURE_006::llmrei-long::A008::U05,The system shall analyze trends over time. | The system shall provide better trend analysis over time. | The system shall provide trend analysis over time.,,
PURE_006,llmrei-long,PURE_006::llmrei-long,PURE_006::llmrei-long::A001::U04,The system shall help users better understand the effects of management rules.,3,PURE_006::llmrei-long::A001::U04; PURE_006::llmrei-long::A004::U06; PURE_006::llmrei-long::A008::U06,The system shall help users better understand the effects of management rules. | The system shall help staff assess whether management rules are having the intended effect. | The system shall provide the ability to assess management rules.,,
PURE_006,llmrei-long,PURE_006::llmrei-long,PURE_006::llmrei-long::A002::U03,District staff need better tools for performing spatial analysis more consistently.,2,PURE_006::llmrei-long::A002::U03; PURE_006::llmrei-long::A009::U03,District staff need better tools for performing spatial analysis more consistently. | The system shall support mapping and analysis of what is happening in a specific area or for a specific permit.,,
PURE_006,llmrei-long,PURE_006::llmrei-long,PURE_006::llmrei-long::A003::U04,The current process involves a lot of manual compilation.,2,PURE_006::llmrei-long::A003::U04; PURE_006::llmrei-long::A007::U02,The current process involves a lot of manual compilation. | The system shall prevent staff from having to manually pull data from separate District systems and combine it themselves.,,
PURE_006,llmrei-long,PURE_006::llmrei-long,PURE_006::llmrei-long::A004::U01,The system shall reduce manual steps in the analysis process.,4,PURE_006::llmrei-long::A004::U01; PURE_006::llmrei-long::A004::U02; PURE_006::llmrei-long::A005::U01; PURE_006::llmrei-long::A009::U04,The system shall reduce manual steps in the analysis process. | The system shall make analysis more consistent across staff. | The system shall provide a more consistent and centralized way to work with the data. | The system should reduce duplicate data entry.,,
PURE_006,llmrei-long,PURE_006::llmrei-long,PURE_006::llmrei-long::A004::U03,"The system shall provide a single place where users can view permits, actual use, and GIS layers together.",3,PURE_006::llmrei-long::A004::U03; PURE_006::llmrei-long::A008::U02; PURE_006::llmrei-long::A009::U01,"The system shall provide a single place where users can view permits, actual use, and GIS layers together. | The system shall provide a single workspace for viewing permits, actual use, and maps together. | The system shall pull together key permit, reported use, and spatial data so staff can see a complete picture without jumping between systems.",,
PURE_006,llmrei-long,PURE_006::llmrei-long,PURE_006::llmrei-long::A004::U04,The system shall allow users to run common comparisons without rebuilding the same reports every time.,2,PURE_006::llmrei-long::A004::U04; PURE_006::llmrei-long::A008::U03,The system shall allow users to run common comparisons without rebuilding the same reports every time. | The system shall provide comparison tools.,,
PURE_006,llmrei-long,PURE_006::llmrei-long,PURE_006::llmrei-long::A006::U01,"The system shall provide search functionality so staff can quickly find a permit, user, or geographic area.",2,PURE_006::llmrei-long::A006::U01; PURE_006::llmrei-long::A008::U07,"The system shall provide search functionality so staff can quickly find a permit, user, or geographic area. | The system shall provide search capabilities.",,
PURE_006,llmrei-long,PURE_006::llmrei-long,PURE_006::llmrei-long::A006::U02,"The system shall provide filtering functionality so staff can quickly find a permit, user, or geographic area.",2,PURE_006::llmrei-long::A006::U02; PURE_006::llmrei-long::A008::U08,"The system shall provide filtering functionality so staff can quickly find a permit, user, or geographic area. | The system shall provide filtering capabilities.",,
PURE_006,llmrei-long,PURE_006::llmrei-long,PURE_006::llmrei-long::A006::U03,The system shall support exports or printable outputs for sharing results.,3,PURE_006::llmrei-long::A006::U03; PURE_006::llmrei-long::A008::U04; PURE_006::llmrei-long::A008::U09,The system shall support exports or printable outputs for sharing results. | The system shall provide reporting tools. | The system shall provide export capabilities.,,
PURE_006,llmrei-long,PURE_006::llmrei-long,PURE_006::llmrei-long::A007::U01,The system shall integrate with existing District data sources as core functionality.,2,PURE_006::llmrei-long::A007::U01; PURE_006::llmrei-long::A008::U01,The system shall integrate with existing District data sources as core functionality. | The system shall integrate the existing District data sources and GIS layers.,,
PURE_006,proposed_method,PURE_006::proposed_method,PURE_006::proposed_method::A003::U08,The system shall prevent broad exposure of regulatory and customer information.,11,PURE_006::proposed_method::A003::U08; PURE_006::proposed_method::A038::U08; PURE_006::proposed_method::A038::U09; PURE_006::proposed_method::A038::U11; PURE_006::proposed_method::A038::U12; PURE_006::proposed_method::A039::U02; PURE_006::proposed_method::A039::U03; PURE_006::proposed_method::A039::U04; PURE_006::proposed_method::A040::U05; PURE_006::proposed_method::A040::U09; PURE_006::proposed_method::A040::U10,The system shall prevent broad exposure of regulatory and customer information. | The system shall hide internal review notes from external customers. | The system shall hide enforcement details from external customers. | The system shall redact sensitive map layers that could create security concerns. | The system shall redact precise system details that could create security concerns. | Fields that could reveal internal review comments should be hidden or generalized. | Fields that could reveal system security details should be hidden or generalized. | Fields that could reveal exact sensitive infrastructure locations should be hidden or generalized. | The system shall not expose exact sensitive locations to external customers. | The system shall restrict or omit confidential layers for external customers. | The system shall restrict or omit staff-oriented notes for external customers.,,
PURE_006,proposed_method,PURE_006::proposed_method,PURE_006::proposed_method::A006::U01,The timing of data refreshes may vary by source.,3,PURE_006::proposed_method::A006::U01; PURE_006::proposed_method::A006::U02; PURE_006::proposed_method::A025::U01,The timing of data refreshes may vary by source. | The system does not need to update all sources at exactly the same moment. | A routine refresh shall be used for monthly or quarterly updates when the dataset structure stays the same and only newer records are ingested.,,
PURE_006,proposed_method,PURE_006::proposed_method,PURE_006::proposed_method::A007::U05,The system shall provide managers and reviewers with a clearer summary.,3,PURE_006::proposed_method::A007::U05; PURE_006::proposed_method::A030::U07; PURE_006::proposed_method::A030::U13,The system shall provide managers and reviewers with a clearer summary. | Managers and reviewers shall see a cleaner summary. | The default view for managers and reviewers shall stay concise and decision-focused.,,
PURE_006,proposed_method,PURE_006::proposed_method,PURE_006::proposed_method::A008::U02,The system shall keep the original record history visible so staff can see what changed and why.,4,PURE_006::proposed_method::A008::U02; PURE_006::proposed_method::A023::U09; PURE_006::proposed_method::A023::U10; PURE_006::proposed_method::A028::U02,The system shall keep the original record history visible so staff can see what changed and why. | Staff shall have access to prior versions for audit and historical comparison. | Superseded versions shall be clearly labeled with effective dates and status. | The system shall maintain a clear audit trail showing when and why a revised record changed.,,
PURE_006,proposed_method,PURE_006::proposed_method,PURE_006::proposed_method::A008::U03,The system shall flag missing records as missing rather than treating them as zero.,2,PURE_006::proposed_method::A008::U03; PURE_006::proposed_method::A028::U04,"The system shall flag missing records as missing rather than treating them as zero. | If no measurement is available for a period, the system shall leave the value blank or marked as missing rather than inventing a value.",,
PURE_006,proposed_method,PURE_006::proposed_method,PURE_006::proposed_method::A008::U04,The system shall label estimated data so it is not mistaken for an actual reported value.,3,PURE_006::proposed_method::A008::U04; PURE_006::proposed_method::A028::U01; PURE_006::proposed_method::A028::U03,"The system shall label estimated data so it is not mistaken for an actual reported value. | When a record is revised later, the system shall keep the original value in history and show the corrected value as the current value. | When a value is estimated after the fact, the system shall flag it as estimated so staff can distinguish it from measured data in reports and analysis.",,
PURE_006,proposed_method,PURE_006::proposed_method,PURE_006::proposed_method::A014::U01,The system shall account for permits that are active but not yet fully developed when comparing permitted and actual use.,2,PURE_006::proposed_method::A014::U01; PURE_006::proposed_method::A014::U03,The system shall account for permits that are active but not yet fully developed when comparing permitted and actual use. | The system shall indicate that low actual use may not indicate a problem when a permit is active but not fully developed or a facility has seasonal operations.,,
PURE_006,proposed_method,PURE_006::proposed_method,PURE_006::proposed_method::A014::U07,The system shall account for special operating conditions such as drought restrictions and temporary shutdowns when interpreting trends.,2,PURE_006::proposed_method::A014::U07; PURE_006::proposed_method::A014::U08,The system shall account for special operating conditions such as drought restrictions and temporary shutdowns when interpreting trends. | The system shall explain that special operating conditions can change how a trend should be read.,,
PURE_006,proposed_method,PURE_006::proposed_method,PURE_006::proposed_method::A016::U02,The system shall allow users to roll records up to a common view when they need to compare them.,2,PURE_006::proposed_method::A016::U02; PURE_006::proposed_method::A016::U03,The system shall allow users to roll records up to a common view when they need to compare them. | The system shall support summarizing monthly data into annual totals.,,
PURE_006,proposed_method,PURE_006::proposed_method,PURE_006::proposed_method::A016::U05,"When intervals do not align cleanly, the system shall make the mismatch visible.",2,PURE_006::proposed_method::A016::U05; PURE_006::proposed_method::A016::U06,"When intervals do not align cleanly, the system shall make the mismatch visible. | When intervals do not align cleanly, the system shall not silently combine records in a misleading way.",,
PURE_006,proposed_method,PURE_006::proposed_method,PURE_006::proposed_method::A018::U01,The system shall follow a clear hierarchy of governing rules that the district can configure.,2,PURE_006::proposed_method::A018::U01; PURE_006::proposed_method::A023::U11,The system shall follow a clear hierarchy of governing rules that the district can configure. | The system shall prevent staff from accidentally using an old rule or permit condition in a current report.,,
PURE_006,proposed_method,PURE_006::proposed_method,PURE_006::proposed_method::A021::U03,The system should support cleanup of inconsistent site names before import.,5,PURE_006::proposed_method::A021::U03; PURE_006::proposed_method::A025::U02; PURE_006::proposed_method::A025::U03; PURE_006::proposed_method::A025::U04; PURE_006::proposed_method::A025::U05,The system should support cleanup of inconsistent site names before import. | A dataset change shall be treated as a new version when the dataset is replaced. | A dataset change shall be treated as a new version when the schema changes. | A dataset change shall be treated as a new version when fields are added or removed in a way that affects analysis. | A dataset change shall be treated as a new version when the source changes enough that results could differ.,,
PURE_006,proposed_method,PURE_006::proposed_method,PURE_006::proposed_method::A022::U06,The system shall handle changes through versioned updates where possible.,2,PURE_006::proposed_method::A022::U06; PURE_006::proposed_method::A026::U05,"The system shall handle changes through versioned updates where possible. | If problems occur after go-live, the system shall support a quick rollback to the prior version until the issue is fixed.",,
PURE_006,proposed_method,PURE_006::proposed_method,PURE_006::proposed_method::A022::U08,Staff shall be able to continue using the current ruleset while a new ruleset is tested and approved.,3,PURE_006::proposed_method::A022::U08; PURE_006::proposed_method::A024::U04; PURE_006::proposed_method::A024::U05,Staff shall be able to continue using the current ruleset while a new ruleset is tested and approved. | Staff should continue using the existing view or rule set in parallel while a new view or rule set is still being validated. | Parallel use of the existing view or rule set should be especially required when the new view or rule set affects official reporting or regulatory decisions.,,
PURE_006,proposed_method,PURE_006::proposed_method,PURE_006::proposed_method::A023::U08,Staff shall see the active version as the default for analysis.,2,PURE_006::proposed_method::A023::U08; PURE_006::proposed_method::A026::U04,Staff shall see the active version as the default for analysis. | New analyses and reports shall default to the approved dataset version after cutover.,,
PURE_006,proposed_method,PURE_006::proposed_method,PURE_006::proposed_method::A024::U01,"Changes that are only a label, a threshold, a layer refresh, or another adjustment that does not change the business logic shall be treated as configuration changes.",5,PURE_006::proposed_method::A024::U01; PURE_006::proposed_method::A024::U03; PURE_006::proposed_method::A025::U06; PURE_006::proposed_method::A025::U07; PURE_006::proposed_method::A026::U03,"Changes that are only a label, a threshold, a layer refresh, or another adjustment that does not change the business logic shall be treated as configuration changes. | Versioned releases shall keep the old behavior available for audit and comparison. | When staff need to compare old and new data side by side, the system shall keep both versions available with clear effective dates. | When staff need to compare old and new data side by side, the system shall let them run the same analysis against each version without overwriting the earlier data. | In-flight analyses and reports shall finish using the version they started with.",,
PURE_006,proposed_method,PURE_006::proposed_method,PURE_006::proposed_method::A026::U01,The responsible program manager or data owner shall approve the switch to a new dataset version.,3,PURE_006::proposed_method::A026::U01; PURE_006::proposed_method::A027::U04; PURE_006::proposed_method::A027::U05,"The responsible program manager or data owner shall approve the switch to a new dataset version. | The decision to delay or partially roll back a cutover shall be made by the business owner for the dataset or report. | The business owner for the dataset or report shall make the cutover decision with input from IT, GIS, and operational staff who use the dataset or report every day.",,
PURE_006,proposed_method,PURE_006::proposed_method,PURE_006::proposed_method::A027::U02,The system shall allow a cutover to be delayed or partially rolled back if a downstream system depends on the old structure.,2,PURE_006::proposed_method::A027::U02; PURE_006::proposed_method::A027::U03,The system shall allow a cutover to be delayed or partially rolled back if a downstream system depends on the old structure. | The system shall allow a cutover to be delayed or partially rolled back if validation shows unexpected differences.,,
PURE_006,proposed_method,PURE_006::proposed_method,PURE_006::proposed_method::A031::U01,The review output shall show the original value.,2,PURE_006::proposed_method::A031::U01; PURE_006::proposed_method::A031::U02,The review output shall show the original value. | The review output shall show the converted value.,,
PURE_006,proposed_method,PURE_006::proposed_method,PURE_006::proposed_method::A037::U01,The system shall allow external customers to view their own permitted water-use information and related site details.,8,PURE_006::proposed_method::A037::U01; PURE_006::proposed_method::A038::U01; PURE_006::proposed_method::A038::U02; PURE_006::proposed_method::A038::U03; PURE_006::proposed_method::A038::U04; PURE_006::proposed_method::A038::U05; PURE_006::proposed_method::A038::U06; PURE_006::proposed_method::A038::U07,The system shall allow external customers to view their own permitted water-use information and related site details. | The system shall allow external customers to view the basic permit information for their permitted water-use records. | The system shall allow external customers to view the site location for their permitted water-use records. | The system shall allow external customers to view the water use category for their permitted water-use records. | The system shall allow external customers to view the permitted quantities or limits tied to a permit. | The system shall allow external customers to view related site attributes such as county. | The system shall allow external customers to view related site attributes such as basin. | The system shall allow external customers to view the general facility or withdrawal location when it belongs to the permit.,,
PURE_006,proposed_method,PURE_006::proposed_method,PURE_006::proposed_method::A037::U05,The system shall restrict external customers' access to their own records.,3,PURE_006::proposed_method::A037::U05; PURE_006::proposed_method::A038::U10; PURE_006::proposed_method::A039::U05,The system shall restrict external customers' access to their own records. | The system shall hide other customers' records from external customers. | Fields that could reveal information about other permits should be hidden or generalized.,,
PURE_006,sparkme,PURE_006::sparkme,PURE_006::sparkme::A001::U01,The system shall provide District staff and outside customers with a reliable GIS-based way to track permitted water use and actual water use in one place.,5,PURE_006::sparkme::A001::U01; PURE_006::sparkme::A001::U03; PURE_006::sparkme::A002::U04; PURE_006::sparkme::A004::U02; PURE_006::sparkme::A004::U05,The system shall provide District staff and outside customers with a reliable GIS-based way to track permitted water use and actual water use in one place. | The system shall help staff evaluate water-use patterns. | The system shall allow staff to compare permitted water use versus actual water use. | District staff shall use the Water Use Tracking System to review permitted and actual water use. | District staff shall use the Water Use Tracking System to investigate trends.,,
PURE_006,sparkme,PURE_006::sparkme,PURE_006::sparkme::A001::U02,The system shall support spatial and temporal analysis.,14,PURE_006::sparkme::A001::U02; PURE_006::sparkme::A002::U05; PURE_006::sparkme::A004::U03; PURE_006::sparkme::A004::U04; PURE_006::sparkme::A005::U02; PURE_006::sparkme::A005::U03; PURE_006::sparkme::A005::U04; PURE_006::sparkme::A007::U02; PURE_006::sparkme::A007::U03; PURE_006::sparkme::A007::U04; PURE_006::sparkme::A007::U05; PURE_006::sparkme::A010::U08; PURE_006::sparkme::A010::U09; PURE_006::sparkme::A010::U10,The system shall support spatial and temporal analysis. | The system shall allow staff to analyze trends by location and time. | District staff shall use the Water Use Tracking System to run spatial comparisons. | District staff shall use the Water Use Tracking System to run temporal comparisons. | The system shall allow District staff with full access to compare records. | The system shall allow District staff with full access to make maps. | The system shall allow District staff with full access to evaluate trends across time and geography. | District staff shall have tools for querying. | District staff shall have tools for filtering. | District staff shall have tools for mapping. | District staff shall have tools for comparing periods. | The system shall support analysis of data by location. | The system shall support analysis of data by permit. | The system shall support analysis of data by customer.,,
PURE_006,sparkme,PURE_006::sparkme,PURE_006::sparkme::A001::U04,The system shall help staff understand how management rules are affecting water-use patterns.,2,PURE_006::sparkme::A001::U04; PURE_006::sparkme::A002::U07,The system shall help staff understand how management rules are affecting water-use patterns. | The system shall help staff assess whether management rules are having the intended effect.,,
PURE_006,sparkme,PURE_006::sparkme,PURE_006::sparkme::A002::U01,The system shall make water-use analysis more consistent across the District.,8,PURE_006::sparkme::A002::U01; PURE_006::sparkme::A002::U02; PURE_006::sparkme::A002::U03; PURE_006::sparkme::A002::U06; PURE_006::sparkme::A003::U01; PURE_006::sparkme::A003::U02; PURE_006::sparkme::A003::U03; PURE_006::sparkme::A007::U06,The system shall make water-use analysis more consistent across the District. | The system shall make water-use analysis faster across the District. | The system shall make water-use analysis easier to repeat across the District. | The system shall allow staff to quickly produce maps and reports without stitching together a bunch of manual steps. | The system shall reduce the time staff spend assembling water-use analyses. | The system shall reduce the time staff spend assembling recurring reports and map products. | The system shall produce more consistent results across different users. | District staff shall have tools for exporting results.,,
PURE_006,sparkme,PURE_006::sparkme,PURE_006::sparkme::A002::U08,The system shall allow external customers to access the information they are allowed to see without going through staff each time.,8,PURE_006::sparkme::A002::U08; PURE_006::sparkme::A004::U09; PURE_006::sparkme::A004::U10; PURE_006::sparkme::A004::U11; PURE_006::sparkme::A004::U12; PURE_006::sparkme::A004::U13; PURE_006::sparkme::A005::U07; PURE_006::sparkme::A007::U11,The system shall allow external customers to access the information they are allowed to see without going through staff each time. | External customers shall be able to view their own permitted water-use information. | External customers shall be able to view their own reported water-use information. | External customers shall be able to check status in the Water Use Tracking System. | External customers shall be able to access maps they are allowed to access. | External customers shall be able to access summaries they are allowed to access. | External customers shall have a simpler experience with limited access to their own information. | External customers shall only see information they are authorized to view.,,
PURE_006,sparkme,PURE_006::sparkme,PURE_006::sparkme::A004::U06,District staff shall use the Water Use Tracking System to support permitting decisions.,2,PURE_006::sparkme::A004::U06; PURE_006::sparkme::A004::U07,District staff shall use the Water Use Tracking System to support permitting decisions. | District staff shall use the Water Use Tracking System to support resource-management decisions.,,
PURE_006,sparkme,PURE_006::sparkme,PURE_006::sparkme::A005::U05,Managers shall have summarized views and reporting.,5,PURE_006::sparkme::A005::U05; PURE_006::sparkme::A005::U06; PURE_006::sparkme::A007::U08; PURE_006::sparkme::A007::U09; PURE_006::sparkme::A007::U10,Managers shall have summarized views and reporting. | Managers shall be able to make decisions without digging into the raw data. | Managers shall have stronger summary views. | Managers shall have dashboards. | Managers shall have report outputs so they can review trends without getting into the detail every time.,,
PURE_006,sparkme,PURE_006::sparkme,PURE_006::sparkme::A006::U01,"The system shall recognize and use the terms permitted use, actual use, allocations, withdrawals, and consumptive use as distinct domain terms that are not interchangeable.",3,PURE_006::sparkme::A006::U01; PURE_006::sparkme::A008::U03; PURE_006::sparkme::A008::U04,"The system shall recognize and use the terms permitted use, actual use, allocations, withdrawals, and consumptive use as distinct domain terms that are not interchangeable. | The system shall show permitted use and actual use separately. | The system shall label permitted use and actual use so that the difference between them is obvious.",,
PURE_006,sparkme,PURE_006::sparkme,PURE_006::sparkme::A006::U03,The system shall use the District's terminology in labels and reports so that staff and customers see familiar wording.,3,PURE_006::sparkme::A006::U03; PURE_006::sparkme::A008::U01; PURE_006::sparkme::A008::U06,The system shall use the District's terminology in labels and reports so that staff and customers see familiar wording. | The system shall use the District's official term wherever possible. | The system shall keep the official terminology in the report or screen itself even when a plain-language description or tooltip is provided.,,
PURE_006,sparkme,PURE_006::sparkme,PURE_006::sparkme::A009::U07,The system shall maintain a note or audit trail for manual resolution of conflicting reports.,7,PURE_006::sparkme::A009::U07; PURE_006::sparkme::A023::U01; PURE_006::sparkme::A023::U02; PURE_006::sparkme::A023::U03; PURE_006::sparkme::A023::U06; PURE_006::sparkme::A023::U07; PURE_006::sparkme::A023::U08,The system shall maintain a note or audit trail for manual resolution of conflicting reports. | The system shall maintain a clear audit trail for manual changes. | The system shall maintain version history for manual changes. | The system shall allow a manual change to be traced. | The system shall periodically surface recent manual overrides for review. | The system shall support staff in confirming that recent manual overrides are still valid. | The system shall support staff in identifying manual overrides that were applied as temporary fixes and never cleaned up.,,
PURE_006,sparkme,PURE_006::sparkme,PURE_006::sparkme::A013::U01,The system shall flag unusual conditions so staff do not have to discover them manually.,2,PURE_006::sparkme::A013::U01; PURE_006::sparkme::A038::U06,The system shall flag unusual conditions so staff do not have to discover them manually. | The system shall generate alerts for unusual spikes in errors.,,
PURE_006,sparkme,PURE_006::sparkme,PURE_006::sparkme::A013::U02,The system shall provide simple alerts or dashboard indicators for missing data or obvious mismatches.,2,PURE_006::sparkme::A013::U02; PURE_006::sparkme::A038::U07,The system shall provide simple alerts or dashboard indicators for missing data or obvious mismatches. | The system shall generate alerts for missing submissions.,,
PURE_006,sparkme,PURE_006::sparkme,PURE_006::sparkme::A015::U04,The system shall support regular data import instead of relying on manual re-entry.,2,PURE_006::sparkme::A015::U04; PURE_006::sparkme::A016::U01,The system shall support regular data import instead of relying on manual re-entry. | The system shall support scheduled imports or data pulls for recurring data.,,
PURE_006,sparkme,PURE_006::sparkme,PURE_006::sparkme::A017::U01,The system shall interface with a permit or regulatory database as a data source.,2,PURE_006::sparkme::A017::U01; PURE_006::sparkme::A017::U06,The system shall interface with a permit or regulatory database as a data source. | The permit or regulatory database shall be updated nightly or at least daily.,,
PURE_006,sparkme,PURE_006::sparkme,PURE_006::sparkme::A017::U07,The system shall interface with the GIS environment as a data source.,2,PURE_006::sparkme::A017::U07; PURE_006::sparkme::A017::U11,The system shall interface with the GIS environment as a data source. | GIS map data shall be updated whenever the District refreshes its map data.,,
PURE_006,sparkme,PURE_006::sparkme,PURE_006::sparkme::A017::U13,The system shall interface with water use reporting tables as a data source for actual withdrawal or consumption figures.,3,PURE_006::sparkme::A017::U13; PURE_006::sparkme::A018::U05; PURE_006::sparkme::A018::U06,The system shall interface with water use reporting tables as a data source for actual withdrawal or consumption figures. | The system shall import periodic water-use reporting data from the current reporting repository. | Water-use reporting imports are probably expected to be in CSV or database form.,,
PURE_006,sparkme,PURE_006::sparkme,PURE_006::sparkme::A018::U01,"The system shall interface with the permitting source to obtain permit details, allocation limits, reporting status, and possibly ownership or contact references.",2,PURE_006::sparkme::A018::U01; PURE_006::sparkme::A018::U02,"The system shall interface with the permitting source to obtain permit details, allocation limits, reporting status, and possibly ownership or contact references. | The permitting source data should be kept reasonably current, ideally updated daily.",,
PURE_006,sparkme,PURE_006::sparkme,PURE_006::sparkme::A018::U03,"The system shall interface with GIS source layers for boundaries, wells or withdrawal points, and other spatial reference data.",2,PURE_006::sparkme::A018::U03; PURE_006::sparkme::A018::U04,"The system shall interface with GIS source layers for boundaries, wells or withdrawal points, and other spatial reference data. | GIS source layers may be updated whenever the GIS team republishes them.",,
PURE_006,sparkme,PURE_006::sparkme,PURE_006::sparkme::A019::U06,The first release shall prioritize core tracking functions.,4,PURE_006::sparkme::A019::U06; PURE_006::sparkme::A022::U03; PURE_006::sparkme::A022::U06; PURE_006::sparkme::A022::U07,The first release shall prioritize core tracking functions. | The first release should include enough GIS and reporting support for staff to stop relying on the manual process. | A key deliverable should be validated data integrations. | A key deliverable should be a stable reporting workflow before broader rollout is considered.,,
PURE_006,sparkme,PURE_006::sparkme,PURE_006::sparkme::A019::U09,Advanced automation and other nice-to-have features may be deferred until later if needed.,2,PURE_006::sparkme::A019::U09; PURE_006::sparkme::A022::U04,Advanced automation and other nice-to-have features may be deferred until later if needed. | A later phase may add customer-facing or advanced functionality if needed.,,
PURE_006,sparkme,PURE_006::sparkme,PURE_006::sparkme::A020::U01,The system should support daily refreshes for core permit and reporting data.,2,PURE_006::sparkme::A020::U01; PURE_006::sparkme::A020::U02,The system should support daily refreshes for core permit and reporting data. | The system should provide reasonably current core permit and reporting data without requiring staff to wait for ad hoc updates.,,
PURE_006,sparkme,PURE_006::sparkme,PURE_006::sparkme::A020::U06,"The system should record manual exceptions in the audit trail, including that a record was manually adjusted and why.",5,PURE_006::sparkme::A020::U06; PURE_006::sparkme::A021::U03; PURE_006::sparkme::A021::U04; PURE_006::sparkme::A021::U05; PURE_006::sparkme::A021::U06,"The system should record manual exceptions in the audit trail, including that a record was manually adjusted and why. | The system shall log who made a manual correction. | The system shall log when a manual correction was made. | The system shall log what was changed in a manual correction. | The system shall log the reason for a manual correction.",,
PURE_006,sparkme,PURE_006::sparkme,PURE_006::sparkme::A021::U01,Manual corrections shall be limited to authorized District staff.,2,PURE_006::sparkme::A021::U01; PURE_006::sparkme::A024::U02,Manual corrections shall be limited to authorized District staff. | Only a small set of trained internal users should be allowed to make manual corrections.,,
PURE_006,sparkme,PURE_006::sparkme,PURE_006::sparkme::A021::U07,The system shall clearly flag records that have been manually overridden so users know it was manually overridden.,2,PURE_006::sparkme::A021::U07; PURE_006::sparkme::A021::U08,The system shall clearly flag records that have been manually overridden so users know it was manually overridden. | The system should allow a manual correction to be reviewed or approved by a supervisor or subject matter lead.,,
PURE_006,sparkme,PURE_006::sparkme,PURE_006::sparkme::A022::U02,The first release should focus on core internal tracking and analysis capabilities.,2,PURE_006::sparkme::A022::U02; PURE_006::sparkme::A022::U05,The first release should focus on core internal tracking and analysis capabilities. | A key deliverable should be a usable internal system.,,
PURE_006,sparkme,PURE_006::sparkme,PURE_006::sparkme::A024::U01,Authorization for manual corrections should tie into existing District user roles and access controls rather than use a separate permissions model.,2,PURE_006::sparkme::A024::U01; PURE_006::sparkme::A024::U05,Authorization for manual corrections should tie into existing District user roles and access controls rather than use a separate permissions model. | Permissions should align with the District's existing identity management or role structure if possible.,,
PURE_006,sparkme,PURE_006::sparkme,PURE_006::sparkme::A025::U01,The system shall support accessibility needs for District employees.,4,PURE_006::sparkme::A025::U01; PURE_006::sparkme::A025::U02; PURE_006::sparkme::A025::U03; PURE_006::sparkme::A025::U04,The system shall support accessibility needs for District employees. | The system shall support users who rely on keyboard navigation. | The system shall support users who rely on screen readers. | The system shall support users who rely on other assistive technology.,,
PURE_006,sparkme,PURE_006::sparkme,PURE_006::sparkme::A025::U05,The system shall follow usual public-sector accessibility expectations.,4,PURE_006::sparkme::A025::U05; PURE_006::sparkme::A025::U06; PURE_006::sparkme::A025::U07; PURE_006::sparkme::A025::U08,The system shall follow usual public-sector accessibility expectations. | The system shall aim for WCAG compliance. | The GIS and reporting views shall remain usable without depending only on color. | The GIS and reporting views shall remain usable without depending on highly complex visual interactions.,,
PURE_006,sparkme,PURE_006::sparkme,PURE_006::sparkme::A026::U01,Routine searches and standard reports should feel quick.,5,PURE_006::sparkme::A026::U01; PURE_006::sparkme::A026::U02; PURE_006::sparkme::A026::U03; PURE_006::sparkme::A026::U04; PURE_006::sparkme::A026::U05,Routine searches and standard reports should feel quick. | Routine searches and standard reports should ideally complete in just a few seconds. | Heavy spatial or temporal analyses may involve a short wait. | Response times of a minute or more for heavy spatial or temporal analyses are considered frustrating. | Common workflows should remain responsive enough to be usable during a normal work session without making staff feel blocked.,,
PURE_006,sparkme,PURE_006::sparkme,PURE_006::sparkme::A027::U01,The system shall provide progress indicators for analyses that take a while.,2,PURE_006::sparkme::A027::U01; PURE_006::sparkme::A027::U02,The system shall provide progress indicators for analyses that take a while. | The system shall allow users to see that an analysis is still running.,,
PURE_006,sparkme,PURE_006::sparkme,PURE_006::sparkme::A027::U03,The system shall allow users to cancel an analysis if they no longer need the result.,2,PURE_006::sparkme::A027::U03; PURE_006::sparkme::A031::U10,The system shall allow users to cancel an analysis if they no longer need the result. | The system shall allow users to cancel a job.,,
PURE_006,sparkme,PURE_006::sparkme,PURE_006::sparkme::A027::U04,"The system shall queue longer jobs, especially jobs that may be used by several staff members.",4,PURE_006::sparkme::A027::U04; PURE_006::sparkme::A027::U05; PURE_006::sparkme::A029::U03; PURE_006::sparkme::A029::U04,"The system shall queue longer jobs, especially jobs that may be used by several staff members. | The system shall notify the user when the output of a queued job is ready. | The system shall notify users when results are ready. | The system shall support result notifications within the system or by email.",,
PURE_006,sparkme,PURE_006::sparkme,PURE_006::sparkme::A028::U01,"For common analysis steps, the system should return results in a few seconds and preferably in under 15 seconds.",2,PURE_006::sparkme::A028::U01; PURE_006::sparkme::A028::U03,"For common analysis steps, the system should return results in a few seconds and preferably in under 15 seconds. | The response time target should be considered a reasonable benchmark to keep the workflow from feeling sluggish.",,
PURE_006,sparkme,PURE_006::sparkme,PURE_006::sparkme::A029::U01,The system shall allow users to view their own pending and running jobs.,9,PURE_006::sparkme::A029::U01; PURE_006::sparkme::A029::U02; PURE_006::sparkme::A031::U01; PURE_006::sparkme::A031::U02; PURE_006::sparkme::A031::U03; PURE_006::sparkme::A031::U04; PURE_006::sparkme::A031::U05; PURE_006::sparkme::A031::U06; PURE_006::sparkme::A031::U09,The system shall allow users to view their own pending and running jobs. | The system shall allow users to see which of their jobs are in progress and which are already completed. | The system shall allow users to see a list of their pending and running jobs. | The system shall display basic job status. | The system shall display the queued status for jobs. | The system shall display the running status for jobs. | The system shall display the completed status for jobs. | The system shall display the failed status for jobs. | The system shall notify users when results are ready.,,
PURE_006,sparkme,PURE_006::sparkme,PURE_006::sparkme::A032::U04,The migration process shall address data quality and consistency concerns.,3,PURE_006::sparkme::A032::U04; PURE_006::sparkme::A032::U05; PURE_006::sparkme::A032::U06,The migration process shall address data quality and consistency concerns. | The migration process shall include validation. | The migration process shall include cleanup.,,
PURE_006,sparkme,PURE_006::sparkme,PURE_006::sparkme::A033::U03,The system may perform automated cleanup for obvious formatting issues.,3,PURE_006::sparkme::A033::U03; PURE_006::sparkme::A037::U03; PURE_006::sparkme::A037::U04,The system may perform automated cleanup for obvious formatting issues. | The system shall use automated checks to handle routine issues. | The system shall use automated checks to quickly handle obvious problems.,,
PURE_006,sparkme,PURE_006::sparkme,PURE_006::sparkme::A033::U04,The system shall require manual validation for any data changes that affect the meaning of the data before the records are considered final.,2,PURE_006::sparkme::A033::U04; PURE_006::sparkme::A037::U05,The system shall require manual validation for any data changes that affect the meaning of the data before the records are considered final. | The system shall require manual review before accepting any ambiguous or high-impact data.,,
PURE_006,sparkme,PURE_006::sparkme,PURE_006::sparkme::A034::U01,The system shall allow staff to open a flagged record.,2,PURE_006::sparkme::A034::U01; PURE_006::sparkme::A034::U06,The system shall allow staff to open a flagged record. | The system shall allow staff to approve a record.,,
PURE_006,sparkme,PURE_006::sparkme,PURE_006::sparkme::A034::U08,The system shall provide a simple progress view of items that are still pending.,3,PURE_006::sparkme::A034::U08; PURE_006::sparkme::A034::U09; PURE_006::sparkme::A034::U10,The system shall provide a simple progress view of items that are still pending. | The system shall provide a simple progress view of items that are approved. | The system shall provide a simple progress view of items that are rejected.,,
PURE_006,sparkme,PURE_006::sparkme,PURE_006::sparkme::A036::U02,The system shall provide a dashboard or summary that shows error trends.,2,PURE_006::sparkme::A036::U02; PURE_006::sparkme::A038::U04,The system shall provide a dashboard or summary that shows error trends. | The dashboard shall provide trend lines over time.,,
PURE_006,sparkme,PURE_006::sparkme,PURE_006::sparkme::A036::U04,The system shall provide a dashboard or summary that shows records still needing review.,3,PURE_006::sparkme::A036::U04; PURE_006::sparkme::A038::U02; PURE_006::sparkme::A038::U08,The system shall provide a dashboard or summary that shows records still needing review. | The dashboard shall show how many flagged records are still unresolved. | The system shall generate alerts for records that are past due for review.,,
PURE_006,sparkme,PURE_006::sparkme,PURE_006::sparkme::A036::U06,The system shall support periodic checks.,3,PURE_006::sparkme::A036::U06; PURE_006::sparkme::A036::U07; PURE_006::sparkme::A036::U08,The system shall support periodic checks. | The system shall support periodic checks for new imports. | The system shall support periodic checks for updates.,,
PURE_006,sparkme,PURE_006::sparkme,PURE_006::sparkme::A037::U01,The system shall prioritize thoroughness over speed when there is a conflict between them.,2,PURE_006::sparkme::A037::U01; PURE_006::sparkme::A037::U06,"The system shall prioritize thoroughness over speed when there is a conflict between them. | When a trade-off is necessary, the system shall slow down rather than allow questionable data to move forward unchecked.",,
PURE_046,hashimoto,PURE_046::hashimoto,PURE_046::hashimoto::A002::U01,Offline messages shall be queued so they can be delivered when the recipient comes back online.,3,PURE_046::hashimoto::A002::U01; PURE_046::hashimoto::A003::U01; PURE_046::hashimoto::A003::U02,Offline messages shall be queued so they can be delivered when the recipient comes back online. | Queued offline messages should not be kept indefinitely. | Queued offline messages should expire after a reasonable window if the recipient never comes back online.,,
PURE_046,llmrei-long,PURE_046::llmrei-long,PURE_046::llmrei-long::A002::U01,The interviewee represents Philips Digital Systems Laboratories on the project.,4,PURE_046::llmrei-long::A002::U01; PURE_046::llmrei-long::A017::U01; PURE_046::llmrei-long::A017::U02; PURE_046::llmrei-long::A017::U03,The interviewee represents Philips Digital Systems Laboratories on the project. | The system shall consider actual television users as primary stakeholders. | The system shall consider the product team on the platform side as stakeholders. | The system shall consider the technical team on the platform side as stakeholders.,,
PURE_046,llmrei-long,PURE_046::llmrei-long,PURE_046::llmrei-long::A003::U02,The system shall allow TV users to sign in with an existing account.,4,PURE_046::llmrei-long::A003::U02; PURE_046::llmrei-long::A007::U01; PURE_046::llmrei-long::A008::U01; PURE_046::llmrei-long::A018::U01,The system shall allow TV users to sign in with an existing account. | The system shall provide sign-in access. | Sign-in shall authenticate the user with their existing account. | The system shall allow users to sign in.,,
PURE_046,llmrei-long,PURE_046::llmrei-long,PURE_046::llmrei-long::A003::U03,The system shall allow TV users to see which friends are online.,4,PURE_046::llmrei-long::A003::U03; PURE_046::llmrei-long::A007::U02; PURE_046::llmrei-long::A010::U02; PURE_046::llmrei-long::A018::U02,The system shall allow TV users to see which friends are online. | The system shall provide buddy list access so users can see who is available. | The buddy list shall indicate which contacts are online. | The system shall allow users to see their buddies.,,
PURE_046,llmrei-long,PURE_046::llmrei-long,PURE_046::llmrei-long::A003::U04,The system shall allow TV users to see what their friends are watching.,2,PURE_046::llmrei-long::A003::U04; PURE_046::llmrei-long::A010::U03,The system shall allow TV users to see what their friends are watching. | The buddy list shall let the user see what programs their friends are watching.,,
PURE_046,llmrei-long,PURE_046::llmrei-long,PURE_046::llmrei-long::A003::U05,The system shall allow TV users to exchange text messages.,7,PURE_046::llmrei-long::A003::U05; PURE_046::llmrei-long::A007::U04; PURE_046::llmrei-long::A014::U01; PURE_046::llmrei-long::A014::U02; PURE_046::llmrei-long::A014::U03; PURE_046::llmrei-long::A014::U04; PURE_046::llmrei-long::A018::U03,The system shall allow TV users to exchange text messages. | The system shall support text messaging interactions. | The system shall let users send short instant messages to buddies from the TV. | The system shall let users receive short instant messages from buddies on the TV. | The system shall let users read incoming messages clearly. | The system shall let users reply in a simple conversation view. | The system shall allow users to exchange messages.,,
PURE_046,llmrei-long,PURE_046::llmrei-long,PURE_046::llmrei-long::A003::U06,The system shall allow TV users to manage their presence.,8,PURE_046::llmrei-long::A003::U06; PURE_046::llmrei-long::A007::U03; PURE_046::llmrei-long::A012::U01; PURE_046::llmrei-long::A012::U02; PURE_046::llmrei-long::A012::U03; PURE_046::llmrei-long::A012::U04; PURE_046::llmrei-long::A012::U05; PURE_046::llmrei-long::A018::U04,The system shall allow TV users to manage their presence. | The system shall support presence interactions. | The presence management system shall let users control whether they appear online to others. | The presence management system shall let users control whether they appear away to others. | The presence management system shall let users control whether they appear unavailable to others. | The presence management system shall reflect the user's current status so buddies can see whether the user is available for a conversation. | The presence management system shall allow the user to change their status quickly without a lot of navigation. | The system shall support presence management on the TV platform reliably.,,
PURE_046,llmrei-long,PURE_046::llmrei-long,PURE_046::llmrei-long::A003::U07,The system shall allow TV users to manage their nickname.,3,PURE_046::llmrei-long::A003::U07; PURE_046::llmrei-long::A013::U01; PURE_046::llmrei-long::A013::U02,The system shall allow TV users to manage their nickname. | Nickname management shall let the user set the name other people see in the messenger. | The user shall be able to change the nickname from the TV app without needing to go somewhere else.,,
PURE_046,llmrei-long,PURE_046::llmrei-long,PURE_046::llmrei-long::A003::U08,The system shall allow TV users to maintain a buddy list.,3,PURE_046::llmrei-long::A003::U08; PURE_046::llmrei-long::A010::U01; PURE_046::llmrei-long::A011::U01,The system shall allow TV users to maintain a buddy list. | The buddy list shall show the user's contacts. | The system shall allow users to maintain the buddy list from the TV interface.,,
PURE_046,llmrei-long,PURE_046::llmrei-long,PURE_046::llmrei-long::A003::U09,The system shall support blocking contacts.,6,PURE_046::llmrei-long::A003::U09; PURE_046::llmrei-long::A007::U05; PURE_046::llmrei-long::A016::U01; PURE_046::llmrei-long::A016::U03; PURE_046::llmrei-long::A016::U05; PURE_046::llmrei-long::A018::U05,The system shall support blocking contacts. | The system shall support blocking functionality. | Blocking shall prevent a contact from sending messages to the user. | The system shall provide the user with a simple way to prevent unwanted communication from a specific buddy. | Blocking shall cut off a contact's interaction with the user as much as the system allows. | The system shall support blocking management on the TV platform reliably.,,
PURE_046,llmrei-long,PURE_046::llmrei-long,PURE_046::llmrei-long::A003::U10,The system shall provide visible notifications when messages arrive.,4,PURE_046::llmrei-long::A003::U10; PURE_046::llmrei-long::A007::U06; PURE_046::llmrei-long::A015::U01; PURE_046::llmrei-long::A015::U03,The system shall provide visible notifications when messages arrive. | The system shall support notifications. | The system shall make an incoming message noticeable right away. | The system shall present an incoming message using a visible alert or on-screen notification.,,
PURE_046,llmrei-long,PURE_046::llmrei-long,PURE_046::llmrei-long::A005::U01,The application shall connect to an existing account service.,4,PURE_046::llmrei-long::A005::U01; PURE_046::llmrei-long::A005::U02; PURE_046::llmrei-long::A017::U04; PURE_046::llmrei-long::A018::U09,"The application shall connect to an existing account service. | Users shall be able to sign in with accounts they already have. | If the system integrates with an existing messenger service, the service owners shall be considered stakeholders. | The application shall behave consistently with existing MSN account expectations.",,
PURE_046,llmrei-long,PURE_046::llmrei-long,PURE_046::llmrei-long::A006::U02,Any extra behaviors should only support the core messaging experience on the TV platform.,2,PURE_046::llmrei-long::A006::U02; PURE_046::llmrei-long::A011::U04,Any extra behaviors should only support the core messaging experience on the TV platform. | The system should not require elaborate buddy list organization features at this time.,,
PURE_046,llmrei-long,PURE_046::llmrei-long,PURE_046::llmrei-long::A008::U05,The system should support a reasonably quick sign-in flow for a TV remote.,3,PURE_046::llmrei-long::A008::U05; PURE_046::llmrei-long::A014::U05; PURE_046::llmrei-long::A014::U06,The system should support a reasonably quick sign-in flow for a TV remote. | The text entry flow shall be straightforward. | The text entry flow shall be forgiving.,,
PURE_046,llmrei-long,PURE_046::llmrei-long,PURE_046::llmrei-long::A009::U05,The application should fail gracefully.,2,PURE_046::llmrei-long::A009::U05; PURE_046::llmrei-long::A018::U07,The application should fail gracefully. | The system shall avoid crashes.,,
PURE_046,llmrei-long,PURE_046::llmrei-long,PURE_046::llmrei-long::A010::U04,The buddy list shall be easy to navigate with a remote.,2,PURE_046::llmrei-long::A010::U04; PURE_046::llmrei-long::A018::U08,The buddy list shall be easy to navigate with a remote. | The system shall provide navigation that is not confusing.,,
PURE_046,llmrei-long,PURE_046::llmrei-long,PURE_046::llmrei-long::A011::U02,The system shall allow users to add contacts to the buddy list from their existing contacts.,2,PURE_046::llmrei-long::A011::U02; PURE_046::llmrei-long::A011::U05,"The system shall allow users to add contacts to the buddy list from their existing contacts. | If the connected account service provides a standard way to organize the buddy list, the system may use that standard method.",,
PURE_046,proposed_method,PURE_046::proposed_method,PURE_046::proposed_method::A001::U01,The demo shall show that an interactive TV can support a familiar messaging experience on the screen.,3,PURE_046::proposed_method::A001::U01; PURE_046::proposed_method::A001::U09; PURE_046::proposed_method::A002::U08,The demo shall show that an interactive TV can support a familiar messaging experience on the screen. | Users shall immediately understand the value of the platform. | The demo should make the platform’s value obvious by showing communication happening in the same context as television viewing rather than on a separate device.,,
PURE_046,proposed_method,PURE_046::proposed_method,PURE_046::proposed_method::A001::U02,The demo shall prove that users can log in.,2,PURE_046::proposed_method::A001::U02; PURE_046::proposed_method::A002::U04,"The demo shall prove that users can log in. | In the scenario, a user should sign in on the television.",,
PURE_046,proposed_method,PURE_046::proposed_method,PURE_046::proposed_method::A001::U03,The demo shall prove that users can see friends.,2,PURE_046::proposed_method::A001::U03; PURE_046::proposed_method::A002::U05,"The demo shall prove that users can see friends. | In the scenario, the user should see a few friends online.",,
PURE_046,proposed_method,PURE_046::proposed_method,PURE_046::proposed_method::A001::U04,The demo shall prove that users can chat.,3,PURE_046::proposed_method::A001::U04; PURE_046::proposed_method::A001::U13; PURE_046::proposed_method::A002::U07,"The demo shall prove that users can chat. | The demo shall demonstrate the communication capability being highlighted. | In the scenario, the user should send a message from the TV while watching something themselves.",,
PURE_046,proposed_method,PURE_046::proposed_method,PURE_046::proposed_method::A001::U06,The demo shall prove that users can understand what others are watching.,4,PURE_046::proposed_method::A001::U06; PURE_046::proposed_method::A002::U06; PURE_046::proposed_method::A009::U03; PURE_046::proposed_method::A016::U04,"The demo shall prove that users can understand what others are watching. | In the scenario, the user should notice what the friends are watching. | Presence shall show what the person is watching when that information is available. | The system shall allow showing what program a user is watching when that is part of the social experience.",,
PURE_046,proposed_method,PURE_046::proposed_method,PURE_046::proposed_method::A001::U07,The TV experience shall not feel awkward or too complex.,2,PURE_046::proposed_method::A001::U07; PURE_046::proposed_method::A001::U08,The TV experience shall not feel awkward or too complex. | Users shall be able to use the demo easily on a television interface.,,
PURE_046,proposed_method,PURE_046::proposed_method,PURE_046::proposed_method::A003::U01,The platform shall work on the interactive television platform itself.,2,PURE_046::proposed_method::A003::U01; PURE_046::proposed_method::A003::U05,The platform shall work on the interactive television platform itself. | The platform is expected to run reliably in the TV context.,,
PURE_046,proposed_method,PURE_046::proposed_method,PURE_046::proposed_method::A003::U02,The system shall target a TV set-top or similar platform where the user is already watching content and using a remote or simple on-screen controls.,2,PURE_046::proposed_method::A003::U02; PURE_046::proposed_method::A003::U03,The system shall target a TV set-top or similar platform where the user is already watching content and using a remote or simple on-screen controls. | The system is not intended to support every kind of TV hardware or a fully general home computer setup for this demo.,,
PURE_046,proposed_method,PURE_046::proposed_method,PURE_046::proposed_method::A004::U01,The system shall protect the user’s account identity.,2,PURE_046::proposed_method::A004::U01; PURE_046::proposed_method::A016::U06,The system shall protect the user’s account identity. | The system shall keep identity details limited to what the user has chosen to share in the app.,,
PURE_046,proposed_method,PURE_046::proposed_method,PURE_046::proposed_method::A004::U03,The system shall protect the content of the user’s messages.,2,PURE_046::proposed_method::A004::U03; PURE_046::proposed_method::A016::U05,The system shall protect the content of the user’s messages. | The system shall not make message content visible outside the intended conversation.,,
PURE_046,proposed_method,PURE_046::proposed_method,PURE_046::proposed_method::A004::U04,The system shall limit presence information to what the user has chosen to show.,8,PURE_046::proposed_method::A004::U04; PURE_046::proposed_method::A004::U05; PURE_046::proposed_method::A004::U06; PURE_046::proposed_method::A004::U07; PURE_046::proposed_method::A009::U02; PURE_046::proposed_method::A010::U01; PURE_046::proposed_method::A016::U02; PURE_046::proposed_method::A016::U03,The system shall limit presence information to what the user has chosen to show. | Presence information may include the user’s online status and the program they are watching. | The system shall make presence information visible only to contacts that the user allows. | The system shall not expose presence information broadly outside the messaging service. | Presence shall clearly show whether someone is online. | The system shall provide an online presence state. | The system shall allow only the minimal presence signal needed for the service to work to be visible outside the user’s allowed contacts. | The system shall allow showing that a user is online to their buddies when that is needed.,,
PURE_046,proposed_method,PURE_046::proposed_method,PURE_046::proposed_method::A005::U01,The system does not yet have a formal retention policy defined.,3,PURE_046::proposed_method::A005::U01; PURE_046::proposed_method::A005::U03; PURE_046::proposed_method::A005::U04,The system does not yet have a formal retention policy defined. | It must be confirmed whether any chat content should be stored persistently beyond the active session. | Any legal or product requirements for retention or deletion must be verified with the team.,,
PURE_046,proposed_method,PURE_046::proposed_method,PURE_046::proposed_method::A006::U01,The system shall avoid failures that break sign-in.,3,PURE_046::proposed_method::A006::U01; PURE_046::proposed_method::A006::U02; PURE_046::proposed_method::A006::U03,The system shall avoid failures that break sign-in. | The system shall avoid failures that break message delivery. | The system shall avoid failures that break the visible presence display.,,
PURE_046,proposed_method,PURE_046::proposed_method,PURE_046::proposed_method::A006::U04,"During a temporary service or network interruption, the system shall show the user a clear indication that the connection is unavailable.",4,PURE_046::proposed_method::A006::U04; PURE_046::proposed_method::A006::U05; PURE_046::proposed_method::A006::U06; PURE_046::proposed_method::A011::U01,"During a temporary service or network interruption, the system shall show the user a clear indication that the connection is unavailable. | After service returns from a temporary service or network interruption, the system shall recover gracefully. | The system shall not lose the whole session immediately when a temporary service or network interruption occurs. | If the connection drops briefly, the user shall still be able to view the existing buddy list and whatever was already on screen.",,
PURE_046,proposed_method,PURE_046::proposed_method,PURE_046::proposed_method::A007::U01,"For the demo, the system should feel close to real time.",2,PURE_046::proposed_method::A007::U01; PURE_046::proposed_method::A007::U04,"For the demo, the system should feel close to real time. | The interaction should feel immediate on the TV.",,
PURE_046,proposed_method,PURE_046::proposed_method,PURE_046::proposed_method::A007::U02,Messages and presence updates should ideally appear within a few seconds.,2,PURE_046::proposed_method::A007::U02; PURE_046::proposed_method::A007::U03,Messages and presence updates should ideally appear within a few seconds. | Anything noticeably longer than a few seconds would start to feel slow to viewers.,,
PURE_046,proposed_method,PURE_046::proposed_method,PURE_046::proposed_method::A012::U02,The buddy list should surface people who are online or active near the top.,2,PURE_046::proposed_method::A012::U02; PURE_046::proposed_method::A013::U03,The buddy list should surface people who are online or active near the top. | The list should move a person up when they come online.,,
PURE_046,proposed_method,PURE_046::proposed_method,PURE_046::proposed_method::A012::U03,"The buddy list should maintain a stable, understandable overall order.",2,PURE_046::proposed_method::A012::U03; PURE_046::proposed_method::A013::U05,"The buddy list should maintain a stable, understandable overall order. | The order should stay mostly stable.",,
PURE_046,proposed_method,PURE_046::proposed_method,PURE_046::proposed_method::A013::U02,The list should update gently so it does not jump around too much.,3,PURE_046::proposed_method::A013::U02; PURE_046::proposed_method::A013::U04; PURE_046::proposed_method::A013::U06,"The list should update gently so it does not jump around too much. | The list should avoid constant reshuffling because it would be distracting on a TV screen. | The list should make only small, meaningful changes when status changes.",,
PURE_046,proposed_method,PURE_046::proposed_method,PURE_046::proposed_method::A014::U02,"If a user blocks a contact, that contact should no longer be able to send messages to the user.",2,PURE_046::proposed_method::A014::U02; PURE_046::proposed_method::A014::U04,"If a user blocks a contact, that contact should no longer be able to send messages to the user. | If a user later unblocks a contact, the contact should become available again for messaging.",,
PURE_046,proposed_method,PURE_046::proposed_method,PURE_046::proposed_method::A014::U03,"If a user blocks a contact, that contact should effectively disappear from normal conversation access in the app.",3,PURE_046::proposed_method::A014::U03; PURE_046::proposed_method::A014::U05; PURE_046::proposed_method::A015::U03,"If a user blocks a contact, that contact should effectively disappear from normal conversation access in the app. | If a user later unblocks a contact, the contact should appear normally in the buddy list, assuming the contact is otherwise allowed to be there. | Blocked contacts shall not clutter the chat view.",,
PURE_046,proposed_method,PURE_046::proposed_method,PURE_046::proposed_method::A015::U04,Any indication of a blocked contact shall be subtle and shown in the settings or contact management area.,2,PURE_046::proposed_method::A015::U04; PURE_046::proposed_method::A015::U05,Any indication of a blocked contact shall be subtle and shown in the settings or contact management area. | Any indication of a blocked contact shall not appear in the main messaging flow.,,
PURE_046,proposed_method,PURE_046::proposed_method,PURE_046::proposed_method::A017::U01,Only people the user has added or allowed should appear in the buddy list.,3,PURE_046::proposed_method::A017::U01; PURE_046::proposed_method::A017::U02; PURE_046::proposed_method::A018::U01,"Only people the user has added or allowed should appear in the buddy list. | Blocked contacts should not show up as normal buddies. | When a contact is blocked, the system shall remove the contact from the normal buddy list or clearly separate the contact from active contacts.",,
PURE_046,proposed_method,PURE_046::proposed_method,PURE_046::proposed_method::A017::U03,Each contact should be labeled with the presence information the user is permitted to see.,4,PURE_046::proposed_method::A017::U03; PURE_046::proposed_method::A017::U04; PURE_046::proposed_method::A017::U05; PURE_046::proposed_method::A017::U06,Each contact should be labeled with the presence information the user is permitted to see. | The presence information label may indicate that a contact is online. | The presence information label may indicate that a contact is offline. | The presence information label may indicate what a contact is watching if that information is available.,,
PURE_046,proposed_method,PURE_046::proposed_method,PURE_046::proposed_method::A018::U03,"When a user unblocks a contact, the system shall restore the contact’s presence label normally based on the currently available status.",2,PURE_046::proposed_method::A018::U03; PURE_046::proposed_method::A018::U04,"When a user unblocks a contact, the system shall restore the contact’s presence label normally based on the currently available status. | When a user unblocks a contact, the system shall restore the usual display without any special leftover state.",,
PURE_046,proposed_method,PURE_046::proposed_method,PURE_046::proposed_method::A019::U02,"If the intended owner cannot take on maintenance and support, the team must verify an alternate internal support arrangement.",2,PURE_046::proposed_method::A019::U02; PURE_046::proposed_method::A019::U03,"If the intended owner cannot take on maintenance and support, the team must verify an alternate internal support arrangement. | There is no defined fallback path today if the intended owner cannot take on maintenance and support.",,
PURE_046,proposed_method,PURE_046::proposed_method,PURE_046::proposed_method::A020::U02,"If Philips Digital Systems Laboratories cannot own the support, a temporary internal support assignment must be arranged through the project sponsor or delivery lead until an official owner is identified.",2,PURE_046::proposed_method::A020::U02; PURE_046::proposed_method::A020::U03,"If Philips Digital Systems Laboratories cannot own the support, a temporary internal support assignment must be arranged through the project sponsor or delivery lead until an official owner is identified. | The fallback arrangement shall be used only if the intended handoff target is unavailable or unable to accept responsibility at the end of the prototype.",,
PURE_046,proposed_method,PURE_046::proposed_method,PURE_046::proposed_method::A021::U01,The temporary internal support assignment shall take over only if the intended receiving team formally rejects the handoff.,8,PURE_046::proposed_method::A021::U01; PURE_046::proposed_method::A021::U02; PURE_046::proposed_method::A021::U03; PURE_046::proposed_method::A021::U04; PURE_046::proposed_method::A021::U05; PURE_046::proposed_method::A021::U06; PURE_046::proposed_method::A021::U07; PURE_046::proposed_method::A021::U08,"The temporary internal support assignment shall take over only if the intended receiving team formally rejects the handoff. | The temporary internal support assignment shall take over if the intended receiving team misses the acceptance window. | The temporary internal support assignment shall take over if the intended receiving team is otherwise unavailable at go-live. | When the temporary internal support assignment takes over, it shall keep the prototype running. | When the temporary internal support assignment takes over, it shall handle basic troubleshooting. | When the temporary internal support assignment takes over, it shall serve as the point of contact for defects or access issues. | The temporary internal support assignment shall not be expected to perform major enhancements. | The temporary internal support assignment shall keep things stable until ownership is formally assigned.",,
PURE_046,proposed_method,PURE_046::proposed_method,PURE_046::proposed_method::A023::U01,The temporary support team may handle user sign-in failures caused by a known service outage.,2,PURE_046::proposed_method::A023::U01; PURE_046::proposed_method::A023::U02,The temporary support team may handle user sign-in failures caused by a known service outage. | The temporary support team may handle user sign-in failures caused by a misconfigured test account.,,
PURE_046,proposed_method,PURE_046::proposed_method,PURE_046::proposed_method::A024::U01,The presence model for the prototype shall be kept simple.,4,PURE_046::proposed_method::A024::U01; PURE_046::proposed_method::A024::U02; PURE_046::proposed_method::A024::U04; PURE_046::proposed_method::A024::U05,"The presence model for the prototype shall be kept simple. | The main user-controlled presence states shall be online, busy, and away. | The system shall not introduce a separate public presence state for viewing content or inactive users unless it is clearly needed. | If a user is not available because they are signed out or blocked, the system shall show the user as offline or hide the user from normal presence display.",,
PURE_046,proposed_method,PURE_046::proposed_method,PURE_046::proposed_method::A025::U01,Incoming messages shall always be made visible immediately.,2,PURE_046::proposed_method::A025::U01; PURE_046::proposed_method::A025::U02,Incoming messages shall always be made visible immediately. | Incoming messages shall be made visible immediately even if the user is watching TV or idle.,,
PURE_046,proposed_method,PURE_046::proposed_method,PURE_046::proposed_method::A026::U01,The on-screen notification and presence indicators shall be highly legible on a TV screen.,5,PURE_046::proposed_method::A026::U01; PURE_046::proposed_method::A026::U02; PURE_046::proposed_method::A026::U03; PURE_046::proposed_method::A026::U04; PURE_046::proposed_method::A026::U05,The on-screen notification and presence indicators shall be highly legible on a TV screen. | The on-screen notification and presence indicators shall use strong contrast. | The on-screen notification and presence indicators shall avoid thin fonts. | The on-screen notification and presence indicators shall avoid decorative fonts. | The notification and presence indicators shall remain readable against both bright and dark program content.,,
PURE_046,proposed_method,PURE_046::proposed_method,PURE_046::proposed_method::A027::U03,The UI shall be safe on lower-resolution TVs.,2,PURE_046::proposed_method::A027::U03; PURE_046::proposed_method::A027::U04,The UI shall be safe on lower-resolution TVs. | The UI shall avoid placing critical text near the edges of the screen.,,
PURE_046,proposed_method,PURE_046::proposed_method,PURE_046::proposed_method::A028::U01,"For the prototype, the system shall prefer truncation or short labels over scrolling for overflow text on TV notifications or presence indicators.",2,PURE_046::proposed_method::A028::U01; PURE_046::proposed_method::A028::U02,"For the prototype, the system shall prefer truncation or short labels over scrolling for overflow text on TV notifications or presence indicators. | The system shall avoid scrolling text on TV because it can be hard to read and distracting.",,
PURE_046,proposed_method,PURE_046::proposed_method,PURE_046::proposed_method::A029::U01,The buddy list and chat view shall refresh immediately when the system receives a nickname or presence change.,3,PURE_046::proposed_method::A029::U01; PURE_046::proposed_method::A029::U02; PURE_046::proposed_method::A029::U03,The buddy list and chat view shall refresh immediately when the system receives a nickname or presence change. | The buddy list and chat view shall stay in sync without requiring any user action. | The system shall not include a deliberate delay for updating nickname or presence information.,,
PURE_046,sparkme,PURE_046::sparkme,PURE_046::sparkme::A001::U01,The system shall allow television viewers to stay connected with their contacts through instant messaging using the interactive TV platform.,7,PURE_046::sparkme::A001::U01; PURE_046::sparkme::A001::U02; PURE_046::sparkme::A001::U05; PURE_046::sparkme::A001::U06; PURE_046::sparkme::A002::U01; PURE_046::sparkme::A002::U02; PURE_046::sparkme::A002::U05,The system shall allow television viewers to stay connected with their contacts through instant messaging using the interactive TV platform. | The system shall make communication easy from the TV. | The system shall let users exchange messages without leaving the television experience. | The system shall feel practical and usable for everyday contact. | The interactive television platform shall support real communication services. | The interactive television platform shall support more than passive content. | The project shall account for messaging and presence features becoming familiar to users on PCs and mobile devices.,,
PURE_046,sparkme,PURE_046::sparkme,PURE_046::sparkme::A001::U03,The system shall let users see who is online.,4,PURE_046::sparkme::A001::U03; PURE_046::sparkme::A004::U03; PURE_046::sparkme::A009::U02; PURE_046::sparkme::A018::U04,The system shall let users see who is online. | The platform shall provide clear presence information. | The system shall allow users to see which contacts are online. | The demo should refresh the buddy list and presence when the connection comes back after a network loss.,,
PURE_046,sparkme,PURE_046::sparkme,PURE_046::sparkme::A001::U04,The system shall let users know what their contacts are watching.,2,PURE_046::sparkme::A001::U04; PURE_046::sparkme::A009::U03,The system shall let users know what their contacts are watching. | The system shall allow users to check what programs their contacts are watching on TV.,,
PURE_046,sparkme,PURE_046::sparkme,PURE_046::sparkme::A002::U03,The interactive television platform shall aim to keep people engaged longer.,6,PURE_046::sparkme::A002::U03; PURE_046::sparkme::A002::U04; PURE_046::sparkme::A002::U06; PURE_046::sparkme::A027::U02; PURE_046::sparkme::A027::U03; PURE_046::sparkme::A027::U04,The interactive television platform shall aim to keep people engaged longer. | The interactive television platform shall aim to make the TV a more social device. | Philips shall position the platform as broader and more future-facing. | Chat sessions should remain responsive without overloading the TV platform if the system is extended beyond a prototype. | The system may need tighter handling of background refreshes if usage grows beyond the demo scenario. | The system may need throttling or batching if usage grows beyond the demo scenario.,,
PURE_046,sparkme,PURE_046::sparkme,PURE_046::sparkme::A002::U07,The project shall demonstrate capability as well as user demand.,9,PURE_046::sparkme::A002::U07; PURE_046::sparkme::A003::U01; PURE_046::sparkme::A003::U02; PURE_046::sparkme::A003::U03; PURE_046::sparkme::A003::U05; PURE_046::sparkme::A005::U06; PURE_046::sparkme::A006::U05; PURE_046::sparkme::A006::U08; PURE_046::sparkme::A007::U01,"The project shall demonstrate capability as well as user demand. | The messaging demo shall improve engagement and prove the platform’s value. | The messaging demo shall not have formal KPI targets specified in the response. | Success of the messaging demo shall be judged by whether the demo is compelling. | The messaging demo shall be convincing to partners or internal stakeholders. | Product stakeholders want the demo to be convincing. | Evaluation of success shall be shared by product leadership and business stakeholders. | The demo shall be useful as a showcase for the platform. | The demo shall clearly show the value of the platform and the messaging experience in a way that feels complete, even if it is limited.",,
PURE_046,sparkme,PURE_046::sparkme,PURE_046::sparkme::A003::U04,The messaging demo shall be usable on the TV.,2,PURE_046::sparkme::A003::U04; PURE_046::sparkme::A004::U01,The messaging demo shall be usable on the TV. | The platform shall feel smooth and understandable on a television interface.,,
PURE_046,sparkme,PURE_046::sparkme,PURE_046::sparkme::A004::U04,Messages shall be easy to read and reply to using the remote or another available input device.,2,PURE_046::sparkme::A004::U04; PURE_046::sparkme::A007::U08,Messages shall be easy to read and reply to using the remote or another available input device. | The interaction shall be workable from a TV remote.,,
PURE_046,sparkme,PURE_046::sparkme,PURE_046::sparkme::A004::U05,The platform shall be responsive.,8,PURE_046::sparkme::A004::U05; PURE_046::sparkme::A004::U06; PURE_046::sparkme::A004::U07; PURE_046::sparkme::A007::U02; PURE_046::sparkme::A007::U03; PURE_046::sparkme::A007::U04; PURE_046::sparkme::A007::U05; PURE_046::sparkme::A038::U04,The platform shall be responsive. | The platform shall provide visible reliability. | Presence updates and message delivery shall not feel delayed. | The sign-in feature shall be stable and fit within the platform’s technical limits. | The presence feature shall be stable and fit within the platform’s technical limits. | The messaging feature shall be stable and fit within the platform’s technical limits. | The contact feature shall be stable and fit within the platform’s technical limits. | The system shall treat performance and responsiveness as must-have requirements.,,
PURE_046,sparkme,PURE_046::sparkme,PURE_046::sparkme::A005::U01,The project involves the product and engineering teams at Philips as main stakeholder groups.,4,PURE_046::sparkme::A005::U01; PURE_046::sparkme::A005::U02; PURE_046::sparkme::A005::U03; PURE_046::sparkme::A005::U04,The project involves the product and engineering teams at Philips as main stakeholder groups. | The project involves the people responsible for the interactive TV platform as a main stakeholder group. | The project may involve business or partnership stakeholders who care about how well the demo represents the platform externally. | The project may involve user experience stakeholders focused on making the demo workable from a living-room device.,,
PURE_046,sparkme,PURE_046::sparkme,PURE_046::sparkme::A005::U05,Engineering stakeholders want the demo to be technically sound.,2,PURE_046::sparkme::A005::U05; PURE_046::sparkme::A006::U03,Engineering stakeholders want the demo to be technically sound. | Technical implementation shall be handled by the engineering team.,,
PURE_046,sparkme,PURE_046::sparkme,PURE_046::sparkme::A005::U07,User experience stakeholders want the demo to be simple enough for people to use without frustration.,4,PURE_046::sparkme::A005::U07; PURE_046::sparkme::A007::U06; PURE_046::sparkme::A007::U07; PURE_046::sparkme::A034::U02,User experience stakeholders want the demo to be simple enough for people to use without frustration. | The user interface shall prioritize simplicity. | The user interface shall prioritize readability. | The messaging demo shall favor usability.,,
PURE_046,sparkme,PURE_046::sparkme,PURE_046::sparkme::A006::U06,The demo shall be polished.,4,PURE_046::sparkme::A006::U06; PURE_046::sparkme::A006::U07; PURE_046::sparkme::A036::U03; PURE_046::sparkme::A036::U04,"The demo shall be polished. | The demo shall be believable. | The team cut back anything that made the experience slow or awkward. | If a feature added complexity without improving the demo much, the team deprioritized it in favor of usability and responsiveness.",,
PURE_046,sparkme,PURE_046::sparkme,PURE_046::sparkme::A007::U09,The demo shall look strong enough to support the platform story and generate interest from partners.,2,PURE_046::sparkme::A007::U09; PURE_046::sparkme::A036::U02,The demo shall look strong enough to support the platform story and generate interest from partners. | The team prioritized the behaviors that best demonstrated the service on TV.,,
PURE_046,sparkme,PURE_046::sparkme,PURE_046::sparkme::A009::U01,The system shall support signing in with an existing MSN account.,3,PURE_046::sparkme::A009::U01; PURE_046::sparkme::A016::U05; PURE_046::sparkme::A025::U04,The system shall support signing in with an existing MSN account. | The demo shall rely on the existing sign-in account rather than exposing credentials. | The system should adhere closely to the platform’s existing sign-in conventions.,,
PURE_046,sparkme,PURE_046::sparkme,PURE_046::sparkme::A009::U04,The system shall allow users to send text messages.,2,PURE_046::sparkme::A009::U04; PURE_046::sparkme::A025::U07,The system shall allow users to send text messages. | The system should adhere closely to the platform’s existing messaging conventions.,,
PURE_046,sparkme,PURE_046::sparkme,PURE_046::sparkme::A010::U03,The system shall support browsing the buddy list.,2,PURE_046::sparkme::A010::U03; PURE_046::sparkme::A025::U05,The system shall support browsing the buddy list. | The system should adhere closely to the platform’s existing buddy list conventions.,,
PURE_046,sparkme,PURE_046::sparkme,PURE_046::sparkme::A010::U06,The system shall present contact blocking in a simple and understandable way.,2,PURE_046::sparkme::A010::U06; PURE_046::sparkme::A022::U04,The system shall present contact blocking in a simple and understandable way. | The demo should keep blocking and presence controls straightforward.,,
PURE_046,sparkme,PURE_046::sparkme,PURE_046::sparkme::A011::U03,The system shall manage individual messages.,7,PURE_046::sparkme::A011::U03; PURE_046::sparkme::A017::U01; PURE_046::sparkme::A017::U03; PURE_046::sparkme::A018::U02; PURE_046::sparkme::A018::U03; PURE_046::sparkme::A020::U01; PURE_046::sparkme::A020::U02,The system shall manage individual messages. | The demo should not rely on keeping message history locally after the session ends. | Any data cached for performance should be minimal and cleared when the user signs out or when the app closes. | The demo should clear session data on sign-out. | The demo should clear session data on app exit. | The system shall clear cached data when the user signs out. | The system shall clear cached data when the app is closed.,,
PURE_046,sparkme,PURE_046::sparkme,PURE_046::sparkme::A011::U04,The system shall manage presence information indicating whether a user is online or away.,3,PURE_046::sparkme::A011::U04; PURE_046::sparkme::A017::U02; PURE_046::sparkme::A025::U06,The system shall manage presence information indicating whether a user is online or away. | Presence data should be treated as transient session state. | The system should adhere closely to the platform’s existing presence conventions.,,
PURE_046,sparkme,PURE_046::sparkme,PURE_046::sparkme::A011::U08,The system shall use blocked contact information to determine whether a person can interact with the user.,2,PURE_046::sparkme::A011::U08; PURE_046::sparkme::A022::U03,The system shall use blocked contact information to determine whether a person can interact with the user. | The demo should not expose private status or messages beyond what the user explicitly shares with their buddy list.,,
PURE_046,sparkme,PURE_046::sparkme,PURE_046::sparkme::A012::U01,The system shall connect to the MSN Messenger service for sign-in.,2,PURE_046::sparkme::A012::U01; PURE_046::sparkme::A030::U02,The system shall connect to the MSN Messenger service for sign-in. | Changes in MSN service APIs or the presence model may require changes to the sign-in flow.,,
PURE_046,sparkme,PURE_046::sparkme,PURE_046::sparkme::A012::U02,The system shall connect to the MSN Messenger service for buddy list retrieval.,2,PURE_046::sparkme::A012::U02; PURE_046::sparkme::A030::U04,The system shall connect to the MSN Messenger service for buddy list retrieval. | Changes in MSN service APIs or the presence model may require changes to how buddy information is synchronized.,,
PURE_046,sparkme,PURE_046::sparkme,PURE_046::sparkme::A012::U03,The system shall connect to the MSN Messenger service for presence updates.,2,PURE_046::sparkme::A012::U03; PURE_046::sparkme::A030::U03,The system shall connect to the MSN Messenger service for presence updates. | Changes in MSN service APIs or the presence model may require changes to how online status is displayed.,,
PURE_046,sparkme,PURE_046::sparkme,PURE_046::sparkme::A012::U07,The system shall depend on the interactive television platform’s own interface for device-specific navigation behavior.,2,PURE_046::sparkme::A012::U07; PURE_046::sparkme::A030::U01,"The system shall depend on the interactive television platform’s own interface for device-specific navigation behavior. | If the messaging demo is migrated, the user interface and navigation must be reworked to fit the expectations of the new platform.",,
PURE_046,sparkme,PURE_046::sparkme,PURE_046::sparkme::A016::U01,The TV platform shall limit UI complexity.,10,PURE_046::sparkme::A016::U01; PURE_046::sparkme::A025::U03; PURE_046::sparkme::A034::U03; PURE_046::sparkme::A035::U01; PURE_046::sparkme::A035::U03; PURE_046::sparkme::A037::U02; PURE_046::sparkme::A037::U03; PURE_046::sparkme::A037::U04; PURE_046::sparkme::A037::U05; PURE_046::sparkme::A037::U06,The TV platform shall limit UI complexity. | The system should avoid any hidden background behavior. | The messaging demo shall trim back or simplify any text entry or navigation that would make the TV experience too cumbersome. | The messaging design shall avoid full keyboard-style interaction on a TV because it would be frustrating. | The buddy list and presence screens shall not be too dense. | The system shall avoid interactions that require extensive typing. | The system shall avoid interactions that require deep menu navigation. | The display shall remain fairly simple. | The interface shall be compact. | The interface shall feel fast and understandable rather than feature-heavy.,,
PURE_046,sparkme,PURE_046::sparkme,PURE_046::sparkme::A016::U02,The experience shall remain simple and readable from a distance.,4,PURE_046::sparkme::A016::U02; PURE_046::sparkme::A034::U01; PURE_046::sparkme::A035::U04; PURE_046::sparkme::A037::U01,The experience shall remain simple and readable from a distance. | The messaging demo shall keep the user experience simple for a TV remote while still showing enough messenger functionality to be credible. | The buddy list and presence screens shall be easy for users to understand quickly from a distance. | The interaction flow shall be kept short.,,
PURE_046,sparkme,PURE_046::sparkme,PURE_046::sparkme::A019::U04,The demo should use minimal data collection.,2,PURE_046::sparkme::A019::U04; PURE_046::sparkme::A025::U02,The demo should use minimal data collection. | The system should avoid storing more data than necessary.,,
PURE_046,sparkme,PURE_046::sparkme,PURE_046::sparkme::A021::U01,The demo shall collect only the user data needed for messaging and presence.,2,PURE_046::sparkme::A021::U01; PURE_046::sparkme::A021::U02,The demo shall collect only the user data needed for messaging and presence. | The demo shall not persist unnecessary user data.,,
PURE_046,sparkme,PURE_046::sparkme,PURE_046::sparkme::A021::U04,The demo shall stay aligned with the capabilities already supported by MSN Messenger and the TV platform rather than introducing custom behavior.,3,PURE_046::sparkme::A021::U04; PURE_046::sparkme::A029::U05; PURE_046::sparkme::A035::U06,The demo shall stay aligned with the capabilities already supported by MSN Messenger and the TV platform rather than introducing custom behavior. | The demo is being treated as a platform-specific demonstration rather than a portable design. | The system shall expose only the core messaging behaviors that work well on the platform.,,
PURE_046,sparkme,PURE_046::sparkme,PURE_046::sparkme::A022::U01,The demo should keep the experience lightweight.,2,PURE_046::sparkme::A022::U01; PURE_046::sparkme::A035::U02,The demo should keep the experience lightweight. | The system shall keep messaging as lightweight as possible.,,
PURE_046,sparkme,PURE_046::sparkme,PURE_046::sparkme::A025::U01,The system should be kept simple and transparent for the user.,2,PURE_046::sparkme::A025::U01; PURE_046::sparkme::A035::U05,The system should be kept simple and transparent for the user. | The system shall simplify the interaction model.,,
PURE_046,sparkme,PURE_046::sparkme,PURE_046::sparkme::A026::U01,The messaging demo does not have a defined hard concurrency limit.,4,PURE_046::sparkme::A026::U01; PURE_046::sparkme::A026::U07; PURE_046::sparkme::A028::U03; PURE_046::sparkme::A028::U04,The messaging demo does not have a defined hard concurrency limit. | Formal limits for the messaging demo must be confirmed with engineering or the platform team. | There is no specific target for concurrent users or message throughput at present. | Any formal capacity target must be confirmed with the platform or engineering team.,,
PURE_046,sparkme,PURE_046::sparkme,PURE_046::sparkme::A026::U04,The messaging demo only needs to support a typical home-user scenario.,3,PURE_046::sparkme::A026::U04; PURE_046::sparkme::A028::U01; PURE_046::sparkme::A028::U02,The messaging demo only needs to support a typical home-user scenario. | The messaging demo is intended to show the experience on a consumer TV session. | The messaging demo should be considered in terms of one household user at a time rather than a heavy multi-user load.,,
PURE_046,sparkme,PURE_046::sparkme,PURE_046::sparkme::A031::U02,"If persistence for messages or user data is added later, the stored data format should be kept as simple and platform-neutral as possible to ease migration.",4,PURE_046::sparkme::A031::U02; PURE_046::sparkme::A031::U03; PURE_046::sparkme::A031::U04; PURE_046::sparkme::A031::U05,"If persistence for messages or user data is added later, the stored data format should be kept as simple and platform-neutral as possible to ease migration. | Buddy lists should survive migration without confusing the user. | Presence settings should survive migration without confusing the user. | Saved preferences should survive migration without confusing the user.",,
PURE_046,sparkme,PURE_046::sparkme,PURE_046::sparkme::A032::U01,"The system shall preserve user-customized data during migration, including nicknames, blocked contacts, and buddy list organization.",4,PURE_046::sparkme::A032::U01; PURE_046::sparkme::A032::U02; PURE_046::sparkme::A032::U03; PURE_046::sparkme::A032::U04,"The system shall preserve user-customized data during migration, including nicknames, blocked contacts, and buddy list organization. | The system shall avoid causing users to feel that the service has reset itself by preserving customized data. | The system shall preserve presence settings during migration so users do not unexpectedly appear online or away. | If the data is persisted, the system shall carefully map old contacts correctly and preserve the user's visible status choices as closely as possible.",,
PURE_046,sparkme,PURE_046::sparkme,PURE_046::sparkme::A036::U01,The team did not use a formal framework to prioritize or resolve trade-offs.,2,PURE_046::sparkme::A036::U01; PURE_046::sparkme::A038::U01,The team did not use a formal framework to prioritize or resolve trade-offs. | The team shall use an informal decision process to prioritize features.,,
PURE_050,hashimoto,PURE_050::hashimoto,PURE_050::hashimoto::A001::U06,The system shall provide reliable API or services for client application developers.,2,PURE_050::hashimoto::A001::U06; PURE_050::hashimoto::A001::U07,The system shall provide reliable API or services for client application developers. | The system shall provide consistent API or services for client application developers.,,
PURE_050,llmrei-long,PURE_050::llmrei-long,PURE_050::llmrei-long::A001::U01,The framework shall support storing personal information in ZNIX.,2,PURE_050::llmrei-long::A001::U01; PURE_050::llmrei-long::A001::U02,The framework shall support storing personal information in ZNIX. | The framework shall support organizing personal information in ZNIX.,,
PURE_050,llmrei-long,PURE_050::llmrei-long,PURE_050::llmrei-long::A001::U04,The framework shall support backing up personal information in ZNIX.,5,PURE_050::llmrei-long::A001::U04; PURE_050::llmrei-long::A006::U07; PURE_050::llmrei-long::A006::U08; PURE_050::llmrei-long::A008::U07; PURE_050::llmrei-long::A014::U06,The framework shall support backing up personal information in ZNIX. | The system shall support backup and restore capabilities. | The system shall preserve users' organization and content through backup and restore. | The system shall provide backup functionality. | ZNIX shall support backups and recovery that work well enough for users to trust the system with important information.,,
PURE_050,llmrei-long,PURE_050::llmrei-long,PURE_050::llmrei-long::A002::U01,The framework shall support everyday users.,2,PURE_050::llmrei-long::A002::U01; PURE_050::llmrei-long::A015::U01,The framework shall support everyday users. | The framework should be manageable for casual users.,,
PURE_050,llmrei-long,PURE_050::llmrei-long,PURE_050::llmrei-long::A002::U03,The system shall be flexible enough for users to organize personal information in ways that make sense to them.,4,PURE_050::llmrei-long::A002::U03; PURE_050::llmrei-long::A002::U04; PURE_050::llmrei-long::A005::U02; PURE_050::llmrei-long::A014::U02,The system shall be flexible enough for users to organize personal information in ways that make sense to them. | The system shall not lock users into a rigid structure. | The system shall not force all users to use one fixed folder model. | Users shall be able to organize their personal information in ZNIX according to their own mental model.,,
PURE_050,llmrei-long,PURE_050::llmrei-long,PURE_050::llmrei-long::A003::U01,People tend to use a mix of tools to store and organize personal information.,5,PURE_050::llmrei-long::A003::U01; PURE_050::llmrei-long::A003::U02; PURE_050::llmrei-long::A003::U03; PURE_050::llmrei-long::A003::U04; PURE_050::llmrei-long::A003::U05,"People tend to use a mix of tools to store and organize personal information. | The tools people use include file folders, notes apps, email, cloud drives, separate databases, and document managers. | Personal information ends up scattered across tools. | When people organize information one way, it is hard to reuse the same organization across different apps or keep it intact when things change. | Some people copy the same item into multiple places.",,
PURE_050,llmrei-long,PURE_050::llmrei-long,PURE_050::llmrei-long::A004::U01,"ZNIX shall replace the scattered, app-specific way people manage information with one shared framework.",6,PURE_050::llmrei-long::A004::U01; PURE_050::llmrei-long::A004::U02; PURE_050::llmrei-long::A004::U06; PURE_050::llmrei-long::A009::U02; PURE_050::llmrei-long::A014::U08; PURE_050::llmrei-long::A014::U09,"ZNIX shall replace the scattered, app-specific way people manage information with one shared framework. | The shared framework shall keep data consistent and usable across tools. | Applications shall work with the same underlying information instead of each keeping its own separate copy. | The same item shall be accessible by different compatible applications without being duplicated or drifting out of sync. | Users shall be able to keep their information portable. | Users shall not be locked into one application.",,
PURE_050,llmrei-long,PURE_050::llmrei-long,PURE_050::llmrei-long::A004::U03,Users shall be able to reorganize items without losing the relationships and structure they have already built.,5,PURE_050::llmrei-long::A004::U03; PURE_050::llmrei-long::A004::U04; PURE_050::llmrei-long::A004::U05; PURE_050::llmrei-long::A009::U03; PURE_050::llmrei-long::A009::U04,"Users shall be able to reorganize items without losing the relationships and structure they have already built. | Users shall be able to update items without losing the relationships and structure they have already built. | Users shall be able to back up items without losing the relationships and structure they have already built. | When someone changes or removes an item, the system shall preserve the surrounding organization as much as possible. | When someone changes or removes an item, the system shall avoid breaking related links or structures unless that change is truly necessary.",,
PURE_050,llmrei-long,PURE_050::llmrei-long,PURE_050::llmrei-long::A006::U02,The system shall support adding information items.,8,PURE_050::llmrei-long::A006::U02; PURE_050::llmrei-long::A006::U03; PURE_050::llmrei-long::A006::U04; PURE_050::llmrei-long::A006::U05; PURE_050::llmrei-long::A008::U02; PURE_050::llmrei-long::A008::U03; PURE_050::llmrei-long::A008::U04; PURE_050::llmrei-long::A014::U01,The system shall support adding information items. | The system shall support editing information items. | The system shall support deleting information items. | The system shall support categorizing information items. | The system shall allow users to add information. | The system shall allow users to edit information. | The system shall allow users to delete information. | Users shall be able to enter their personal information into ZNIX.,,
PURE_050,llmrei-long,PURE_050::llmrei-long,PURE_050::llmrei-long::A006::U06,The system shall support searching information quickly.,2,PURE_050::llmrei-long::A006::U06; PURE_050::llmrei-long::A008::U05,The system shall support searching information quickly. | The system shall allow users to retrieve information.,,
PURE_050,llmrei-long,PURE_050::llmrei-long,PURE_050::llmrei-long::A008::U08,The system shall provide a client integration interface.,3,PURE_050::llmrei-long::A008::U08; PURE_050::llmrei-long::A014::U04; PURE_050::llmrei-long::A014::U05,The system shall provide a client integration interface. | Compatible applications shall be able to read the same data in ZNIX reliably. | Compatible applications shall be able to update the same data in ZNIX reliably.,,
PURE_050,llmrei-long,PURE_050::llmrei-long,PURE_050::llmrei-long::A009::U01,The system shall act as one reliable source of truth for the user's information.,2,PURE_050::llmrei-long::A009::U01; PURE_050::llmrei-long::A014::U07,The system shall act as one reliable source of truth for the user's information. | Users shall feel confident that their information is safe.,,
PURE_050,llmrei-long,PURE_050::llmrei-long,PURE_050::llmrei-long::A009::U05,Users shall be able to safely manage their information over time without losing what they have already built around it.,2,PURE_050::llmrei-long::A009::U05; PURE_050::llmrei-long::A014::U03,Users shall be able to safely manage their information over time without losing what they have already built around it. | Users shall be able to continue using ZNIX over time without losing structure or content.,,
PURE_050,llmrei-long,PURE_050::llmrei-long,PURE_050::llmrei-long::A010::U04,The framework shall remain flexible enough to handle new object types later without redesigning everything.,6,PURE_050::llmrei-long::A010::U04; PURE_050::llmrei-long::A011::U04; PURE_050::llmrei-long::A011::U05; PURE_050::llmrei-long::A012::U04; PURE_050::llmrei-long::A015::U02; PURE_050::llmrei-long::A015::U03,The framework shall remain flexible enough to handle new object types later without redesigning everything. | A new object type shall be able to plug in its own fields and behavior without changing how the framework stores or organizes items at the base level. | The core model shall remain generic enough that adding a new type feels like extension rather than redesign. | The system shall preserve an organized history of items without necessarily losing items outright. | The system should handle migration or evolution of item types gracefully. | The system should preserve access to older information as the framework grows.,,
PURE_050,llmrei-long,PURE_050::llmrei-long,PURE_050::llmrei-long::A011::U01,The system shall separate the core item container from type-specific content.,2,PURE_050::llmrei-long::A011::U01; PURE_050::llmrei-long::A011::U03,The system shall separate the core item container from type-specific content. | The item type shall handle the actual payload.,,
PURE_050,llmrei-long,PURE_050::llmrei-long,PURE_050::llmrei-long::A012::U01,The system shall store ownership or source metadata for each item.,2,PURE_050::llmrei-long::A012::U01; PURE_050::llmrei-long::A012::U02,The system shall store ownership or source metadata for each item. | The system shall record where each item came from and which application created or last modified it.,,
PURE_050,llmrei-long,PURE_050::llmrei-long,PURE_050::llmrei-long::A013::U01,Application developers who will integrate with ZNIX should be considered a valuable stakeholder group.,2,PURE_050::llmrei-long::A013::U01; PURE_050::llmrei-long::A013::U02,Application developers who will integrate with ZNIX should be considered a valuable stakeholder group. | The system should consider application developers' pain points around the interface and data model.,,
PURE_050,llmrei-long,PURE_050::llmrei-long,PURE_050::llmrei-long::A013::U03,End users who manage a lot of personal information should be considered a valuable stakeholder group.,2,PURE_050::llmrei-long::A013::U03; PURE_050::llmrei-long::A013::U04,End users who manage a lot of personal information should be considered a valuable stakeholder group. | The system should ensure that organization and recovery features feel safe and practical to end users who manage a lot of personal information.,,
PURE_050,proposed_method,PURE_050::proposed_method,PURE_050::proposed_method::A001::U01,"The system shall provide users with a single, flexible place to store and work with personal information.",4,PURE_050::proposed_method::A001::U01; PURE_050::proposed_method::A001::U02; PURE_050::proposed_method::A008::U03; PURE_050::proposed_method::A008::U04,"The system shall provide users with a single, flexible place to store and work with personal information. | The system shall not tie users' personal information to one specific application. | The system shall allow users to store information flexibly. | The system shall allow users to relate information flexibly.",,
PURE_050,proposed_method,PURE_050::proposed_method,PURE_050::proposed_method::A001::U04,The system shall allow users to organize information in ways that make sense to them.,4,PURE_050::proposed_method::A001::U04; PURE_050::proposed_method::A007::U03; PURE_050::proposed_method::A008::U06; PURE_050::proposed_method::A009::U08,The system shall allow users to organize information in ways that make sense to them. | The system shall be flexible enough to match how end users think about their data. | The system shall support users who want control over their own information organization. | The system shall allow users to connect objects in ways that reflect real meaning to them.,,
PURE_050,proposed_method,PURE_050::proposed_method,PURE_050::proposed_method::A001::U05,"The system shall preserve a user's information structure when the user adds information, edits information, removes information, or backs it up.",3,PURE_050::proposed_method::A001::U05; PURE_050::proposed_method::A011::U02; PURE_050::proposed_method::A011::U03,"The system shall preserve a user's information structure when the user adds information, edits information, removes information, or backs it up. | The system shall allow the user to update an item without breaking its relationships. | After an update, the system shall show information that matches the data actually stored in the system.",,
PURE_050,proposed_method,PURE_050::proposed_method,PURE_050::proposed_method::A002::U06,Retrieval remains useful if users do not have to rebuild their structure to find the same item or set of related items.,5,PURE_050::proposed_method::A002::U06; PURE_050::proposed_method::A008::U05; PURE_050::proposed_method::A011::U01; PURE_050::proposed_method::A011::U08; PURE_050::proposed_method::A011::U09,Retrieval remains useful if users do not have to rebuild their structure to find the same item or set of related items. | The system shall allow users to retrieve information in a way that makes sense to them. | The system shall allow the user to find the correct item quickly. | The system shall avoid stale displays. | The system shall avoid searches that return the wrong item or return the correct item only after too much effort.,,
PURE_050,proposed_method,PURE_050::proposed_method,PURE_050::proposed_method::A002::U07,Stability means the framework should not break links or lose meaning when content changes.,2,PURE_050::proposed_method::A002::U07; PURE_050::proposed_method::A011::U07,Stability means the framework should not break links or lose meaning when content changes. | The system shall avoid broken links.,,
PURE_050,proposed_method,PURE_050::proposed_method,PURE_050::proposed_method::A002::U09,Backups should restore the state in a predictable way.,4,PURE_050::proposed_method::A002::U09; PURE_050::proposed_method::A007::U05; PURE_050::proposed_method::A007::U06; PURE_050::proposed_method::A007::U08,Backups should restore the state in a predictable way. | The system shall provide administrators or support staff with dependable backup behavior. | The system shall provide administrators or support staff with dependable restore behavior. | The system shall be predictable and recoverable so that it does not create more operational risk.,,
PURE_050,proposed_method,PURE_050::proposed_method,PURE_050::proposed_method::A003::U01,The system should remain as application-independent as possible.,5,PURE_050::proposed_method::A003::U01; PURE_050::proposed_method::A003::U02; PURE_050::proposed_method::A022::U01; PURE_050::proposed_method::A022::U03; PURE_050::proposed_method::A022::U04,The system should remain as application-independent as possible. | The system should not assume a specific client application. | The services shall work across common user environments. | The services shall not be locked into every possible deployment model. | The services shall avoid depending on one specific platform or a heavy server setup unless that dependency is explicitly needed.,,
PURE_050,proposed_method,PURE_050::proposed_method,PURE_050::proposed_method::A003::U10,"Platform limitations affecting sharing, backup, or interoperability are a serious concern.",2,PURE_050::proposed_method::A003::U10; PURE_050::proposed_method::A003::U11,"Platform limitations affecting sharing, backup, or interoperability are a serious concern. | Platform limitations affecting sharing, backup, or interoperability would reduce the framework’s value in real use.",,
PURE_050,proposed_method,PURE_050::proposed_method,PURE_050::proposed_method::A004::U01,The storage model for archived information shall be object-based.,2,PURE_050::proposed_method::A004::U01; PURE_050::proposed_method::A004::U02,The storage model for archived information shall be object-based. | Archived information shall be stored as discrete objects with relationships and metadata preserved.,,
PURE_050,proposed_method,PURE_050::proposed_method,PURE_050::proposed_method::A005::U01,The system shall support archiving.,6,PURE_050::proposed_method::A005::U01; PURE_050::proposed_method::A005::U03; PURE_050::proposed_method::A005::U04; PURE_050::proposed_method::A005::U05; PURE_050::proposed_method::A005::U06; PURE_050::proposed_method::A005::U07,The system shall support archiving. | The system shall support editing. | The system shall support deletion. | The system shall support categorization. | The system shall support relationship management. | The system shall support backup and restore.,,
PURE_050,proposed_method,PURE_050::proposed_method,PURE_050::proposed_method::A005::U08,The system shall provide a service interface that allows compatible applications to access the same information without maintaining separate copies.,3,PURE_050::proposed_method::A005::U08; PURE_050::proposed_method::A007::U04; PURE_050::proposed_method::A022::U02,The system shall provide a service interface that allows compatible applications to access the same information without maintaining separate copies. | The system shall provide application developers with a clean service interface so their software can work with ZNIX information without recreating the storage layer. | The services shall support local use and client applications that connect to the same information store without breaking the user's organization or permissions.,,
PURE_050,proposed_method,PURE_050::proposed_method,PURE_050::proposed_method::A005::U09,The system shall be reliable.,6,PURE_050::proposed_method::A005::U09; PURE_050::proposed_method::A005::U10; PURE_050::proposed_method::A005::U12; PURE_050::proposed_method::A005::U13; PURE_050::proposed_method::A007::U02; PURE_050::proposed_method::A011::U06,The system shall be reliable. | The system shall maintain data integrity. | The system shall keep information consistent over time. | The system shall behave predictably when users change information. | The system shall be trustworthy for end users who organize and retrieve their personal information. | The system shall avoid lost updates.,,
PURE_050,proposed_method,PURE_050::proposed_method,PURE_050::proposed_method::A005::U11,The system shall be easy to use.,3,PURE_050::proposed_method::A005::U11; PURE_050::proposed_method::A007::U01; PURE_050::proposed_method::A008::U01,The system shall be easy to use. | The system shall be simple for end users who organize and retrieve their personal information. | The system shall be designed for ordinary people and general office users who want to keep personal or work-related information organized without needing technical expertise.,,
PURE_050,proposed_method,PURE_050::proposed_method,PURE_050::proposed_method::A005::U14,The system shall remain responsive enough for use in normal workflows.,2,PURE_050::proposed_method::A005::U14; PURE_050::proposed_method::A011::U10,The system shall remain responsive enough for use in normal workflows. | The system shall avoid delays that interrupt normal work.,,
PURE_050,proposed_method,PURE_050::proposed_method,PURE_050::proposed_method::A006::U02,The first version shall focus on core framework functions.,2,PURE_050::proposed_method::A006::U02; PURE_050::proposed_method::A008::U07,The first version shall focus on core framework functions. | The system shall perform the technical heavy lifting in the background.,,
PURE_050,proposed_method,PURE_050::proposed_method,PURE_050::proposed_method::A006::U03,Specialized workflows shall be deferred to a later phase unless there is clear demand for them.,2,PURE_050::proposed_method::A006::U03; PURE_050::proposed_method::A006::U04,Specialized workflows shall be deferred to a later phase unless there is clear demand for them. | Advanced integrations shall be deferred to a later phase unless there is clear demand for them.,,
PURE_050,proposed_method,PURE_050::proposed_method,PURE_050::proposed_method::A006::U05,Optional features such as richer analytics shall be treated as later-phase items unless they are needed to prove the framework works in a real deployment.,2,PURE_050::proposed_method::A006::U05; PURE_050::proposed_method::A006::U06,Optional features such as richer analytics shall be treated as later-phase items unless they are needed to prove the framework works in a real deployment. | Optional features such as highly customized presentation layers shall be treated as later-phase items unless they are needed to prove the framework works in a real deployment.,,
PURE_050,proposed_method,PURE_050::proposed_method,PURE_050::proposed_method::A011::U05,The system shall keep item views consistent across multiple client applications when the same item is being viewed in more than one client application.,2,PURE_050::proposed_method::A011::U05; PURE_050::proposed_method::A022::U05,The system shall keep item views consistent across multiple client applications when the same item is being viewed in more than one client application. | Compatible clients shall be able to read and manipulate the same objects consistently.,,
PURE_050,proposed_method,PURE_050::proposed_method,PURE_050::proposed_method::A012::U01,"At larger scale, the system shall keep responsiveness reasonable for normal searching and browsing.",2,PURE_050::proposed_method::A012::U01; PURE_050::proposed_method::A012::U02,"At larger scale, the system shall keep responsiveness reasonable for normal searching and browsing. | At larger scale, the system may allow some complex queries to take a bit longer.",,
PURE_050,proposed_method,PURE_050::proposed_method,PURE_050::proposed_method::A012::U03,"For everyday work, the user shall still be able to keep moving.",2,PURE_050::proposed_method::A012::U03; PURE_050::proposed_method::A012::U04,"For everyday work, the user shall still be able to keep moving. | The system shall not freeze or become unreliable just because the collection is large.",,
PURE_050,proposed_method,PURE_050::proposed_method,PURE_050::proposed_method::A012::U05,"For updates, the framework shall protect consistency first.",3,PURE_050::proposed_method::A012::U05; PURE_050::proposed_method::A012::U06; PURE_050::proposed_method::A012::U07,"For updates, the framework shall protect consistency first. | The framework may queue operations when necessary to protect consistency. | The framework may batch operations when necessary to protect consistency.",,
PURE_050,proposed_method,PURE_050::proposed_method,PURE_050::proposed_method::A013::U01,A client that cannot support the full set of features should still be able to work safely with the subset it understands.,2,PURE_050::proposed_method::A013::U01; PURE_050::proposed_method::A013::U05,A client that cannot support the full set of features should still be able to work safely with the subset it understands. | Limited clients must not break the overall structure or conceal the fact that some features are unavailable.,,
PURE_050,proposed_method,PURE_050::proposed_method,PURE_050::proposed_method::A013::U02,A client that cannot support the full set of features must not corrupt or drop shared information.,2,PURE_050::proposed_method::A013::U02; PURE_050::proposed_method::A022::U06,A client that cannot support the full set of features must not corrupt or drop shared information. | Clients that only partially understand the framework shall avoid corrupting or losing data.,,
PURE_050,proposed_method,PURE_050::proposed_method,PURE_050::proposed_method::A013::U03,The system should support graceful degradation for limited clients.,2,PURE_050::proposed_method::A013::U03; PURE_050::proposed_method::A013::U04,The system should support graceful degradation for limited clients. | Limited clients should be able to read and update the data and features they support.,,
PURE_050,proposed_method,PURE_050::proposed_method,PURE_050::proposed_method::A013::U06,"For shared changes and backups, ZNIX should preserve authoritative data in a way that is independent of any single application.",2,PURE_050::proposed_method::A013::U06; PURE_050::proposed_method::A013::U07,"For shared changes and backups, ZNIX should preserve authoritative data in a way that is independent of any single application. | No weaker client should become a single point of failure for shared changes and backups.",,
PURE_050,proposed_method,PURE_050::proposed_method,PURE_050::proposed_method::A014::U01,The system shall preserve an item’s relationships and metadata as much as possible when the item changes.,2,PURE_050::proposed_method::A014::U01; PURE_050::proposed_method::A014::U09,The system shall preserve an item’s relationships and metadata as much as possible when the item changes. | The system shall avoid silent loss of structure.,,
PURE_050,proposed_method,PURE_050::proposed_method,PURE_050::proposed_method::A014::U03,"When something is deleted, the system shall handle dependent references predictably.",2,PURE_050::proposed_method::A014::U03; PURE_050::proposed_method::A014::U04,"When something is deleted, the system shall handle dependent references predictably. | The system shall preserve dependent references as broken references that can be repaired.",,
PURE_050,proposed_method,PURE_050::proposed_method,PURE_050::proposed_method::A014::U06,Backups shall capture both the item and its context.,4,PURE_050::proposed_method::A014::U06; PURE_050::proposed_method::A014::U07; PURE_050::proposed_method::A014::U08; PURE_050::proposed_method::A015::U06,Backups shall capture both the item and its context. | Backups shall include links and categories. | Restoring an item from backup shall bring back the meaning it had in the collection. | Retrieval and backup shall be able to reconstruct the same meaning the user created.,,
PURE_050,proposed_method,PURE_050::proposed_method,PURE_050::proposed_method::A015::U01,The physical storage shall preserve the object model.,2,PURE_050::proposed_method::A015::U01; PURE_050::proposed_method::A015::U02,The physical storage shall preserve the object model. | The physical storage shall not flatten everything into isolated records.,,
PURE_050,proposed_method,PURE_050::proposed_method,PURE_050::proposed_method::A015::U03,The storage shall keep identifiers separate from the content itself.,3,PURE_050::proposed_method::A015::U03; PURE_050::proposed_method::A015::U04; PURE_050::proposed_method::A015::U05,The storage shall keep identifiers separate from the content itself. | The storage shall keep relationships separate from the content itself. | The storage shall keep hierarchy separate from the content itself.,,
PURE_050,proposed_method,PURE_050::proposed_method,PURE_050::proposed_method::A015::U07,The storage format shall be stable enough that objects can move without losing their links.,3,PURE_050::proposed_method::A015::U07; PURE_050::proposed_method::A015::U08; PURE_050::proposed_method::A015::U09,The storage format shall be stable enough that objects can move without losing their links. | The storage format shall be stable enough that objects can be renamed without losing their links. | The storage format shall be stable enough that objects can be reorganized without losing their links.,,
PURE_050,proposed_method,PURE_050::proposed_method,PURE_050::proposed_method::A015::U10,"When the same item appears in multiple contexts, the system shall remember those relationships.",2,PURE_050::proposed_method::A015::U10; PURE_050::proposed_method::A015::U11,"When the same item appears in multiple contexts, the system shall remember those relationships. | When the same item appears in multiple contexts, the system shall not treat it as three unrelated copies.",,
PURE_050,proposed_method,PURE_050::proposed_method,PURE_050::proposed_method::A016::U01,"If dependent references can be repaired, ZNIX shall repair them in a way that is visible and traceable.",3,PURE_050::proposed_method::A016::U01; PURE_050::proposed_method::A016::U02; PURE_050::proposed_method::A016::U04,"If dependent references can be repaired, ZNIX shall repair them in a way that is visible and traceable. | If dependent references cannot be repaired, ZNIX shall preserve enough information to flag the broken reference instead of silently discarding it. | ZNIX shall avoid data loss and avoid pretending that a reference was fully resolved when it was not.",,
PURE_050,proposed_method,PURE_050::proposed_method,PURE_050::proposed_method::A017::U01,The user shall be able to review the suggested link before it becomes part of their organization.,4,PURE_050::proposed_method::A017::U01; PURE_050::proposed_method::A017::U02; PURE_050::proposed_method::A017::U03; PURE_050::proposed_method::A017::U04,The user shall be able to review the suggested link before it becomes part of their organization. | The user shall be able to accept the suggested link before it becomes part of their organization. | The user shall be able to reject the suggested link before it becomes part of their organization. | The user shall be able to edit the suggested link before it becomes part of their organization.,,
PURE_050,proposed_method,PURE_050::proposed_method,PURE_050::proposed_method::A017::U05,The system shall ask the user before applying a suggested link in general.,2,PURE_050::proposed_method::A017::U05; PURE_050::proposed_method::A017::U06,The system shall ask the user before applying a suggested link in general. | The system shall ask the user before applying a suggested link when the link would change the meaning of the collection or connect items in a way the user may not have intended.,,
PURE_050,proposed_method,PURE_050::proposed_method,PURE_050::proposed_method::A017::U09,The system shall show the user why an automatically applied suggestion happened.,6,PURE_050::proposed_method::A017::U09; PURE_050::proposed_method::A018::U01; PURE_050::proposed_method::A018::U02; PURE_050::proposed_method::A018::U03; PURE_050::proposed_method::A018::U04; PURE_050::proposed_method::A018::U05,The system shall show the user why an automatically applied suggestion happened. | The system shall allow the user to turn automation rules on or off. | The system shall allow the user to set when automation rules run. | The system shall allow the user to choose whether automation rules run immediately or only after review. | The system shall provide a way to inspect what an automation rule did. | The system shall provide a way to roll back an automation rule if it made a bad connection.,,
PURE_050,proposed_method,PURE_050::proposed_method,PURE_050::proposed_method::A018::U06,The system shall require approval before high-impact links are created unless the user has explicitly said otherwise.,30,PURE_050::proposed_method::A018::U06; PURE_050::proposed_method::A019::U01; PURE_050::proposed_method::A019::U02; PURE_050::proposed_method::A019::U03; PURE_050::proposed_method::A019::U04; PURE_050::proposed_method::A019::U05; PURE_050::proposed_method::A019::U06; PURE_050::proposed_method::A019::U07; PURE_050::proposed_method::A019::U08; PURE_050::proposed_method::A019::U09; PURE_050::proposed_method::A019::U10; PURE_050::proposed_method::A020::U01; PURE_050::proposed_method::A020::U02; PURE_050::proposed_method::A020::U03; PURE_050::proposed_method::A020::U04; PURE_050::proposed_method::A020::U05; PURE_050::proposed_method::A020::U06; PURE_050::proposed_method::A020::U07; PURE_050::proposed_method::A020::U08; PURE_050::proposed_method::A020::U09; PURE_050::proposed_method::A021::U01; PURE_050::proposed_method::A021::U02; PURE_050::proposed_method::A021::U03; PURE_050::proposed_method::A021::U04; PURE_050::proposed_method::A021::U05; PURE_050::proposed_method::A021::U06; PURE_050::proposed_method::A021::U07; PURE_050::proposed_method::A023::U01; PURE_050::proposed_method::A023::U02; PURE_050::proposed_method::A023::U03,"The system shall require approval before high-impact links are created unless the user has explicitly said otherwise. | High-impact links are links that could noticeably change how the collection is interpreted or navigated. | High-impact links especially include links to sensitive, personal, or easily confused items. | High-impact links include relationships that create parent-child hierarchy changes. | High-impact links include relationships that merge separate item groupings. | High-impact links include relationships that connect records across categories in a way that could affect retrieval or sharing. | Approval should always be required for any link that changes the hierarchy itself. | Approval should always be required for any link that creates a new authoritative relationship between items that were previously separate. | Links involving personal records should probably be treated very cautiously. | Links involving private notes should probably be treated very cautiously. | Links involving externally linked data should probably be treated very cautiously. | The system shall base approval requirements on the trust boundary and the kind of action being taken. | The system shall not require approval every time an item remains within the user's private space and the change is only local tagging or organization. | The system shall require approval when an item is linked across a trust boundary. | The system shall require approval when an item is shared outward. | The system shall require approval when an item is used to form a stronger relationship with external data. | The system shall err on the side of requiring approval for personal records and private notes when an action could expose them. | The system shall err on the side of requiring approval for personal records and private notes when an action could combine them with outside sources. | The system shall err on the side of requiring approval for personal records and private notes when an action could change their meaning in a way the user may not expect. | The system shall require approval for externally linked data when a change alters the link target or creates a dependency on another system. | If moving an item would change who can see it, break an important relationship, or make it appear to belong somewhere it does not, the system shall require confirmation. | If moving an item would conflict with a rule or a security boundary, the system shall block the move. | The system shall automatically revert a move only when it can clearly determine that the move was invalid. | The system shall automatically revert a move that would create a cycle. | The system shall automatically revert a move that would orphan a required dependency. | The system shall automatically revert a move that would violate a locked hierarchy. | If a meaning change is subjective, the system shall warn the user and ask for confirmation rather than silently undoing the change. | Approval is needed whenever a new relationship becomes the primary or authoritative way that the linked items are understood rather than a loose reference or convenience link. | A link that only helps with search or suggestion and does not change ownership, hierarchy, visibility, or meaning can proceed automatically. | A link that would replace an existing relationship, merge separate contexts, or affect what other clients treat as the real association must pause for approval first.",,
PURE_050,proposed_method,PURE_050::proposed_method,PURE_050::proposed_method::A024::U01,The system shall keep a defined version history for stored items.,6,PURE_050::proposed_method::A024::U01; PURE_050::proposed_method::A024::U02; PURE_050::proposed_method::A024::U03; PURE_050::proposed_method::A024::U04; PURE_050::proposed_method::A024::U05; PURE_050::proposed_method::A024::U06,"The system shall keep a defined version history for stored items. | The system shall not keep only the latest version of a stored item. | For normal use, the current version of a stored item shall be the version that clients see by default. | The system shall allow earlier states of a stored item to be recovered. | The system shall support recovery of earlier states to undo recent mistakes. | The system shall support recovery of earlier states to understand how an item changed.",,
PURE_050,proposed_method,PURE_050::proposed_method,PURE_050::proposed_method::A025::U01,The system should support a gentle import path that allows users to bring data in from existing files or applications without reorganizing everything upfront.,2,PURE_050::proposed_method::A025::U01; PURE_050::proposed_method::A025::U02,The system should support a gentle import path that allows users to bring data in from existing files or applications without reorganizing everything upfront. | The system should allow users to start with a partial import.,,
PURE_050,proposed_method,PURE_050::proposed_method,PURE_050::proposed_method::A026::U01,The system should usually skip problematic pieces during a partial import.,2,PURE_050::proposed_method::A026::U01; PURE_050::proposed_method::A026::U02,The system should usually skip problematic pieces during a partial import. | The system should import what it can during a partial import.,,
PURE_050,proposed_method,PURE_050::proposed_method,PURE_050::proposed_method::A027::U01,Every meaningful change shall create a recoverable revision.,4,PURE_050::proposed_method::A027::U01; PURE_050::proposed_method::A027::U02; PURE_050::proposed_method::A027::U03; PURE_050::proposed_method::A027::U04,Every meaningful change shall create a recoverable revision. | Edits shall create a recoverable revision. | Deletes shall create a recoverable revision. | Deletion shall not permanently erase an item immediately.,,
PURE_050,proposed_method,PURE_050::proposed_method,PURE_050::proposed_method::A027::U05,Deletion shall be reversible through the same history unless the user explicitly chooses a permanent purge or a retention policy has expired.,2,PURE_050::proposed_method::A027::U05; PURE_050::proposed_method::A027::U06,Deletion shall be reversible through the same history unless the user explicitly chooses a permanent purge or a retention policy has expired. | Accidental deletions shall be undoable.,,
PURE_050,proposed_method,PURE_050::proposed_method,PURE_050::proposed_method::A028::U03,"If a client does not understand a field, relationship, or object type, it shall not overwrite that data when saving the record back.",2,PURE_050::proposed_method::A028::U03; PURE_050::proposed_method::A028::U04,"If a client does not understand a field, relationship, or object type, it shall not overwrite that data when saving the record back. | ZNIX shall preserve unknown data untouched.",,
PURE_050,proposed_method,PURE_050::proposed_method,PURE_050::proposed_method::A029::U01,The system shall make the most common actions obvious right away.,5,PURE_050::proposed_method::A029::U01; PURE_050::proposed_method::A029::U02; PURE_050::proposed_method::A029::U03; PURE_050::proposed_method::A029::U04; PURE_050::proposed_method::A029::U05,The system shall make the most common actions obvious right away. | The system shall make adding an item obvious right away. | The system shall make grouping related items obvious right away. | The system shall make searching obvious right away. | The system shall make undoing mistakes obvious right away.,,
PURE_050,proposed_method,PURE_050::proposed_method,PURE_050::proposed_method::A030::U01,ZNIX should explain terms inline when possible.,4,PURE_050::proposed_method::A030::U01; PURE_050::proposed_method::A030::U02; PURE_050::proposed_method::A030::U03; PURE_050::proposed_method::A030::U04,"ZNIX should explain terms inline when possible. | ZNIX should provide examples to help users understand terms. | When a user sees a new object or relationship name, ZNIX should provide a short plain-language explanation at that point. | ZNIX should prefer an inline plain-language explanation over requiring users to look up the term.",,
PURE_050,proposed_method,PURE_050::proposed_method,PURE_050::proposed_method::A030::U05,"If a term is optional or advanced, ZNIX may show a brief warning.",2,PURE_050::proposed_method::A030::U05; PURE_050::proposed_method::A030::U06,"If a term is optional or advanced, ZNIX may show a brief warning. | ZNIX should allow the user to proceed when showing a brief warning for an optional or advanced term.",,
PURE_050,proposed_method,PURE_050::proposed_method,PURE_050::proposed_method::A031::U05,"The system shall apply stronger checks for destructive actions, sharing, and administrative functions.",2,PURE_050::proposed_method::A031::U05; PURE_050::proposed_method::A031::U07,"The system shall apply stronger checks for destructive actions, sharing, and administrative functions. | The system shall not allow casual viewing or editing without enforcing a trust boundary first.",,
PURE_050,proposed_method,PURE_050::proposed_method,PURE_050::proposed_method::A032::U03,"If ownership changes or a user no longer controls a space, the system shall immediately stop access and re-check anything that was previously granted through that access.",2,PURE_050::proposed_method::A032::U03; PURE_050::proposed_method::A032::U05,"If ownership changes or a user no longer controls a space, the system shall immediately stop access and re-check anything that was previously granted through that access. | If a permission is revoked, access shall stop right away, and any open sessions or cached privileges shall be invalidated as soon as practical.",,
PURE_050,proposed_method,PURE_050::proposed_method,PURE_050::proposed_method::A033::U02,"When the owner of a service changes, ZNIX shall support a clean handoff of the service.",4,PURE_050::proposed_method::A033::U02; PURE_050::proposed_method::A034::U01; PURE_050::proposed_method::A034::U02; PURE_050::proposed_method::A034::U06,"When the owner of a service changes, ZNIX shall support a clean handoff of the service. | The system shall consider a service handoff complete only after the ownership metadata is updated. | The system shall consider a service handoff complete only after the new owner has accepted responsibility. | The system shall not treat the handoff as finished if anything remains ambiguous.",,
PURE_050,proposed_method,PURE_050::proposed_method,PURE_050::proposed_method::A033::U03,"When a service owner changes, the service's metadata, documentation, and any required permissions shall move with the service.",3,PURE_050::proposed_method::A033::U03; PURE_050::proposed_method::A034::U03; PURE_050::proposed_method::A034::U04,"When a service owner changes, the service's metadata, documentation, and any required permissions shall move with the service. | The system shall transfer documentation and operating notes as part of the handoff. | The system shall transfer administrative permissions for the service during the handoff.",,
PURE_050,proposed_method,PURE_050::proposed_method,PURE_050::proposed_method::A033::U06,Clients shall be warned before relying on a deprecated or unsupported service.,5,PURE_050::proposed_method::A033::U06; PURE_050::proposed_method::A034::U05; PURE_050::proposed_method::A035::U01; PURE_050::proposed_method::A035::U02; PURE_050::proposed_method::A036::U01,"Clients shall be warned before relying on a deprecated or unsupported service. | The system shall notify existing client apps if the ownership change could affect support, compatibility, or contact points. | The system shall mark a deprecated or unsupported service clearly in metadata that clients read. | Compatible apps shall be able to warn users before they depend on a deprecated or unsupported service. | Clients shall show a clear warning that the service is deprecated or unsupported before use.",,
PURE_050,proposed_method,PURE_050::proposed_method,PURE_050::proposed_method::A033::U07,Service abandonment shall not leave users with a broken or unsafe service without indication that it is no longer maintained.,3,PURE_050::proposed_method::A033::U07; PURE_050::proposed_method::A035::U06; PURE_050::proposed_method::A035::U07,Service abandonment shall not leave users with a broken or unsafe service without indication that it is no longer maintained. | The system shall not let an unsupported service continue to behave like a fully trusted one when safety or security concerns exist. | The system shall make the deprecated or unsupported status obvious and reduce dependence without causing an abrupt failure for existing users.,,
PURE_050,proposed_method,PURE_050::proposed_method,PURE_050::proposed_method::A035::U04,"During the transition period, the system shall provide stronger warnings and may limit changes so users can migrate away without suddenly losing access.",3,PURE_050::proposed_method::A035::U04; PURE_050::proposed_method::A036::U09; PURE_050::proposed_method::A036::U10,"During the transition period, the system shall provide stronger warnings and may limit changes so users can migrate away without suddenly losing access. | The system may allow lower-risk read-only access during a transition period. | The system shall allow lower-risk read-only access during a transition period only if it remains safe and is clearly marked as temporary.",,
PURE_050,proposed_method,PURE_050::proposed_method,PURE_050::proposed_method::A035::U05,"If there are safety or security concerns, the system shall restrict higher-risk operations first.",2,PURE_050::proposed_method::A035::U05; PURE_050::proposed_method::A036::U06,"If there are safety or security concerns, the system shall restrict higher-risk operations first. | The system shall block immediately any operation that could expose personal data more broadly if the service is no longer trusted.",,
PURE_050,proposed_method,PURE_050::proposed_method,PURE_050::proposed_method::A036::U02,Clients shall require the user to acknowledge the deprecated or unsupported warning if the user wants to continue.,2,PURE_050::proposed_method::A036::U02; PURE_050::proposed_method::A037::U01,Clients shall require the user to acknowledge the deprecated or unsupported warning if the user wants to continue. | The client shall display the acknowledgement right before it actually uses the service.,,
PURE_050,proposed_method,PURE_050::proposed_method,PURE_050::proposed_method::A036::U03,The system shall impose limits on creating new dependencies for a deprecated or unsupported service.,4,PURE_050::proposed_method::A036::U03; PURE_050::proposed_method::A038::U01; PURE_050::proposed_method::A038::U02; PURE_050::proposed_method::A038::U03,The system shall impose limits on creating new dependencies for a deprecated or unsupported service. | ZNIX should not allow new dependencies on a deprecated or unsupported service. | ZNIX may allow a new dependency on a deprecated or unsupported service only if no replacement is available and the user explicitly chooses to proceed after being warned. | Any allowed new dependency on a deprecated or unsupported service should be treated as temporary.,,
PURE_050,proposed_method,PURE_050::proposed_method,PURE_050::proposed_method::A036::U04,The system shall discourage new integrations when a safer replacement is available.,2,PURE_050::proposed_method::A036::U04; PURE_050::proposed_method::A038::U05,"The system shall discourage new integrations when a safer replacement is available. | If a safer replacement exists, ZNIX should direct clients to use the safer replacement instead of building anything new on the old service.",,
PURE_050,proposed_method,PURE_050::proposed_method,PURE_050::proposed_method::A036::U05,The system shall discourage new data writes when a safer replacement is available.,2,PURE_050::proposed_method::A036::U05; PURE_050::proposed_method::A038::U04,"The system shall discourage new data writes when a safer replacement is available. | For new data writes, ZNIX should require stronger confirmation than for a simple read.",,
PURE_050,proposed_method,PURE_050::proposed_method,PURE_050::proposed_method::A037::U04,"If the user declines, the client shall not proceed with that service.",2,PURE_050::proposed_method::A037::U04; PURE_050::proposed_method::A037::U05,"If the user declines, the client shall not proceed with that service. | The client shall stop access when the user declines, unless the user explicitly chooses to continue.",,
PURE_050,sparkme,PURE_050::sparkme,PURE_050::sparkme::A001::U03,ZNIX shall provide a common way to store and relate personal information.,8,PURE_050::sparkme::A001::U03; PURE_050::sparkme::A001::U04; PURE_050::sparkme::A002::U02; PURE_050::sparkme::A010::U01; PURE_050::sparkme::A010::U03; PURE_050::sparkme::A010::U04; PURE_050::sparkme::A012::U01; PURE_050::sparkme::A012::U02,"ZNIX shall provide a common way to store and relate personal information. | ZNIX shall allow users to organize personal information in ways that make sense to them, not just to a single application. | The system shall allow users to organize items by relationships and hierarchies that are meaningful to them. | ZNIX itself shall handle the core information model. | ZNIX itself shall handle relationships. | ZNIX itself shall handle categorization. | ZNIX shall handle the shared information repository. | ZNIX shall handle the object and relationship model.",,
PURE_050,sparkme,PURE_050::sparkme,PURE_050::sparkme::A001::U05,The system shall preserve both access and structure when users add items.,13,PURE_050::sparkme::A001::U05; PURE_050::sparkme::A001::U06; PURE_050::sparkme::A001::U07; PURE_050::sparkme::A001::U08; PURE_050::sparkme::A001::U09; PURE_050::sparkme::A010::U06; PURE_050::sparkme::A012::U03; PURE_050::sparkme::A012::U04; PURE_050::sparkme::A012::U05; PURE_050::sparkme::A012::U06; PURE_050::sparkme::A012::U07; PURE_050::sparkme::A012::U08; PURE_050::sparkme::A047::U08,The system shall preserve both access and structure when users add items. | The system shall preserve both access and structure when users change items. | The system shall preserve both access and structure when users delete items. | The system shall preserve both access and structure when users categorize items. | The system shall preserve both access and structure when users back up items. | ZNIX shall preserve the user’s organization so that changes do not break how items are grouped or linked. | ZNIX shall provide basic operations for adding items. | ZNIX shall provide basic operations for changing items. | ZNIX shall provide basic operations for removing items. | ZNIX shall provide basic operations for categorizing items. | ZNIX shall provide basic operations for organizing items. | ZNIX shall provide basic operations for backing up items without breaking the user’s structure. | The system should maintain performance even when the archive becomes large.,,
PURE_050,sparkme,PURE_050::sparkme,PURE_050::sparkme::A001::U10,Compatible applications shall be able to work with the same underlying information.,9,PURE_050::sparkme::A001::U10; PURE_050::sparkme::A001::U11; PURE_050::sparkme::A003::U02; PURE_050::sparkme::A011::U07; PURE_050::sparkme::A021::U01; PURE_050::sparkme::A021::U02; PURE_050::sparkme::A024::U01; PURE_050::sparkme::A024::U02; PURE_050::sparkme::A029::U01,"Compatible applications shall be able to work with the same underlying information. | Compatible applications shall not each keep their own separate copy of the underlying information. | The platform should enable clients to interoperate around one shared information model instead of each maintaining its own isolated store. | ZNIX shall provide consistent access to the same underlying objects and relationships. | The framework shall provide compatibility with client applications through exposed services. | The framework shall remain application-independent. | The data model and service interfaces shall remain stable enough for client applications to adopt ZNIX without repeated rework. | The system shall avoid frequent changes to how objects, relationships, and categories are represented, to prevent integration partners from falling behind or building incompatible assumptions. | The system's framework shall remain compatible with the client applications expected to integrate with it.",,
PURE_050,sparkme,PURE_050::sparkme,PURE_050::sparkme::A002::U01,The system shall provide a stable object-based framework for storing different kinds of personal information in a consistent way.,3,PURE_050::sparkme::A002::U01; PURE_050::sparkme::A002::U03; PURE_050::sparkme::A002::U04,The system shall provide a stable object-based framework for storing different kinds of personal information in a consistent way. | The system shall allow users to update their data without breaking their organization. | The system shall allow users to back up their data without breaking their organization.,,
PURE_050,sparkme,PURE_050::sparkme,PURE_050::sparkme::A002::U05,The system shall expose services so compatible clients can read the same information store reliably.,11,PURE_050::sparkme::A002::U05; PURE_050::sparkme::A002::U06; PURE_050::sparkme::A002::U07; PURE_050::sparkme::A010::U02; PURE_050::sparkme::A010::U05; PURE_050::sparkme::A011::U01; PURE_050::sparkme::A011::U02; PURE_050::sparkme::A011::U03; PURE_050::sparkme::A011::U05; PURE_050::sparkme::A011::U06; PURE_050::sparkme::A012::U09,The system shall expose services so compatible clients can read the same information store reliably. | The system shall expose services so compatible clients can manipulate the same information store reliably. | The system shall expose services so compatible clients can share the same information store reliably. | ZNIX itself shall handle storage access. | ZNIX itself shall provide services that let compatible clients read and update the same underlying information. | ZNIX shall expose a service layer that client applications can use to retrieve shared information. | ZNIX shall expose a service layer that client applications can use to update shared information. | ZNIX shall expose a service layer that client applications can use to synchronize shared information. | ZNIX shall provide an application-independent interface. | ZNIX shall provide a stable interface that allows different clients to interoperate without custom integrations. | ZNIX shall provide services that compatible clients use to access the same information consistently.,,
PURE_050,sparkme,PURE_050::sparkme,PURE_050::sparkme::A003::U03,The platform should support user portability and continuity.,2,PURE_050::sparkme::A003::U03; PURE_050::sparkme::A003::U04,The platform should support user portability and continuity. | The platform should support user portability and continuity before those expectations become locked in by other ecosystems.,,
PURE_050,sparkme,PURE_050::sparkme,PURE_050::sparkme::A004::U01,The system should reduce duplicated data handling.,2,PURE_050::sparkme::A004::U01; PURE_050::sparkme::A004::U02,The system should reduce duplicated data handling. | The system should reduce the support burden caused when users lose organization after switching or adding clients.,,
PURE_050,sparkme,PURE_050::sparkme,PURE_050::sparkme::A004::U04,Success should include more compatible applications adopting the framework.,3,PURE_050::sparkme::A004::U04; PURE_050::sparkme::A004::U05; PURE_050::sparkme::A004::U06,Success should include more compatible applications adopting the framework. | Success should include fewer complaints about data portability. | Success should include less time spent reconciling data across tools.,,
PURE_050,sparkme,PURE_050::sparkme,PURE_050::sparkme::A004::U07,Hard metrics must be confirmed with the product and business teams.,3,PURE_050::sparkme::A004::U07; PURE_050::sparkme::A025::U05; PURE_050::sparkme::A025::U06,Hard metrics must be confirmed with the product and business teams. | The speaker needs to check with the project team to determine whether hard milestone dates have been set. | The speaker needs to check with the project team to determine whether resource limits have been set.,,
PURE_050,sparkme,PURE_050::sparkme,PURE_050::sparkme::A005::U01,"The system shall preserve the structure of contacts, notes, and reference items when users move them from one application to another.",2,PURE_050::sparkme::A005::U01; PURE_050::sparkme::A005::U02,"The system shall preserve the structure of contacts, notes, and reference items when users move them from one application to another. | The system shall avoid requiring users to rebuild organized data manually after moving it to another tool.",,
PURE_050,sparkme,PURE_050::sparkme,PURE_050::sparkme::A005::U03,The system shall propagate changes made in one place to everywhere the data is expected to appear.,7,PURE_050::sparkme::A005::U03; PURE_050::sparkme::A005::U04; PURE_050::sparkme::A013::U02; PURE_050::sparkme::A013::U04; PURE_050::sparkme::A013::U05; PURE_050::sparkme::A013::U06; PURE_050::sparkme::A019::U05,"The system shall propagate changes made in one place to everywhere the data is expected to appear. | The system shall not keep separate copies of the same user data in each application when users expect shared updates. | When two clients collide on the same item, the framework shall reject or flag the conflicting update rather than silently overwrite it. | For other operation failures, ZNIX shall fail safely. | For other operation failures, ZNIX shall leave the stored information consistent. | For other operation failures, ZNIX shall return an understandable error to the client application. | ZNIX should preserve relationships and organization in the background so users can change content without having to rewire everything manually.",,
PURE_050,sparkme,PURE_050::sparkme,PURE_050::sparkme::A006::U01,Success should be measured by fewer support cases related to lost organization or inconsistent copies.,2,PURE_050::sparkme::A006::U01; PURE_050::sparkme::A006::U02,Success should be measured by fewer support cases related to lost organization or inconsistent copies. | Success should be measured by shorter setup or migration time when a user starts with a new compatible application.,,
PURE_050,sparkme,PURE_050::sparkme,PURE_050::sparkme::A006::U03,Adoption by client applications is an important success metric.,2,PURE_050::sparkme::A006::U03; PURE_050::sparkme::A006::U04,Adoption by client applications is an important success metric. | The framework provides value only if other tools actually use it.,,
PURE_050,sparkme,PURE_050::sparkme,PURE_050::sparkme::A007::U02,The system shall provide client application developers with a clean service layer for integration.,6,PURE_050::sparkme::A007::U02; PURE_050::sparkme::A007::U03; PURE_050::sparkme::A009::U05; PURE_050::sparkme::A009::U06; PURE_050::sparkme::A021::U03; PURE_050::sparkme::A026::U02,"The system shall provide client application developers with a clean service layer for integration. | The system shall provide client application developers with a reliable service layer for integration. | The framework shall be maintainable. | The framework shall be easy to integrate. | The framework shall support clean integration. | The system should provide a clean, well-documented service interface.",,
PURE_050,sparkme,PURE_050::sparkme,PURE_050::sparkme::A007::U04,The system shall support product and support team concerns for usability.,5,PURE_050::sparkme::A007::U04; PURE_050::sparkme::A007::U05; PURE_050::sparkme::A007::U06; PURE_050::sparkme::A009::U03; PURE_050::sparkme::A009::U04,"The system shall support product and support team concerns for usability. | The system shall support product and support team concerns for compatibility. | The system shall reduce data issues that create operational headaches for product and support teams. | Product, engineering, and support teams shall influence decisions for the framework. | The framework shall be usable.",,
PURE_050,sparkme,PURE_050::sparkme,PURE_050::sparkme::A008::U02,The system shall keep the concepts simple enough that users can think in terms of items rather than technical storage details.,4,PURE_050::sparkme::A008::U02; PURE_050::sparkme::A008::U03; PURE_050::sparkme::A008::U04; PURE_050::sparkme::A019::U01,The system shall keep the concepts simple enough that users can think in terms of items rather than technical storage details. | The system shall keep the concepts simple enough that users can think in terms of links rather than technical storage details. | The system shall keep the concepts simple enough that users can think in terms of groupings rather than technical storage details. | Casual users should be able to think in terms that already make sense to them.,,
PURE_050,sparkme,PURE_050::sparkme,PURE_050::sparkme::A009::U02,Developers of compatible client applications shall consume the framework services and present the information in their own interfaces.,8,PURE_050::sparkme::A009::U02; PURE_050::sparkme::A010::U07; PURE_050::sparkme::A010::U08; PURE_050::sparkme::A010::U09; PURE_050::sparkme::A012::U10; PURE_050::sparkme::A012::U11; PURE_050::sparkme::A012::U12; PURE_050::sparkme::A017::U06,"Developers of compatible client applications shall consume the framework services and present the information in their own interfaces. | Client applications shall provide the actual user interface. | Client applications shall provide workflow-specific features. | Client applications shall provide any presentation or editing experience beyond the basic framework services. | Client applications shall handle the user interface. | Client applications shall handle specialized workflows. | Client applications shall handle domain-specific behavior outside the core framework. | The framework shall remain consistent underneath while client applications translate it into plain, user-friendly language.",,
PURE_050,sparkme,PURE_050::sparkme,PURE_050::sparkme::A011::U04,The exact protocol choice for ZNIX's service layer remains to be finalized.,2,PURE_050::sparkme::A011::U04; PURE_050::sparkme::A026::U04,The exact protocol choice for ZNIX's service layer remains to be finalized. | The solution should avoid locking into a particular technology too early.,,
PURE_050,sparkme,PURE_050::sparkme,PURE_050::sparkme::A012::U13,External systems shall handle authentication if authentication is not built directly into ZNIX.,3,PURE_050::sparkme::A012::U13; PURE_050::sparkme::A032::U01; PURE_050::sparkme::A032::U02,External systems shall handle authentication if authentication is not built directly into ZNIX. | Access control should be built into the framework itself rather than left entirely to each client application. | The access control rules should be enforced consistently.,,
PURE_050,sparkme,PURE_050::sparkme,PURE_050::sparkme::A012::U14,External systems shall handle backup infrastructure if backup infrastructure is not built directly into ZNIX.,3,PURE_050::sparkme::A012::U14; PURE_050::sparkme::A031::U02; PURE_050::sparkme::A032::U04,External systems shall handle backup infrastructure if backup infrastructure is not built directly into ZNIX. | The framework should handle backups carefully. | Backups should be protected so they do not become an easy way to bypass retention or removal rules.,,
PURE_050,sparkme,PURE_050::sparkme,PURE_050::sparkme::A013::U01,ZNIX shall protect data integrity first.,2,PURE_050::sparkme::A013::U01; PURE_050::sparkme::A036::U01,ZNIX shall protect data integrity first. | The system shall prioritize protecting data integrity over operation speed during failures.,,
PURE_050,sparkme,PURE_050::sparkme,PURE_050::sparkme::A014::U01,The system shall support temporary unavailability of some items or operations.,4,PURE_050::sparkme::A014::U01; PURE_050::sparkme::A014::U02; PURE_050::sparkme::A015::U01; PURE_050::sparkme::A015::U02,The system shall support temporary unavailability of some items or operations. | The system shall support temporary unavailability of some items or operations during synchronization or when a record is locked for safe updating. | Some actions shall be blocked when an item is locked or when synchronization is actively reconciling changes. | Non-destructive actions such as viewing or browsing shall still be allowed while an item is locked or synchronization is actively reconciling changes.,,
PURE_050,sparkme,PURE_050::sparkme,PURE_050::sparkme::A014::U03,The framework shall expose the current state to client applications.,2,PURE_050::sparkme::A014::U03; PURE_050::sparkme::A014::U04,The framework shall expose the current state to client applications. | Client applications shall use the exposed current state to prevent risky edits or present a read-only view until the state changes.,,
PURE_050,sparkme,PURE_050::sparkme,PURE_050::sparkme::A015::U03,"In offline mode, clients shall be able to continue working on locally available data.",2,PURE_050::sparkme::A015::U03; PURE_050::sparkme::A015::U04,"In offline mode, clients shall be able to continue working on locally available data. | In offline mode, write operations shall either be queued for later synchronization or limited based on the type of change and the risk of conflicts.",,
PURE_050,sparkme,PURE_050::sparkme,PURE_050::sparkme::A015::U05,ZNIX shall communicate state changes and availability to client applications through service responses or event notifications.,3,PURE_050::sparkme::A015::U05; PURE_050::sparkme::A015::U06; PURE_050::sparkme::A016::U03,"ZNIX shall communicate state changes and availability to client applications through service responses or event notifications. | Client applications shall use communicated state changes and availability to update the UI, warn the user, or defer an action appropriately. | Client applications should show offline or syncing states in a way that does not interrupt normal browsing.",,
PURE_050,sparkme,PURE_050::sparkme,PURE_050::sparkme::A016::U01,Client applications shall make state information visible without being disruptive.,2,PURE_050::sparkme::A016::U01; PURE_050::sparkme::A016::U05,Client applications shall make state information visible without being disruptive. | Client applications should present state clearly enough that users understand why something is not immediately editable.,,
PURE_050,sparkme,PURE_050::sparkme,PURE_050::sparkme::A017::U01,"ZNIX shall use precise internal terms for objects, relationships, synchronization state, and access status.",3,PURE_050::sparkme::A017::U01; PURE_050::sparkme::A017::U02; PURE_050::sparkme::A019::U06,"ZNIX shall use precise internal terms for objects, relationships, synchronization state, and access status. | ZNIX shall use precise internal terminology because developers and integrators need unambiguous behavior. | The framework should stay technically precise for clients.",,
PURE_050,sparkme,PURE_050::sparkme,PURE_050::sparkme::A017::U03,"For casual users, ZNIX shall describe the same capabilities in simpler language.",4,PURE_050::sparkme::A017::U03; PURE_050::sparkme::A017::U04; PURE_050::sparkme::A017::U05; PURE_050::sparkme::A019::U07,"For casual users, ZNIX shall describe the same capabilities in simpler language. | For casual users, ZNIX shall describe capabilities using terms such as items, links, folders or categories, saving, and syncing. | The system shall feel approachable rather than technical for casual users. | The user experience should stay simple by hiding complexity unless it is needed.",,
PURE_050,sparkme,PURE_050::sparkme,PURE_050::sparkme::A018::U01,Developer documentation shall use exact terms.,6,PURE_050::sparkme::A018::U01; PURE_050::sparkme::A018::U02; PURE_050::sparkme::A018::U03; PURE_050::sparkme::A018::U04; PURE_050::sparkme::A018::U05; PURE_050::sparkme::A020::U08,Developer documentation shall use exact terms. | Developer documentation shall include interface behavior. | Developer documentation shall include state rules. | Developer documentation shall help developers build compatible clients. | Developer documentation shall help developers handle edge cases correctly. | Support communication shall diagnose issues with technical terms internally.,,
PURE_050,sparkme,PURE_050::sparkme,PURE_050::sparkme::A018::U06,End-user training and support shall focus on what users are trying to do.,5,PURE_050::sparkme::A018::U06; PURE_050::sparkme::A018::U07; PURE_050::sparkme::A018::U08; PURE_050::sparkme::A018::U09; PURE_050::sparkme::A018::U10,End-user training and support shall focus on what users are trying to do. | End-user training and support shall focus on organizing information. | End-user training and support shall focus on finding information. | End-user training and support shall focus on protecting information. | End-user training and support shall avoid exposing internal mechanics unless exposing them helps explain a problem.,,
PURE_050,sparkme,PURE_050::sparkme,PURE_050::sparkme::A018::U11,Developer guides shall describe state transitions for locked or queued-for-sync items.,2,PURE_050::sparkme::A018::U11; PURE_050::sparkme::A018::U12,Developer guides shall describe state transitions for locked or queued-for-sync items. | User help articles shall explain that locked or queued-for-sync items are temporarily unavailable or will update shortly.,,
PURE_050,sparkme,PURE_050::sparkme,PURE_050::sparkme::A019::U02,Casual users should be able to group related items without needing to understand the underlying object model.,3,PURE_050::sparkme::A019::U02; PURE_050::sparkme::A019::U03; PURE_050::sparkme::A019::U04,Casual users should be able to group related items without needing to understand the underlying object model. | Casual users should be able to move things around without needing to understand the underlying object model. | Casual users should be able to back up items without needing to understand the underlying object model.,,
PURE_050,sparkme,PURE_050::sparkme,PURE_050::sparkme::A020::U01,Documentation for developers shall be precise and implementation-oriented.,4,PURE_050::sparkme::A020::U01; PURE_050::sparkme::A020::U02; PURE_050::sparkme::A020::U03; PURE_050::sparkme::A044::U05,Documentation for developers shall be precise and implementation-oriented. | Developer materials shall use clear terminology. | Developer materials shall include interface contracts. | Documentation shall be current and specific.,,
PURE_050,sparkme,PURE_050::sparkme,PURE_050::sparkme::A020::U05,Documentation for end users shall translate the same topics into task-based guidance.,4,PURE_050::sparkme::A020::U05; PURE_050::sparkme::A020::U06; PURE_050::sparkme::A020::U09; PURE_050::sparkme::A020::U10,Documentation for end users shall translate the same topics into task-based guidance. | End-user materials shall use plain language. | Support communication shall explain the fix in simple terms externally. | Support communication shall tell the user what happened and what to do next.,,
PURE_050,sparkme,PURE_050::sparkme,PURE_050::sparkme::A020::U07,End-user materials shall include examples that match everyday workflows such as organizing items or restoring from backup.,3,PURE_050::sparkme::A020::U07; PURE_050::sparkme::A044::U04; PURE_050::sparkme::A048::U04,End-user materials shall include examples that match everyday workflows such as organizing items or restoring from backup. | Version transitions shall include examples showing the old and new behavior side by side. | The documentation shall include examples.,,
PURE_050,sparkme,PURE_050::sparkme,PURE_050::sparkme::A022::U01,The system is expected to be subject to data protection and privacy obligations because it handles personal information.,8,PURE_050::sparkme::A022::U01; PURE_050::sparkme::A028::U01; PURE_050::sparkme::A028::U02; PURE_050::sparkme::A028::U03; PURE_050::sparkme::A031::U03; PURE_050::sparkme::A031::U04; PURE_050::sparkme::A032::U03; PURE_050::sparkme::A038::U01,The system is expected to be subject to data protection and privacy obligations because it handles personal information. | Privacy and data protection should influence ZNIX design choices for access control. | Privacy and data protection should influence ZNIX design choices for retention. | Privacy and data protection should influence ZNIX design choices for backup handling. | The framework should apply retention rules that do not keep personal data longer than necessary. | Security and privacy concerns should shape both the technical design and the operational policies. | Retention policies should allow information to be removed or expired in a controlled way. | Privacy shall be built into the framework rather than added later.,,
PURE_050,sparkme,PURE_050::sparkme,PURE_050::sparkme::A022::U02,Accessibility should likely be important if the client applications are intended for broad casual use.,2,PURE_050::sparkme::A022::U02; PURE_050::sparkme::A028::U04,Accessibility should likely be important if the client applications are intended for broad casual use. | Accessibility would likely be important for ZNIX if the framework is intended for general use through client apps.,,
PURE_050,sparkme,PURE_050::sparkme,PURE_050::sparkme::A023::U02,Compatibility with client applications is a major dependency for the ZNIX framework.,4,PURE_050::sparkme::A023::U02; PURE_050::sparkme::A025::U03; PURE_050::sparkme::A027::U02; PURE_050::sparkme::A027::U03,Compatibility with client applications is a major dependency for the ZNIX framework. | The main critical dependency is successful integration with the client applications that will consume the shared services. | The readiness of the client applications and the stability of the shared interface are the main dependencies. | The readiness of the client applications and the stability of the shared interface affect integration and testing.,,
PURE_050,sparkme,PURE_050::sparkme,PURE_050::sparkme::A030::U01,The system shall keep the core object model and service contracts as stable as possible.,7,PURE_050::sparkme::A030::U01; PURE_050::sparkme::A030::U02; PURE_050::sparkme::A030::U03; PURE_050::sparkme::A030::U05; PURE_050::sparkme::A030::U06; PURE_050::sparkme::A041::U01; PURE_050::sparkme::A043::U02,The system shall keep the core object model and service contracts as stable as possible. | The system shall introduce changes in a backward-compatible way whenever possible. | The system shall support versioning. | The system shall use careful change control to prevent client applications from being broken by normal evolution. | The system shall isolate bigger changes so older clients can continue working while newer clients adopt updated interfaces. | Interface stability shall be maintained. | The system shall keep the core object model stable.,,
PURE_050,sparkme,PURE_050::sparkme,PURE_050::sparkme::A031::U01,The framework should implement strong access control.,2,PURE_050::sparkme::A031::U01; PURE_050::sparkme::A038::U02,The framework should implement strong access control. | Access control shall be consistent across client applications.,,
PURE_050,sparkme,PURE_050::sparkme,PURE_050::sparkme::A033::U02,The framework should degrade gracefully during a failure rather than lose data or become unusable.,2,PURE_050::sparkme::A033::U02; PURE_050::sparkme::A037::U04,"The framework should degrade gracefully during a failure rather than lose data or become unusable. | If a disruption occurs, the framework should recover quickly and avoid data loss.",,
PURE_050,sparkme,PURE_050::sparkme,PURE_050::sparkme::A034::U01,"The system should make common operations such as opening, finding, and updating items feel responsive to a normal user.",3,PURE_050::sparkme::A034::U01; PURE_050::sparkme::A047::U03; PURE_050::sparkme::A047::U04,"The system should make common operations such as opening, finding, and updating items feel responsive to a normal user. | Update operations should feel even quicker than read operations. | The system should avoid lag during frequent small updates.",,
PURE_050,sparkme,PURE_050::sparkme,PURE_050::sparkme::A034::U03,The system should use efficient indexing to support the expected responsiveness.,3,PURE_050::sparkme::A034::U03; PURE_050::sparkme::A047::U05; PURE_050::sparkme::A047::U06,The system should use efficient indexing to support the expected responsiveness. | The system should use indexing as data grows to help maintain performance. | The system should use caching as data grows to help maintain performance.,,
PURE_050,sparkme,PURE_050::sparkme,PURE_050::sparkme::A034::U04,The system should avoid unnecessary loading.,2,PURE_050::sparkme::A034::U04; PURE_050::sparkme::A047::U07,The system should avoid unnecessary loading. | The system should use background processing as data grows to help maintain performance.,,
PURE_050,sparkme,PURE_050::sparkme,PURE_050::sparkme::A036::U04,The system shall include redundancy as part of its fault-tolerance approach.,2,PURE_050::sparkme::A036::U04; PURE_050::sparkme::A037::U06,The system shall include redundancy as part of its fault-tolerance approach. | The system should use redundancy where it makes sense.,,
PURE_050,sparkme,PURE_050::sparkme,PURE_050::sparkme::A041::U05,The system shall make additive changes where possible instead of changing existing behavior in place.,2,PURE_050::sparkme::A041::U05; PURE_050::sparkme::A045::U04,The system shall make additive changes where possible instead of changing existing behavior in place. | The system should prioritize compatibility when managing evolving requirements.,,
PURE_050,sparkme,PURE_050::sparkme,PURE_050::sparkme::A041::U06,Breaking changes shall provide a clear migration path for client developers.,3,PURE_050::sparkme::A041::U06; PURE_050::sparkme::A044::U03; PURE_050::sparkme::A048::U03,Breaking changes shall provide a clear migration path for client developers. | Version transitions shall include migration guidance. | The documentation shall include a clear migration path.,,
PURE_050,sparkme,PURE_050::sparkme,PURE_050::sparkme::A041::U07,Breaking changes shall provide enough notice for client developers to adapt.,4,PURE_050::sparkme::A041::U07; PURE_050::sparkme::A044::U01; PURE_050::sparkme::A044::U08; PURE_050::sparkme::A048::U02,"Breaking changes shall provide enough notice for client developers to adapt. | Version transitions shall be communicated with advance notice through the usual developer channels. | Version changes shall be made visible early enough for teams to plan around them before their integrations break. | The system shall send advance notices through the developer mailing list, portal, or issue tracker maintained for developers.",,
PURE_050,sparkme,PURE_050::sparkme,PURE_050::sparkme::A042::U04,The system shall provide deprecation notices and release notes that tell developers what changed and what they need to do.,3,PURE_050::sparkme::A042::U04; PURE_050::sparkme::A044::U02; PURE_050::sparkme::A048::U05,The system shall provide deprecation notices and release notes that tell developers what changed and what they need to do. | Version transitions shall include clear release notes. | The documentation shall include a summary of what is changing and what is not changing.,,
PURE_050,sparkme,PURE_050::sparkme,PURE_050::sparkme::A044::U06,A direct support path shall be available for client developers during the transition window.,3,PURE_050::sparkme::A044::U06; PURE_050::sparkme::A044::U07; PURE_050::sparkme::A048::U06,"A direct support path shall be available for client developers during the transition window. | The direct support path may consist of a contact point for questions and issue tracking. | During the transition, the system shall provide a direct support channel and a way to report compatibility problems so issues can be triaged quickly.",,
PURE_050,sparkme,PURE_050::sparkme,PURE_050::sparkme::A045::U06,The system should validate changes against a few representative client use cases before expanding them broadly.,3,PURE_050::sparkme::A045::U06; PURE_050::sparkme::A049::U05; PURE_050::sparkme::A049::U06,The system should validate changes against a few representative client use cases before expanding them broadly. | The system shall test new changes against a small set of representative client workflows before broad rollout. | The system shall use pre-rollout testing to catch mismatches in behavior or data assumptions before they become expensive to unwind.,,
PURE_050,sparkme,PURE_050::sparkme,PURE_050::sparkme::A047::U01,The system should feel immediate to users during normal work.,2,PURE_050::sparkme::A047::U01; PURE_050::sparkme::A047::U02,The system should feel immediate to users during normal work. | Common actions such as opening an item or performing a basic search should return within one or two seconds at most.,,
PURE_059,hashimoto,PURE_059::hashimoto,PURE_059::hashimoto::A001::U05,The onboard system shall manage transitions between operating levels smoothly.,2,PURE_059::hashimoto::A001::U05; PURE_059::hashimoto::A001::U06,The onboard system shall manage transitions between operating levels smoothly. | The transition between operating levels shall allow the driver to continue without confusion when the system changes from one level of support to another.,,
PURE_059,hashimoto,PURE_059::hashimoto,PURE_059::hashimoto::A003::U01,The system shall define a clear split of responsibilities between the onboard system and national functions.,5,PURE_059::hashimoto::A003::U01; PURE_059::hashimoto::A003::U02; PURE_059::hashimoto::A003::U03; PURE_059::hashimoto::A003::U04; PURE_059::hashimoto::A003::U05,The system shall define a clear split of responsibilities between the onboard system and national functions. | The onboard system shall keep the core safety supervision function. | National functions shall provide local rules. | National functions shall provide route-specific restrictions. | National functions shall provide country-specific movement authority information or override information.,,
PURE_059,hashimoto,PURE_059::hashimoto,PURE_059::hashimoto::A003::U06,The onboard system and national functions shall exchange the minimum necessary operational data.,6,PURE_059::hashimoto::A003::U06; PURE_059::hashimoto::A003::U07; PURE_059::hashimoto::A003::U08; PURE_059::hashimoto::A003::U09; PURE_059::hashimoto::A003::U10; PURE_059::hashimoto::A003::U11,The onboard system and national functions shall exchange the minimum necessary operational data. | The onboard system and national functions shall exchange train status. | The onboard system and national functions shall exchange permitted movement limits. | The onboard system and national functions shall exchange restrictions. | The onboard system and national functions shall exchange acknowledgements needed for safe operation. | The onboard system and national functions shall exchange mode changes needed for safe operation.,,
PURE_059,llmrei-long,PURE_059::llmrei-long,PURE_059::llmrei-long::A002::U01,The onboard system shall support drivers in practice.,4,PURE_059::llmrei-long::A002::U01; PURE_059::llmrei-long::A003::U03; PURE_059::llmrei-long::A003::U04; PURE_059::llmrei-long::A003::U05,The onboard system shall support drivers in practice. | The driver relies on onboard equipment for train control. | The driver relies on line-side signals for train control. | The driver relies on radio instructions for train control.,,
PURE_059,llmrei-long,PURE_059::llmrei-long,PURE_059::llmrei-long::A003::U01,The onboard train-control process varies by country and line.,3,PURE_059::llmrei-long::A003::U01; PURE_059::llmrei-long::A003::U02; PURE_059::llmrei-long::A003::U08,The onboard train-control process varies by country and line. | There is not a single onboard train-control process used everywhere. | Onboard support is not consistent across borders.,,
PURE_059,llmrei-long,PURE_059::llmrei-long,PURE_059::llmrei-long::A004::U01,The onboard system shall reduce dependence on local differences so drivers receive a consistent experience across networks.,2,PURE_059::llmrei-long::A004::U01; PURE_059::llmrei-long::A007::U06,The onboard system shall reduce dependence on local differences so drivers receive a consistent experience across networks. | The system shall include broader consistency improvements across networks.,,
PURE_059,llmrei-long,PURE_059::llmrei-long,PURE_059::llmrei-long::A004::U02,The onboard system shall actively supervise movement.,3,PURE_059::llmrei-long::A004::U02; PURE_059::llmrei-long::A008::U02; PURE_059::llmrei-long::A008::U06,The onboard system shall actively supervise movement. | The system shall intervene before a dangerous situation develops. | The system shall intervene when the movement would otherwise become unsafe.,,
PURE_059,llmrei-long,PURE_059::llmrei-long,PURE_059::llmrei-long::A004::U05,The system shall support smoother transitions between operating levels.,2,PURE_059::llmrei-long::A004::U05; PURE_059::llmrei-long::A007::U04,The system shall support smoother transitions between operating levels. | The system shall support operating-level transitions.,,
PURE_059,llmrei-long,PURE_059::llmrei-long,PURE_059::llmrei-long::A004::U06,The system shall provide better support when national train-control functions take over.,2,PURE_059::llmrei-long::A004::U06; PURE_059::llmrei-long::A007::U05,The system shall provide better support when national train-control functions take over. | The system shall support national system takeover.,,
PURE_059,llmrei-long,PURE_059::llmrei-long,PURE_059::llmrei-long::A005::U01,The system shall prevent any movement that is not authorized.,2,PURE_059::llmrei-long::A005::U01; PURE_059::llmrei-long::A007::U02,The system shall prevent any movement that is not authorized. | The system shall prevent unauthorized movement.,,
PURE_059,llmrei-long,PURE_059::llmrei-long,PURE_059::llmrei-long::A005::U02,Driver confirmations for important actions shall be clear and unambiguous.,2,PURE_059::llmrei-long::A005::U02; PURE_059::llmrei-long::A008::U05,Driver confirmations for important actions shall be clear and unambiguous. | The system shall support the driver without ambiguity.,,
PURE_059,llmrei-long,PURE_059::llmrei-long,PURE_059::llmrei-long::A005::U03,The system shall be designed so that the driver always knows the train's current state and the next expected action.,2,PURE_059::llmrei-long::A005::U03; PURE_059::llmrei-long::A007::U03,The system shall be designed so that the driver always knows the train's current state and the next expected action. | The system shall provide a clear presentation of train state and driver actions.,,
PURE_059,llmrei-long,PURE_059::llmrei-long,PURE_059::llmrei-long::A007::U01,The system shall support safety supervision and intervention as the highest-priority function.,2,PURE_059::llmrei-long::A007::U01; PURE_059::llmrei-long::A009::U07,The system shall support safety supervision and intervention as the highest-priority function. | The system shall follow a warning-first principle with automatic intervention if necessary.,,
PURE_059,llmrei-long,PURE_059::llmrei-long,PURE_059::llmrei-long::A008::U03,"For normal running, the system shall warn the driver early and apply braking if speed, distance, or authority limits are exceeded.",3,PURE_059::llmrei-long::A008::U03; PURE_059::llmrei-long::A009::U03; PURE_059::llmrei-long::A009::U04,"For normal running, the system shall warn the driver early and apply braking if speed, distance, or authority limits are exceeded. | If the driver does not react in time, the system shall automatically apply braking. | If the limit is already exceeded, the system shall automatically apply braking to bring the train back into a safe state.",,
PURE_059,llmrei-long,PURE_059::llmrei-long,PURE_059::llmrei-long::A009::U01,The system shall provide a first-stage clear warning to the driver when the situation is getting close to the limit.,2,PURE_059::llmrei-long::A009::U01; PURE_059::llmrei-long::A009::U02,The system shall provide a first-stage clear warning to the driver when the situation is getting close to the limit. | The system shall warn the driver early enough to give the driver a chance to correct the situation.,,
PURE_059,proposed_method,PURE_059::proposed_method,PURE_059::proposed_method::A001::U01,The system shall support train operations across borders or between networks that use different trackside systems.,3,PURE_059::proposed_method::A001::U01; PURE_059::proposed_method::A001::U02; PURE_059::proposed_method::A002::U01,The system shall support train operations across borders or between networks that use different trackside systems. | The system shall allow the driver to continue operating without changing equipment or procedures when crossing borders or moving between networks with different trackside systems. | The onboard train-control capability shall allow trains to operate safely across different national and network systems without losing protection when the trackside support changes.,,
PURE_059,proposed_method,PURE_059::proposed_method,PURE_059::proposed_method::A001::U03,"The system shall support mixed operations including mainline running, shunting, and transitions between lines with different levels of support.",2,PURE_059::proposed_method::A001::U03; PURE_059::proposed_method::A001::U04,"The system shall support mixed operations including mainline running, shunting, and transitions between lines with different levels of support. | The onboard system shall keep supervision consistent and safe during mixed operations and line transitions.",,
PURE_059,proposed_method,PURE_059::proposed_method,PURE_059::proposed_method::A001::U06,The system shall present the driver with the right information for the current operating level.,11,PURE_059::proposed_method::A001::U06; PURE_059::proposed_method::A002::U03; PURE_059::proposed_method::A003::U03; PURE_059::proposed_method::A003::U10; PURE_059::proposed_method::A004::U06; PURE_059::proposed_method::A004::U07; PURE_059::proposed_method::A004::U08; PURE_059::proposed_method::A006::U02; PURE_059::proposed_method::A006::U03; PURE_059::proposed_method::A006::U07; PURE_059::proposed_method::A010::U02,"The system shall present the driver with the right information for the current operating level. | The onboard train-control capability shall provide the driver with consistent supervision. | The system shall make the active operating level or mode available onboard. | For day-to-day driver operation, the system shall present the current mode. | The onboard system shall provide clear information to the driver. | The onboard system shall reduce driver confusion. | The onboard system shall reduce driver response time. | In normal operation, the onboard system shall ensure the train can proceed under the correct supervision. | In normal operation, the onboard system shall ensure the driver sees the correct permissions. | The onboard system shall ensure the driver gets unambiguous information about what is allowed. | The system shall provide the driver with the permitted movement limit.",,
PURE_059,proposed_method,PURE_059::proposed_method,PURE_059::proposed_method::A001::U07,The system shall prevent unauthorized movement when required.,6,PURE_059::proposed_method::A001::U07; PURE_059::proposed_method::A001::U08; PURE_059::proposed_method::A002::U04; PURE_059::proposed_method::A004::U02; PURE_059::proposed_method::A006::U05; PURE_059::proposed_method::A010::U07,"The system shall prevent unauthorized movement when required. | The system shall support safe transitions. | The onboard train-control capability shall stop or restrict the train if limits are exceeded. | The onboard system shall prevent unsafe movement. | In unusual situations, the onboard system shall support bringing the train to a safe state or moving it under special conditions. | Movement shall be prevented whenever no authority exists or the system detects an unauthorized movement risk.",,
PURE_059,proposed_method,PURE_059::proposed_method,PURE_059::proposed_method::A001::U09,The system shall automatically apply braking intervention if the driver does not respond appropriately.,3,PURE_059::proposed_method::A001::U09; PURE_059::proposed_method::A004::U03; PURE_059::proposed_method::A011::U02,The system shall automatically apply braking intervention if the driver does not respond appropriately. | The onboard system shall intervene if the driver does not react in time. | The system shall automatically apply the brake action when the warning is not respected.,,
PURE_059,proposed_method,PURE_059::proposed_method,PURE_059::proposed_method::A003::U05,The system shall make warning status information available onboard.,2,PURE_059::proposed_method::A003::U05; PURE_059::proposed_method::A003::U06,The system shall make warning status information available onboard. | The system shall make acknowledgement status information available onboard.,,
PURE_059,proposed_method,PURE_059::proposed_method,PURE_059::proposed_method::A003::U11,"For day-to-day driver operation, the system shall present warning or confirmation prompts that require an immediate response.",7,PURE_059::proposed_method::A003::U11; PURE_059::proposed_method::A005::U02; PURE_059::proposed_method::A005::U03; PURE_059::proposed_method::A005::U04; PURE_059::proposed_method::A008::U03; PURE_059::proposed_method::A008::U08; PURE_059::proposed_method::A016::U04,"For day-to-day driver operation, the system shall present warning or confirmation prompts that require an immediate response. | The system shall support extra confirmations when required by the safety case. | The system shall support stricter restrictions when required by the safety case. | The system shall support more steps during mode changes when required by the safety case. | In normal operation, the driver shall respond promptly to any warning or acknowledgment request from the onboard system. | If the system asks for a confirmation or if braking intervention occurs, the driver shall react immediately. | If appropriate, the system shall require extra driver confirmation in a special operating mode.",,
PURE_059,proposed_method,PURE_059::proposed_method,PURE_059::proposed_method::A004::U04,The onboard system shall maintain consistent behavior across different lines.,2,PURE_059::proposed_method::A004::U04; PURE_059::proposed_method::A004::U05,The onboard system shall maintain consistent behavior across different lines. | The onboard system shall support safe operation in practice by avoiding excessive behavior changes between networks.,,
PURE_059,proposed_method,PURE_059::proposed_method,PURE_059::proposed_method::A005::U05,The system shall prioritize safety and interoperability over simplicity when there is a conflict.,2,PURE_059::proposed_method::A005::U05; PURE_059::proposed_method::A012::U02,The system shall prioritize safety and interoperability over simplicity when there is a conflict. | Onboard supervision shall not be overridden by an instruction that would create an unsafe condition.,,
PURE_059,proposed_method,PURE_059::proposed_method,PURE_059::proposed_method::A006::U04,"In unusual situations such as degraded operation, route changes, or emergencies, the onboard system shall support instructions or overrides from traffic control or the relevant national function.",2,PURE_059::proposed_method::A006::U04; PURE_059::proposed_method::A006::U08,"In unusual situations such as degraded operation, route changes, or emergencies, the onboard system shall support instructions or overrides from traffic control or the relevant national function. | When something unusual happens, the onboard system shall help resolve it safely and quickly without losing protection or creating conflicting commands.",,
PURE_059,proposed_method,PURE_059::proposed_method,PURE_059::proposed_method::A007::U01,The system shall ensure that states and terms are clearly distinguished so that the driver and the control side are referring to the same situation.,10,PURE_059::proposed_method::A007::U01; PURE_059::proposed_method::A007::U02; PURE_059::proposed_method::A007::U03; PURE_059::proposed_method::A007::U04; PURE_059::proposed_method::A018::U01; PURE_059::proposed_method::A018::U03; PURE_059::proposed_method::A018::U05; PURE_059::proposed_method::A020::U05; PURE_059::proposed_method::A021::U09; PURE_059::proposed_method::A030::U02,"The system shall ensure that states and terms are clearly distinguished so that the driver and the control side are referring to the same situation. | The system shall distinguish normal supervision, degraded operation, and any override or release condition so they are not easy to confuse. | The system shall provide consistent terminology and clear state indications across lines. | The system shall avoid using different names in different contexts for the same onboard system state, to reduce the risk of misunderstanding. | The system shall use one harmonized wording for the core states so drivers see the same meaning wherever they operate. | The system shall not change the actual meaning of the state or the action the driver has to take. | If there is any risk of confusion, the system shall use the common standardized wording. | Familiarization shall ensure drivers understand any local wording without having to guess. | The familiarization shall explain any line-specific phrases that could be confusing. | Cab messages shall be unambiguous.",,
PURE_059,proposed_method,PURE_059::proposed_method,PURE_059::proposed_method::A008::U04,"If the system indicates a change of mode or operating level, the driver shall confirm or carry out the required transition.",2,PURE_059::proposed_method::A008::U04; PURE_059::proposed_method::A012::U04,"If the system indicates a change of mode or operating level, the driver shall confirm or carry out the required transition. | The driver shall be told explicitly which instruction is active and whether it changes the permitted movement, speed, or mode of operation.",,
PURE_059,proposed_method,PURE_059::proposed_method,PURE_059::proposed_method::A008::U06,"In special situations such as shunting or degraded operation, the driver shall monitor the onboard indications closely.",2,PURE_059::proposed_method::A008::U06; PURE_059::proposed_method::A020::U03,"In special situations such as shunting or degraded operation, the driver shall monitor the onboard indications closely. | Drivers shall be trained on how degraded or special modes affect movement.",,
PURE_059,proposed_method,PURE_059::proposed_method,PURE_059::proposed_method::A008::U07,"In special situations such as shunting or degraded operation, the driver shall follow any extra restrictions or instructions that apply.",5,PURE_059::proposed_method::A008::U07; PURE_059::proposed_method::A014::U07; PURE_059::proposed_method::A016::U01; PURE_059::proposed_method::A016::U02; PURE_059::proposed_method::A016::U06,"In special situations such as shunting or degraded operation, the driver shall follow any extra restrictions or instructions that apply. | The driver display shall indicate when only shunting is permitted. | In a special operating mode, the system shall use more conservative rules rather than less conservative ones. | In a special operating mode, the system shall apply the supervision limits that match that mode. | In a special operating mode, the system shall keep movement safe by using the specific restrictions for that mode rather than behaving like normal operation.",,
PURE_059,proposed_method,PURE_059::proposed_method,PURE_059::proposed_method::A009::U01,The driver should normally follow the onboard instructions unless a specific local rule or an instruction from traffic control or the national authority changes what is allowed.,2,PURE_059::proposed_method::A009::U01; PURE_059::proposed_method::A012::U03,"The driver should normally follow the onboard instructions unless a specific local rule or an instruction from traffic control or the national authority changes what is allowed. | If a valid local restriction or authority instruction is more restrictive, the driver shall apply the more restrictive rule in practice.",,
PURE_059,proposed_method,PURE_059::proposed_method,PURE_059::proposed_method::A009::U05,"If there is a conflict or doubt, the safer restriction prevails and the driver should not improvise.",2,PURE_059::proposed_method::A009::U05; PURE_059::proposed_method::A012::U01,"If there is a conflict or doubt, the safer restriction prevails and the driver should not improvise. | The higher-priority safety rule shall take precedence over conflicting instructions.",,
PURE_059,proposed_method,PURE_059::proposed_method,PURE_059::proposed_method::A010::U05,"If the train is in an override or release condition, the system shall indicate that normal protection is reduced or suspended and that extra caution or extra rules apply.",2,PURE_059::proposed_method::A010::U05; PURE_059::proposed_method::A016::U03,"If the train is in an override or release condition, the system shall indicate that normal protection is reduced or suspended and that extra caution or extra rules apply. | If the system cannot maintain the normal protection level in a special operating mode, it shall reduce the permitted movement.",,
PURE_059,proposed_method,PURE_059::proposed_method,PURE_059::proposed_method::A010::U06,Movement shall be permitted only when the onboard system has a valid authority or a defined release condition for the current state.,2,PURE_059::proposed_method::A010::U06; PURE_059::proposed_method::A014::U06,Movement shall be permitted only when the onboard system has a valid authority or a defined release condition for the current state. | The driver display shall indicate whether movement is still permitted.,,
PURE_059,proposed_method,PURE_059::proposed_method,PURE_059::proposed_method::A010::U08,The system shall default to preventing movement whenever the state or authority is not clearly established.,4,PURE_059::proposed_method::A010::U08; PURE_059::proposed_method::A013::U02; PURE_059::proposed_method::A019::U01; PURE_059::proposed_method::A019::U03,"The system shall default to preventing movement whenever the state or authority is not clearly established. | If the system can no longer supervise safely, it shall restrict movement. | The system shall tell the driver to stop using invalid onboard information immediately and follow the displayed operating restriction. | If invalid data means the system can no longer supervise safely, the system shall instruct the driver to stop the train or secure it.",,
PURE_059,proposed_method,PURE_059::proposed_method,PURE_059::proposed_method::A011::U01,"For supervision or enforcement, the system shall apply a brake action strong enough to stop the train safely before the limit is exceeded.",2,PURE_059::proposed_method::A011::U01; PURE_059::proposed_method::A016::U05,"For supervision or enforcement, the system shall apply a brake action strong enough to stop the train safely before the limit is exceeded. | In a special operating mode, the system shall intervene sooner when the limit is approached.",,
PURE_059,proposed_method,PURE_059::proposed_method,PURE_059::proposed_method::A013::U01,"If a sensor or data source fails, the system shall move to the safest workable supervision state it can maintain.",3,PURE_059::proposed_method::A013::U01; PURE_059::proposed_method::A016::U07; PURE_059::proposed_method::A017::U03,"If a sensor or data source fails, the system shall move to the safest workable supervision state it can maintain. | If special-mode rules are not available or cannot be applied reliably, the system shall fall back to the safest state. | If a required input is stale or overdue, the system shall treat it as unreliable and stop using it for any safety decision.",,
PURE_059,proposed_method,PURE_059::proposed_method,PURE_059::proposed_method::A013::U07,The driver shall receive a clear fault or degraded-status indication showing what capability is lost and what limitation now applies.,2,PURE_059::proposed_method::A013::U07; PURE_059::proposed_method::A017::U06,The driver shall receive a clear fault or degraded-status indication showing what capability is lost and what limitation now applies. | The system shall inform the driver that the data is no longer valid and that movement is limited or not authorized until fresh information is available.,,
PURE_059,proposed_method,PURE_059::proposed_method,PURE_059::proposed_method::A013::U08,"If the system reduces functionality, the driver shall be informed immediately whether normal running, shunting, or further movement is still permitted.",2,PURE_059::proposed_method::A013::U08; PURE_059::proposed_method::A019::U02,"If the system reduces functionality, the driver shall be informed immediately whether normal running, shunting, or further movement is still permitted. | If explicitly permitted, the system shall indicate that the driver may continue only under reduced authority.",,
PURE_059,proposed_method,PURE_059::proposed_method,PURE_059::proposed_method::A014::U01,The system shall base the fail-safe operating decision on whether the remaining onboard information is sufficient to prove safe movement authority and speed supervision.,3,PURE_059::proposed_method::A014::U01; PURE_059::proposed_method::A017::U01; PURE_059::proposed_method::A017::U02,"The system shall base the fail-safe operating decision on whether the remaining onboard information is sufficient to prove safe movement authority and speed supervision. | The required data shall be current enough for the system to trust it for supervision and braking. | The system shall use the freshness threshold for a required input based on the specific input and operating mode, rather than a fixed age threshold.",,
PURE_059,proposed_method,PURE_059::proposed_method,PURE_059::proposed_method::A014::U02,"If the remaining onboard information is sufficient, the system shall remain in a reduced supervision state.",2,PURE_059::proposed_method::A014::U02; PURE_059::proposed_method::A017::U04,"If the remaining onboard information is sufficient, the system shall remain in a reduced supervision state. | If a required input is stale or overdue and safe supervision is still possible, the system shall switch to a degraded but safe supervision state.",,
PURE_059,proposed_method,PURE_059::proposed_method,PURE_059::proposed_method::A014::U03,"If the remaining onboard information is not sufficient, the system shall limit movement to the safest allowed condition.",2,PURE_059::proposed_method::A014::U03; PURE_059::proposed_method::A017::U05,"If the remaining onboard information is not sufficient, the system shall limit movement to the safest allowed condition. | If a required input is stale or overdue and the missing update prevents safe movement, the system shall enforce a stop.",,
PURE_059,proposed_method,PURE_059::proposed_method,PURE_059::proposed_method::A014::U04,"If the safest allowed condition cannot be guaranteed, the system shall enforce a stop.",3,PURE_059::proposed_method::A014::U04; PURE_059::proposed_method::A015::U02; PURE_059::proposed_method::A016::U08,"If the safest allowed condition cannot be guaranteed, the system shall enforce a stop. | If the failed data source prevents the system from confirming the movement limit, route, or any required protection for the move, the movement shall be reduced to a stop. | The safest state shall be to stop or prevent further movement.",,
PURE_059,proposed_method,PURE_059::proposed_method,PURE_059::proposed_method::A014::U05,The system shall show the driver the exact operating limitation in plain terms.,4,PURE_059::proposed_method::A014::U05; PURE_059::proposed_method::A020::U06; PURE_059::proposed_method::A020::U07; PURE_059::proposed_method::A020::U08,"The system shall show the driver the exact operating limitation in plain terms. | The wording of cab messages shall be as simple and consistent as possible to support drivers who are new to the system. | Cab message wording shall avoid jargon where possible. | When local terms are unavoidable, their meaning shall still be obvious enough that a trained driver can act correctly right away.",,
PURE_059,proposed_method,PURE_059::proposed_method,PURE_059::proposed_method::A014::U08,The driver display shall indicate when no further movement is permitted except for securing the train.,7,PURE_059::proposed_method::A014::U08; PURE_059::proposed_method::A015::U04; PURE_059::proposed_method::A018::U04; PURE_059::proposed_method::A019::U04; PURE_059::proposed_method::A019::U05; PURE_059::proposed_method::A019::U06; PURE_059::proposed_method::A019::U07,"The driver display shall indicate when no further movement is permitted except for securing the train. | Once proof that the movement is inside a known safe envelope is lost, the driver shall be brought to a stop and informed that no further movement is authorized. | The system shall ensure that the driver can immediately understand whether movement is permitted, restricted, or stopped without having to interpret a local variant. | The message for stopping the train or securing it shall depend on the movement situation. | The cab display shall use different messages for restricted conditions and fully stopped conditions. | In a restricted condition, the cab display shall state that movement is limited and under supervision. | In a stop condition, the cab display shall state that no further movement is authorized.",,
PURE_059,proposed_method,PURE_059::proposed_method,PURE_059::proposed_method::A015::U01,Shunting or other low-speed movement shall be allowed only if the system can continue to supervise the move within a defined safe limit and the relevant local operating rules permit it in the degraded condition.,2,PURE_059::proposed_method::A015::U01; PURE_059::proposed_method::A015::U03,Shunting or other low-speed movement shall be allowed only if the system can continue to supervise the move within a defined safe limit and the relevant local operating rules permit it in the degraded condition. | Low-speed movement shall be allowed only while the system can still prove it is inside a known safe envelope.,,
PURE_059,proposed_method,PURE_059::proposed_method,PURE_059::proposed_method::A020::U01,Drivers shall receive formal training on the meaning of the cab messages.,2,PURE_059::proposed_method::A020::U01; PURE_059::proposed_method::A020::U02,Drivers shall receive formal training on the meaning of the cab messages. | Drivers shall be trained on the actions they must take for each cab message state.,,
PURE_059,proposed_method,PURE_059::proposed_method,PURE_059::proposed_method::A020::U04,Drivers shall receive familiarization before operating on a new line or with a different national overlay.,9,PURE_059::proposed_method::A020::U04; PURE_059::proposed_method::A021::U01; PURE_059::proposed_method::A021::U02; PURE_059::proposed_method::A021::U03; PURE_059::proposed_method::A021::U04; PURE_059::proposed_method::A021::U05; PURE_059::proposed_method::A021::U06; PURE_059::proposed_method::A021::U07; PURE_059::proposed_method::A021::U08,"Drivers shall receive familiarization before operating on a new line or with a different national overlay. | The familiarization shall include the local operating modes the driver is likely to encounter. | The familiarization shall include the exact cab messages or icons used on that line. | The familiarization shall include the immediate action expected for each cab message or icon. | The familiarization shall include differences in braking response. | The familiarization shall include differences in authorization to move. | The familiarization shall include what happens when information is missing or degraded. | Before the train is put into service, the driver shall be able to recognize restricted and stop conditions without hesitation. | Before the train is put into service, the driver shall know when to call for support or hand over to local procedures.",,
PURE_059,proposed_method,PURE_059::proposed_method,PURE_059::proposed_method::A022::U05,"If confirmation does not arrive in time, the system should cancel the pending action.",3,PURE_059::proposed_method::A022::U05; PURE_059::proposed_method::A022::U06; PURE_059::proposed_method::A023::U05,"If confirmation does not arrive in time, the system should cancel the pending action. | If confirmation does not arrive in time, the system should maintain or apply the most restrictive supervision. | In exceptional cases such as loss of reliable supervision, the system should not wait too long for confirmation before falling back to the safest state.",,
PURE_059,proposed_method,PURE_059::proposed_method,PURE_059::proposed_method::A023::U01,The confirmation timeout should be shorter for urgent safety-related messages where delay could increase risk.,5,PURE_059::proposed_method::A023::U01; PURE_059::proposed_method::A023::U02; PURE_059::proposed_method::A023::U03; PURE_059::proposed_method::A023::U04; PURE_059::proposed_method::A023::U06,"The confirmation timeout should be shorter for urgent safety-related messages where delay could increase risk. | The confirmation timeout should be shorter when the driver is operating in a degraded or uncertain context. | The confirmation timeout may be longer for less critical prompts, provided safety is not compromised. | The confirmation timeout may be longer when the driver needs time to assess a complex situation, provided safety is not compromised. | The more immediate the safety impact, the less time the driver should have to respond.",,
PURE_059,proposed_method,PURE_059::proposed_method,PURE_059::proposed_method::A024::U01,The onboard system shall not blindly restore the previous state and carry on after recovery.,2,PURE_059::proposed_method::A024::U01; PURE_059::proposed_method::A024::U04,"The onboard system shall not blindly restore the previous state and carry on after recovery. | Where recovery can be trusted, the system may restore the relevant context.",,
PURE_059,proposed_method,PURE_059::proposed_method,PURE_059::proposed_method::A024::U02,"Before the train continues in service, the system shall verify that the recovered onboard data and current operating situation are still valid.",9,PURE_059::proposed_method::A024::U02; PURE_059::proposed_method::A024::U05; PURE_059::proposed_method::A025::U05; PURE_059::proposed_method::A025::U06; PURE_059::proposed_method::A025::U07; PURE_059::proposed_method::A026::U01; PURE_059::proposed_method::A026::U03; PURE_059::proposed_method::A026::U04; PURE_059::proposed_method::A026::U06,"Before the train continues in service, the system shall verify that the recovered onboard data and current operating situation are still valid. | The driver shall revalidate the key information needed to continue safely after context restoration. | The train shall only leave the restrictive state once the required onboard data is valid again. | The train shall only leave the restrictive state once the active operating mode is confirmed. | The train shall only leave the restrictive state once any mandatory driver acknowledgement has been completed. | The system shall clear the fallback state only when onboard supervision is healthy again. | The system shall clear the fallback state only when any degraded or missing inputs have been restored or are no longer relevant. | If recovery depends on the driver, the driver shall explicitly confirm the key displayed information before release. | The system shall not return to normal service until it can prove it has enough valid information to supervise the movement safely.",,
PURE_059,proposed_method,PURE_059::proposed_method,PURE_059::proposed_method::A024::U03,"If anything is uncertain during recovery, the system shall hold the train in the safest applicable fallback state.",5,PURE_059::proposed_method::A024::U03; PURE_059::proposed_method::A024::U06; PURE_059::proposed_method::A025::U01; PURE_059::proposed_method::A025::U03; PURE_059::proposed_method::A028::U08,"If anything is uncertain during recovery, the system shall hold the train in the safest applicable fallback state. | If the system cannot complete recovery cleanly, it shall stay restrictive until the driver and system are both back in a confirmed safe condition. | The driver shall keep the train stopped or continue only under the restrictive fallback rules already in force when recovery cannot be completed cleanly. | The driver shall not be expected to improvise. | Changes shall never leave the onboard system in an uncertain condition.",,
PURE_059,proposed_method,PURE_059::proposed_method,PURE_059::proposed_method::A025::U02,The driver shall follow the prescribed recovery or local operating procedure.,2,PURE_059::proposed_method::A025::U02; PURE_059::proposed_method::A025::U04,"The driver shall follow the prescribed recovery or local operating procedure. | If the onboard system cannot confirm the necessary information, the driver shall get the system or the operating authority to re-establish a safe operating basis.",,
PURE_059,proposed_method,PURE_059::proposed_method,PURE_059::proposed_method::A026::U02,The system shall clear the fallback state only when both the active mode and movement authority are unambiguous.,2,PURE_059::proposed_method::A026::U02; PURE_059::proposed_method::A026::U05,"The system shall clear the fallback state only when both the active mode and movement authority are unambiguous. | If there is any remaining uncertainty about route, permission to move, or national overlay conditions, the system shall remain restrictive.",,
PURE_059,proposed_method,PURE_059::proposed_method,PURE_059::proposed_method::A027::U01,The system shall be maintained to support safety.,8,PURE_059::proposed_method::A027::U01; PURE_059::proposed_method::A027::U04; PURE_059::proposed_method::A027::U05; PURE_059::proposed_method::A027::U08; PURE_059::proposed_method::A027::U09; PURE_059::proposed_method::A027::U11; PURE_059::proposed_method::A028::U05; PURE_059::proposed_method::A028::U06,"The system shall be maintained to support safety. | Maintenance shall support software updates. | Maintenance shall support data corrections. | The system shall continue working through faults. | The system shall continue working through upgrades. | The system shall be maintainable. | For local procedure changes or data corrections, the system shall use the approved version for that line or area. | For local procedure changes or data corrections, the system shall avoid mixing old and new rules on the same run.",,
PURE_059,proposed_method,PURE_059::proposed_method,PURE_059::proposed_method::A027::U02,The system shall be maintained to support regulatory changes.,2,PURE_059::proposed_method::A027::U02; PURE_059::proposed_method::A027::U06,The system shall be maintained to support regulatory changes. | Maintenance shall support changes to operating rules.,,
PURE_059,proposed_method,PURE_059::proposed_method,PURE_059::proposed_method::A027::U07,Changes to the system shall not disrupt service more than necessary.,2,PURE_059::proposed_method::A027::U07; PURE_059::proposed_method::A029::U05,Changes to the system shall not disrupt service more than necessary. | The default behavior for such changes should be to postpone them whenever there is any risk of interrupting safe operation.,,
PURE_059,proposed_method,PURE_059::proposed_method,PURE_059::proposed_method::A028::U01,Any maintenance-related change shall be introduced only after it has been validated against the safety requirements and the applicable interoperability rules.,2,PURE_059::proposed_method::A028::U01; PURE_059::proposed_method::A028::U02,Any maintenance-related change shall be introduced only after it has been validated against the safety requirements and the applicable interoperability rules. | Any maintenance-related change shall be introduced only in a controlled configuration.,,
PURE_059,proposed_method,PURE_059::proposed_method,PURE_059::proposed_method::A028::U07,Service disruption shall be minimized by allowing changes during planned windows or while the train is in a safe state.,2,PURE_059::proposed_method::A028::U07; PURE_059::proposed_method::A029::U03,"Service disruption shall be minimized by allowing changes during planned windows or while the train is in a safe state. | The onboard and driver-facing status must be stable enough for the change to be applied, verified, and, if needed, rolled back without ambiguity.",,
PURE_059,proposed_method,PURE_059::proposed_method,PURE_059::proposed_method::A029::U01,A safe-state change window requires the train to be in a stationary or otherwise protected condition.,2,PURE_059::proposed_method::A029::U01; PURE_059::proposed_method::A029::U02,A safe-state change window requires the train to be in a stationary or otherwise protected condition. | A safe-state change window requires that no active movement authority is being relied on and that there is no immediate supervision criticality.,,
PURE_059,proposed_method,PURE_059::proposed_method,PURE_059::proposed_method::A030::U03,Cab messages shall use a fixed set of terms so that the driver sees the same meaning across different trains and lines.,2,PURE_059::proposed_method::A030::U03; PURE_059::proposed_method::A030::U05,Cab messages shall use a fixed set of terms so that the driver sees the same meaning across different trains and lines. | Country-specific approved wording shall still fit within the common message structure so that it does not confuse the driver.,,
PURE_059,proposed_method,PURE_059::proposed_method,PURE_059::proposed_method::A030::U04,"Where a country requires specific wording, the system shall use that wording exactly as approved.",2,PURE_059::proposed_method::A030::U04; PURE_059::proposed_method::A031::U01,"Where a country requires specific wording, the system shall use that wording exactly as approved. | When both versions are available, the country-specific approved wording shall take priority whenever the train is operating under that country’s rules or on a line where that wording is mandated.",,
PURE_059,proposed_method,PURE_059::proposed_method,PURE_059::proposed_method::A031::U03,The system shall determine which version to present based on the active national and route configuration already loaded for the journey.,2,PURE_059::proposed_method::A031::U03; PURE_059::proposed_method::A031::U04,The system shall determine which version to present based on the active national and route configuration already loaded for the journey. | The system shall present the version that matches the current operating context so that the driver always sees the correct wording.,,
PURE_059,proposed_method,PURE_059::proposed_method,PURE_059::proposed_method::A031::U05,"If there is any mismatch or uncertainty, the system shall not guess.",2,PURE_059::proposed_method::A031::U05; PURE_059::proposed_method::A031::U06,"If there is any mismatch or uncertainty, the system shall not guess. | If there is any mismatch or uncertainty, the system shall present the safest approved version or hold the message until the correct one is available.",,
PURE_059,sparkme,PURE_059::sparkme,PURE_059::sparkme::A001::U01,Trains must be able to run safely across different national rail networks.,3,PURE_059::sparkme::A001::U01; PURE_059::sparkme::A001::U02; PURE_059::sparkme::A002::U04,Trains must be able to run safely across different national rail networks. | Different national rail networks have different signaling and control arrangements. | The system shall reduce inconsistent national behavior.,,
PURE_059,sparkme,PURE_059::sparkme,PURE_059::sparkme::A001::U04,The system shall reduce the risk of unauthorized movement.,2,PURE_059::sparkme::A001::U04; PURE_059::sparkme::A002::U03,The system shall reduce the risk of unauthorized movement. | The system shall reduce the chance of human error.,,
PURE_059,sparkme,PURE_059::sparkme,PURE_059::sparkme::A002::U01,The system shall support interoperability so rail operators can run cross-border services without fitting each country's control system separately.,5,PURE_059::sparkme::A002::U01; PURE_059::sparkme::A002::U02; PURE_059::sparkme::A002::U05; PURE_059::sparkme::A008::U06; PURE_059::sparkme::A021::U04,The system shall support interoperability so rail operators can run cross-border services without fitting each country's control system separately. | The system shall standardize supervision to improve safety and meet regulatory pressure. | The system shall simplify fleet deployment. | Interoperability is still fragmented. | The implementation shall interoperate with the relevant trackside and national functions.,,
PURE_059,sparkme,PURE_059::sparkme,PURE_059::sparkme::A002::U06,The system shall reduce the cost of maintaining multiple onboard solutions.,2,PURE_059::sparkme::A002::U06; PURE_059::sparkme::A002::U07,The system shall reduce the cost of maintaining multiple onboard solutions. | The system shall reduce the complexity of maintaining multiple onboard solutions.,,
PURE_059,sparkme,PURE_059::sparkme,PURE_059::sparkme::A004::U02,Train drivers interact with the onboard display during operation.,3,PURE_059::sparkme::A004::U02; PURE_059::sparkme::A004::U03; PURE_059::sparkme::A004::U04,Train drivers interact with the onboard display during operation. | Train drivers interact with confirmations during operation. | Train drivers interact with warnings during operation.,,
PURE_059,sparkme,PURE_059::sparkme,PURE_059::sparkme::A004::U05,Dispatchers are important stakeholders.,3,PURE_059::sparkme::A004::U05; PURE_059::sparkme::A004::U06; PURE_059::sparkme::A004::U07,Dispatchers are important stakeholders. | Traffic control staff are important stakeholders. | Infrastructure managers are important stakeholders.,,
PURE_059,sparkme,PURE_059::sparkme,PURE_059::sparkme::A004::U08,Dispatchers define movement authorities.,3,PURE_059::sparkme::A004::U08; PURE_059::sparkme::A004::U09; PURE_059::sparkme::A004::U10,Dispatchers define movement authorities. | Traffic control staff define movement authorities. | Infrastructure managers define movement authorities.,,
PURE_059,sparkme,PURE_059::sparkme,PURE_059::sparkme::A004::U11,Dispatchers define operating conditions.,3,PURE_059::sparkme::A004::U11; PURE_059::sparkme::A004::U12; PURE_059::sparkme::A004::U13,Dispatchers define operating conditions. | Traffic control staff define operating conditions. | Infrastructure managers define operating conditions.,,
PURE_059,sparkme,PURE_059::sparkme,PURE_059::sparkme::A004::U14,Rolling stock maintainers are affected by the technical requirements.,6,PURE_059::sparkme::A004::U14; PURE_059::sparkme::A004::U15; PURE_059::sparkme::A014::U02; PURE_059::sparkme::A014::U04; PURE_059::sparkme::A015::U06; PURE_059::sparkme::A015::U08,Rolling stock maintainers are affected by the technical requirements. | Onboard equipment suppliers are affected by the technical requirements. | The onboard side shall remain strict about validation and backward compatibility. | The system shall use disciplined version management and clear interfaces to support interoperability. | The system shall use strict version control. | The system shall provide backward-compatible interfaces.,,
PURE_059,sparkme,PURE_059::sparkme,PURE_059::sparkme::A004::U16,Regulators matter as stakeholders.,2,PURE_059::sparkme::A004::U16; PURE_059::sparkme::A004::U17,Regulators matter as stakeholders. | National safety authorities matter as stakeholders.,,
PURE_059,sparkme,PURE_059::sparkme,PURE_059::sparkme::A004::U18,Regulators set the compliance expectations.,2,PURE_059::sparkme::A004::U18; PURE_059::sparkme::A004::U19,Regulators set the compliance expectations. | National safety authorities set the compliance expectations.,,
PURE_059,sparkme,PURE_059::sparkme,PURE_059::sparkme::A004::U20,Regulators approve how the system is used across different networks.,2,PURE_059::sparkme::A004::U20; PURE_059::sparkme::A004::U21,Regulators approve how the system is used across different networks. | National safety authorities approve how the system is used across different networks.,,
PURE_059,sparkme,PURE_059::sparkme,PURE_059::sparkme::A005::U06,The driver and control center shall work together to keep the movement safe.,2,PURE_059::sparkme::A005::U06; PURE_059::sparkme::A015::U03,The driver and control center shall work together to keep the movement safe. | The system shall be event-driven.,,
PURE_059,sparkme,PURE_059::sparkme,PURE_059::sparkme::A006::U02,The system shall align onboard and trackside functions to common rules to support interoperability across national networks without requiring the driver to change the basic operating logic when moving from one national network to another.,7,PURE_059::sparkme::A006::U02; PURE_059::sparkme::A011::U02; PURE_059::sparkme::A011::U03; PURE_059::sparkme::A011::U04; PURE_059::sparkme::A011::U06; PURE_059::sparkme::A014::U01; PURE_059::sparkme::A021::U02,"The system shall align onboard and trackside functions to common rules to support interoperability across national networks without requiring the driver to change the basic operating logic when moving from one national network to another. | The system shall comply with technical specifications that define how it behaves on board and at the trackside. | The system shall provide a common interface and common safety behavior. | A train approved in one country shall be able to operate in another country without redesigning the core control logic. | National implementations shall not deviate too much, because excessive deviation can break interoperability or introduce safety risk. | The system shall keep the core safety logic stable while the surrounding infrastructure changes. | The implementation shall handle transitions safely.",,
PURE_059,sparkme,PURE_059::sparkme,PURE_059::sparkme::A006::U04,The onboard system shall continuously supervise the train against the movement authority limits.,3,PURE_059::sparkme::A006::U04; PURE_059::sparkme::A013::U08; PURE_059::sparkme::A013::U09,"The onboard system shall continuously supervise the train against the movement authority limits. | Once accepted, the onboard system shall use the authority until a mode or level change makes it obsolete. | The onboard system shall prevent the previous authority from being used if there is any conflict or uncertainty.",,
PURE_059,sparkme,PURE_059::sparkme,PURE_059::sparkme::A006::U05,The implementation shall be certified and consistent.,2,PURE_059::sparkme::A006::U05; PURE_059::sparkme::A011::U05,The implementation shall be certified and consistent. | The system shall undergo careful certification and validation.,,
PURE_059,sparkme,PURE_059::sparkme,PURE_059::sparkme::A007::U06,The system shall ensure that shared terminology is used consistently because differences in terminology can cause misunderstandings between railways.,2,PURE_059::sparkme::A007::U06; PURE_059::sparkme::A007::U07,The system shall ensure that shared terminology is used consistently because differences in terminology can cause misunderstandings between railways. | The system shall support shared terminology to prevent safety issues and implementation gaps.,,
PURE_059,sparkme,PURE_059::sparkme,PURE_059::sparkme::A008::U01,Cross-border rail operations are usually handled by fitting trains with multiple national systems or by relying on transitional arrangements and special operating procedures.,4,PURE_059::sparkme::A008::U01; PURE_059::sparkme::A008::U07; PURE_059::sparkme::A008::U08; PURE_059::sparkme::A008::U09,Cross-border rail operations are usually handled by fitting trains with multiple national systems or by relying on transitional arrangements and special operating procedures. | Crossing a border can mean more complexity. | Crossing a border can mean more training. | Crossing a border can sometimes cause operational delays.,,
PURE_059,sparkme,PURE_059::sparkme,PURE_059::sparkme::A008::U02,Drivers may have to switch between onboard modes.,4,PURE_059::sparkme::A008::U02; PURE_059::sparkme::A008::U03; PURE_059::sparkme::A008::U04; PURE_059::sparkme::A008::U05,"Drivers may have to switch between onboard modes. | Drivers may have to follow different national rules. | Drivers may have to work with route-specific instructions. | Switching between onboard modes, following different national rules, and working with route-specific instructions adds workload and increases the chance of confusion.",,
PURE_059,sparkme,PURE_059::sparkme,PURE_059::sparkme::A009::U01,Operations and maintenance are often organized around national systems.,10,PURE_059::sparkme::A009::U01; PURE_059::sparkme::A009::U02; PURE_059::sparkme::A009::U03; PURE_059::sparkme::A009::U04; PURE_059::sparkme::A009::U05; PURE_059::sparkme::A009::U06; PURE_059::sparkme::A009::U07; PURE_059::sparkme::A009::U08; PURE_059::sparkme::A009::U09; PURE_059::sparkme::A009::U10,Operations and maintenance are often organized around national systems. | Staff have to support different onboard equipment depending on the route. | Staff have to support different procedures depending on the route. | Staff have to support different certifications depending on the route. | The current approach requires more training. | The current approach requires more spare parts variety. | The current approach requires more time spent managing compatibility issues. | Compatibility issues are especially significant for international services. | A unified system is attractive because it should reduce duplicated work. | A unified system is attractive because it should make day-to-day operation more predictable.,,
PURE_059,sparkme,PURE_059::sparkme,PURE_059::sparkme::A010::U01,The system shall enforce the core safety rule that a train must not exceed its permitted movement authority or the allowed speed for its current situation.,5,PURE_059::sparkme::A010::U01; PURE_059::sparkme::A010::U02; PURE_059::sparkme::A010::U03; PURE_059::sparkme::A010::U04; PURE_059::sparkme::A010::U05,The system shall enforce the core safety rule that a train must not exceed its permitted movement authority or the allowed speed for its current situation. | The system shall support national rules where they remain applicable. | The system shall support national rules during transitions between operating levels. | The system shall support national rules during shunting. | The system shall support national rules during fallback or degraded modes.,,
PURE_059,sparkme,PURE_059::sparkme,PURE_059::sparkme::A010::U06,The system shall only allow movement when the proper authority is in place.,3,PURE_059::sparkme::A010::U06; PURE_059::sparkme::A010::U07; PURE_059::sparkme::A010::U08,The system shall only allow movement when the proper authority is in place. | The system shall only allow movement when driver acknowledgment is in place. | The system shall only allow movement when onboard supervision conditions are in place.,,
PURE_059,sparkme,PURE_059::sparkme,PURE_059::sparkme::A012::U01,The system shall create data on the trackside or radio-based control side and deliver it to the onboard system when the train enters a controlled area or when conditions change.,6,PURE_059::sparkme::A012::U01; PURE_059::sparkme::A012::U02; PURE_059::sparkme::A012::U03; PURE_059::sparkme::A012::U04; PURE_059::sparkme::A012::U05; PURE_059::sparkme::A012::U06,"The system shall create data on the trackside or radio-based control side and deliver it to the onboard system when the train enters a controlled area or when conditions change. | The onboard equipment shall store the current authority, operating level, and supervision parameters. | The onboard equipment shall continuously compare the stored authority, operating level, and supervision parameters with train speed and position. | The onboard equipment shall replace the stored authority, operating level, and supervision parameters whenever a new valid instruction arrives. | When the train leaves the controlled area, reaches the end of the authority, or changes operating mode, the older data shall be retired and new data shall take over. | The system shall keep the driver informed throughout the transition.",,
PURE_059,sparkme,PURE_059::sparkme,PURE_059::sparkme::A013::U01,The infrastructure or radio control side shall generate authority and supervision information from the current traffic situation and route setting.,7,PURE_059::sparkme::A013::U01; PURE_059::sparkme::A013::U02; PURE_059::sparkme::A013::U03; PURE_059::sparkme::A013::U04; PURE_059::sparkme::A013::U05; PURE_059::sparkme::A013::U06; PURE_059::sparkme::A013::U07,"The infrastructure or radio control side shall generate authority and supervision information from the current traffic situation and route setting. | Before the onboard unit acts on a message, the message shall be checked for integrity. | Before the onboard unit acts on a message, the message shall be checked for consistency. | Before the onboard unit acts on a message, the message shall be checked for applicability to the train and operating level. | If a message fails validation, the onboard unit shall ignore it. | Once accepted, the onboard system shall use the authority until a new valid authority arrives. | Once accepted, the onboard system shall use the authority until the train reaches the limit.",,
PURE_059,sparkme,PURE_059::sparkme,PURE_059::sparkme::A015::U01,The system design shall be modular.,2,PURE_059::sparkme::A015::U01; PURE_059::sparkme::A015::U02,"The system design shall be modular. | The onboard supervision core shall remain separate from communications, positioning, and national-specific adaptations.",,
PURE_059,sparkme,PURE_059::sparkme,PURE_059::sparkme::A015::U04,The system shall handle data conservatively by processing only current and relevant data.,7,PURE_059::sparkme::A015::U04; PURE_059::sparkme::A015::U05; PURE_059::sparkme::A019::U02; PURE_059::sparkme::A019::U04; PURE_059::sparkme::A020::U01; PURE_059::sparkme::A020::U02; PURE_059::sparkme::A020::U04,"The system shall handle data conservatively by processing only current and relevant data. | The system shall avoid trying to keep all data alive at once. | If personal or driver-linked data is involved, the data shall be minimized. | If personal or driver-linked data is involved, the data shall be retained only for as long as the railway authority or operator needs it for a defined purpose. | The onboard system should keep only the operational data needed for immediate supervision and safety-related logging. | The onboard system should avoid retaining personal data unless there is a defined regulatory or maintenance need. | Data that must be stored or transmitted should be limited to the minimum necessary set.",,
PURE_059,sparkme,PURE_059::sparkme,PURE_059::sparkme::A016::U01,The system shall respond fast enough for supervision and braking decisions to occur before the train reaches an unsafe state.,4,PURE_059::sparkme::A016::U01; PURE_059::sparkme::A016::U02; PURE_059::sparkme::A016::U03; PURE_059::sparkme::A016::U04,The system shall respond fast enough for supervision and braking decisions to occur before the train reaches an unsafe state. | The system shall treat latency as a safety issue. | The system shall give critical inputs predictable timing and priority handling. | The system shall process critical inputs without noticeable delay that could affect braking or mode transitions.,,
PURE_059,sparkme,PURE_059::sparkme,PURE_059::sparkme::A017::U01,"The driver interface shall be clear, consistent, and easy to interpret under operational pressure regardless of the driver’s experience level.",5,PURE_059::sparkme::A017::U01; PURE_059::sparkme::A017::U02; PURE_059::sparkme::A017::U04; PURE_059::sparkme::A022::U02; PURE_059::sparkme::A022::U03,"The driver interface shall be clear, consistent, and easy to interpret under operational pressure regardless of the driver’s experience level. | The system shall provide readable displays. | The system shall use simple confirmation steps. | The ETCS interface shall use a fixed design that makes the most important information prominent. | The ETCS interface shall minimize unnecessary interaction.",,
PURE_059,sparkme,PURE_059::sparkme,PURE_059::sparkme::A017::U03,The system shall provide unambiguous warnings.,3,PURE_059::sparkme::A017::U03; PURE_059::sparkme::A018::U02; PURE_059::sparkme::A018::U03,The system shall provide unambiguous warnings. | The system shall provide more explicit on-screen guidance. | The system shall reduce ambiguity so that a driver does not have to interpret multiple signals at once.,,
PURE_059,sparkme,PURE_059::sparkme,PURE_059::sparkme::A019::U03,"If personal or driver-linked data is involved, the data shall be protected in transmission.",3,PURE_059::sparkme::A019::U03; PURE_059::sparkme::A020::U03; PURE_059::sparkme::A023::U04,"If personal or driver-linked data is involved, the data shall be protected in transmission. | Data that must be stored or transmitted should be protected against unauthorized access. | The system shall encrypt any data transmitted off-board.",,
PURE_059,sparkme,PURE_059::sparkme,PURE_059::sparkme::A022::U01,The onboard ETCS system shall not dynamically change its safety-critical behavior based on an individual driver’s ability or experience.,2,PURE_059::sparkme::A022::U01; PURE_059::sparkme::A022::U05,The onboard ETCS system shall not dynamically change its safety-critical behavior based on an individual driver’s ability or experience. | Any more adaptive behavior shall be implemented in the surrounding cab HMI or operator training configuration rather than in the ETCS safety logic itself.,,
PURE_061,hashimoto,PURE_061::hashimoto,PURE_061::hashimoto::A001::U04,The system shall integrate its outputs into the wider Gaia processing environment without friction.,2,PURE_061::hashimoto::A001::U04; PURE_061::hashimoto::A002::U02,The system shall integrate its outputs into the wider Gaia processing environment without friction. | The simulator shall remain aligned with the Gaia pipeline.,,
PURE_061,llmrei-long,PURE_061::llmrei-long,PURE_061::llmrei-long::A004::U01,The system shall be much faster.,4,PURE_061::llmrei-long::A004::U01; PURE_061::llmrei-long::A005::U01; PURE_061::llmrei-long::A009::U05; PURE_061::llmrei-long::A012::U06,"The system shall be much faster. | The system shall be fast. | The system shall be able to produce a useful test dataset in minutes or, at most, within a short number of hours. | The system shall prioritize speed for large-scale test production users.",,
PURE_061,llmrei-long,PURE_061::llmrei-long,PURE_061::llmrei-long::A004::U02,The system shall be more flexible.,3,PURE_061::llmrei-long::A004::U02; PURE_061::llmrei-long::A005::U02; PURE_061::llmrei-long::A012::U07,The system shall be more flexible. | The system shall be flexible. | The system shall prioritize operational simplicity for large-scale test production users.,,
PURE_061,llmrei-long,PURE_061::llmrei-long,PURE_061::llmrei-long::A004::U03,"The system shall allow users to generate the data stage they need directly, without passing through the full telemetry and mission-database workflow.",8,PURE_061::llmrei-long::A004::U03; PURE_061::llmrei-long::A004::U04; PURE_061::llmrei-long::A008::U01; PURE_061::llmrei-long::A009::U01; PURE_061::llmrei-long::A009::U02; PURE_061::llmrei-long::A009::U03; PURE_061::llmrei-long::A009::U06; PURE_061::llmrei-long::A013::U01,"The system shall allow users to generate the data stage they need directly, without passing through the full telemetry and mission-database workflow. | The system shall let users choose the processing stage. | The system shall provide fast direct generation of a chosen processing stage as the highest priority capability. | The system shall allow users to produce the specific processing stage they need. | The system shall allow users to produce catalog or intermediate data. | The system shall generate the required processing stage without simulating the full upstream chain first. | The system shall not require waiting on long batch runs or multi-step infrastructure to generate the dataset. | Users shall be able to reliably generate the data products they need for a given processing stage.",,
PURE_061,llmrei-long,PURE_061::llmrei-long,PURE_061::llmrei-long::A004::U05,The system shall let users choose the error models.,3,PURE_061::llmrei-long::A004::U05; PURE_061::llmrei-long::A008::U02; PURE_061::llmrei-long::A010::U02,The system shall let users choose the error models. | The system shall support selectable error models. | The selectable error models shall allow users to choose the level of realism they need.,,
PURE_061,llmrei-long,PURE_061::llmrei-long,PURE_061::llmrei-long::A004::U06,The system shall produce data that is statistically representative.,7,PURE_061::llmrei-long::A004::U06; PURE_061::llmrei-long::A006::U02; PURE_061::llmrei-long::A007::U02; PURE_061::llmrei-long::A011::U01; PURE_061::llmrei-long::A011::U02; PURE_061::llmrei-long::A012::U04; PURE_061::llmrei-long::A012::U08,The system shall produce data that is statistically representative. | The system shall produce output that is easy to integrate into existing Gaia processing tools without extensive manual conversion or cleanup. | The system shall provide smooth integration with existing Gaia processing tools to save time for the teams using it. | The generated data shall be consumable by the usual Gaia processing tools. | The generated data shall look enough like real pipeline output that downstream validation and analysis can use it without special handling. | The simulator shall reproduce what the downstream tools expect. | The system shall minimize the amount of manual setup required for large-scale test production users.,,
PURE_061,llmrei-long,PURE_061::llmrei-long,PURE_061::llmrei-long::A004::U07,The system shall produce data that is compatible with the broader Gaia environment as the scientific models change.,8,PURE_061::llmrei-long::A004::U07; PURE_061::llmrei-long::A008::U03; PURE_061::llmrei-long::A011::U03; PURE_061::llmrei-long::A011::U04; PURE_061::llmrei-long::A011::U05; PURE_061::llmrei-long::A011::U06; PURE_061::llmrei-long::A013::U03; PURE_061::llmrei-long::A013::U06,The system shall produce data that is compatible with the broader Gaia environment as the scientific models change. | The system shall be compatible with the broader Gaia environment. | The generated output shall keep its formats aligned with the wider Gaia environment. | The generated output shall keep its metadata aligned with the wider Gaia environment. | The generated output shall keep its basic conventions aligned with the wider Gaia environment. | The generated output shall remain aligned with the wider Gaia environment even as the underlying scientific models change over time. | The system shall produce output in a form that plugs into the existing Gaia workflow. | The tool shall be flexible enough to keep working as the Gaia models and processing environment evolve.,,
PURE_061,llmrei-long,PURE_061::llmrei-long,PURE_061::llmrei-long::A006::U01,"The system shall provide a way to control output size and complexity, enabling generation of anything from small test samples to very large datasets.",2,PURE_061::llmrei-long::A006::U01; PURE_061::llmrei-long::A007::U01,"The system shall provide a way to control output size and complexity, enabling generation of anything from small test samples to very large datasets. | The system shall support configurable output scaling up or down to accommodate different testing needs.",,
PURE_061,llmrei-long,PURE_061::llmrei-long,PURE_061::llmrei-long::A009::U04,The acceptable generation speed shall depend on dataset size.,2,PURE_061::llmrei-long::A009::U04; PURE_061::llmrei-long::A013::U05,The acceptable generation speed shall depend on dataset size. | The tool shall be reasonably fast for large runs.,,
PURE_061,llmrei-long,PURE_061::llmrei-long,PURE_061::llmrei-long::A010::U01,The selectable error models shall cover the main instrument and processing effects that matter for the data product being simulated.,2,PURE_061::llmrei-long::A010::U01; PURE_061::llmrei-long::A013::U02,The selectable error models shall cover the main instrument and processing effects that matter for the data product being simulated. | The system shall produce the expected error behavior.,,
PURE_061,llmrei-long,PURE_061::llmrei-long,PURE_061::llmrei-long::A014::U01,The system shall provide traceability.,6,PURE_061::llmrei-long::A014::U01; PURE_061::llmrei-long::A014::U02; PURE_061::llmrei-long::A014::U03; PURE_061::llmrei-long::A014::U04; PURE_061::llmrei-long::A014::U05; PURE_061::llmrei-long::A014::U06,The system shall provide traceability. | The system shall record which models were used to generate a dataset. | The system shall record which parameters were used to generate a dataset. | The system shall record which software version was used to generate a dataset. | The system shall record generation information so that people can reproduce a dataset. | The system shall record generation information so that people can understand exactly what assumptions went into a dataset.,,
PURE_061,proposed_method,PURE_061::proposed_method,PURE_061::proposed_method::A006::U02,"The simulator should keep track of the exact configuration used for a run, including parameter files and the random seed.",8,PURE_061::proposed_method::A006::U02; PURE_061::proposed_method::A011::U04; PURE_061::proposed_method::A012::U03; PURE_061::proposed_method::A012::U04; PURE_061::proposed_method::A012::U05; PURE_061::proposed_method::A012::U06; PURE_061::proposed_method::A012::U07; PURE_061::proposed_method::A012::U08,"The simulator should keep track of the exact configuration used for a run, including parameter files and the random seed. | The system shall make simulation results traceable back to the configuration that produced them. | The simulator shall preserve the exact configuration used for a run. | The preserved configuration shall include the parameter set version. | The preserved configuration shall include the random seed. | The preserved configuration shall include the processing stage. | The preserved configuration shall include the model versions. | The preserved configuration shall include any key overrides or scenario notes.",,
PURE_061,proposed_method,PURE_061::proposed_method,PURE_061::proposed_method::A006::U04,Configuration artefacts should be versioned in a way that makes it clear which scientific model or error model they belong to.,3,PURE_061::proposed_method::A006::U04; PURE_061::proposed_method::A045::U01; PURE_061::proposed_method::A048::U04,Configuration artefacts should be versioned in a way that makes it clear which scientific model or error model they belong to. | The simulator shall treat scientific models as versioned inputs. | The system must keep a durable reference to the model versions used.,,
PURE_061,proposed_method,PURE_061::proposed_method,PURE_061::proposed_method::A007::U04,The system should allow exporting data for use in the wider processing environment.,3,PURE_061::proposed_method::A007::U04; PURE_061::proposed_method::A007::U05; PURE_061::proposed_method::A014::U03,The system should allow exporting data for use in the wider processing environment. | Exporting should be controlled by approved formats and permissions for sensitive or unpublished scenario data. | The first rollout shall produce outputs that plug into the existing environment.,,
PURE_061,proposed_method,PURE_061::proposed_method,PURE_061::proposed_method::A008::U01,The simulator's default mode should be fast enough for routine testing and iteration.,2,PURE_061::proposed_method::A008::U01; PURE_061::proposed_method::A014::U01,The simulator's default mode should be fast enough for routine testing and iteration. | The first rollout shall let teams generate useful Gaia-like datasets quickly enough to support everyday testing instead of waiting for the full telemetry and mission database chain.,,
PURE_061,proposed_method,PURE_061::proposed_method,PURE_061::proposed_method::A008::U02,The simulator should favor higher scientific fidelity when a run is intended to validate a science model.,3,PURE_061::proposed_method::A008::U02; PURE_061::proposed_method::A008::U03; PURE_061::proposed_method::A008::U04,The simulator should favor higher scientific fidelity when a run is intended to validate a science model. | The simulator should favor higher scientific fidelity when a run is intended to validate an error model. | The simulator should favor higher scientific fidelity when a run is intended to validate a pipeline change that could affect published results.,,
PURE_061,proposed_method,PURE_061::proposed_method,PURE_061::proposed_method::A009::U01,"Even when higher fidelity is used, the simulation stage shall remain practical for interactive use and routine validation.",3,PURE_061::proposed_method::A009::U01; PURE_061::proposed_method::A009::U02; PURE_061::proposed_method::A009::U03,"Even when higher fidelity is used, the simulation stage shall remain practical for interactive use and routine validation. | The simulation stage shall not block users for an unreasonable amount of time. | A configuration that is too slow to be useful for day-to-day testing or repeated scenario exploration shall be considered unacceptable.",,
PURE_061,proposed_method,PURE_061::proposed_method,PURE_061::proposed_method::A010::U03,"If a run is expected to exceed the acceptable runtime threshold, the system shall provide a reduced-fidelity mode as a fallback.",3,PURE_061::proposed_method::A010::U03; PURE_061::proposed_method::A010::U04; PURE_061::proposed_method::A010::U05,"If a run is expected to exceed the acceptable runtime threshold, the system shall provide a reduced-fidelity mode as a fallback. | If a run is expected to exceed the acceptable runtime threshold, the system shall provide a smaller sample as a fallback. | If a run is expected to exceed the acceptable runtime threshold, the system shall provide a staged run that lets people check results incrementally instead of waiting for the full dataset every time.",,
PURE_061,proposed_method,PURE_061::proposed_method,PURE_061::proposed_method::A011::U03,The system shall enable teams to obtain a scientifically credible dataset quickly enough to iterate.,2,PURE_061::proposed_method::A011::U03; PURE_061::proposed_method::A032::U02,The system shall enable teams to obtain a scientifically credible dataset quickly enough to iterate. | The simulation campaign shall produce credible volume quickly enough that users can iterate on science cases instead of spending time on infrastructure.,,
PURE_061,proposed_method,PURE_061::proposed_method,PURE_061::proposed_method::A012::U09,The simulator should keep a run identifier and enough provenance to link the output back to the inputs so that someone else can reproduce or audit the run later.,7,PURE_061::proposed_method::A012::U09; PURE_061::proposed_method::A036::U02; PURE_061::proposed_method::A045::U02; PURE_061::proposed_method::A045::U04; PURE_061::proposed_method::A048::U02; PURE_061::proposed_method::A048::U03; PURE_061::proposed_method::A048::U05,"The simulator should keep a run identifier and enough provenance to link the output back to the inputs so that someone else can reproduce or audit the run later. | After the comparison or validation step is complete, only information needed for traceability shall be retained. | The simulator output shall remain tied to a known model set rather than changing silently underneath users. | The simulator output shall include enough traceability for users to know which model version generated it. | The traceability of each produced result must be unambiguous. | The system must keep a durable reference to the full run settings. | The system must keep a durable reference to any relevant environment or transformation identifiers.",,
PURE_061,proposed_method,PURE_061::proposed_method,PURE_061::proposed_method::A013::U01,"The system shall provide enough guidance for a scientist to select a stage, choose a sensible preset, and run a simulation without understanding all internal mechanics.",2,PURE_061::proposed_method::A013::U01; PURE_061::proposed_method::A013::U02,"The system shall provide enough guidance for a scientist to select a stage, choose a sensible preset, and run a simulation without understanding all internal mechanics. | The system shall provide good defaults.",,
PURE_061,proposed_method,PURE_061::proposed_method,PURE_061::proposed_method::A013::U03,The system shall provide a few guided templates.,4,PURE_061::proposed_method::A013::U03; PURE_061::proposed_method::A013::U04; PURE_061::proposed_method::A013::U05; PURE_061::proposed_method::A013::U06,The system shall provide a few guided templates. | The system shall support guided templates for quick validation use cases. | The system shall support guided templates for scenario comparison use cases. | The system shall support guided templates for representative final-mission sampling use cases.,,
PURE_061,proposed_method,PURE_061::proposed_method,PURE_061::proposed_method::A013::U07,The system shall limit self-service setup when a run changes shared baseline models.,2,PURE_061::proposed_method::A013::U07; PURE_061::proposed_method::A013::U10,"The system shall limit self-service setup when a run changes shared baseline models. | The system shall require a review step or stronger guardrails for runs that change shared baseline models, use experimental parameters, or support a formal deliverable.",,
PURE_061,proposed_method,PURE_061::proposed_method,PURE_061::proposed_method::A014::U05,The workflow shall use more standardized configurations.,4,PURE_061::proposed_method::A014::U05; PURE_061::proposed_method::A014::U06; PURE_061::proposed_method::A033::U03; PURE_061::proposed_method::A033::U04,The workflow shall use more standardized configurations. | The workflow shall rely more on presets and provenance. | The system shall split work into smaller batches when storage or export is the bottleneck. | The system shall use smaller batches to checkpoint progress and reduce the risk of a single large failure when storage or export is the bottleneck.,,
PURE_061,proposed_method,PURE_061::proposed_method,PURE_061::proposed_method::A015::U01,Some core Gaia instrument and pipeline stage names shall stay exact.,4,PURE_061::proposed_method::A015::U01; PURE_061::proposed_method::A015::U02; PURE_061::proposed_method::A015::U04; PURE_061::proposed_method::A015::U05,Some core Gaia instrument and pipeline stage names shall stay exact. | Those exact labels are used as reference points when comparing outputs or discussing process behavior. | Synonyms or abbreviations shall be acceptable only in the user interface or helper text. | Synonyms or abbreviations shall not be used in the underlying saved configuration or exported provenance.,,
PURE_061,proposed_method,PURE_061::proposed_method,PURE_061::proposed_method::A015::U06,"If a stage is renamed over time, the simulator shall preserve the official current label.",3,PURE_061::proposed_method::A015::U06; PURE_061::proposed_method::A015::U07; PURE_061::proposed_method::A016::U03,"If a stage is renamed over time, the simulator shall preserve the official current label. | If needed, the simulator shall map older names carefully so older runs remain understandable. | The preserved output and provenance shall show the official stage name.",,
PURE_061,proposed_method,PURE_061::proposed_method,PURE_061::proposed_method::A016::U01,The system shall accept older names and aliases as input if they clearly map to one current official label.,3,PURE_061::proposed_method::A016::U01; PURE_061::proposed_method::A016::U02; PURE_061::proposed_method::A016::U04,The system shall accept older names and aliases as input if they clearly map to one current official label. | The simulator shall normalize accepted older names and aliases as soon as the run is saved. | The system shall record the legacy term in metadata so users can trace what was entered.,,
PURE_061,proposed_method,PURE_061::proposed_method,PURE_061::proposed_method::A017::U01,The simulator shall preserve a Gaia label as tentative when the label itself is still provisional in the wider Gaia workflow.,4,PURE_061::proposed_method::A017::U01; PURE_061::proposed_method::A017::U03; PURE_061::proposed_method::A047::U01; PURE_061::proposed_method::A049::U01,"The simulator shall preserve a Gaia label as tentative when the label itself is still provisional in the wider Gaia workflow. | The simulator shall keep the legacy form of a Gaia label when the purpose of the run is to reproduce an older analysis exactly as it was done then. | In saved configurations, the simulator shall preserve the label exactly as provided when the provisional or historical form matters to traceability or to reproducing an old run. | The system shall keep the originally recorded label whenever preserving historical meaning or reproducibility matters.",,
PURE_061,proposed_method,PURE_061::proposed_method,PURE_061::proposed_method::A017::U02,The simulator's saved configuration shall reflect the real state of the science model or pipeline vocabulary at the time of the run.,2,PURE_061::proposed_method::A017::U02; PURE_061::proposed_method::A017::U04,"The simulator's saved configuration shall reflect the real state of the science model or pipeline vocabulary at the time of the run. | The simulator shall avoid changing a Gaia label when doing so would make the provenance less faithful, even if the current official name is different.",,
PURE_061,proposed_method,PURE_061::proposed_method,PURE_061::proposed_method::A018::U01,The simulator shall preserve the published interfaces and file layouts that downstream Gaia tools already depend on.,2,PURE_061::proposed_method::A018::U01; PURE_061::proposed_method::A018::U02,"The simulator shall preserve the published interfaces and file layouts that downstream Gaia tools already depend on. | The simulator shall preserve interfaces and file layouts used for ingest, comparison, or archival.",,
PURE_061,proposed_method,PURE_061::proposed_method,PURE_061::proposed_method::A018::U03,"If an older or provisional structure conflicts with the current structure, the default behavior shall support the official current format.",4,PURE_061::proposed_method::A018::U03; PURE_061::proposed_method::A018::U04; PURE_061::proposed_method::A018::U05; PURE_061::proposed_method::A018::U06,"If an older or provisional structure conflicts with the current structure, the default behavior shall support the official current format. | The simulator shall allow an older structure only when the run is explicitly marked as legacy-compatible. | If a conflict could change interpretation of the data, the system shall fail clearly rather than silently adapting. | The simulator shall use versioning and explicit conversion rules rather than hiding differences between structures.",,
PURE_061,proposed_method,PURE_061::proposed_method,PURE_061::proposed_method::A019::U01,Validation tolerances shall be tied to the type of output and the intended use of the run rather than using one universal bound.,5,PURE_061::proposed_method::A019::U01; PURE_061::proposed_method::A019::U02; PURE_061::proposed_method::A019::U03; PURE_061::proposed_method::A019::U04; PURE_061::proposed_method::A019::U05,"Validation tolerances shall be tied to the type of output and the intended use of the run rather than using one universal bound. | Exploratory or representative simulations shall use a reasonable statistical tolerance. | Regression checks and calibration-like comparisons shall use much tighter bounds aligned with the relevant Gaia pipeline stage expectations. | Tolerance shall be effectively disabled or set to near-zero in cases that verify exact schema compatibility, deterministic transforms, or legacy reproduction. | Runs intended to prove bit-for-bit or row-for-row consistency shall treat any deviation as a failure rather than allowing it within a loose validation window.",,
PURE_061,proposed_method,PURE_061::proposed_method,PURE_061::proposed_method::A020::U01,The simulator shall guide users by asking what they want the data to be used for rather than requiring them to think in internal pipeline terms.,7,PURE_061::proposed_method::A020::U01; PURE_061::proposed_method::A020::U02; PURE_061::proposed_method::A020::U03; PURE_061::proposed_method::A020::U04; PURE_061::proposed_method::A020::U05; PURE_061::proposed_method::A020::U06; PURE_061::proposed_method::A020::U07,"The simulator shall guide users by asking what they want the data to be used for rather than requiring them to think in internal pipeline terms. | If the user wants quick algorithm testing, the simulator shall steer them toward an earlier or lighter stage. | If the user wants realistic end-to-end behavior, the simulator shall suggest a later or final-mission stage with the relevant errors included. | The simulator shall base defaults on the most common safe choice for the selected use case. | The simulator shall provide a short explanation of the fidelity gained or lost by moving earlier or later in the chain. | If the stage choice would materially affect interpretation, the simulator shall warn the user before they run. | The simulator shall allow an experienced user to override the stage choice.",,
PURE_061,proposed_method,PURE_061::proposed_method,PURE_061::proposed_method::A021::U03,"If selected models overlap and no valid combination has been defined, the simulator shall treat the models as mutually exclusive.",2,PURE_061::proposed_method::A021::U03; PURE_061::proposed_method::A021::U04,"If selected models overlap and no valid combination has been defined, the simulator shall treat the models as mutually exclusive. | If selected models overlap and no valid combination has been defined, the simulator shall reject the configuration or ask the user to choose one.",,
PURE_061,proposed_method,PURE_061::proposed_method,PURE_061::proposed_method::A022::U01,"If the required inputs are not fully available, the simulator shall stop and mark the run as incomplete rather than producing something that appears finished.",2,PURE_061::proposed_method::A022::U01; PURE_061::proposed_method::A022::U05,"If the required inputs are not fully available, the simulator shall stop and mark the run as incomplete rather than producing something that appears finished. | If possible, the system shall offer the nearest valid partial output separately from the official deliverable.",,
PURE_061,proposed_method,PURE_061::proposed_method,PURE_061::proposed_method::A022::U02,"For downstream handoff, the system shall export only outputs that pass the expected format checks.",2,PURE_061::proposed_method::A022::U02; PURE_061::proposed_method::A022::U03,"For downstream handoff, the system shall export only outputs that pass the expected format checks. | Outputs that do not pass the expected format checks shall be clearly flagged as unusable or provisional so that another tool does not ingest them by mistake.",,
PURE_061,proposed_method,PURE_061::proposed_method,PURE_061::proposed_method::A023::U01,Simulation shall be treated as a normal part of the workflow for cases that already rely on it.,3,PURE_061::proposed_method::A023::U01; PURE_061::proposed_method::A023::U02; PURE_061::proposed_method::A023::U03,Simulation shall be treated as a normal part of the workflow for cases that already rely on it. | Simulation shall be used for testing. | Simulation shall be used for producing representative data.,,
PURE_061,proposed_method,PURE_061::proposed_method,PURE_061::proposed_method::A023::U04,Broader or still-evaluated uses of simulation shall remain tentative.,2,PURE_061::proposed_method::A023::U04; PURE_061::proposed_method::A023::U05,Broader or still-evaluated uses of simulation shall remain tentative. | Broader or still-evaluated uses of simulation shall remain tentative until they have been validated against the current Gaia models and downstream tools.,,
PURE_061,proposed_method,PURE_061::proposed_method,PURE_061::proposed_method::A024::U05,The simulator shall infer safe compatibility choices when the user has already provided the key goal of the run.,2,PURE_061::proposed_method::A024::U05; PURE_061::proposed_method::A024::U10,"The simulator shall infer safe compatibility choices when the user has already provided the key goal of the run. | If the simulator has to guess on scientific-meaning-affecting settings, it shall stop and ask for confirmation instead of filling them in silently.",,
PURE_061,proposed_method,PURE_061::proposed_method,PURE_061::proposed_method::A024::U06,A person shall provide or verify anything that affects scientific meaning.,5,PURE_061::proposed_method::A024::U06; PURE_061::proposed_method::A030::U01; PURE_061::proposed_method::A037::U06; PURE_061::proposed_method::A038::U03; PURE_061::proposed_method::A038::U05,"A person shall provide or verify anything that affects scientific meaning. | Any change to the astrophysical content should always require a person to verify it before output is produced. | The system shall surface and check anything scientific. | If changing a factor would alter which objects are present or how the results should be interpreted, that factor must be kept fixed first. | The factor that changes the scientific meaning anchors the design, and everything else is adjusted around it.",,
PURE_061,proposed_method,PURE_061::proposed_method,PURE_061::proposed_method::A024::U07,A person shall provide or verify special calibration assumptions.,2,PURE_061::proposed_method::A024::U07; PURE_061::proposed_method::A030::U02,A person shall provide or verify special calibration assumptions. | Any change to calibration assumptions should always require a person to verify it before output is produced.,,
PURE_061,proposed_method,PURE_061::proposed_method,PURE_061::proposed_method::A024::U08,A person shall provide or verify unusual source populations.,2,PURE_061::proposed_method::A024::U08; PURE_061::proposed_method::A030::U03,A person shall provide or verify unusual source populations. | Any change to source classification should always require a person to verify it before output is produced.,,
PURE_061,proposed_method,PURE_061::proposed_method,PURE_061::proposed_method::A024::U09,A person shall provide or verify a nonstandard downstream target format.,2,PURE_061::proposed_method::A024::U09; PURE_061::proposed_method::A030::U04,A person shall provide or verify a nonstandard downstream target format. | Any exact error-model application should always require a person to verify it before output is produced.,,
PURE_061,proposed_method,PURE_061::proposed_method,PURE_061::proposed_method::A025::U04,The system shall treat extra metadata as optional.,2,PURE_061::proposed_method::A025::U04; PURE_061::proposed_method::A025::U05,The system shall treat extra metadata as optional. | The system shall treat comments as optional.,,
PURE_061,proposed_method,PURE_061::proposed_method,PURE_061::proposed_method::A025::U08,"If a needed entity is ambiguous or incompatible with the chosen stage or error model, the simulator shall not guess silently.",5,PURE_061::proposed_method::A025::U08; PURE_061::proposed_method::A025::U09; PURE_061::proposed_method::A033::U02; PURE_061::proposed_method::A037::U03; PURE_061::proposed_method::A037::U04,"If a needed entity is ambiguous or incompatible with the chosen stage or error model, the simulator shall not guess silently. | If a needed entity is ambiguous or incompatible with the chosen stage or error model, the simulator shall either ask for a disambiguation or reject the configuration with a clear reason. | The system shall regenerate outputs instead of reusing an intermediate product when input differences affect the error model, processing stage, or downstream interpretation. | If a saved configuration differs from the current scenario in a way that affects output meaning, the system shall not silently reuse it. | If a saved configuration differs from the current scenario in a way that affects output meaning, the system shall either adapt it explicitly or treat it as a new configuration.",,
PURE_061,proposed_method,PURE_061::proposed_method,PURE_061::proposed_method::A026::U01,Anything that will be handed off to another tool or used as an official downstream input shall be treated as a firm requirement.,2,PURE_061::proposed_method::A026::U01; PURE_061::proposed_method::A026::U02,"Anything that will be handed off to another tool or used as an official downstream input shall be treated as a firm requirement. | If an output does not pass the checks, the system shall not treat it as a normal deliverable.",,
PURE_061,proposed_method,PURE_061::proposed_method,PURE_061::proposed_method::A026::U03,The simulator shall keep a provisional record of outputs for inspection or debugging.,3,PURE_061::proposed_method::A026::U03; PURE_061::proposed_method::A026::U04; PURE_061::proposed_method::A036::U01,The simulator shall keep a provisional record of outputs for inspection or debugging. | The provisional record shall be clearly separated from the accepted output. | Provisional or variant outputs shall be kept until the scientific comparison or validation step that depends on them is complete.,,
PURE_061,proposed_method,PURE_061::proposed_method,PURE_061::proposed_method::A026::U05,The provisional record shall be very visibly marked as not safe for downstream use.,2,PURE_061::proposed_method::A026::U05; PURE_061::proposed_method::A028::U04,The provisional record shall be very visibly marked as not safe for downstream use. | The system shall label provisional artifacts as indicating that the run is incomplete and not fit for downstream use.,,
PURE_061,proposed_method,PURE_061::proposed_method,PURE_061::proposed_method::A027::U01,The system shall accept harmless convenience defaults with a warning.,4,PURE_061::proposed_method::A027::U01; PURE_061::proposed_method::A027::U02; PURE_061::proposed_method::A030::U09; PURE_061::proposed_method::A031::U05,The system shall accept harmless convenience defaults with a warning. | The system shall accept a default with a warning when it does not affect the scientific interpretation of the run. | Filling in clearly implied defaults may proceed on their own when the scientific interpretation stays the same. | A change shall be considered within the low-risk limit only if it is truly presentation-only and cannot influence interpretation in any way.,,
PURE_061,proposed_method,PURE_061::proposed_method,PURE_061::proposed_method::A027::U03,"The system shall block uncertain configuration when it changes the meaning of the data, the stage behavior, or the downstream format until someone explicitly verifies it.",4,PURE_061::proposed_method::A027::U03; PURE_061::proposed_method::A027::U05; PURE_061::proposed_method::A030::U10; PURE_061::proposed_method::A031::U04,"The system shall block uncertain configuration when it changes the meaning of the data, the stage behavior, or the downstream format until someone explicitly verifies it. | The system shall require confirmation before the run can proceed for anything nonstandard or scientifically consequential. | If there is any doubt about whether the meaning changes, the case should be treated as needing verification. | Filling a missing default shall be checked whenever that default could change which stage variant downstream users think they are getting.",,
PURE_061,proposed_method,PURE_061::proposed_method,PURE_061::proposed_method::A027::U04,"The system shall allow defaults for low-risk, standard items.",4,PURE_061::proposed_method::A027::U04; PURE_061::proposed_method::A030::U06; PURE_061::proposed_method::A030::U07; PURE_061::proposed_method::A030::U08,"The system shall allow defaults for low-risk, standard items. | Formatting conveniences may proceed on their own as low-risk cases. | File naming may proceed on their own as low-risk cases. | Ordering may proceed on their own as low-risk cases.",,
PURE_061,proposed_method,PURE_061::proposed_method,PURE_061::proposed_method::A028::U01,The system shall prevent the run from being marked successful when required inputs are missing or incomplete.,3,PURE_061::proposed_method::A028::U01; PURE_061::proposed_method::A035::U01; PURE_061::proposed_method::A035::U03,"The system shall prevent the run from being marked successful when required inputs are missing or incomplete. | Storage capacity shall be treated as a hard stop. | If storage capacity or a risky quota limit is reached, the campaign shall stop or be split before continuing.",,
PURE_061,proposed_method,PURE_061::proposed_method,PURE_061::proposed_method::A028::U02,The system shall display a clear error message that lists exactly what is missing or incomplete.,5,PURE_061::proposed_method::A028::U02; PURE_061::proposed_method::A028::U05; PURE_061::proposed_method::A028::U06; PURE_061::proposed_method::A028::U07; PURE_061::proposed_method::A028::U08,"The system shall display a clear error message that lists exactly what is missing or incomplete. | The system shall include enough detail in the report to help someone fix the issue quickly. | The report shall identify which entity failed. | The report shall identify what stage the problem affected. | The report shall indicate whether the problem is a missing input, a bad combination, or a format mismatch.",,
PURE_061,proposed_method,PURE_061::proposed_method,PURE_061::proposed_method::A028::U03,The system shall save usable partial results separately as provisional artifacts.,2,PURE_061::proposed_method::A028::U03; PURE_061::proposed_method::A032::U07,The system shall save usable partial results separately as provisional artifacts. | The system shall support keeping provisional outputs and multiple variants for comparison.,,
PURE_061,proposed_method,PURE_061::proposed_method,PURE_061::proposed_method::A029::U01,The system shall stop and ask for confirmation if an auto-filled choice would narrow the run to only certain downstream products.,3,PURE_061::proposed_method::A029::U01; PURE_061::proposed_method::A029::U02; PURE_061::proposed_method::A030::U05,The system shall stop and ask for confirmation if an auto-filled choice would narrow the run to only certain downstream products. | The system shall stop and ask for confirmation if an auto-filled choice depends on a processing variant that is not explicitly intended. | Any change to which Gaia processing variant or downstream product the data is meant to support should always require a person to verify it before output is produced.,,
PURE_061,proposed_method,PURE_061::proposed_method,PURE_061::proposed_method::A037::U01,The system shall select the latest approved version that matches the intended processing stage and science use case.,2,PURE_061::proposed_method::A037::U01; PURE_061::proposed_method::A045::U06,"The system shall select the latest approved version that matches the intended processing stage and science use case. | Model evolution shall be explicit and managed, not automatic and surprising.",,
PURE_061,proposed_method,PURE_061::proposed_method,PURE_061::proposed_method::A047::U02,The simulator shall normalize a label only when there is a clearly defined canonical form required by downstream tools and normalization does not lose information about the original label.,3,PURE_061::proposed_method::A047::U02; PURE_061::proposed_method::A049::U02; PURE_061::proposed_method::A049::U03,"The simulator shall normalize a label only when there is a clearly defined canonical form required by downstream tools and normalization does not lose information about the original label. | The system shall map a label to a canonical form if downstream Gaia tools need the canonical label to function correctly. | When mapping a label to a canonical form, the system shall preserve the original value and not destroy it.",,
PURE_061,sparkme,PURE_061::sparkme,PURE_061::sparkme::A001::U01,"Gaia users shall be able to obtain realistic synthetic data for testing, validation, and development without running the full mission pipeline each time.",6,PURE_061::sparkme::A001::U01; PURE_061::sparkme::A002::U01; PURE_061::sparkme::A002::U05; PURE_061::sparkme::A007::U01; PURE_061::sparkme::A007::U02; PURE_061::sparkme::A007::U03,"Gaia users shall be able to obtain realistic synthetic data for testing, validation, and development without running the full mission pipeline each time. | The system shall enable users to generate large datasets much faster than the full pipeline would allow. | The system shall be used by the core Gaia processing teams as their standard way to prototype and validate changes instead of relying on bespoke scripts. | A simulation run shall be triggered when synthetic data is needed for a study. | A simulation run shall be triggered when synthetic data is needed for a validation exercise. | A simulation run shall be triggered when synthetic data is needed to assess the effect of a change in the processing chain or error model.",,
PURE_061,sparkme,PURE_061::sparkme,PURE_061::sparkme::A001::U02,The system shall generate datasets through a method that is faster and lighter than the normal telemetry and mission-database chain for quick iteration.,2,PURE_061::sparkme::A001::U02; PURE_061::sparkme::A023::U01,The system shall generate datasets through a method that is faster and lighter than the normal telemetry and mission-database chain for quick iteration. | The Gaia Object Generator shall be designed as a batch-oriented pipeline.,,
PURE_061,sparkme,PURE_061::sparkme,PURE_061::sparkme::A001::U03,"The simulator shall support producing catalog-level, auxiliary, intermediate, and final-mission-like data.",4,PURE_061::sparkme::A001::U03; PURE_061::sparkme::A008::U04; PURE_061::sparkme::A027::U04; PURE_061::sparkme::A027::U05,"The simulator shall support producing catalog-level, auxiliary, intermediate, and final-mission-like data. | The simulator shall produce the requested data products in the format needed by the Gaia tools. | The system shall separate approved outputs from incomplete outputs. | The system shall make approved and incomplete outputs hard to confuse by writing them to different locations or by using clearly distinct filenames.",,
PURE_061,sparkme,PURE_061::sparkme,PURE_061::sparkme::A001::U04,The data produced by the simulator shall be statistically representative and compatible with the rest of the Gaia processing environment.,9,PURE_061::sparkme::A001::U04; PURE_061::sparkme::A002::U04; PURE_061::sparkme::A006::U01; PURE_061::sparkme::A006::U02; PURE_061::sparkme::A006::U11; PURE_061::sparkme::A007::U06; PURE_061::sparkme::A008::U05; PURE_061::sparkme::A017::U09; PURE_061::sparkme::A017::U11,"The data produced by the simulator shall be statistically representative and compatible with the rest of the Gaia processing environment. | The system shall produce outputs that match the expected statistical properties closely enough for downstream Gaia tools to accept them without special treatment. | The Gaia Object Generator shall ensure compatibility with the wider Gaia processing environment. | The Gaia Object Generator outputs shall fit into existing downstream tools and data formats without requiring extra conversion work. | The Gaia Object Generator shall provide smooth handoff into the existing Gaia toolchain. | After data is generated, it shall typically be handed over to downstream Gaia processing tools or shared with the relevant team for comparison against expectations and reference results. | The team shall check the outputs for statistical realism and basic correctness once the outputs are available. | The system shall respect project standards for reproducibility. | The system shall respect project standards for data product compatibility.",,
PURE_061,sparkme,PURE_061::sparkme,PURE_061::sparkme::A002::U02,The system shall handle mission-sized or near-mission-sized synthetic runs.,2,PURE_061::sparkme::A002::U02; PURE_061::sparkme::A023::U02,The system shall handle mission-sized or near-mission-sized synthetic runs. | The Gaia Object Generator shall not attempt to hold the entire mission dataset in memory at once.,,
PURE_061,sparkme,PURE_061::sparkme,PURE_061::sparkme::A003::U01,The simulator’s outputs shall be evaluated through manual benchmarking and scientific validation by the users who consume the data.,3,PURE_061::sparkme::A003::U01; PURE_061::sparkme::A003::U03; PURE_061::sparkme::A003::U06,"The simulator’s outputs shall be evaluated through manual benchmarking and scientific validation by the users who consume the data. | Teams shall review whether downstream tools behave as expected. | When something looks off, feedback shall be communicated through direct conversations and reruns with adjusted models.",,
PURE_061,sparkme,PURE_061::sparkme,PURE_061::sparkme::A004::U01,The primary users of the Gaia Object Generator are Gaia science-processing developers and analysts who need synthetic data for testing or model studies.,3,PURE_061::sparkme::A004::U01; PURE_061::sparkme::A005::U02; PURE_061::sparkme::A007::U04,The primary users of the Gaia Object Generator are Gaia science-processing developers and analysts who need synthetic data for testing or model studies. | The system shall support science users who need a realistic dataset for a specific analysis or validation task and a simpler workflow. | A simulation run shall be initiated by a developer or analyst.,,
PURE_061,sparkme,PURE_061::sparkme,PURE_061::sparkme::A004::U03,"A smaller technical group shall set the processing stage, choose the error models, and tune the run.",2,PURE_061::sparkme::A004::U03; PURE_061::sparkme::A008::U01,"A smaller technical group shall set the processing stage, choose the error models, and tune the run. | The system shall support choosing the processing stage and setting the relevant error models and other run parameters.",,
PURE_061,sparkme,PURE_061::sparkme,PURE_061::sparkme::A005::U01,"The system shall support advanced developers and simulation specialists who need fine control over inputs, models, and performance.",4,PURE_061::sparkme::A005::U01; PURE_061::sparkme::A005::U03; PURE_061::sparkme::A006::U09; PURE_061::sparkme::A023::U08,"The system shall support advanced developers and simulation specialists who need fine control over inputs, models, and performance. | The system shall provide flexibility for specialists. | The system shall allow power users to control parameters. | The Gaia Object Generator shall keep memory use under control.",,
PURE_061,sparkme,PURE_061::sparkme,PURE_061::sparkme::A005::U04,The system shall provide traceability for specialists.,8,PURE_061::sparkme::A005::U04; PURE_061::sparkme::A006::U03; PURE_061::sparkme::A006::U04; PURE_061::sparkme::A006::U05; PURE_061::sparkme::A006::U06; PURE_061::sparkme::A006::U07; PURE_061::sparkme::A017::U03; PURE_061::sparkme::A017::U10,The system shall provide traceability for specialists. | The Gaia Object Generator shall provide traceability for generated datasets. | The system shall record which processing stage produced a given dataset. | The system shall record which error model produced a given dataset. | The system shall record which configuration produced a given dataset. | The recorded provenance information shall support later reproduction of results. | The system shall support access control. | The system shall respect project standards for documentation.,,
PURE_061,sparkme,PURE_061::sparkme,PURE_061::sparkme::A005::U05,The system shall support batch automation for specialists.,2,PURE_061::sparkme::A005::U05; PURE_061::sparkme::A006::U08,The system shall support batch automation for specialists. | The system shall support batch execution for power users.,,
PURE_061,sparkme,PURE_061::sparkme,PURE_061::sparkme::A005::U06,The system shall enable science users to get the right data products quickly with minimal setup.,3,PURE_061::sparkme::A005::U06; PURE_061::sparkme::A005::U08; PURE_061::sparkme::A006::U10,The system shall enable science users to get the right data products quickly with minimal setup. | The system shall provide a guided way to run common scenarios. | The system shall provide a straightforward way for science users to select a scenario and generate data without needing to learn internal details.,,
PURE_061,sparkme,PURE_061::sparkme,PURE_061::sparkme::A008::U02,The system shall support preparation of the input catalog or source description before simulation execution.,3,PURE_061::sparkme::A008::U02; PURE_061::sparkme::A008::U03; PURE_061::sparkme::A023::U03,"The system shall support preparation of the input catalog or source description before simulation execution. | The simulator shall run a generation step after the input catalog or source description is prepared. | The Gaia Object Generator shall partition work by object groups, time windows, or processing stages.",,
PURE_061,sparkme,PURE_061::sparkme,PURE_061::sparkme::A008::U07,"If the results do not look right, the team shall adjust the configuration or models and rerun the simulation.",2,PURE_061::sparkme::A008::U07; PURE_061::sparkme::A008::U08,"If the results do not look right, the team shall adjust the configuration or models and rerun the simulation. | Iteration shall be treated as a normal part of the simulation process.",,
PURE_061,sparkme,PURE_061::sparkme,PURE_061::sparkme::A009::U01,"The system shall preserve the full run configuration alongside the output so users can see which stage, model version, and parameter set were used.",10,PURE_061::sparkme::A009::U01; PURE_061::sparkme::A009::U02; PURE_061::sparkme::A009::U03; PURE_061::sparkme::A009::U04; PURE_061::sparkme::A009::U05; PURE_061::sparkme::A010::U06; PURE_061::sparkme::A010::U07; PURE_061::sparkme::A010::U09; PURE_061::sparkme::A010::U10; PURE_061::sparkme::A010::U11,"The system shall preserve the full run configuration alongside the output so users can see which stage, model version, and parameter set were used. | The system shall store metadata with the dataset. | The system shall keep configuration files or run recipes in a place where they can be recovered later. | A run shall always be tied to the version of the simulator and the error models that produced it. | The system shall allow someone to reconstruct a run well enough to compare it or repeat it later. | The system shall provide enough metadata and archived run parameters to recreate the same conditions later. | The system shall support recreation of the same conditions later even if the default models in the system have changed. | The system shall preserve the execution environment as much as possible. | The system shall maintain a unique run identifier that links outputs back to the full provenance record. | If something has changed since the original run, the system shall still let users audit what was done.",,
PURE_061,sparkme,PURE_061::sparkme,PURE_061::sparkme::A010::U01,Every dataset shall be tied to an immutable record of the exact simulator version used to produce it.,10,PURE_061::sparkme::A010::U01; PURE_061::sparkme::A010::U02; PURE_061::sparkme::A010::U03; PURE_061::sparkme::A010::U04; PURE_061::sparkme::A010::U05; PURE_061::sparkme::A010::U08; PURE_061::sparkme::A017::U04; PURE_061::sparkme::A027::U01; PURE_061::sparkme::A027::U02; PURE_061::sparkme::A028::U04,"Every dataset shall be tied to an immutable record of the exact simulator version used to produce it. | Every dataset shall be tied to an immutable record of the configuration used to produce it. | Every dataset shall be tied to an immutable record of the input catalog used to produce it. | Every dataset shall be tied to an immutable record of the processing stage used to produce it. | Every dataset shall be tied to an immutable record of the error model versions used to produce it. | The system shall keep versioned model artifacts. | The system shall support release labeling. | Outputs shall be explicitly stamped with a run status and quality metadata so a user can tell immediately whether the product is complete, partial, or invalid for science use. | If a run fails or only completes partway, the generated files shall carry that status in the metadata and in the surrounding job report. | The system shall embed metadata in the output so users can see the run status when inspecting the output or passing it to another tool.",,
PURE_061,sparkme,PURE_061::sparkme,PURE_061::sparkme::A011::U01,Most metadata and run records are managed through the existing Gaia processing environment.,5,PURE_061::sparkme::A011::U01; PURE_061::sparkme::A011::U02; PURE_061::sparkme::A011::U03; PURE_061::sparkme::A027::U06; PURE_061::sparkme::A030::U07,"Most metadata and run records are managed through the existing Gaia processing environment. | Run recipes, logs, and output metadata are stored alongside the generated products rather than in a separate system. | Users typically retrieve configuration and model references by going back through the dataset identifier or the run record. | The system shall provide downstream tools and users with an unambiguous signal when an output is not to be trusted as a final scientific product unless it has passed the required validation. | The notifications shall help prevent accidental reuse of incomplete data.",,
PURE_061,sparkme,PURE_061::sparkme,PURE_061::sparkme::A012::U01,The Gaia Object Generator should not depend on previous runs in any hidden way.,7,PURE_061::sparkme::A012::U01; PURE_061::sparkme::A012::U02; PURE_061::sparkme::A012::U03; PURE_061::sparkme::A012::U04; PURE_061::sparkme::A012::U05; PURE_061::sparkme::A012::U06; PURE_061::sparkme::A012::U09,The Gaia Object Generator should not depend on previous runs in any hidden way. | Any state that matters should come from the explicit inputs for the current run. | The explicit inputs for a run should include the chosen configuration. | The explicit inputs for a run should include the input catalog. | The explicit inputs for a run should include model versions. | The explicit inputs for a run should include the random seed when randomness is involved. | Error handling and restart behavior should be controlled so that a failed run does not contaminate the next run.,,
PURE_061,sparkme,PURE_061::sparkme,PURE_061::sparkme::A012::U07,"If caching or intermediate reuse is used for performance, it should be transparent.",3,PURE_061::sparkme::A012::U07; PURE_061::sparkme::A012::U08; PURE_061::sparkme::A023::U06,"If caching or intermediate reuse is used for performance, it should be transparent. | If caching or intermediate reuse is used for performance, it should not change the scientific result. | The Gaia Object Generator shall cache shared reference data locally and minimize heavy intermediate products.",,
PURE_061,sparkme,PURE_061::sparkme,PURE_061::sparkme::A013::U01,The system should handle bad input data as a common problem during simulation runs.,4,PURE_061::sparkme::A013::U01; PURE_061::sparkme::A013::U05; PURE_061::sparkme::A013::U06; PURE_061::sparkme::A013::U07,The system should handle bad input data as a common problem during simulation runs. | The system should stop the run cleanly when these problems occur. | The system should write out a useful error log when these problems occur. | The system should report enough context for the user to fix the setup rather than silently producing questionable output.,,
PURE_061,sparkme,PURE_061::sparkme,PURE_061::sparkme::A014::U01,"Each run shall use its own isolated workspace or run directory so that intermediate files, logs, and outputs are not mixed with another execution.",2,PURE_061::sparkme::A014::U01; PURE_061::sparkme::A024::U02,"Each run shall use its own isolated workspace or run directory so that intermediate files, logs, and outputs are not mixed with another execution. | The system shall keep all transient state within the run’s workspace.",,
PURE_061,sparkme,PURE_061::sparkme,PURE_061::sparkme::A014::U02,"If caching is used, the cache shall be keyed on the exact input and model versions.",6,PURE_061::sparkme::A014::U02; PURE_061::sparkme::A014::U03; PURE_061::sparkme::A016::U03; PURE_061::sparkme::A016::U04; PURE_061::sparkme::A021::U01; PURE_061::sparkme::A021::U02,"If caching is used, the cache shall be keyed on the exact input and model versions. | If caching is used, it shall be treated only as an optimization and shall not change the scientific content of the run. | Any cache used by the system shall be deterministic and versioned against the exact model, configuration, and seed. | A cache that is not deterministic and versioned against the exact model, configuration, and seed shall be considered unsafe and ignored. | The cache key shall be tied to the exact inputs that affect the result. | The cache key shall include the object set, processing stage, error model, random seed, code version, and scientific model version.",,
PURE_061,sparkme,PURE_061::sparkme,PURE_061::sparkme::A014::U04,"For restarts or partial failures, the system shall resume only from well-defined checkpoints and record this in the provenance.",4,PURE_061::sparkme::A014::U04; PURE_061::sparkme::A014::U05; PURE_061::sparkme::A016::U05; PURE_061::sparkme::A016::U06,"For restarts or partial failures, the system shall resume only from well-defined checkpoints and record this in the provenance. | The provenance shall make it clear what was recomputed and what was reused. | If a run is restarted after a partial failure, it shall resume only from checkpointed artifacts that are validated and recorded. | The system shall clearly mark what was recomputed versus reused during a restarted run.",,
PURE_061,sparkme,PURE_061::sparkme,PURE_061::sparkme::A014::U06,"If a run cannot be resumed safely, the system shall discard the partial results and start again rather than risk contaminating the final dataset.",2,PURE_061::sparkme::A014::U06; PURE_061::sparkme::A016::U07,"If a run cannot be resumed safely, the system shall discard the partial results and start again rather than risk contaminating the final dataset. | When resuming from partial failure cannot be guaranteed, the system should discard the partial state and rerun the simulation cleanly.",,
PURE_061,sparkme,PURE_061::sparkme,PURE_061::sparkme::A015::U01,Failures should be isolated to the affected run.,2,PURE_061::sparkme::A015::U01; PURE_061::sparkme::A015::U02,Failures should be isolated to the affected run. | A problem in one simulation must not damage other datasets or the broader processing environment.,,
PURE_061,sparkme,PURE_061::sparkme,PURE_061::sparkme::A015::U04,The system should keep partial output clearly marked so it is not mistaken for a finished product.,3,PURE_061::sparkme::A015::U04; PURE_061::sparkme::A016::U01; PURE_061::sparkme::A016::U02,"The system should keep partial output clearly marked so it is not mistaken for a finished product. | Each simulation run shall be treated as a self-contained job with its own workspace, inputs, outputs, and provenance record. | Nothing from a prior simulation run shall leak into a new run unless it is explicitly declared as reused.",,
PURE_061,sparkme,PURE_061::sparkme,PURE_061::sparkme::A017::U02,The system shall support provenance tracking.,6,PURE_061::sparkme::A017::U02; PURE_061::sparkme::A019::U11; PURE_061::sparkme::A025::U07; PURE_061::sparkme::A033::U05; PURE_061::sparkme::A034::U08; PURE_061::sparkme::A038::U12,"The system shall support provenance tracking. | Provenance metadata shall record whether any outputs came from a resumed execution. | The system shall log every change to the working data side for traceability. | If the processing environment cannot be pinned, enough provenance should be recorded for users to trace exactly how a dataset was produced. | Smooth transitions shall use strong provenance in the metadata. | The system shall integrate with the normal Gaia logs and provenance metadata.",,
PURE_061,sparkme,PURE_061::sparkme,PURE_061::sparkme::A017::U06,The system shall allow the community to trace what was generated.,3,PURE_061::sparkme::A017::U06; PURE_061::sparkme::A017::U07; PURE_061::sparkme::A017::U08,The system shall allow the community to trace what was generated. | The system shall allow the community to trace which model was used to generate outputs. | The system shall allow the community to trace under what policy outputs were generated.,,
PURE_061,sparkme,PURE_061::sparkme,PURE_061::sparkme::A018::U01,Each simulation run shall have its own directory tree.,6,PURE_061::sparkme::A018::U01; PURE_061::sparkme::A018::U02; PURE_061::sparkme::A018::U03; PURE_061::sparkme::A018::U04; PURE_061::sparkme::A018::U05; PURE_061::sparkme::A018::U06,Each simulation run shall have its own directory tree. | Each run directory tree shall use a unique run identifier. | Temporary files shall stay under the run-specific namespace. | Logs shall stay under the run-specific namespace. | Checkpoints shall stay under the run-specific namespace. | Final products shall stay under the run-specific namespace.,,
PURE_061,sparkme,PURE_061::sparkme,PURE_061::sparkme::A018::U07,A separate run directory shall make cleanup safer by allowing one run to be inspected or deleted without affecting another run.,3,PURE_061::sparkme::A018::U07; PURE_061::sparkme::A018::U08; PURE_061::sparkme::A018::U09,A separate run directory shall make cleanup safer by allowing one run to be inspected or deleted without affecting another run. | A separate run directory shall make auditability safer by allowing one run to be inspected or deleted without affecting another run. | A separate run directory shall make reruns safer by allowing one run to be inspected or deleted without affecting another run.,,
PURE_061,sparkme,PURE_061::sparkme,PURE_061::sparkme::A018::U10,"Shared resources needed by a run, such as reference models or static lookup tables, shall be read-only and version-pinned.",2,PURE_061::sparkme::A018::U10; PURE_061::sparkme::A025::U01,"Shared resources needed by a run, such as reference models or static lookup tables, shall be read-only and version-pinned. | Reference models and shared inputs shall be read-only from the perspective of a simulation run.",,
PURE_061,sparkme,PURE_061::sparkme,PURE_061::sparkme::A019::U01,The system shall write checkpoints at well-defined boundaries in the workflow.,6,PURE_061::sparkme::A019::U01; PURE_061::sparkme::A019::U02; PURE_061::sparkme::A019::U03; PURE_061::sparkme::A019::U04; PURE_061::sparkme::A019::U05; PURE_061::sparkme::A019::U10,The system shall write checkpoints at well-defined boundaries in the workflow. | The system shall write checkpoints after a major processing stage or after a batch of objects. | The system shall support restarts that resume from a stable checkpoint point instead of arbitrary in-memory state. | The system shall version and validate checkpoint files. | The system shall treat checkpoint files as invalid and prevent their reuse when the model or code changes underneath them. | Provenance metadata shall record checkpoint points.,,
PURE_061,sparkme,PURE_061::sparkme,PURE_061::sparkme::A019::U06,Provenance metadata shall record the run ID.,4,PURE_061::sparkme::A019::U06; PURE_061::sparkme::A019::U07; PURE_061::sparkme::A019::U08; PURE_061::sparkme::A019::U09,Provenance metadata shall record the run ID. | Provenance metadata shall record input versions. | Provenance metadata shall record the seed. | Provenance metadata shall record the code version.,,
PURE_061,sparkme,PURE_061::sparkme,PURE_061::sparkme::A025::U02,The simulator shall work on copies or mounted snapshots rather than the authoritative source.,2,PURE_061::sparkme::A025::U02; PURE_061::sparkme::A025::U06,"The simulator shall work on copies or mounted snapshots rather than the authoritative source. | For mission-critical or broadly shared data, the system shall strictly separate mutable working data from protected reference data.",,
PURE_061,sparkme,PURE_061::sparkme,PURE_061::sparkme::A028::U01,The system shall indicate that output files only cover part of the requested interval when a long mission-sized run is interrupted near the end.,2,PURE_061::sparkme::A028::U01; PURE_061::sparkme::A036::U04,The system shall indicate that output files only cover part of the requested interval when a long mission-sized run is interrupted near the end. | The system shall indicate whether the output is partial.,,
PURE_061,sparkme,PURE_061::sparkme,PURE_061::sparkme::A029::U01,The system should provide a run dashboard as the main interface for monitoring runs.,2,PURE_061::sparkme::A029::U01; PURE_061::sparkme::A038::U01,The system should provide a run dashboard as the main interface for monitoring runs. | The system shall provide a run-status dashboard.,,
PURE_061,sparkme,PURE_061::sparkme,PURE_061::sparkme::A029::U02,"The run dashboard should show job state, progress, validation status, and whether outputs are safe to use.",4,PURE_061::sparkme::A029::U02; PURE_061::sparkme::A038::U02; PURE_061::sparkme::A038::U03; PURE_061::sparkme::A038::U04,"The run dashboard should show job state, progress, validation status, and whether outputs are safe to use. | The run-status dashboard shall show the processing stage for a run. | The run-status dashboard shall show pass or fail state. | The run-status dashboard shall show a quick health summary for each major step.",,
PURE_061,sparkme,PURE_061::sparkme,PURE_061::sparkme::A029::U05,"If the system provides automated interfaces, they should let users drill into the failure reason, identify the failed stage, and quickly find the affected output location.",4,PURE_061::sparkme::A029::U05; PURE_061::sparkme::A038::U05; PURE_061::sparkme::A038::U06; PURE_061::sparkme::A038::U07,"If the system provides automated interfaces, they should let users drill into the failure reason, identify the failed stage, and quickly find the affected output location. | The system shall allow users to drill down from a failed run to the exact records involved. | The system shall allow users to drill down from a failed run to the parameters involved. | The system shall allow users to drill down from a failed run to the model versions involved.",,
PURE_061,sparkme,PURE_061::sparkme,PURE_061::sparkme::A031::U06,The system shall provide a documented conversion path so users can regenerate or translate data safely.,2,PURE_061::sparkme::A031::U06; PURE_061::sparkme::A032::U08,The system shall provide a documented conversion path so users can regenerate or translate data safely. | The system shall provide a documented conversion path when compatibility cannot be maintained.,,
PURE_061,sparkme,PURE_061::sparkme,PURE_061::sparkme::A032::U01,The system shall preserve scientific meaning when migrating an older output structure to a new one.,2,PURE_061::sparkme::A032::U01; PURE_061::sparkme::A032::U09,The system shall preserve scientific meaning when migrating an older output structure to a new one. | The system shall make it obvious when a migrated product should be treated as approximate rather than as a faithful substitute.,,
PURE_061,sparkme,PURE_061::sparkme,PURE_061::sparkme::A034::U01,A new release of the Gaia Object Generator shall preserve the ability to read or at least interpret older outputs for a defined support window.,3,PURE_061::sparkme::A034::U01; PURE_061::sparkme::A034::U07; PURE_061::sparkme::A034::U09,A new release of the Gaia Object Generator shall preserve the ability to read or at least interpret older outputs for a defined support window. | Smooth transitions shall keep both versions available for a while. | The interface shall provide a clear signal when a product was generated with an older schema or model.,,
PURE_061,sparkme,PURE_061::sparkme,PURE_061::sparkme::A034::U05,A release shall include release notes that explain what changed scientifically and operationally.,2,PURE_061::sparkme::A034::U05; PURE_061::sparkme::A035::U04,A release shall include release notes that explain what changed scientifically and operationally. | The system shall communicate changes especially when a release affects output schemas or scientific assumptions.,,
PURE_061,sparkme,PURE_061::sparkme,PURE_061::sparkme::A036::U03,The system shall identify the likely cause of the failure.,2,PURE_061::sparkme::A036::U03; PURE_061::sparkme::A038::U08,The system shall identify the likely cause of the failure. | The system shall support diagnosis of whether a problem is isolated or systemic.,,
PURE_061,sparkme,PURE_061::sparkme,PURE_061::sparkme::A037::U07,"The system shall provide a link or drill-down to logs, traces, or affected records.",3,PURE_061::sparkme::A037::U07; PURE_061::sparkme::A038::U13; PURE_061::sparkme::A038::U14,"The system shall provide a link or drill-down to logs, traces, or affected records. | The alert screen shall support jumping directly to the underlying trace. | The alert screen shall support jumping directly to the configuration snapshot.",,
