requirement_id,type,statement,status,evidence_summary,decision,revised_type,revised_statement,revised_status,revised_evidence_json,notes
SC-001,scope_context,SPRAT is a collaborative workbench for aligning web-system requirements with privacy and security policies.,stated,"[initial_requirement:INITIAL_REQUIREMENTS] Requirements and privacy analysts need SPRAT, a collaborative workbench for aligning web-system requirements with privacy and security policies. Users should be able to capture goals, scenarios, policies, requirements, and legal-compliance information; trace goals back to their source policies; organize them with flexible classifications; and compare analyses produced by different people. Access should vary for administrators, project managers, analysts, and guests.",accept,,,,,
SC-002,scope_context,"SPRAT is intended for use during requirements and analysis work before design is finalized, and it remains useful during review, change impact analysis, and compliance checks.",stated,"[interview_turn:T018] We’d expect it to be used very early, during requirements and analysis work, before design is finalized. That’s when people are identifying goals, mapping policies, and shaping the initial requirements set.
Later on, it would still be useful during review, change impact analysis, and compliance checks, but probably less for day-to-day implementation work. If a project is closed or fully handed over, usage would likely taper off except for audits or lessons learned.",accept,,,,,
AK-001,stakeholder_actor,"The system shall support administrators, project managers, analysts, and guests with role-appropriate access.",stated,"[initial_requirement:INITIAL_REQUIREMENTS] Requirements and privacy analysts need SPRAT, a collaborative workbench for aligning web-system requirements with privacy and security policies. Users should be able to capture goals, scenarios, policies, requirements, and legal-compliance information; trace goals back to their source policies; organize them with flexible classifications; and compare analyses produced by different people. Access should vary for administrators, project managers, analysts, and guests.; [interview_turn:T020] For day one, the core scenarios are capturing goals, policies, scenarios, and requirements; linking them together so the rationale is traceable; and letting people compare two analyses side by side. We also need the basic role-based access so administrators, project managers, analysts, and guests can each do the right level of work.
What can wait are the nicer workflow features, automation, and deeper reporting. The first release has to prove that teams can organize the analysis, review it, and trust the traceability without needing extra bells and whistles.; [interview_turn:T058] Project managers should be able to review, comment, compare analyses, and check traceability, but they shouldn’t have unrestricted editing unless that’s part of their role on the project. Guests should be read-only, so they can view approved materials and maybe compare published analyses if allowed, but not change anything or see restricted details.
I’d also block guests from viewing sensitive notes, draft legal-compliance information, and any unapproved trace links unless the project owner explicitly grants access.; [interview_turn:T068] Yes, role should absolutely affect it. Analysts and project managers can usually generate the full internal exports, while guests should only be able to access approved, redacted versions if they get export access at all. Administrators would have the broadest access, especially for audit or compliance purposes.
The level of detail should drop automatically for lower roles, so things like draft comments, sensitive source links, and personal data are excluded. In some cases, the role should block export entirely if the user is trying to pull something classified above their clearance or outside their project scope.",accept,,,,,
FR-001,functional_requirement,"The system shall allow users to capture goals, scenarios, policies, requirements, and legal-compliance information.",stated,"[initial_requirement:INITIAL_REQUIREMENTS] Requirements and privacy analysts need SPRAT, a collaborative workbench for aligning web-system requirements with privacy and security policies. Users should be able to capture goals, scenarios, policies, requirements, and legal-compliance information; trace goals back to their source policies; organize them with flexible classifications; and compare analyses produced by different people. Access should vary for administrators, project managers, analysts, and guests.; [interview_turn:T020] For day one, the core scenarios are capturing goals, policies, scenarios, and requirements; linking them together so the rationale is traceable; and letting people compare two analyses side by side. We also need the basic role-based access so administrators, project managers, analysts, and guests can each do the right level of work.
What can wait are the nicer workflow features, automation, and deeper reporting. The first release has to prove that teams can organize the analysis, review it, and trust the traceability without needing extra bells and whistles.; [interview_turn:T024] At a minimum, each item needs a clear title or name and a description so people know what it is and why it exists. For requirements and policies, we’d also want source or justification information, and for scenarios we’d expect the actor, trigger, and outcome to be captured somehow.
I’m not sure we’ve fully nailed down special validation rules yet, but I’d expect the tool to require trace links where a requirement claims to come from a policy, and to flag missing or inconsistent classifications rather than silently accepting them.; [interview_turn:T074] For the first release, I’d keep the should-have set to the core collaboration and traceability functions: capturing goals, scenarios, policies, requirements, and compliance notes; linking them together; classifying them flexibly; and comparing analyses from different people. Basic access control by role is also part of that, because without it the rest doesn’t really hold up.
A capability should stay out of that category if it adds a lot of complexity, depends on external systems we’re not ready to integrate, or mainly serves a niche workflow. If it would delay the first usable version or create more risk than value, I’d treat it as a later enhancement.",accept,,,,,
FR-002,functional_requirement,"The system shall allow users to link requirements, goals, policies, scenarios, and derived analyses so that the rationale is traceable.",stated,"[interview_turn:T002] The main outcome is that analysts can produce a clear, traceable set of requirements that shows how web-system features line up with security and privacy obligations. In practice, that means we can point from a requirement or goal back to the source policy or legal rule, and we can see that nothing important was missed.
It would be meeting expectations if different people can independently build analyses and then compare them without losing the reasoning behind decisions. Another practical sign is that the workbench helps us catch gaps or conflicts early, before the requirements move forward into implementation or review.; [interview_turn:T008] We need the workbench to show which requirement supports which goal, and which policy or legal source justified that goal or requirement. In many cases one requirement will map to several goals, and one policy will drive many requirements, so the tool has to represent those many-to-many relationships cleanly.
It’s also important to capture overlaps and dependencies, because analysts often reuse the same policy interpretation across different parts of the analysis. If a requirement was derived through another requirement or a scenario, that connection should be visible too so someone reviewing it can understand the reasoning, not just the final statement.; [interview_turn:T020] For day one, the core scenarios are capturing goals, policies, scenarios, and requirements; linking them together so the rationale is traceable; and letting people compare two analyses side by side. We also need the basic role-based access so administrators, project managers, analysts, and guests can each do the right level of work.
What can wait are the nicer workflow features, automation, and deeper reporting. The first release has to prove that teams can organize the analysis, review it, and trust the traceability without needing extra bells and whistles.; [interview_turn:T048] The derived-from link should stay visible even if the source item is later revised or marked inactive, because people still need to understand where the requirement came from. It should be able to chain through multiple levels when that history matters, but the UI should still make the direct parent clear so the trail isn’t ambiguous.
I’d treat derived links differently from direct goal or policy traces, since they mean a different kind of relationship. The direct trace is more about justification or compliance, while derived-from is more about lineage.",accept,,,,,
FR-003,functional_requirement,The system shall support tracing a requirement or goal back to its source policy or legal rule.,stated,"[initial_requirement:INITIAL_REQUIREMENTS] Requirements and privacy analysts need SPRAT, a collaborative workbench for aligning web-system requirements with privacy and security policies. Users should be able to capture goals, scenarios, policies, requirements, and legal-compliance information; trace goals back to their source policies; organize them with flexible classifications; and compare analyses produced by different people. Access should vary for administrators, project managers, analysts, and guests.; [interview_turn:T002] The main outcome is that analysts can produce a clear, traceable set of requirements that shows how web-system features line up with security and privacy obligations. In practice, that means we can point from a requirement or goal back to the source policy or legal rule, and we can see that nothing important was missed.
It would be meeting expectations if different people can independently build analyses and then compare them without losing the reasoning behind decisions. Another practical sign is that the workbench helps us catch gaps or conflicts early, before the requirements move forward into implementation or review.; [interview_turn:T008] We need the workbench to show which requirement supports which goal, and which policy or legal source justified that goal or requirement. In many cases one requirement will map to several goals, and one policy will drive many requirements, so the tool has to represent those many-to-many relationships cleanly.
It’s also important to capture overlaps and dependencies, because analysts often reuse the same policy interpretation across different parts of the analysis. If a requirement was derived through another requirement or a scenario, that connection should be visible too so someone reviewing it can understand the reasoning, not just the final statement.; [interview_turn:T028] It should capture the specific source policy reference, the exact part of the policy that justifies the goal, and a short rationale explaining the connection. It’s also useful to record who made the trace and when, so reviewers can see whether it was added deliberately and by whom.
Yes, sometimes the trace won’t be to a single policy line. A goal may be supported by several policies together, or the link may be indirect through a requirement or scenario, so the tool should allow that as long as the relationship is still explainable.; [interview_turn:T050] It should preserve the intermediate goals or policy versions when that helps explain the justification path. Just showing the most direct policy link would be too thin for reviewers who need to understand why the requirement exists.
At the same time, the direct policy link should still be prominent so people can quickly get to the authoritative source.",accept,,,,,
FR-004,functional_requirement,"The system shall record the source policy reference, the exact part of the policy that justifies the goal or requirement, and a short rationale for the trace.",stated,"[interview_turn:T028] It should capture the specific source policy reference, the exact part of the policy that justifies the goal, and a short rationale explaining the connection. It’s also useful to record who made the trace and when, so reviewers can see whether it was added deliberately and by whom.
Yes, sometimes the trace won’t be to a single policy line. A goal may be supported by several policies together, or the link may be indirect through a requirement or scenario, so the tool should allow that as long as the relationship is still explainable.; [interview_turn:T050] It should preserve the intermediate goals or policy versions when that helps explain the justification path. Just showing the most direct policy link would be too thin for reviewers who need to understand why the requirement exists.
At the same time, the direct policy link should still be prominent so people can quickly get to the authoritative source.",accept,,,,,
FR-005,functional_requirement,The system shall show which requirement supports which goal and which policy or legal source justified that goal or requirement.,stated,"[interview_turn:T008] We need the workbench to show which requirement supports which goal, and which policy or legal source justified that goal or requirement. In many cases one requirement will map to several goals, and one policy will drive many requirements, so the tool has to represent those many-to-many relationships cleanly.
It’s also important to capture overlaps and dependencies, because analysts often reuse the same policy interpretation across different parts of the analysis. If a requirement was derived through another requirement or a scenario, that connection should be visible too so someone reviewing it can understand the reasoning, not just the final statement.",accept,,,,,
FR-006,functional_requirement,"The system shall represent many-to-many relationships among requirements, goals, and policies.",stated,"[interview_turn:T008] We need the workbench to show which requirement supports which goal, and which policy or legal source justified that goal or requirement. In many cases one requirement will map to several goals, and one policy will drive many requirements, so the tool has to represent those many-to-many relationships cleanly.
It’s also important to capture overlaps and dependencies, because analysts often reuse the same policy interpretation across different parts of the analysis. If a requirement was derived through another requirement or a scenario, that connection should be visible too so someone reviewing it can understand the reasoning, not just the final statement.",accept,,,,,
FR-007,functional_requirement,The system shall make overlaps and shared dependencies visible rather than hiding them under a single path.,stated,"[interview_turn:T008] We need the workbench to show which requirement supports which goal, and which policy or legal source justified that goal or requirement. In many cases one requirement will map to several goals, and one policy will drive many requirements, so the tool has to represent those many-to-many relationships cleanly.
It’s also important to capture overlaps and dependencies, because analysts often reuse the same policy interpretation across different parts of the analysis. If a requirement was derived through another requirement or a scenario, that connection should be visible too so someone reviewing it can understand the reasoning, not just the final statement.; [interview_turn:T042] Yes, the tool should make overlapping traces visible rather than hiding them under a single path. If an item belongs to multiple paths, it should show all of the relevant links and make it clear which one is primary if the team has chosen to designate one.
The business rule I’d expect is that nothing gets lost just because it appears in more than one analysis route. It should be easy to see shared dependencies, and reviewers should be able to understand the overlap without confusion.",accept,,,,,
FR-008,functional_requirement,"The system shall show all relevant links when an item belongs to multiple paths and, if the team has designated one, clearly indicate which link is primary.",stated,"[interview_turn:T042] Yes, the tool should make overlapping traces visible rather than hiding them under a single path. If an item belongs to multiple paths, it should show all of the relevant links and make it clear which one is primary if the team has chosen to designate one.
The business rule I’d expect is that nothing gets lost just because it appears in more than one analysis route. It should be easy to see shared dependencies, and reviewers should be able to understand the overlap without confusion.",revise,functional_requirement,"The system shall show all relevant links when an item belongs to multiple paths and, if the team has designated one, clearly indicate which link is primary.",conditional,"[{""source_kind"": ""interview_turn"", ""source_id"": ""T042"", ""evidence_span"": ""Yes, the tool should make overlapping traces visible rather than hiding them under a single path. If an item belongs to multiple paths, it should show all of the relevant links and make it clear which one is primary if the team has chosen to designate one.\nThe business rule I\u2019d expect is that nothing gets lost just because it appears in more than one analysis route. It should be easy to see shared dependencies, and reviewers should be able to understand the overlap without confusion.""}]",
FR-009,functional_requirement,The system shall allow users to compare two analyses side by side.,stated,"[initial_requirement:INITIAL_REQUIREMENTS] Requirements and privacy analysts need SPRAT, a collaborative workbench for aligning web-system requirements with privacy and security policies. Users should be able to capture goals, scenarios, policies, requirements, and legal-compliance information; trace goals back to their source policies; organize them with flexible classifications; and compare analyses produced by different people. Access should vary for administrators, project managers, analysts, and guests.; [interview_turn:T020] For day one, the core scenarios are capturing goals, policies, scenarios, and requirements; linking them together so the rationale is traceable; and letting people compare two analyses side by side. We also need the basic role-based access so administrators, project managers, analysts, and guests can each do the right level of work.
What can wait are the nicer workflow features, automation, and deeper reporting. The first release has to prove that teams can organize the analysis, review it, and trust the traceability without needing extra bells and whistles.",accept,,,,,
FR-010,functional_requirement,"When comparing analyses, the system shall show where goals, policies, and requirements match, differ, or exist in one analysis but not the other.",stated,"[interview_turn:T022] They need to see where goals, policies, and requirements match, where they differ, and where one analysis has something the other does not. It’s also important to spot when two people traced the same requirement back to different source policies, because that tells reviewers there’s a disagreement to resolve.
I don’t think there’s a hard rule that only certain analyses can be compared, but it should make sense within the same project or at least the same policy context. Comparing unrelated analyses probably wouldn’t be useful.",revise,functional_requirement,"When comparing analyses, the system shall show where goals, policies, and requirements match, differ, or exist in one analysis but not the other.",conditional,"[{""source_kind"": ""interview_turn"", ""source_id"": ""T022"", ""evidence_span"": ""They need to see where goals, policies, and requirements match, where they differ, and where one analysis has something the other does not. It\u2019s also important to spot when two people traced the same requirement back to different source policies, because that tells reviewers there\u2019s a disagreement to resolve.\nI don\u2019t think there\u2019s a hard rule that only certain analyses can be compared, but it should make sense within the same project or at least the same policy context. Comparing unrelated analyses probably wouldn\u2019t be useful.""}]",
FR-011,functional_requirement,"When comparing analyses, the system shall make visible when two people traced the same requirement back to different source policies.",stated,"[interview_turn:T022] They need to see where goals, policies, and requirements match, where they differ, and where one analysis has something the other does not. It’s also important to spot when two people traced the same requirement back to different source policies, because that tells reviewers there’s a disagreement to resolve.
I don’t think there’s a hard rule that only certain analyses can be compared, but it should make sense within the same project or at least the same policy context. Comparing unrelated analyses probably wouldn’t be useful.",revise,functional_requirement,"When comparing analyses, the system shall make visible when two people traced the same requirement back to different source policies.",conditional,"[{""source_kind"": ""interview_turn"", ""source_id"": ""T022"", ""evidence_span"": ""They need to see where goals, policies, and requirements match, where they differ, and where one analysis has something the other does not. It\u2019s also important to spot when two people traced the same requirement back to different source policies, because that tells reviewers there\u2019s a disagreement to resolve.\nI don\u2019t think there\u2019s a hard rule that only certain analyses can be compared, but it should make sense within the same project or at least the same policy context. Comparing unrelated analyses probably wouldn\u2019t be useful.""}]",
FR-012,functional_requirement,The system shall allow analysts to independently build analyses and then compare them without losing the reasoning behind decisions.,stated,"[interview_turn:T002] The main outcome is that analysts can produce a clear, traceable set of requirements that shows how web-system features line up with security and privacy obligations. In practice, that means we can point from a requirement or goal back to the source policy or legal rule, and we can see that nothing important was missed.
It would be meeting expectations if different people can independently build analyses and then compare them without losing the reasoning behind decisions. Another practical sign is that the workbench helps us catch gaps or conflicts early, before the requirements move forward into implementation or review.",accept,,,,,
FR-013,functional_requirement,"The system shall support review, comment, compare-analysis, and traceability-check activities for project managers.",stated,"[interview_turn:T058] Project managers should be able to review, comment, compare analyses, and check traceability, but they shouldn’t have unrestricted editing unless that’s part of their role on the project. Guests should be read-only, so they can view approved materials and maybe compare published analyses if allowed, but not change anything or see restricted details.
I’d also block guests from viewing sensitive notes, draft legal-compliance information, and any unapproved trace links unless the project owner explicitly grants access.",accept,,,,,
FR-014,functional_requirement,"The system shall allow guests to view approved materials and, if allowed, compare published analyses.",conditional,"[interview_turn:T058] Project managers should be able to review, comment, compare analyses, and check traceability, but they shouldn’t have unrestricted editing unless that’s part of their role on the project. Guests should be read-only, so they can view approved materials and maybe compare published analyses if allowed, but not change anything or see restricted details.
I’d also block guests from viewing sensitive notes, draft legal-compliance information, and any unapproved trace links unless the project owner explicitly grants access.",accept,,,,,
FR-015,functional_requirement,The system shall allow users to organize analysis items with flexible classifications.,stated,"[initial_requirement:INITIAL_REQUIREMENTS] Requirements and privacy analysts need SPRAT, a collaborative workbench for aligning web-system requirements with privacy and security policies. Users should be able to capture goals, scenarios, policies, requirements, and legal-compliance information; trace goals back to their source policies; organize them with flexible classifications; and compare analyses produced by different people. Access should vary for administrators, project managers, analysts, and guests.; [interview_turn:T074] For the first release, I’d keep the should-have set to the core collaboration and traceability functions: capturing goals, scenarios, policies, requirements, and compliance notes; linking them together; classifying them flexibly; and comparing analyses from different people. Basic access control by role is also part of that, because without it the rest doesn’t really hold up.
A capability should stay out of that category if it adds a lot of complexity, depends on external systems we’re not ready to integrate, or mainly serves a niche workflow. If it would delay the first usable version or create more risk than value, I’d treat it as a later enhancement.; [interview_turn:T096] If an artifact naturally belongs in more than one view, like a requirement that is both security-related and tied to a legal obligation, it should be allowed multiple classifications. Reclassification later should be allowed when the analyst is refining the analysis or correcting an early placeholder, as long as the history is preserved.
A single locked classification makes sense only when changing it would break established trace links, access rules, or compliance reporting. In those cases, the system should force a deliberate review rather than letting it drift.",accept,,,,,
FR-016,functional_requirement,The system shall allow an artifact to have multiple classifications when it naturally belongs in more than one view.,stated,"[interview_turn:T096] If an artifact naturally belongs in more than one view, like a requirement that is both security-related and tied to a legal obligation, it should be allowed multiple classifications. Reclassification later should be allowed when the analyst is refining the analysis or correcting an early placeholder, as long as the history is preserved.
A single locked classification makes sense only when changing it would break established trace links, access rules, or compliance reporting. In those cases, the system should force a deliberate review rather than letting it drift.",accept,,,,,
FR-017,functional_requirement,"The system shall allow reclassification later when an analyst is refining the analysis or correcting an early placeholder, provided the history is preserved.",stated,"[interview_turn:T096] If an artifact naturally belongs in more than one view, like a requirement that is both security-related and tied to a legal obligation, it should be allowed multiple classifications. Reclassification later should be allowed when the analyst is refining the analysis or correcting an early placeholder, as long as the history is preserved.
A single locked classification makes sense only when changing it would break established trace links, access rules, or compliance reporting. In those cases, the system should force a deliberate review rather than letting it drift.",accept,,,,,
FR-018,functional_requirement,The system shall allow derived-from links to remain visible even if the source item is later revised or marked inactive.,stated,"[interview_turn:T048] The derived-from link should stay visible even if the source item is later revised or marked inactive, because people still need to understand where the requirement came from. It should be able to chain through multiple levels when that history matters, but the UI should still make the direct parent clear so the trail isn’t ambiguous.
I’d treat derived links differently from direct goal or policy traces, since they mean a different kind of relationship. The direct trace is more about justification or compliance, while derived-from is more about lineage.",accept,,,,,
FR-019,functional_requirement,"The system shall allow derived-from links to chain through multiple levels when that history matters, while keeping the direct parent clear.",stated,"[interview_turn:T048] The derived-from link should stay visible even if the source item is later revised or marked inactive, because people still need to understand where the requirement came from. It should be able to chain through multiple levels when that history matters, but the UI should still make the direct parent clear so the trail isn’t ambiguous.
I’d treat derived links differently from direct goal or policy traces, since they mean a different kind of relationship. The direct trace is more about justification or compliance, while derived-from is more about lineage.",accept,,,,,
FR-020,functional_requirement,"The system shall preserve intermediate goals or policy versions in a requirement trace when they help explain the justification path, while keeping the direct policy link prominent.",stated,"[interview_turn:T050] It should preserve the intermediate goals or policy versions when that helps explain the justification path. Just showing the most direct policy link would be too thin for reviewers who need to understand why the requirement exists.
At the same time, the direct policy link should still be prominent so people can quickly get to the authoritative source.",accept,,,,,
FR-021,functional_requirement,The system shall support a gradual migration of existing analysis work into SPRAT.,stated,"[interview_turn:T030] The main scenario is that teams already have analysis work in documents, spreadsheets, or other tools, and they need a practical way to bring the important parts into SPRAT without starting from scratch. The key outcome is preserving the traceability and context of what they already know, so the migrated work is still trustworthy and reviewable.
For scope, I’d focus first on getting the core content and links across cleanly, even if some formatting or historical clutter is left behind. The transition should support a gradual move rather than forcing a big-bang cutover.; [interview_turn:T070] We’d migrate first the active projects, the authoritative source documents, and anything needed to maintain traceability for current work. Older drafts, duplicates, and reference material that isn’t being used right now can stay in the old tools for a while, especially if moving them would create confusion.
Anything sensitive or messy enough that it needs cleanup before import should probably be held back until someone validates it. The main rule is to bring in what people need to work on immediately, not every historical artifact on day one.; [interview_turn:T072] I’d treat it as a tentative guideline for now, not a firm rule. We know the active and authoritative materials should come first, but I wouldn’t want to lock that down until we’ve seen a few real projects and how much cleanup or exception handling is actually needed.
If we make it too rigid too early, we’ll probably end up forcing bad imports or slowing the rollout. Better to keep it flexible and confirm the edge cases with the team once we’ve tested the process.",accept,,,,,
FR-022,functional_requirement,The system shall allow migrated work to preserve traceability and context so it remains trustworthy and reviewable.,stated,"[interview_turn:T030] The main scenario is that teams already have analysis work in documents, spreadsheets, or other tools, and they need a practical way to bring the important parts into SPRAT without starting from scratch. The key outcome is preserving the traceability and context of what they already know, so the migrated work is still trustworthy and reviewable.
For scope, I’d focus first on getting the core content and links across cleanly, even if some formatting or historical clutter is left behind. The transition should support a gradual move rather than forcing a big-bang cutover.",accept,,,,,
FR-023,functional_requirement,"During migration, the system shall bring over the core content and links needed for active work, while leaving formatting or historical clutter behind if necessary.",stated,"[interview_turn:T030] The main scenario is that teams already have analysis work in documents, spreadsheets, or other tools, and they need a practical way to bring the important parts into SPRAT without starting from scratch. The key outcome is preserving the traceability and context of what they already know, so the migrated work is still trustworthy and reviewable.
For scope, I’d focus first on getting the core content and links across cleanly, even if some formatting or historical clutter is left behind. The transition should support a gradual move rather than forcing a big-bang cutover.",accept,,,,,
FR-024,functional_requirement,"The system shall migrate active projects, authoritative source documents, and items needed to maintain traceability for current work first.",conditional,"[interview_turn:T070] We’d migrate first the active projects, the authoritative source documents, and anything needed to maintain traceability for current work. Older drafts, duplicates, and reference material that isn’t being used right now can stay in the old tools for a while, especially if moving them would create confusion.
Anything sensitive or messy enough that it needs cleanup before import should probably be held back until someone validates it. The main rule is to bring in what people need to work on immediately, not every historical artifact on day one.; [interview_turn:T072] I’d treat it as a tentative guideline for now, not a firm rule. We know the active and authoritative materials should come first, but I wouldn’t want to lock that down until we’ve seen a few real projects and how much cleanup or exception handling is actually needed.
If we make it too rigid too early, we’ll probably end up forcing bad imports or slowing the rollout. Better to keep it flexible and confirm the edge cases with the team once we’ve tested the process.",accept,,,,,
FR-025,functional_requirement,"The system shall include any linked policy source, specific obligation reference, and current supporting notes or evidence needed to prove or understand an active trace link.",stated,"[interview_turn:T082] The practical rule should be that anything needed to prove or understand the trace link has to come with it, so the policy source, the specific obligation reference, and the current supporting notes or evidence should migrate together. If a linked item is only historical context, duplicated elsewhere, or not needed to explain the current requirement, it can stay behind for later cleanup.
I’d also keep out anything that can’t be verified quickly, because pulling in uncertain links would create more confusion than value during rollout. The goal is to preserve the chain of reasoning for active work, not to import every related artifact immediately.",accept,,,,,
FR-026,functional_requirement,The system shall support review-only use for project managers and read-only use for guests.,stated,"[interview_turn:T010] It has to work in a collaborative review setting, often with multiple analysts working on the same project but not necessarily at the same time. We also need it to work when people are comparing their own analysis with someone else’s, or when a project manager or guest is reviewing progress without being able to edit everything.
The main constraints are access control and organizational context, since different roles should see and do different things, and some projects will involve sensitive policy or legal material. I’d also expect it to be usable in a normal office or remote working setup, so people can get to it through the web without special tooling.; [interview_turn:T058] Project managers should be able to review, comment, compare analyses, and check traceability, but they shouldn’t have unrestricted editing unless that’s part of their role on the project. Guests should be read-only, so they can view approved materials and maybe compare published analyses if allowed, but not change anything or see restricted details.
I’d also block guests from viewing sensitive notes, draft legal-compliance information, and any unapproved trace links unless the project owner explicitly grants access.",accept,,,,,
FR-027,functional_requirement,The system shall restrict guests from changing anything or viewing restricted details.,stated,"[interview_turn:T058] Project managers should be able to review, comment, compare analyses, and check traceability, but they shouldn’t have unrestricted editing unless that’s part of their role on the project. Guests should be read-only, so they can view approved materials and maybe compare published analyses if allowed, but not change anything or see restricted details.
I’d also block guests from viewing sensitive notes, draft legal-compliance information, and any unapproved trace links unless the project owner explicitly grants access.",accept,,,,,
FR-028,functional_requirement,"The system shall block guests from viewing sensitive notes, draft legal-compliance information, and unapproved trace links unless the project owner explicitly grants access.",stated,"[interview_turn:T058] Project managers should be able to review, comment, compare analyses, and check traceability, but they shouldn’t have unrestricted editing unless that’s part of their role on the project. Guests should be read-only, so they can view approved materials and maybe compare published analyses if allowed, but not change anything or see restricted details.
I’d also block guests from viewing sensitive notes, draft legal-compliance information, and any unapproved trace links unless the project owner explicitly grants access.",accept,,,,,
FR-029,functional_requirement,The system shall support web access for office and remote working setups.,conditional,"[interview_turn:T010] It has to work in a collaborative review setting, often with multiple analysts working on the same project but not necessarily at the same time. We also need it to work when people are comparing their own analysis with someone else’s, or when a project manager or guest is reviewing progress without being able to edit everything.
The main constraints are access control and organizational context, since different roles should see and do different things, and some projects will involve sensitive policy or legal material. I’d also expect it to be usable in a normal office or remote working setup, so people can get to it through the web without special tooling.; [interview_turn:T046] We should note that as tentative for now. I think the general idea is clear, but the exact conditions and fallback rules will depend on the security policy for each project and we haven’t pinned those down yet.",accept,,,,,
FR-030,functional_requirement,"For sensitive projects, the system shall allow access only from approved corporate networks or trusted devices, and remote access shall require stronger authentication and, for especially sensitive work, explicit approval.",conditional,"[interview_turn:T060] Yes, for sensitive projects we’d want location and device to matter. Ideally access would be allowed only from approved corporate networks or trusted devices, and remote access would need stronger authentication and maybe an explicit approval for especially sensitive work.
For urgent situations, I think there should be an exception process rather than a blanket block, because people do sometimes need access while traveling or responding off-hours. That exception should be logged and time-limited.",accept,,,,,
FR-031,functional_requirement,"The system shall support an exception process for urgent access in sensitive projects, and the exception shall be logged and time-limited.",stated,"[interview_turn:T060] Yes, for sensitive projects we’d want location and device to matter. Ideally access would be allowed only from approved corporate networks or trusted devices, and remote access would need stronger authentication and maybe an explicit approval for especially sensitive work.
For urgent situations, I think there should be an exception process rather than a blanket block, because people do sometimes need access while traveling or responding off-hours. That exception should be logged and time-limited.",accept,,,,,
FR-032,functional_requirement,The system shall support basic capture and trace tasks with minimal guidance for new analysts.,stated,"[interview_turn:T052] New analysts should be able to get started with basic capture and trace tasks with minimal guidance, like entering goals, scenarios, and linking a requirement to its source. We’d expect the more advanced classification and comparison features to need a bit more onboarding.
If there are exceptions, they’d mostly be for very sensitive projects or complicated policy sets, where we’d want extra support and clearer guidance from an administrator or project manager.",accept,,,,,
FR-033,functional_requirement,"The system shall allow new analysts in low-risk projects to perform simple editing, reclassifying, and linking to ordinary source types without heavy approval friction once they have learned the workflow.",conditional,"[interview_turn:T054] Yes, in sensitive projects I would expect some of those actions to be limited. A new analyst might be able to draft entries, but not finalize or publish traces without a project manager or more experienced analyst reviewing them first.
For lower-risk projects, though, I’d want the workflow to stay lightweight so they can do the basic capture and trace work without a lot of approval friction.; [interview_turn:T056] In low-risk projects, those basic capture tasks should mostly remain self-service once they’ve learned the workflow. I’d still keep final approval or anything that changes official compliance wording behind a more senior role, but simple editing, reclassifying, and linking to ordinary source types should be open.
If a source type is especially sensitive, like a legal interpretation or a policy exception, that might still need a review step even in a low-risk project.",accept,,,,,
FR-034,functional_requirement,The system shall require project manager or more experienced analyst review before a new analyst can finalize or publish traces in sensitive projects.,conditional,"[interview_turn:T054] Yes, in sensitive projects I would expect some of those actions to be limited. A new analyst might be able to draft entries, but not finalize or publish traces without a project manager or more experienced analyst reviewing them first.
For lower-risk projects, though, I’d want the workflow to stay lightweight so they can do the basic capture and trace work without a lot of approval friction.",accept,,,,,
FR-035,functional_requirement,"The system shall support guided setup, examples of acceptable classifications, and a short administrator or project manager review for very sensitive projects or complex policy sets.",conditional,"[interview_turn:T062] For very sensitive projects or complex policy sets, I’d want guided setup, examples of acceptable classifications, and probably a short review by an administrator or project manager before the work is considered ready. It would also help to have inline explanations for how comparisons are interpreted, since people can draw the wrong conclusions if the policy language is subtle.
I’d skip or reduce those extra steps only when the project is already using a standard template or the analyst has proven experience with that exact policy domain. In that case, the system should let them move faster without losing the audit trail.; [interview_turn:T090] The rule should be based on risk and novelty. If the classification is high sensitivity, new to the project, or has unclear handling rules, then guided setup and a short review should be required; if it’s a well-known classification with an approved template and an experienced analyst is using it, they can proceed with minimal help.
I’d also treat anything that affects access control, legal compliance, or redaction as needing the extra review, even if the analyst is experienced. The idea is to prevent mistakes where the consequences would be hard to undo.",accept,,,,,
FR-036,functional_requirement,The system shall provide inline explanations for how comparisons are interpreted.,stated,"[interview_turn:T062] For very sensitive projects or complex policy sets, I’d want guided setup, examples of acceptable classifications, and probably a short review by an administrator or project manager before the work is considered ready. It would also help to have inline explanations for how comparisons are interpreted, since people can draw the wrong conclusions if the policy language is subtle.
I’d skip or reduce those extra steps only when the project is already using a standard template or the analyst has proven experience with that exact policy domain. In that case, the system should let them move faster without losing the audit trail.",accept,,,,,
FR-037,functional_requirement,The system shall support capturing a clear title or name and a description for each analysis item.,stated,"[interview_turn:T024] At a minimum, each item needs a clear title or name and a description so people know what it is and why it exists. For requirements and policies, we’d also want source or justification information, and for scenarios we’d expect the actor, trigger, and outcome to be captured somehow.
I’m not sure we’ve fully nailed down special validation rules yet, but I’d expect the tool to require trace links where a requirement claims to come from a policy, and to flag missing or inconsistent classifications rather than silently accepting them.",accept,,,,,
FR-038,functional_requirement,"The system shall capture actor, trigger, and outcome for scenarios.",stated,"[interview_turn:T024] At a minimum, each item needs a clear title or name and a description so people know what it is and why it exists. For requirements and policies, we’d also want source or justification information, and for scenarios we’d expect the actor, trigger, and outcome to be captured somehow.
I’m not sure we’ve fully nailed down special validation rules yet, but I’d expect the tool to require trace links where a requirement claims to come from a policy, and to flag missing or inconsistent classifications rather than silently accepting them.",accept,,,,,
FR-039,functional_requirement,The system shall require trace links when a requirement claims to come from a policy.,stated,"[interview_turn:T024] At a minimum, each item needs a clear title or name and a description so people know what it is and why it exists. For requirements and policies, we’d also want source or justification information, and for scenarios we’d expect the actor, trigger, and outcome to be captured somehow.
I’m not sure we’ve fully nailed down special validation rules yet, but I’d expect the tool to require trace links where a requirement claims to come from a policy, and to flag missing or inconsistent classifications rather than silently accepting them.",accept,,,,,
FR-040,functional_requirement,The system shall flag missing or inconsistent classifications rather than silently accepting them.,stated,"[interview_turn:T024] At a minimum, each item needs a clear title or name and a description so people know what it is and why it exists. For requirements and policies, we’d also want source or justification information, and for scenarios we’d expect the actor, trigger, and outcome to be captured somehow.
I’m not sure we’ve fully nailed down special validation rules yet, but I’d expect the tool to require trace links where a requirement claims to come from a policy, and to flag missing or inconsistent classifications rather than silently accepting them.; [interview_turn:T026] We’d expect it to be reliable in checking the structural consistency of the analysis, like whether links exist, whether classifications are used properly, and whether obvious trace gaps are present. It doesn’t need to make the expert judgment for the analyst, but it should catch mistakes that would undermine review confidence.
So I’d think of it as a strong assistant for validation, not an authority that decides the content is semantically correct. If something looks questionable, it should flag it clearly and let the analyst or reviewer decide.",accept,,,,,
FR-041,functional_requirement,"The system shall check structural consistency of the analysis, including whether links exist, whether classifications are used properly, and whether obvious trace gaps are present.",stated,"[interview_turn:T026] We’d expect it to be reliable in checking the structural consistency of the analysis, like whether links exist, whether classifications are used properly, and whether obvious trace gaps are present. It doesn’t need to make the expert judgment for the analyst, but it should catch mistakes that would undermine review confidence.
So I’d think of it as a strong assistant for validation, not an authority that decides the content is semantically correct. If something looks questionable, it should flag it clearly and let the analyst or reviewer decide.",accept,,,,,
FR-042,functional_requirement,The system shall flag questionable analysis content clearly and leave semantic judgment to the analyst or reviewer.,stated,"[interview_turn:T026] We’d expect it to be reliable in checking the structural consistency of the analysis, like whether links exist, whether classifications are used properly, and whether obvious trace gaps are present. It doesn’t need to make the expert judgment for the analyst, but it should catch mistakes that would undermine review confidence.
So I’d think of it as a strong assistant for validation, not an authority that decides the content is semantically correct. If something looks questionable, it should flag it clearly and let the analyst or reviewer decide.",accept,,,,,
FR-043,functional_requirement,The system shall record who made a trace and when it was added.,stated,"[interview_turn:T028] It should capture the specific source policy reference, the exact part of the policy that justifies the goal, and a short rationale explaining the connection. It’s also useful to record who made the trace and when, so reviewers can see whether it was added deliberately and by whom.
Yes, sometimes the trace won’t be to a single policy line. A goal may be supported by several policies together, or the link may be indirect through a requirement or scenario, so the tool should allow that as long as the relationship is still explainable.",accept,,,,,
FR-044,functional_requirement,"The system shall allow a goal to be supported by several policies together, and it shall allow a trace to be indirect through a requirement or scenario when the relationship is still explainable.",conditional,"[interview_turn:T028] It should capture the specific source policy reference, the exact part of the policy that justifies the goal, and a short rationale explaining the connection. It’s also useful to record who made the trace and when, so reviewers can see whether it was added deliberately and by whom.
Yes, sometimes the trace won’t be to a single policy line. A goal may be supported by several policies together, or the link may be indirect through a requirement or scenario, so the tool should allow that as long as the relationship is still explainable.",accept,,,,,
FR-045,functional_requirement,"The system shall allow analysts to derive requirements from other requirements or from scenarios, and derived-from links shall remain visible even if the source item changes.",stated,"[interview_turn:T048] The derived-from link should stay visible even if the source item is later revised or marked inactive, because people still need to understand where the requirement came from. It should be able to chain through multiple levels when that history matters, but the UI should still make the direct parent clear so the trail isn’t ambiguous.
I’d treat derived links differently from direct goal or policy traces, since they mean a different kind of relationship. The direct trace is more about justification or compliance, while derived-from is more about lineage.",accept,,,,,
FR-046,functional_requirement,The system shall show the direct parent in a derived-from chain so the trail is not ambiguous.,stated,"[interview_turn:T048] The derived-from link should stay visible even if the source item is later revised or marked inactive, because people still need to understand where the requirement came from. It should be able to chain through multiple levels when that history matters, but the UI should still make the direct parent clear so the trail isn’t ambiguous.
I’d treat derived links differently from direct goal or policy traces, since they mean a different kind of relationship. The direct trace is more about justification or compliance, while derived-from is more about lineage.",accept,,,,,
FR-047,functional_requirement,"The system shall preserve a basic audit trail that shows what changed, who changed it, and when it changed.",stated,"[interview_turn:T036] We’d need a basic audit trail that shows what changed, who changed it, and when it changed. It should also record the previous version or at least enough detail to reconstruct the earlier state, especially for goals, requirements, policies, and traces.
For impacted analyses, it would help if the tool can show which downstream items were derived from the changed artifact or were reviewed against it, so reviewers can judge whether those earlier analyses are still valid. The main point is to preserve the original context rather than overwrite it.; [interview_turn:T092] Users should be allowed to take the fast path when the action is routine, low risk, and based on an approved template or previously validated pattern. They can skip extra steps if the system still captures who did it, what changed, when it happened, and which source policy or requirement it came from.
If the action affects sensitive classifications, legal compliance, access permissions, or a new trace link, I wouldn’t allow skipping the extra steps. Traceability has to stay intact even when we reduce friction.; [interview_turn:T100] There should be a very narrow exception for obvious corrections, like fixing a spelling mistake or reverting an accidental misclick that doesn’t change meaning or visibility. In those cases, the system could apply the change immediately, but it still needs to log the before and after values and who made the change.
Anything that could alter traceability, access, or compliance evidence should go through review first. If there’s any doubt about impact, I’d treat it as review required.",accept,,,,,
FR-048,functional_requirement,"The system shall record the previous version or enough detail to reconstruct the earlier state for goals, requirements, policies, and traces.",stated,"[interview_turn:T036] We’d need a basic audit trail that shows what changed, who changed it, and when it changed. It should also record the previous version or at least enough detail to reconstruct the earlier state, especially for goals, requirements, policies, and traces.
For impacted analyses, it would help if the tool can show which downstream items were derived from the changed artifact or were reviewed against it, so reviewers can judge whether those earlier analyses are still valid. The main point is to preserve the original context rather than overwrite it.",accept,,,,,
FR-049,functional_requirement,The system shall show which downstream items were derived from or reviewed against a changed artifact.,stated,"[interview_turn:T036] We’d need a basic audit trail that shows what changed, who changed it, and when it changed. It should also record the previous version or at least enough detail to reconstruct the earlier state, especially for goals, requirements, policies, and traces.
For impacted analyses, it would help if the tool can show which downstream items were derived from the changed artifact or were reviewed against it, so reviewers can judge whether those earlier analyses are still valid. The main point is to preserve the original context rather than overwrite it.",accept,,,,,
FR-050,functional_requirement,The system shall support exports in at least one structured machine-readable format such as CSV or JSON and one human-readable format such as PDF or Word.,stated,"[interview_turn:T064] We’d definitely need at least a structured machine-readable export, like CSV or JSON, and a human-readable one like PDF or Word for reviews and reporting. I’d also want exports to preserve trace links and audit metadata, not just the final text.
Certain formats should be restricted if they expose sensitive comments or legal notes, and raw exports should probably be limited to authorized roles. For external sharing, a redacted or approved version should be required rather than an unfiltered export.",accept,,,,,
FR-051,functional_requirement,Exports shall preserve trace links and audit metadata.,stated,"[interview_turn:T064] We’d definitely need at least a structured machine-readable export, like CSV or JSON, and a human-readable one like PDF or Word for reviews and reporting. I’d also want exports to preserve trace links and audit metadata, not just the final text.
Certain formats should be restricted if they expose sensitive comments or legal notes, and raw exports should probably be limited to authorized roles. For external sharing, a redacted or approved version should be required rather than an unfiltered export.",accept,,,,,
FR-052,functional_requirement,The system shall restrict raw exports to authorized roles.,stated,"[interview_turn:T064] We’d definitely need at least a structured machine-readable export, like CSV or JSON, and a human-readable one like PDF or Word for reviews and reporting. I’d also want exports to preserve trace links and audit metadata, not just the final text.
Certain formats should be restricted if they expose sensitive comments or legal notes, and raw exports should probably be limited to authorized roles. For external sharing, a redacted or approved version should be required rather than an unfiltered export.; [interview_turn:T068] Yes, role should absolutely affect it. Analysts and project managers can usually generate the full internal exports, while guests should only be able to access approved, redacted versions if they get export access at all. Administrators would have the broadest access, especially for audit or compliance purposes.
The level of detail should drop automatically for lower roles, so things like draft comments, sensitive source links, and personal data are excluded. In some cases, the role should block export entirely if the user is trying to pull something classified above their clearance or outside their project scope.",accept,,,,,
FR-053,functional_requirement,"For external sharing, the system shall require a redacted or approved version rather than an unfiltered export.",stated,"[interview_turn:T064] We’d definitely need at least a structured machine-readable export, like CSV or JSON, and a human-readable one like PDF or Word for reviews and reporting. I’d also want exports to preserve trace links and audit metadata, not just the final text.
Certain formats should be restricted if they expose sensitive comments or legal notes, and raw exports should probably be limited to authorized roles. For external sharing, a redacted or approved version should be required rather than an unfiltered export.",accept,,,,,
FR-054,functional_requirement,"The system shall allow exports to be redacted or blocked when they include personal data, legal interpretations, unresolved disputes, or security weaknesses, depending on sensitivity.",conditional,"[interview_turn:T066] If the export includes personal data, legal interpretations, unresolved disputes, or security weaknesses, it should either be redacted or blocked depending on how sensitive it is. Anything that could identify individuals or expose a control gap would usually need explicit approval before release, even if it can be shared at all.
If it’s just a summary of approved, non-sensitive analysis, then a redacted external version should be fine without a lot of extra process.",accept,,,,,
FR-055,functional_requirement,"The system shall require explicit approval before release when an export could identify individuals or expose a control gap, even if the export can be shared at all.",conditional,"[interview_turn:T066] If the export includes personal data, legal interpretations, unresolved disputes, or security weaknesses, it should either be redacted or blocked depending on how sensitive it is. Anything that could identify individuals or expose a control gap would usually need explicit approval before release, even if it can be shared at all.
If it’s just a summary of approved, non-sensitive analysis, then a redacted external version should be fine without a lot of extra process.",accept,,,,,
FR-056,functional_requirement,"The system shall automatically reduce export detail for lower roles by excluding draft comments, sensitive source links, and personal data.",stated,"[interview_turn:T068] Yes, role should absolutely affect it. Analysts and project managers can usually generate the full internal exports, while guests should only be able to access approved, redacted versions if they get export access at all. Administrators would have the broadest access, especially for audit or compliance purposes.
The level of detail should drop automatically for lower roles, so things like draft comments, sensitive source links, and personal data are excluded. In some cases, the role should block export entirely if the user is trying to pull something classified above their clearance or outside their project scope.",accept,,,,,
FR-057,functional_requirement,The system shall block export when the user is trying to pull information classified above their clearance or outside their project scope.,stated,"[interview_turn:T068] Yes, role should absolutely affect it. Analysts and project managers can usually generate the full internal exports, while guests should only be able to access approved, redacted versions if they get export access at all. Administrators would have the broadest access, especially for audit or compliance purposes.
The level of detail should drop automatically for lower roles, so things like draft comments, sensitive source links, and personal data are excluded. In some cases, the role should block export entirely if the user is trying to pull something classified above their clearance or outside their project scope.",accept,,,,,
FR-058,functional_requirement,The system shall provide a mechanism to flag ownership-unclear changes for review and keep the request pending until someone with authority confirms it.,stated,"[interview_turn:T034] Usually the project manager or administrator would make the update, but I’d expect approval to come from whoever is designated as the policy or governance owner for that project. If the ownership is unclear, the tool shouldn’t let the change go through silently; it should flag it for review and keep the request pending until someone with authority confirms it.
If the responsible person is temporarily unavailable, I’d want a fallback process so work doesn’t stall completely, but that fallback should be explicit and auditable.",accept,,,,,
FR-059,functional_requirement,"The system shall support a fallback process when the responsible person is temporarily unavailable, and the fallback shall be explicit and auditable.",stated,"[interview_turn:T034] Usually the project manager or administrator would make the update, but I’d expect approval to come from whoever is designated as the policy or governance owner for that project. If the ownership is unclear, the tool shouldn’t let the change go through silently; it should flag it for review and keep the request pending until someone with authority confirms it.
If the responsible person is temporarily unavailable, I’d want a fallback process so work doesn’t stall completely, but that fallback should be explicit and auditable.",accept,,,,,
FR-060,functional_requirement,"The system shall store classifications, rules, and permissions in a way that preserves versioned history or clear provenance instead of rewriting old decisions.",stated,"[interview_turn:T032] It should support situations where a project changes its classification scheme, a policy gets revised, or access rights shift because someone’s role changes. In those cases, past analysis work still needs to be readable as it was at the time it was created, while new work follows the updated rules.
So the important behavior is keeping versioned history or at least clear provenance, rather than rewriting old decisions in a way that makes reviews confusing. People should be able to see what changed, when it changed, and which analyses were affected.",accept,,,,,
FR-061,functional_requirement,"The system shall show what changed, when it changed, and which analyses were affected when classifications, rules, or permissions change.",stated,"[interview_turn:T032] It should support situations where a project changes its classification scheme, a policy gets revised, or access rights shift because someone’s role changes. In those cases, past analysis work still needs to be readable as it was at the time it was created, while new work follows the updated rules.
So the important behavior is keeping versioned history or at least clear provenance, rather than rewriting old decisions in a way that makes reviews confusing. People should be able to see what changed, when it changed, and which analyses were affected.",accept,,,,,
FR-062,functional_requirement,The system shall support a strong validation role for the analysis by catching mistakes that would undermine review confidence.,stated,"[interview_turn:T026] We’d expect it to be reliable in checking the structural consistency of the analysis, like whether links exist, whether classifications are used properly, and whether obvious trace gaps are present. It doesn’t need to make the expert judgment for the analyst, but it should catch mistakes that would undermine review confidence.
So I’d think of it as a strong assistant for validation, not an authority that decides the content is semantically correct. If something looks questionable, it should flag it clearly and let the analyst or reviewer decide.",accept,,,,,
FR-063,functional_requirement,"The system shall keep a trace link visible when a requirement is traced back to its source policy, and the trace shall preserve intermediate goals or policy versions when that helps explain the justification path.",stated,"[interview_turn:T050] It should preserve the intermediate goals or policy versions when that helps explain the justification path. Just showing the most direct policy link would be too thin for reviewers who need to understand why the requirement exists.
At the same time, the direct policy link should still be prominent so people can quickly get to the authoritative source.",accept,,,,,
BR-001,business_rule_constraint,"A requirement may be traced to several goals, and one policy may drive many requirements.",stated,"[interview_turn:T008] We need the workbench to show which requirement supports which goal, and which policy or legal source justified that goal or requirement. In many cases one requirement will map to several goals, and one policy will drive many requirements, so the tool has to represent those many-to-many relationships cleanly.
It’s also important to capture overlaps and dependencies, because analysts often reuse the same policy interpretation across different parts of the analysis. If a requirement was derived through another requirement or a scenario, that connection should be visible too so someone reviewing it can understand the reasoning, not just the final statement.",accept,,,,,
BR-002,business_rule_constraint,"If a requirement was derived through another requirement or scenario, that connection should be visible.",stated,"[interview_turn:T008] We need the workbench to show which requirement supports which goal, and which policy or legal source justified that goal or requirement. In many cases one requirement will map to several goals, and one policy will drive many requirements, so the tool has to represent those many-to-many relationships cleanly.
It’s also important to capture overlaps and dependencies, because analysts often reuse the same policy interpretation across different parts of the analysis. If a requirement was derived through another requirement or a scenario, that connection should be visible too so someone reviewing it can understand the reasoning, not just the final statement.",revise,business_rule_constraint,"If a requirement was derived through another requirement or scenario, that connection should be visible.",conditional,"[{""source_kind"": ""interview_turn"", ""source_id"": ""T008"", ""evidence_span"": ""We need the workbench to show which requirement supports which goal, and which policy or legal source justified that goal or requirement. In many cases one requirement will map to several goals, and one policy will drive many requirements, so the tool has to represent those many-to-many relationships cleanly.\nIt\u2019s also important to capture overlaps and dependencies, because analysts often reuse the same policy interpretation across different parts of the analysis. If a requirement was derived through another requirement or a scenario, that connection should be visible too so someone reviewing it can understand the reasoning, not just the final statement.""}]",
BR-003,business_rule_constraint,Nothing should be lost just because it appears in more than one analysis route.,stated,"[interview_turn:T042] Yes, the tool should make overlapping traces visible rather than hiding them under a single path. If an item belongs to multiple paths, it should show all of the relevant links and make it clear which one is primary if the team has chosen to designate one.
The business rule I’d expect is that nothing gets lost just because it appears in more than one analysis route. It should be easy to see shared dependencies, and reviewers should be able to understand the overlap without confusion.",accept,,,,,
BR-004,business_rule_constraint,"When an item belongs to multiple paths, the system shall show all relevant links.",stated,"[interview_turn:T042] Yes, the tool should make overlapping traces visible rather than hiding them under a single path. If an item belongs to multiple paths, it should show all of the relevant links and make it clear which one is primary if the team has chosen to designate one.
The business rule I’d expect is that nothing gets lost just because it appears in more than one analysis route. It should be easy to see shared dependencies, and reviewers should be able to understand the overlap without confusion.",revise,business_rule_constraint,"When an item belongs to multiple paths, the system shall show all relevant links.",conditional,"[{""source_kind"": ""interview_turn"", ""source_id"": ""T042"", ""evidence_span"": ""Yes, the tool should make overlapping traces visible rather than hiding them under a single path. If an item belongs to multiple paths, it should show all of the relevant links and make it clear which one is primary if the team has chosen to designate one.\nThe business rule I\u2019d expect is that nothing gets lost just because it appears in more than one analysis route. It should be easy to see shared dependencies, and reviewers should be able to understand the overlap without confusion.""}]",
BR-005,business_rule_constraint,"For sensitive projects, tighter access controls apply, especially for guests and analysts who are not assigned to that project.",stated,"[interview_turn:T044] Yes, for sensitive projects I’d expect tighter access controls, especially for guests and analysts who are not assigned to that project. In some cases, access might need to be limited to approved devices or trusted networks, but I’m not sure we want to make that a universal rule across all projects.
If there’s any location or device restriction, it should probably be driven by the project’s sensitivity and the administrator’s policy, with extra approval only for the most restricted material.",accept,,,,,
BR-006,business_rule_constraint,"If location or device restrictions are used, they shall be driven by project sensitivity and the administrator’s policy.",stated,"[interview_turn:T044] Yes, for sensitive projects I’d expect tighter access controls, especially for guests and analysts who are not assigned to that project. In some cases, access might need to be limited to approved devices or trusted networks, but I’m not sure we want to make that a universal rule across all projects.
If there’s any location or device restriction, it should probably be driven by the project’s sensitivity and the administrator’s policy, with extra approval only for the most restricted material.",revise,business_rule_constraint,"If location or device restrictions are used, they shall be driven by project sensitivity and the administrator’s policy.",conditional,"[{""source_kind"": ""interview_turn"", ""source_id"": ""T044"", ""evidence_span"": ""Yes, for sensitive projects I\u2019d expect tighter access controls, especially for guests and analysts who are not assigned to that project. In some cases, access might need to be limited to approved devices or trusted networks, but I\u2019m not sure we want to make that a universal rule across all projects.\nIf there\u2019s any location or device restriction, it should probably be driven by the project\u2019s sensitivity and the administrator\u2019s policy, with extra approval only for the most restricted material.""}]",
BR-007,business_rule_constraint,"One requirement may map to several goals, and one policy may drive many requirements.",stated,"[interview_turn:T008] We need the workbench to show which requirement supports which goal, and which policy or legal source justified that goal or requirement. In many cases one requirement will map to several goals, and one policy will drive many requirements, so the tool has to represent those many-to-many relationships cleanly.
It’s also important to capture overlaps and dependencies, because analysts often reuse the same policy interpretation across different parts of the analysis. If a requirement was derived through another requirement or a scenario, that connection should be visible too so someone reviewing it can understand the reasoning, not just the final statement.",accept,,,,,
BR-008,business_rule_constraint,"A classification may be locked when changing it would break established trace links, access rules, or compliance reporting.",stated,"[interview_turn:T096] If an artifact naturally belongs in more than one view, like a requirement that is both security-related and tied to a legal obligation, it should be allowed multiple classifications. Reclassification later should be allowed when the analyst is refining the analysis or correcting an early placeholder, as long as the history is preserved.
A single locked classification makes sense only when changing it would break established trace links, access rules, or compliance reporting. In those cases, the system should force a deliberate review rather than letting it drift.",accept,,,,,
BR-009,business_rule_constraint,"A classification change that could alter traceability, access, or compliance evidence shall go through review first unless it is an obvious correction that does not change meaning or visibility.",stated,"[interview_turn:T098] The review should check whether the proposed change would break any existing traceability, alter who can see or edit the artifact, or invalidate any compliance evidence already attached to it. It should also confirm that any dependent goals, requirements, or policies have been updated so nothing is left inconsistent.
If those impacts can’t be fully accounted for, then the classification should stay locked. The approval should only happen when the downstream effects are understood and recorded.; [interview_turn:T100] There should be a very narrow exception for obvious corrections, like fixing a spelling mistake or reverting an accidental misclick that doesn’t change meaning or visibility. In those cases, the system could apply the change immediately, but it still needs to log the before and after values and who made the change.
Anything that could alter traceability, access, or compliance evidence should go through review first. If there’s any doubt about impact, I’d treat it as review required.",accept,,,,,
BR-010,business_rule_constraint,"Obvious corrections may be applied immediately, but the system shall still log the before and after values and who made the change.",stated,"[interview_turn:T100] There should be a very narrow exception for obvious corrections, like fixing a spelling mistake or reverting an accidental misclick that doesn’t change meaning or visibility. In those cases, the system could apply the change immediately, but it still needs to log the before and after values and who made the change.
Anything that could alter traceability, access, or compliance evidence should go through review first. If there’s any doubt about impact, I’d treat it as review required.",accept,,,,,
BR-011,business_rule_constraint,The first release should include core collaboration and traceability functions and basic role-based access control.,stated,"[interview_turn:T020] For day one, the core scenarios are capturing goals, policies, scenarios, and requirements; linking them together so the rationale is traceable; and letting people compare two analyses side by side. We also need the basic role-based access so administrators, project managers, analysts, and guests can each do the right level of work.
What can wait are the nicer workflow features, automation, and deeper reporting. The first release has to prove that teams can organize the analysis, review it, and trust the traceability without needing extra bells and whistles.; [interview_turn:T074] For the first release, I’d keep the should-have set to the core collaboration and traceability functions: capturing goals, scenarios, policies, requirements, and compliance notes; linking them together; classifying them flexibly; and comparing analyses from different people. Basic access control by role is also part of that, because without it the rest doesn’t really hold up.
A capability should stay out of that category if it adds a lot of complexity, depends on external systems we’re not ready to integrate, or mainly serves a niche workflow. If it would delay the first usable version or create more risk than value, I’d treat it as a later enhancement.",accept,,,,,
BR-012,business_rule_constraint,"Deep workflow automation, advanced analytics dashboards, and tight integration with every possible document repository are excluded from the first release unless they are essential for a pilot customer or an unmet compliance obligation.",stated,"[interview_turn:T076] I’d keep things like deep workflow automation, advanced analytics dashboards, and tight integration with every possible document repository out of the first release. Those tend to introduce a lot of complexity and usually depend on decisions or systems we haven’t standardized yet.
The main exception would be if one of those is essential for a pilot customer or for meeting a compliance obligation we can’t otherwise satisfy. In that case, I’d consider including just the smallest workable version, but only if it doesn’t compromise the core collaboration features.",accept,,,,,
BR-013,business_rule_constraint,"If a deferred capability is essential for a pilot customer or compliance obligation, the smallest acceptable version shall do only the one necessary thing and must fit inside the same capture, trace, and compare flow without breaking access control, redaction, or the ability to review and revise analyses.",conditional,"[interview_turn:T078] A practical test would be whether the pilot or compliance need can still be met without it using the normal SPRAT workflow. If the answer is no, and there’s a real deadline or contractual expectation behind it, then it’s probably essential rather than just nice to have.
The smallest acceptable version should do only the one necessary thing, with no extra automation or broad integration. It has to fit inside the same capture, trace, and compare flow without breaking access control, redaction, or the ability to review and revise analyses.; [interview_turn:T080] The boundary should be whether it directly supports the specific pilot or compliance outcome we’re trying to meet. If a feature starts serving additional teams, extra document types, or broader reporting beyond that need, it’s probably past the minimal line.
I’d keep it limited to the smallest path that gets the required result and can be explained and tested against that one obligation. Once we start adding convenience or future-proofing, we’ve moved beyond essential.",accept,,,,,
BR-014,business_rule_constraint,"An exception workaround shall be owned by the person accountable for the pilot or compliance outcome, usually the project manager or lead analyst.",stated,"[interview_turn:T086] The owner should be the person accountable for the pilot or compliance outcome, usually the project manager or lead analyst, not a generic support role. It should be tracked as a time-bounded exception inside SPRAT with the reason, the workaround used, and the target date or condition for closing it.
It moves back into the standard workflow when the deadline is met, the required integration becomes available, or the compliance evidence has been formally accepted. If none of those happen, we’d need to review it rather than letting it sit indefinitely.",accept,,,,,
BR-015,business_rule_constraint,"A workaround shall be tracked in SPRAT as a time-bounded exception with the reason, the workaround used, and the target date or condition for closing it.",stated,"[interview_turn:T086] The owner should be the person accountable for the pilot or compliance outcome, usually the project manager or lead analyst, not a generic support role. It should be tracked as a time-bounded exception inside SPRAT with the reason, the workaround used, and the target date or condition for closing it.
It moves back into the standard workflow when the deadline is met, the required integration becomes available, or the compliance evidence has been formally accepted. If none of those happen, we’d need to review it rather than letting it sit indefinitely.",accept,,,,,
BR-016,business_rule_constraint,"A workaround shall stop when the deadline is met, the required integration becomes available, or the compliance evidence has been formally accepted and archived.",stated,"[interview_turn:T094] It should stop as soon as the original blocker is gone, meaning the deadline has passed, the missing integration is live, or the acceptance evidence has been approved and archived. At that point, continuing the workaround just adds risk and makes the record harder to trust.
If the blocker is only partially resolved, I’d keep the workaround only until the team confirms the standard path is workable again. If there’s any uncertainty, it should be reviewed rather than automatically extended.",accept,,,,,
BR-017,business_rule_constraint,A feature may be considered essential only when the pilot or compliance need cannot be met without it using the normal SPRAT workflow and a real deadline or contractual expectation exists.,conditional,"[interview_turn:T078] A practical test would be whether the pilot or compliance need can still be met without it using the normal SPRAT workflow. If the answer is no, and there’s a real deadline or contractual expectation behind it, then it’s probably essential rather than just nice to have.
The smallest acceptable version should do only the one necessary thing, with no extra automation or broad integration. It has to fit inside the same capture, trace, and compare flow without breaking access control, redaction, or the ability to review and revise analyses.",accept,,,,,
BR-018,business_rule_constraint,"When a feature is treated as essential, it shall remain limited to the smallest path that directly supports the specific pilot or compliance outcome and does not expand to broader teams, extra document types, or broader reporting.",conditional,"[interview_turn:T080] The boundary should be whether it directly supports the specific pilot or compliance outcome we’re trying to meet. If a feature starts serving additional teams, extra document types, or broader reporting beyond that need, it’s probably past the minimal line.
I’d keep it limited to the smallest path that gets the required result and can be explained and tested against that one obligation. Once we start adding convenience or future-proofing, we’ve moved beyond essential.",accept,,,,,
BR-019,business_rule_constraint,"If the action is routine, low risk, and based on an approved template or previously validated pattern, the system may allow a fast path while still capturing who did it, what changed, when it happened, and which source policy or requirement it came from.",conditional,"[interview_turn:T092] Users should be allowed to take the fast path when the action is routine, low risk, and based on an approved template or previously validated pattern. They can skip extra steps if the system still captures who did it, what changed, when it happened, and which source policy or requirement it came from.
If the action affects sensitive classifications, legal compliance, access permissions, or a new trace link, I wouldn’t allow skipping the extra steps. Traceability has to stay intact even when we reduce friction.",accept,,,,,
BR-020,business_rule_constraint,"If the action affects sensitive classifications, legal compliance, access permissions, or a new trace link, the system shall not allow the user to skip extra steps.",stated,"[interview_turn:T092] Users should be allowed to take the fast path when the action is routine, low risk, and based on an approved template or previously validated pattern. They can skip extra steps if the system still captures who did it, what changed, when it happened, and which source policy or requirement it came from.
If the action affects sensitive classifications, legal compliance, access permissions, or a new trace link, I wouldn’t allow skipping the extra steps. Traceability has to stay intact even when we reduce friction.",revise,business_rule_constraint,"If the action affects sensitive classifications, legal compliance, access permissions, or a new trace link, the system shall not allow the user to skip extra steps.",conditional,"[{""source_kind"": ""interview_turn"", ""source_id"": ""T092"", ""evidence_span"": ""Users should be allowed to take the fast path when the action is routine, low risk, and based on an approved template or previously validated pattern. They can skip extra steps if the system still captures who did it, what changed, when it happened, and which source policy or requirement it came from.\nIf the action affects sensitive classifications, legal compliance, access permissions, or a new trace link, I wouldn\u2019t allow skipping the extra steps. Traceability has to stay intact even when we reduce friction.""}]",
BR-021,business_rule_constraint,"For sensitive projects, location and device restrictions shall allow access only from approved corporate networks or trusted devices, with stronger authentication for remote access and explicit approval for especially sensitive work.",conditional,"[interview_turn:T060] Yes, for sensitive projects we’d want location and device to matter. Ideally access would be allowed only from approved corporate networks or trusted devices, and remote access would need stronger authentication and maybe an explicit approval for especially sensitive work.
For urgent situations, I think there should be an exception process rather than a blanket block, because people do sometimes need access while traveling or responding off-hours. That exception should be logged and time-limited.",accept,,,,,
BR-022,business_rule_constraint,An urgent-access exception for sensitive projects shall be logged and time-limited.,stated,"[interview_turn:T060] Yes, for sensitive projects we’d want location and device to matter. Ideally access would be allowed only from approved corporate networks or trusted devices, and remote access would need stronger authentication and maybe an explicit approval for especially sensitive work.
For urgent situations, I think there should be an exception process rather than a blanket block, because people do sometimes need access while traveling or responding off-hours. That exception should be logged and time-limited.",accept,,,,,
QR-001,quality_requirement,The system shall be available during normal working hours at minimum and should be close to always on.,conditional,"[interview_turn:T012] People would expect it to be available during normal working hours at least, and realistically close to always on because analysis work is often spread across teams and time zones. If it goes down briefly, that’s tolerable as long as people don’t lose their current work and can pick up again quickly.
What would be disruptive is losing edits, having the comparison data corrupted, or being unable to review policy traceability when a deadline is close. Slowdowns are acceptable if they’re minor, but if search, trace navigation, or saving analyses becomes noticeably sluggish, that would interfere with the day-to-day workflow.",accept,,,,,
QR-002,quality_requirement,"If the system goes down briefly, users shall not lose current work and shall be able to pick up again quickly.",stated,"[interview_turn:T012] People would expect it to be available during normal working hours at least, and realistically close to always on because analysis work is often spread across teams and time zones. If it goes down briefly, that’s tolerable as long as people don’t lose their current work and can pick up again quickly.
What would be disruptive is losing edits, having the comparison data corrupted, or being unable to review policy traceability when a deadline is close. Slowdowns are acceptable if they’re minor, but if search, trace navigation, or saving analyses becomes noticeably sluggish, that would interfere with the day-to-day workflow.",revise,quality_requirement,"If the system goes down briefly, users shall not lose current work and shall be able to pick up again quickly.",conditional,"[{""source_kind"": ""interview_turn"", ""source_id"": ""T012"", ""evidence_span"": ""People would expect it to be available during normal working hours at least, and realistically close to always on because analysis work is often spread across teams and time zones. If it goes down briefly, that\u2019s tolerable as long as people don\u2019t lose their current work and can pick up again quickly.\nWhat would be disruptive is losing edits, having the comparison data corrupted, or being unable to review policy traceability when a deadline is close. Slowdowns are acceptable if they\u2019re minor, but if search, trace navigation, or saving analyses becomes noticeably sluggish, that would interfere with the day-to-day workflow.""}]",
QR-003,quality_requirement,"The system shall remain responsive for search, trace navigation, saving analyses, loading dense analyses, tracing links, comparing outputs, large imports, and bulk updates.",stated,"[interview_turn:T012] People would expect it to be available during normal working hours at least, and realistically close to always on because analysis work is often spread across teams and time zones. If it goes down briefly, that’s tolerable as long as people don’t lose their current work and can pick up again quickly.
What would be disruptive is losing edits, having the comparison data corrupted, or being unable to review policy traceability when a deadline is close. Slowdowns are acceptable if they’re minor, but if search, trace navigation, or saving analyses becomes noticeably sluggish, that would interfere with the day-to-day workflow.; [interview_turn:T014] I’d expect a modest but steady level of concurrent use, probably a few dozen people at once across projects, not hundreds in one analysis. The dataset size can still get fairly large because each project can accumulate many goals, scenarios, policies, and requirements, especially if there are multiple analysts contributing versions.
So responsiveness matters more than raw scale. Even if the number of users is moderate, the tool still needs to stay quick when someone is loading a dense analysis, tracing links, or comparing two people’s outputs.; [interview_turn:T038] A few dozen concurrent users is probably fine for normal use, but it could still be a problem during heavy collaborative sessions when several people are editing, tracing, and reviewing the same project at once. Large imports or bulk updates could also create temporary slowdowns, especially if they trigger trace recalculation or permission checks.
Cross-project reviews are another case where responsiveness matters, because people may be comparing many artifacts at the same time. So I’d want special handling for those bursts, even if the average user count stays modest.",accept,,,,,
QR-004,quality_requirement,"Minor slowdowns are acceptable, but noticeable sluggishness in search, trace navigation, or saving analyses is not acceptable for day-to-day workflow.",stated,"[interview_turn:T012] People would expect it to be available during normal working hours at least, and realistically close to always on because analysis work is often spread across teams and time zones. If it goes down briefly, that’s tolerable as long as people don’t lose their current work and can pick up again quickly.
What would be disruptive is losing edits, having the comparison data corrupted, or being unable to review policy traceability when a deadline is close. Slowdowns are acceptable if they’re minor, but if search, trace navigation, or saving analyses becomes noticeably sluggish, that would interfere with the day-to-day workflow.",accept,,,,,
QR-005,quality_requirement,"The system shall support a modest but steady level of concurrent use, approximately a few dozen people at once, while keeping responsiveness acceptable.",conditional,"[interview_turn:T014] I’d expect a modest but steady level of concurrent use, probably a few dozen people at once across projects, not hundreds in one analysis. The dataset size can still get fairly large because each project can accumulate many goals, scenarios, policies, and requirements, especially if there are multiple analysts contributing versions.
So responsiveness matters more than raw scale. Even if the number of users is moderate, the tool still needs to stay quick when someone is loading a dense analysis, tracing links, or comparing two people’s outputs.; [interview_turn:T040] I’d record the concurrent user level as a tentative assumption for now. We don’t have a firm number beyond “a few dozen,” and I’d rather avoid locking in a limit that we haven’t validated with the teams.",accept,,,,,
QR-006,quality_requirement,"The system shall handle bursts such as heavy collaborative sessions, large imports, bulk updates, and cross-project reviews without unacceptable slowdown.",stated,"[interview_turn:T038] A few dozen concurrent users is probably fine for normal use, but it could still be a problem during heavy collaborative sessions when several people are editing, tracing, and reviewing the same project at once. Large imports or bulk updates could also create temporary slowdowns, especially if they trigger trace recalculation or permission checks.
Cross-project reviews are another case where responsiveness matters, because people may be comparing many artifacts at the same time. So I’d want special handling for those bursts, even if the average user count stays modest.",accept,,,,,
QR-007,quality_requirement,The system shall be usable from a normal office or remote working setup through the web without special tooling.,stated,"[interview_turn:T010] It has to work in a collaborative review setting, often with multiple analysts working on the same project but not necessarily at the same time. We also need it to work when people are comparing their own analysis with someone else’s, or when a project manager or guest is reviewing progress without being able to edit everything.
The main constraints are access control and organizational context, since different roles should see and do different things, and some projects will involve sensitive policy or legal material. I’d also expect it to be usable in a normal office or remote working setup, so people can get to it through the web without special tooling.",accept,,,,,
QR-008,quality_requirement,New analysts should be able to start basic capture and trace tasks with minimal guidance.,stated,"[interview_turn:T052] New analysts should be able to get started with basic capture and trace tasks with minimal guidance, like entering goals, scenarios, and linking a requirement to its source. We’d expect the more advanced classification and comparison features to need a bit more onboarding.
If there are exceptions, they’d mostly be for very sensitive projects or complicated policy sets, where we’d want extra support and clearer guidance from an administrator or project manager.",accept,,,,,
QR-009,quality_requirement,Advanced classification and comparison features should require more onboarding than basic capture and trace tasks.,stated,"[interview_turn:T052] New analysts should be able to get started with basic capture and trace tasks with minimal guidance, like entering goals, scenarios, and linking a requirement to its source. We’d expect the more advanced classification and comparison features to need a bit more onboarding.
If there are exceptions, they’d mostly be for very sensitive projects or complicated policy sets, where we’d want extra support and clearer guidance from an administrator or project manager.",accept,,,,,
QR-010,quality_requirement,"For very sensitive projects or complex policy sets, the system shall provide guided setup, examples of acceptable classifications, and inline explanations for comparison interpretation.",conditional,"[interview_turn:T062] For very sensitive projects or complex policy sets, I’d want guided setup, examples of acceptable classifications, and probably a short review by an administrator or project manager before the work is considered ready. It would also help to have inline explanations for how comparisons are interpreted, since people can draw the wrong conclusions if the policy language is subtle.
I’d skip or reduce those extra steps only when the project is already using a standard template or the analyst has proven experience with that exact policy domain. In that case, the system should let them move faster without losing the audit trail.",accept,,,,,
QR-011,quality_requirement,The system shall preserve the original context of migrated and changed analysis work rather than overwriting it.,stated,"[interview_turn:T030] The main scenario is that teams already have analysis work in documents, spreadsheets, or other tools, and they need a practical way to bring the important parts into SPRAT without starting from scratch. The key outcome is preserving the traceability and context of what they already know, so the migrated work is still trustworthy and reviewable.
For scope, I’d focus first on getting the core content and links across cleanly, even if some formatting or historical clutter is left behind. The transition should support a gradual move rather than forcing a big-bang cutover.; [interview_turn:T036] We’d need a basic audit trail that shows what changed, who changed it, and when it changed. It should also record the previous version or at least enough detail to reconstruct the earlier state, especially for goals, requirements, policies, and traces.
For impacted analyses, it would help if the tool can show which downstream items were derived from the changed artifact or were reviewed against it, so reviewers can judge whether those earlier analyses are still valid. The main point is to preserve the original context rather than overwrite it.",accept,,,,,
QR-012,quality_requirement,The system shall preserve audit trail information and traceability during migration and export.,stated,"[interview_turn:T030] The main scenario is that teams already have analysis work in documents, spreadsheets, or other tools, and they need a practical way to bring the important parts into SPRAT without starting from scratch. The key outcome is preserving the traceability and context of what they already know, so the migrated work is still trustworthy and reviewable.
For scope, I’d focus first on getting the core content and links across cleanly, even if some formatting or historical clutter is left behind. The transition should support a gradual move rather than forcing a big-bang cutover.; [interview_turn:T064] We’d definitely need at least a structured machine-readable export, like CSV or JSON, and a human-readable one like PDF or Word for reviews and reporting. I’d also want exports to preserve trace links and audit metadata, not just the final text.
Certain formats should be restricted if they expose sensitive comments or legal notes, and raw exports should probably be limited to authorized roles. For external sharing, a redacted or approved version should be required rather than an unfiltered export.",accept,,,,,
EX-001,exception_boundary,Comparing analyses is intended to make sense within the same project or at least the same policy context; comparing unrelated analyses is probably not useful.,conditional,"[interview_turn:T022] They need to see where goals, policies, and requirements match, where they differ, and where one analysis has something the other does not. It’s also important to spot when two people traced the same requirement back to different source policies, because that tells reviewers there’s a disagreement to resolve.
I don’t think there’s a hard rule that only certain analyses can be compared, but it should make sense within the same project or at least the same policy context. Comparing unrelated analyses probably wouldn’t be useful.",accept,,,,,
EX-002,exception_boundary,"For low-risk projects, basic capture tasks should mostly remain self-service once the workflow is learned, except that final approval or changes to official compliance wording remain behind a more senior role.",conditional,"[interview_turn:T056] In low-risk projects, those basic capture tasks should mostly remain self-service once they’ve learned the workflow. I’d still keep final approval or anything that changes official compliance wording behind a more senior role, but simple editing, reclassifying, and linking to ordinary source types should be open.
If a source type is especially sensitive, like a legal interpretation or a policy exception, that might still need a review step even in a low-risk project.",accept,,,,,
EX-003,exception_boundary,"A source type that is especially sensitive, such as a legal interpretation or a policy exception, may still require a review step even in a low-risk project.",conditional,"[interview_turn:T056] In low-risk projects, those basic capture tasks should mostly remain self-service once they’ve learned the workflow. I’d still keep final approval or anything that changes official compliance wording behind a more senior role, but simple editing, reclassifying, and linking to ordinary source types should be open.
If a source type is especially sensitive, like a legal interpretation or a policy exception, that might still need a review step even in a low-risk project.",accept,,,,,
EX-004,exception_boundary,The system shall allow an immediate classification change only for obvious corrections that do not change meaning or visibility.,stated,"[interview_turn:T100] There should be a very narrow exception for obvious corrections, like fixing a spelling mistake or reverting an accidental misclick that doesn’t change meaning or visibility. In those cases, the system could apply the change immediately, but it still needs to log the before and after values and who made the change.
Anything that could alter traceability, access, or compliance evidence should go through review first. If there’s any doubt about impact, I’d treat it as review required.",accept,,,,,
EX-005,exception_boundary,"If there is any doubt about the impact of a classification change on traceability, access, or compliance evidence, the change shall be treated as review required.",stated,"[interview_turn:T100] There should be a very narrow exception for obvious corrections, like fixing a spelling mistake or reverting an accidental misclick that doesn’t change meaning or visibility. In those cases, the system could apply the change immediately, but it still needs to log the before and after values and who made the change.
Anything that could alter traceability, access, or compliance evidence should go through review first. If there’s any doubt about impact, I’d treat it as review required.",revise,exception_boundary,"If there is any doubt about the impact of a classification change on traceability, access, or compliance evidence, the change shall be treated as review required.",conditional,"[{""source_kind"": ""interview_turn"", ""source_id"": ""T100"", ""evidence_span"": ""There should be a very narrow exception for obvious corrections, like fixing a spelling mistake or reverting an accidental misclick that doesn\u2019t change meaning or visibility. In those cases, the system could apply the change immediately, but it still needs to log the before and after values and who made the change.\nAnything that could alter traceability, access, or compliance evidence should go through review first. If there\u2019s any doubt about impact, I\u2019d treat it as review required.""}]",
EX-006,exception_boundary,"A minimal essential capability shall stay out of scope if it starts serving additional teams, extra document types, broader reporting, or future-proofing beyond the specific pilot or compliance need.",stated,"[interview_turn:T080] The boundary should be whether it directly supports the specific pilot or compliance outcome we’re trying to meet. If a feature starts serving additional teams, extra document types, or broader reporting beyond that need, it’s probably past the minimal line.
I’d keep it limited to the smallest path that gets the required result and can be explained and tested against that one obligation. Once we start adding convenience or future-proofing, we’ve moved beyond essential.",accept,,,,,
UN-001,unresolved_information,The exact conditions and fallback rules for office and remote web access are not yet pinned down and depend on the security policy for each project.,unresolved,"[interview_turn:T046] We should note that as tentative for now. I think the general idea is clear, but the exact conditions and fallback rules will depend on the security policy for each project and we haven’t pinned those down yet.",accept,,,,,
UN-002,unresolved_information,The concurrent user level is still a tentative assumption and has not been validated beyond 'a few dozen' users.,unresolved,"[interview_turn:T040] I’d record the concurrent user level as a tentative assumption for now. We don’t have a firm number beyond “a few dozen,” and I’d rather avoid locking in a limit that we haven’t validated with the teams.",accept,,,,,
