requirement_id,run_index,status,evidence_ids,rationale,limitation,decision,revised_status,revised_evidence_ids,revised_rationale,revised_limitation,notes
FR-001,1,observed_satisfied,EV-01-SCEN-FR-001-04-04; EV-01-SCEN-FR-001-04-01,"The admin login issued a session cookie, and the subsequent request using that cookie created a family with HTTP 201 and a returned family record attributed to admin. This establishes that an administrator can register a family.",,accept,,,,,
FR-002,1,observed_partial,EV-01-SCEN-FR-002-05-04; EV-01-SCEN-FR-002-05-05; EV-01-SCEN-FR-002-05-06; EV-01-SCEN-FR-002-05-01,"The admin session created an enrollment for the prepared child and family, establishing one enrollment-management operation.","No operation on an existing enrollment was observed, so ongoing enrollment management remains untested.",accept,,,,,
FR-003,1,observed_partial,EV-01-SCEN-FR-003-06-04; EV-01-SCEN-FR-003-06-01,"An administrator logged in and created a child record with the classroom assignment “Sunflower,” which the response returned. This establishes an initial assignment operation.","No change to an existing classroom assignment was observed, so ongoing management remains untested.",accept,,,,,
FR-004,1,not_observable,EV-01-SCEN-FR-004-07-04; EV-01-SCEN-FR-004-07-01,"None of the required classroom-capacity management behaviour was observed. An admin session was used to create a child assigned to the Sunflower classroom, but that does not show an administrator managing the classroom's capacity.","No capacity-setting or capacity-changing action, or resulting capacity value, was recorded.",accept,,,,,
FR-005,1,not_observable,EV-01-SCEN-FR-005-08-01; EV-01-SCEN-FR-005-08-04,"None of the required waiting-list management behaviour was observed. The recorded administrator login was followed by creation of a child record, not a waiting-list operation.",No administrator action to create or manage a waiting-list entry was tested.,accept,,,,,
FR-006,1,observed_partial,EV-01-SCEN-FR-006-09-04; EV-01-SCEN-FR-006-09-01,"The logged-in admin created a child record, and the response included the supplied immunization entry. This establishes that an authenticated actor can initially record a child immunization.","No subsequent retrieval or update was observed, so ongoing tracking is untested. The evidence does not establish the admin account's staff role or the authorization policy.",accept,,,,,
FR-007,1,not_observable,EV-01-SCEN-FR-007-10-01; EV-01-SCEN-FR-007-10-04,"None of the required invoice-processing behavior was observed. The recorded session created an invoice, but the response shows it remained unpaid with no transactions.",No attempt or outcome for processing an invoice by authorized staff was recorded.,accept,,,,,
FR-008,1,not_observable,EV-01-SCEN-FR-008-11-01; EV-01-SCEN-FR-008-11-04,"No required lookup capability was established. The search returned empty family and child lists, and the login response did not identify the user as staff.","No existing matching family or child record was prepared or returned, so staff access to that information remains untested.",accept,,,,,
FR-009,1,not_observable,EV-01-SCEN-FR-009-12-01; EV-01-SCEN-FR-009-12-04,"No required obligation was exercised. The responses show a login acknowledgement and a status count of zero invoices, not office or front-desk staff helping with an invoicing question.","No invoicing question, staff assistance action, or resulting help was recorded.",accept,,,,,
FR-010,1,not_observable,EV-01-SCEN-FR-010-13-01; EV-01-SCEN-FR-010-13-04,No required obligation was established. The recorded admin login was followed by a search that returned no children or child details.,Teacher access to a child's allergy and immunization details was not exercised.,accept,,,,,
FR-011,1,not_observable,EV-01-SCEN-FR-011-14-01; EV-01-SCEN-FR-011-14-04,No required obligation was established. The recorded action created a child record as admin; it did not show a teacher recording a routine classroom-related note.,The evidence does not establish whether recording such notes is part of the workflow or whether teachers can do so.,accept,,,,,
FR-012,1,not_observable,EV-01-SCEN-FR-012-15-01; EV-01-SCEN-FR-012-15-04,An admin login was followed by creation of a family record. Neither required operation—looking up family information or keeping an existing basic record current—was observed.,"No lookup or update of an existing family record was captured, and the acting user was not established as office or front-desk staff.",accept,,,,,
FR-013,1,observed_partial,EV-01-SCEN-FR-013-16-04; EV-01-SCEN-FR-013-16-01,"An admin login was followed by successful creation of a family record, demonstrating support for one routine administrative task.",Other routine administrative tasks and any reduction in time spent on administration were not observed.,accept,,,,,
FR-014,1,not_observable,EV-01-SCEN-FR-014-17-01; EV-01-SCEN-FR-014-17-04,"None of the required notice, reminder, or email-integration capabilities was exercised. The recorded actions show only an admin login and family creation.","Sending parent notices and reminders through email integration, including availability from day one, remains untested.",accept,,,,,
FR-015,1,observed_partial,EV-01-SCEN-FR-015-18-01; EV-01-SCEN-FR-015-18-05; EV-01-SCEN-FR-015-18-06,"The system generated an invoice for the prepared family and child, returning HTTP 201 and an invoice record. This establishes invoice-generation capability.","The evidence does not establish whether accounting connectivity was unavailable during generation, so the required unavailable-connectivity condition remains untested.",accept,,,,,
FR-016,1,not_observable,EV-01-SCEN-FR-016-19-01,No required obligation was exercised. The status response shows zero invoices but does not show an export or manual transfer of invoice data.,"No invoice-data transfer was attempted or observed, and the evidence does not establish whether accounting connectivity was unavailable.",accept,,,,,
FR-017,1,not_observable,EV-01-SCEN-FR-017-20-04; EV-01-SCEN-FR-017-20-01,"None of the required shared-computer login capability is established. The two admin login requests returned 200, a generic acknowledgement and the same session cookie, but no authenticated staff access was shown.",The evidence does not establish login from shared computers or whether staff could use the resulting session without friction.,accept,,,,,
FR-018,1,not_observable,EV-01-SCEN-FR-018-21-01; EV-01-SCEN-FR-018-21-04,"None of the required browser-based use is established. The recorded login and search succeeded through a Python HTTP client, not a browser.",The evidence does not show whether the system is usable in a browser without special software.,accept,,,,,
FR-019,1,not_observable,EV-01-SCEN-FR-019-22-01,"None of the required tablet-use behaviour was observed. The successful search was made by a Python HTTP client, not a tablet.",Use of the system on a tablet was not tested.,accept,,,,,
FR-020,1,not_observable,EV-01-SCEN-FR-020-23-01,"No required obligation was established. The recorded request created an unpaid invoice, but it did not show work saved as a draft or autosaved.","No temporary interruption, retrieval of entered data, or resumption of work was observed.",accept,,,,,
FR-021,1,not_observable,EV-01-SCEN-FR-021-24-01; EV-01-SCEN-FR-021-24-04,"No required obligation was exercised. The recorded login succeeded, and the status response showed zero enrollments and invoices; neither observation shows staff resuming a task from saved values.","No enrollment or invoice task was saved, interrupted, and resumed, so restoration of its last saved values remains untested.",accept,,,,,
FR-022,1,not_observable,EV-01-SCEN-FR-022-25-01; EV-01-SCEN-FR-022-25-04,"None of the required behaviour was exercised. The recorded staff session created an invoice, but no task was shown to be interrupted or subsequently cancelled or corrected.","The evidence does not show whether staff can cancel or correct an interrupted task, or whether doing so avoids duplicate records.",accept,,,,,
FR-023,1,not_observable,EV-01-SCEN-FR-023-26-01,"No required status display was observed. The response shows only counts of zero enrollments and zero invoices, not whether a task was saved as a draft, submitted, completed, or paid.","No enrollment or invoice task in any of the stated states was observed, so the required status display remains untested.",accept,,,,,
FR-024,1,not_observable,EV-01-SCEN-FR-024-27-01; EV-01-SCEN-FR-024-27-04,No required obligation was exercised. The recorded login and empty search results show neither a staff member editing a record nor another user editing that same record.,The concurrent-editing condition and any warning to staff remain untested.,accept,,,,,
FR-025,1,not_observable,EV-01-SCEN-FR-025-28-01; EV-01-SCEN-FR-025-28-04,"No required branch was observed. Login succeeded, but the search returned no records; no record was shown to be under concurrent editing.",Neither read-only viewing nor waiting for a concurrently edited record to become available was tested.,accept,,,,,
FR-026,1,not_observable,EV-01-SCEN-FR-026-29-01; EV-01-SCEN-FR-026-29-04,None of the required behaviour was exercised. The recorded login and empty search results show no changes to a record or review of conflicting fields.,"No two users were observed changing the same record, so whether the system forces review of conflicting fields is unknown.",accept,,,,,
FR-027,1,not_observable,EV-01-SCEN-FR-027-30-01; EV-01-SCEN-FR-027-30-04,None of the required behavior was observed. The recorded login and status response do not show a changed record or a display of who changed it and when.,No record change or corresponding change-history display was captured.,accept,,,,,
FR-028,1,not_observable,EV-01-SCEN-FR-028-31-01,"No required obligation was established. The search returned no records, so it did not show a record’s last saved status.",No saved record or status display was observed.,accept,,,,,
FR-029,1,not_observable,EV-01-SCEN-FR-029-32-01; EV-01-SCEN-FR-029-32-04,"None of the required payment-history behaviour was observed. The login returned an acknowledgement, and the status response showed only record counts, not a history of payment transactions.","No payment-history view or response was exercised, so visibility of transaction dates, amounts, refunds, and adjustments remains unknown.",accept,,,,,
FR-030,1,not_observable,EV-01-SCEN-FR-030-33-01,No required invoice payment state was observed. The status response reports zero invoices and shows only record counts.,"Display of the unpaid, partial, and paid invoice states remains untested.",accept,,,,,
FR-031,1,not_observable,EV-01-SCEN-FR-031-34-01,"No required obligation was observed. The status response shows aggregate counts, including zero invoices, but does not show whether a payment or invoice task went through or what still needs attention.",No payment or invoice task with an outcome or outstanding action was observed.,accept,,,,,
FR-032,1,observed_partial,EV-01-SCEN-FR-032-35-04; EV-01-SCEN-FR-032-35-01,"The logged-in admin created a family record; the response returned HTTP 201 and a new family ID. This establishes family creation, but not child creation.","The family response lists no children, and no child-creation request or first-application or enrollment context was recorded.",accept,,,,,
FR-033,1,not_observable,EV-01-SCEN-FR-033-36-01,"A family record was created with a contact detail, but no existing family or child record was updated. No required update capability was established.","Updates to family and child records for changed contact details, emergency contacts, medical information, and billing details remain untested.",accept,,,,,
FR-034,1,observed_satisfied,EV-01-SCEN-FR-034-37-06; EV-01-SCEN-FR-034-37-01,"An active child record was created, then successfully marked archived. The archive response shows status 'archived', archived true, and active false, satisfying the option to mark a child record inactive or archived.",,accept,,,,,
FR-035,1,not_observable,EV-01-SCEN-FR-035-38-06; EV-01-SCEN-FR-035-38-01,No deletion restriction was established. The recorded action archived a child record; it did not delete one.,No deletion attempt or policy defining the very limited cases was recorded.,accept,,,,,
FR-036,1,not_observable,EV-01-SCEN-FR-036-39-01,"No required obligation was established. The recorded search returned empty families, children, and invoices lists; it did not exercise archival or show preserved history.",Archiving records and retaining their history for reporting and billing reference remain untested.,accept,,,,,
FR-037,1,not_observable,EV-01-SCEN-FR-037-40-01; EV-01-SCEN-FR-037-40-04,None of the required behavior was observed. The recorded login and empty search result show neither immunization information nor a child's active status or subsequent archival.,Retention of immunization information while a child is active and archival afterward remain untested.,accept,,,,,
FR-038,1,not_observable,EV-01-SCEN-FR-038-41-01; EV-01-SCEN-FR-038-41-05,None of the required import behaviours was observed. The recorded requests created a family and a child individually; they did not exercise an import of existing data.,"Guided import, import validation, and error reports remain untested.",accept,,,,,
FR-039,1,not_observable,EV-01-SCEN-FR-039-42-01; EV-01-SCEN-FR-039-42-05,None of the required behavior was observed. The recorded requests create a family and a child; they do not import records or show a review step before finalization.,"Importing records, reviewing them, and finalizing them were not exercised.",accept,,,,,
FR-040,1,not_observable,EV-01-SCEN-FR-040-43-01,No required obligation was observed. The recorded request directly created a child with explicitly supplied fields; it did not exercise an import or show automatic field mapping.,Automatic mapping of common fields during import and flagging uncertain mappings for manual review remain untested.,accept,,,,,
FR-041,1,not_observable,EV-01-SCEN-FR-041-44-01; EV-01-SCEN-FR-041-44-05,"None of the required import behaviours was exercised. The recorded requests created a family and a child with ordinary values; they did not show messy imported data, suggested fixes, or staff review before loading.",Whether the system suggests fixes and lets staff correct or confirm imported values before loading remains untested.,accept,,,,,
FR-042,1,not_observable,EV-01-SCEN-FR-042-45-01,"None of the required migration behaviour was observed. The response shows creation of an active child record, not migration of an existing record.","Staged migration of active records, subsequent migration of historical records, and their ordering were not exercised.",accept,,,,,
FR-043,1,not_observable,EV-01-SCEN-FR-043-46-01,The search request returned empty results. No archived record was shown to be found or searched; no complete required obligation was established.,It is unknown whether archived records existed or whether the search can return matching archived records.,accept,,,,,
FR-044,1,not_observable,EV-01-SCEN-FR-044-47-01; EV-01-SCEN-FR-044-47-04,No required obligation was established. The recorded login and search returned only an empty JSON search result; neither demonstrates a printable view or summary.,No printable view or summary was requested or shown.,accept,,,,,
FR-045,1,not_observable,EV-01-SCEN-FR-045-48-01,"None of the required behaviour was observed. The recorded request successfully created a family, but its response shows neither a built-in help tip nor an error message.","Help tips were not observed, and no error response was captured to assess message clarity.",accept,,,,,
FR-046,1,not_observable,EV-01-SCEN-FR-046-49-01,"A family was created through a single POST request, but no step-by-step wizard was observed. No required wizard obligation was established.",The evidence does not show a family-enrollment wizard or an invoice-setup wizard.,accept,,,,,
FR-047,1,not_observable,EV-01-SCEN-FR-047-50-01,None of the required hint behaviour was observed. The captured search response contains only empty result lists and shows no fields or contextual hints.,"No field presentation was captured, so the presence or absence of hints near required fields or unusual cases cannot be assessed.",accept,,,,,
FR-048,1,not_observable,EV-01-SCEN-FR-048-51-01; EV-01-SCEN-FR-048-51-04,"None of the required review-before-submission behaviour was observed. The recorded requests show login and family creation, with the family information returned after submission.",No complex task or opportunity to review its information before submission was recorded.,accept,,,,,
FR-049,1,not_observable,EV-01-SCEN-FR-049-52-04; EV-01-SCEN-FR-049-52-01,"The recorded admin login and invoice creation are contextual facts. No edit or reversal of a mistake was exercised, so no required behaviour was established as met or violated.",Whether mistakes can be edited or reversed without manual administrator intervention remains untested.,accept,,,,,
FR-050,1,not_observable,EV-01-SCEN-FR-050-53-01; EV-01-SCEN-FR-050-53-04,None of the required pilot capability was observed. The recorded requests show only generic successful login acknowledgements.,Support for a pilot with a small group of users before broader rollout was not exercised or observed.,accept,,,,,
FR-051,1,not_observable,EV-01-SCEN-FR-051-54-04; EV-01-SCEN-FR-051-54-01,Only successful login requests were observed. No part of the required phased-rollout capability was demonstrated.,Whether the system can roll out in phases rather than through a single switch-over remains untested.,accept,,,,,
FR-052,1,not_observable,EV-01-SCEN-FR-052-55-01,The recorded admin login establishes none of the required training support.,Hands-on training for the pilot group and refresher sessions or job aids for the rest of the staff were not observed.,accept,,,,,
FR-053,1,not_observable,EV-01-SCEN-FR-053-56-01,No observation was recorded for the scenarios of this requirement.,"The existing GET / only opens a generic page or health endpoint; no scenario-specific setup or target interaction was defined. Missing observation: The system routes the request through the designated support channel and displays confirmation that the issue was received during business hours with a response path or reference number. The target action was not executed; this is an observation limitation, not a software failure.",accept,,,,,
FR-054,1,not_observable,EV-01-SCEN-FR-054-57-01,No observation was recorded for the scenarios of this requirement.,"The existing GET / only opens a generic page or health endpoint; no scenario-specific setup or target interaction was defined. Missing observation: The system can revert to the prior stable state or alternate operating mode, core services remain available or are restored promptly, and the disruption does not continue for an extended period. The target action was not executed; this is an observation limitation, not a software failure.",accept,,,,,
FR-055,1,not_observable,EV-01-SCEN-FR-055-58-01; EV-01-SCEN-FR-055-58-05,None of the required import capabilities is established. The recorded requests create a family and a child profile containing classroom and immunization fields; they do not exercise an import operation.,"Import of family records, child profiles, classroom assignments, immunization information, billing balances, and available historical attendance or enrollment data remains untested.",accept,,,,,
FR-056,1,not_observable,EV-01-SCEN-FR-056-59-01; EV-01-SCEN-FR-056-59-04,None of the required notice-generation or sending behaviour was observed. The recorded requests only logged in and created a family.,No parent-notice action or email-integration result was recorded.,accept,,,,,
FR-057,1,not_observable,EV-01-SCEN-FR-057-60-01,None of the required sharing behaviour was observed. The status response reported zero invoices but showed no invoice or payment information sent to an accounting system.,Sharing of both invoice and payment information with accounting systems remains untested.,accept,,,,,
FR-058,1,not_observable,EV-01-SCEN-FR-058-61-07; EV-01-SCEN-FR-058-61-01,"An unpaid invoice was created, and an explicit POST /pay request recorded a payment against it. This shows payment recording, but no complete obligation under the conditional requirement was established: the evidence does not show processor integration was available or that a payment was recorded automatically through it.",Processor availability and automatic payment recording when it is available remain untested.,accept,,,,,
FR-059,1,not_observable,EV-01-SCEN-FR-059-62-04; EV-01-SCEN-FR-059-62-01,"No required branch was established. One login and a subsequent status request succeeded, but they do not show multiple users using the system simultaneously.","Concurrent use by multiple users, and whether the system freezes under that condition, were not tested.",accept,,,,,
FR-060,1,not_observable,EV-01-SCEN-FR-060-63-01,"None of the required behaviour was established. The recorded invoice creation completed, but the evidence does not show an operation taking longer to complete or progress being displayed during it.",Progress during a longer-running operation remains untested.,accept,,,,,
FR-061,1,observed_partial,EV-01-SCEN-FR-061-64-01,"The system successfully added one family record, establishing record addition in the observed state.","Adding users and records as the center grows, and whether growth causes significant slowdown, were not tested.",accept,,,,,
FR-062,1,not_observable,EV-01-SCEN-FR-062-65-01,"No reporting obligation was exercised. The observed /status response showed an empty database, not a report.",Reporting behavior as the database grows was not tested.,accept,,,,,
FR-063,1,not_observable,EV-01-SCEN-FR-063-66-01,No observation was recorded for the scenarios of this requirement.,"The existing GET / only opens a generic page or health endpoint; no scenario-specific setup or target interaction was defined. Missing observation: The system supports the addition of a new site record and allows data to be associated with that site without disrupting existing single-site operations. The target action was not executed; this is an observation limitation, not a software failure.",accept,,,,,
FR-064,1,not_observable,EV-01-SCEN-FR-064-67-01; EV-01-SCEN-FR-064-67-04,"None of the required behaviour was established. The search returned empty record lists, and the login response does not show that an older record was accessible.","No older record was identified or retrieved, so continued access for compliance or reference remains untested.",accept,,,,,
FR-065,1,not_observable,EV-01-SCEN-FR-065-68-06; EV-01-SCEN-FR-065-68-01,"None of the required behavior was established. The system marked a child record as archived, but the record had been created moments earlier as active; the evidence does not show that it was older and no longer actively used.",Archiving a record after it becomes older and no longer actively used remains untested.,accept,,,,,
FR-066,1,not_observable,EV-01-SCEN-FR-066-69-01,"No required obligation was established. The search returned empty results, so it does not show whether an archived record remains searchable.","No archived record was established for the search, and no day-to-day screen was observed to determine whether archived records are excluded by default.",accept,,,,,
FR-067,1,not_observable,EV-01-SCEN-FR-067-70-01; EV-01-SCEN-FR-067-70-04,The recorded login and search requests returned JSON responses. None of the required browser-based interface or usability qualities was established or refuted.,"No browser interface or staff interaction was observed, so whether it is straightforward, consistent, and easy for non-technical staff to use remains unknown.",accept,,,,,
FR-068,1,not_observable,EV-01-SCEN-FR-068-71-01,"No required obligation was established. The recorded search request returned JSON, but it did not show a tablet interface or its readability.",Readable use on a tablet was not observed or tested.,accept,,,,,
FR-069,1,not_observable,EV-01-SCEN-FR-069-72-01,None of the required accessibility behaviours were observed. The recorded search response is JSON and does not demonstrate keyboard navigation or a screen-reader-friendly interface.,No keyboard interaction or screen-reader-relevant interface behaviour was captured.,accept,,,,,
FR-070,1,not_observable,EV-01-SCEN-FR-070-73-01,No observation was recorded for the scenarios of this requirement.,"The existing GET / only opens a generic page or health endpoint; no scenario-specific setup or target interaction was defined. Missing observation: The interface text increases in size while remaining readable and usable, and key screens still display properly without breaking important controls. The target action was not executed; this is an observation limitation, not a software failure.",accept,,,,,
FR-071,1,not_observable,EV-01-SCEN-FR-071-74-01,No observation was recorded for the scenarios of this requirement.,"The existing GET / only opens a generic page or health endpoint; no scenario-specific setup or target interaction was defined. Missing observation: The task is reachable through clear labels and a short navigation path, with minimal clicks and no ambiguity about where to go next. The target action was not executed; this is an observation limitation, not a software failure.",accept,,,,,
FR-072,1,not_observable,EV-01-SCEN-FR-072-75-04; EV-01-SCEN-FR-072-75-01,The recorded login requests returned generic acknowledgements and a session cookie. No required role-based information restriction or job-relevant view was observed.,"Access to information under different roles, and whether each role sees only job-relevant information, remains untested.",accept,,,,,
FR-073,1,not_observable,EV-01-SCEN-FR-073-76-04; EV-01-SCEN-FR-073-76-01,"The recorded login and empty search response establish no access limit by function, classroom, or site. None of the required limiting capabilities was demonstrated or violated.","No configured access limits or comparison of access across functions, classrooms, or sites was observed.",accept,,,,,
FR-074,1,not_observable,EV-01-SCEN-FR-074-77-01; EV-01-SCEN-FR-074-77-04,"No required restriction was established. The login returned a cookie, and the subsequent search returned empty results; neither response shows how access to sensitive health information compares with access to general contact information.",No access policy or relevant comparison between the two information types was observed.,accept,,,,,
FR-075,1,not_observable,EV-01-SCEN-FR-075-78-01; EV-01-SCEN-FR-075-78-04,None of the required temporary-permission behavior was observed. The recorded requests show only an admin login.,"No staff coverage arrangement, temporary permission, or use of such a permission was tested.",accept,,,,,
FR-076,1,not_observable,EV-01-SCEN-FR-076-79-04; EV-01-SCEN-FR-076-79-02; EV-01-SCEN-FR-076-79-01,"None of the required audit-log obligations is established. The login succeeded, but the captured service log shows only a timestamped HTTP request, not an audit entry identifying who logged in. The status response contains no audit records.","No audit-log readback or important-record view or edit was captured, so logging of those events, their actors, and their times remains untested.",accept,,,,,
FR-077,1,not_observable,EV-01-SCEN-FR-077-80-01; EV-01-SCEN-FR-077-80-04,"Neither required obligation is established. The recorded requests show that /login returned {""ok"":true} and a cookie for admin/admin, but they do not demonstrate a usable individual staff login or that shared accounts are disallowed.","The evidence does not establish login strength, individual logins for staff members, or enforcement against shared accounts.",accept,,,,,
FR-078,1,not_observable,EV-01-SCEN-FR-078-81-01; EV-01-SCEN-FR-078-81-04,No required obligation was established. The recorded login responses show only a successful login acknowledgement; they do not exercise password-complexity requirements or password expiration.,"No password creation or change, complexity policy, expiration behaviour, or security reason for expiration was observed.",accept,,,,,
FR-079,1,not_observable,EV-01-SCEN-FR-079-82-01; EV-01-SCEN-FR-079-82-04,"None of the required MFA capabilities is established. The recorded admin login returned a cookie and a generic acknowledgement, but does not show an MFA option, challenge, or completed MFA-protected access.","MFA support for administrators and people handling billing or health records, including remote access, remains untested. The login response alone does not prove MFA is unavailable.",accept,,,,,
FR-080,1,not_observable,EV-01-SCEN-FR-080-83-01; EV-01-SCEN-FR-080-83-04,"None of the required timeout behavior was observed. The login responses issued a session cookie, but issuing a cookie does not demonstrate that the session times out automatically.",No elapsed-time test or subsequent request shows a session expiring or being rejected after a timeout.,accept,,,,,
FR-081,1,observed_unsatisfied,EV-01-SCEN-FR-081-84-04,"The recorded login sends a password in an HTTP request, demonstrating that this data is not encrypted in transit. No required encryption obligation is positively established.",Encryption of data at rest was not observed.,accept,,,,,
FR-082,1,not_observable,EV-01-SCEN-FR-082-85-01; EV-01-SCEN-FR-082-85-04,"None of the alerting obligations was exercised. Both recorded login requests succeeded, so they do not establish repeated failed logins or access from an unusual location.",No suspicious-activity condition or resulting alert was observed.,accept,,,,,
FR-083,1,not_observable,EV-01-SCEN-FR-083-86-01; EV-01-SCEN-FR-083-86-04,"None of the required behaviour was established. The recorded administrator login returned a cookie and a generic success response, but no temporary or off-hours access was granted or used.",Whether some administrators can obtain temporary or off-hours access under controlled conditions remains untested.,accept,,,,,
FR-084,1,not_observable,EV-01-SCEN-FR-084-87-01,No required status indication was established or violated. The response reports zero invoices and zero enrollments; it does not show the current status of either type of record.,"Status indications for invoices and enrollments, including pending, submitted, and paid where applicable, remain untested.",accept,,,,,
FR-085,1,observed_unsatisfied,EV-01-SCEN-FR-085-88-01; EV-01-SCEN-FR-085-88-04,"After the admin login request, the recorded 404 response said only ""not found."" It gave no instruction about what to do next, so the exercised error response did not meet the requirement.",The evidence does not show how the system responds to other errors or establish a staff role beyond the admin login request.,accept,,,,,
FR-086,1,not_observable,EV-01-SCEN-FR-086-89-01; EV-01-SCEN-FR-086-89-04,"None of the required lookup capability is established: the search returned empty family, child, and invoice lists, and the login response did not establish that the requester was authorized staff.","No matching child or billing record was prepared or returned, so lookup of those details by authorized staff remains untested.",accept,,,,,
FR-087,1,not_observable,EV-01-SCEN-FR-087-90-01; EV-01-SCEN-FR-087-90-05,"The evidence shows creation of a family and child, but no check-in or check-out routine was exercised. No required obligation was established.",Both check-in and check-out remain untested.,accept,,,,,
FR-088,1,not_observable,EV-01-SCEN-FR-088-91-01; EV-01-SCEN-FR-088-91-04,"No required status-viewing obligation was established. The recorded login returned a session cookie, but the subsequent /status response showed only record counts, including zero invoices; it did not show whether any payment or invoice was open, partly paid, or fully settled.",Staff access to payment or invoice settlement statuses remains untested.,accept,,,,,
BR-001,1,not_observable,EV-01-SCEN-BR-001-92-01; EV-01-SCEN-BR-001-92-04,"None of the required access behaviour is established. The login returned an acknowledgement, and the subsequent search returned no family or child records.","No access to an existing family or child record, or comparison with another role, was observed; administrators' relative access remains unknown.",accept,,,,,
BR-002,1,not_observable,EV-01-SCEN-BR-002-93-01; EV-01-SCEN-BR-002-93-04,No required obligation was exercised. The recorded login and search did not edit a record or create concurrent changes.,"No overlapping edits or resulting conflict handling were observed, so the evidence cannot establish whether changes are silently overwritten.",accept,,,,,
BR-003,1,not_observable,EV-01-SCEN-BR-003-94-01; EV-01-SCEN-BR-003-94-06,No deletion obligation or restriction was established. The recorded action archived an existing child record; its response retained the record and its history.,"No record deletion was attempted, and no deletion policy or condition-dependent restriction was observed.",accept,,,,,
BR-004,1,not_observable,EV-01-SCEN-BR-004-95-07; EV-01-SCEN-BR-004-95-01,"None of the required double-charge avoidance behaviour was established. The recorded invoice received one payment request, and its response shows one transaction for the invoice amount.","No duplicate payment attempt or other double-charge condition was exercised, so the evidence does not show whether a second charge would be prevented.",accept,,,,,
BR-005,1,not_observable,EV-01-SCEN-BR-005-96-01; EV-01-SCEN-BR-005-96-04,"None of the required history behaviour was observed. The login returned a generic acknowledgement, and the status response showed record counts, not a visible history of what happened.","No recorded changes or staff-facing history view were exercised, so whether staff can see an understandable history remains unknown.",accept,,,,,
BR-006,1,not_observable,EV-01-SCEN-BR-006-97-01; EV-01-SCEN-BR-006-97-04,None of the required behaviour is established. Two successful logins with the same admin credentials do not show that a staff account is shared between people.,The evidence does not establish who uses the account or whether staff accounts are shared.,accept,,,,,
BR-007,1,observed_partial,EV-01-SCEN-BR-007-98-01; EV-01-SCEN-BR-007-98-06,"The created child was archived rather than deleted: the response retained the record, set status to archived and active to false, and recorded the archive action. This establishes an archival option for child records.","No deletion attempt or policy shows that deletion is very limited. Archiving of historical records was not exercised, and the child was not identified as departed.",accept,,,,,
BR-008,1,not_observable,EV-01-SCEN-BR-008-99-01; EV-01-SCEN-BR-008-99-04,"No required preservation behaviour was observed. Login succeeded, but the search returned no families, children, or invoices.","No family or child record was shown before or after archival, so preservation for reporting and billing reference remains untested.",accept,,,,,
BR-009,1,not_observable,EV-01-SCEN-BR-009-100-01; EV-01-SCEN-BR-009-100-04,"None of the required remote- or off-hours-access controls was established. The recorded local login responses show a cookie and a generic acknowledgement, but not whether access was usable or subject to careful control.","No remote or off-hours access attempt, applicable control policy, or access-control comparison was recorded.",accept,,,,,
BR-010,1,not_observable,EV-01-SCEN-BR-010-101-01; EV-01-SCEN-BR-010-101-04,"None of the required behavior was established. An admin login was followed by creation of an unpaid invoice, not an observed invoice-processing operation.",The evidence does not show authorized staff processing an invoice or an unauthorized actor being prevented from doing so.,accept,,,,,
DI-001,1,not_observable,EV-01-SCEN-DI-001-102-01,"A family record was created, but this is only contextual setup. No parent notice, reminder, or email integration was exercised.",Delivery or integration of email for parent notices and reminders remains untested.,accept,,,,,
DI-002,1,not_observable,EV-01-SCEN-DI-002-103-01,No required obligation was established. The status response reports an invoice count of zero but shows no integration with accounting software or exchange of invoice or payment information.,Accounting-software integration for both invoice and payment information remains untested.,accept,,,,,
DI-003,1,not_observable,EV-01-SCEN-DI-003-104-01,No observation was recorded for the scenarios of this requirement.,"The existing GET / only opens a generic page or health endpoint; no scenario-specific setup or target interaction was defined. Missing observation: The event appears in the connected calendar with the correct date, time, and title, and future updates are reflected through the integration. The target action was not executed; this is an observation limitation, not a software failure.",accept,,,,,
DI-004,1,not_observable,EV-01-SCEN-DI-004-105-01,No observation was recorded for the scenarios of this requirement.,"The existing GET / only opens a generic page or health endpoint; no scenario-specific setup or target interaction was defined. Missing observation: The recipient receives the message by SMS, and the system shows the message status as sent or queued for delivery. The target action was not executed; this is an observation limitation, not a software failure.",accept,,,,,
DI-005,1,not_observable,EV-01-SCEN-DI-005-106-01,No observation was recorded for the scenarios of this requirement.,"The existing GET / only opens a generic page or health endpoint; no scenario-specific setup or target interaction was defined. Missing observation: The system accepts the connection, stores the payment processor configuration, and shows that online payments are available for future billing workflows. The target action was not executed; this is an observation limitation, not a software failure.",accept,,,,,
QR-001,1,not_observable,EV-01-SCEN-QR-001-107-01,"The invoice request succeeded, but no required branch was established: the record does not show the system operating over a slow or temporarily unreliable internet connection.",Stability and ease of use under either connection condition remain untested.,accept,,,,,
QR-002,1,not_observable,EV-01-SCEN-QR-002-108-01; EV-01-SCEN-QR-002-108-04,"None of the required quick-loading behavior is established. Login and status requests returned HTTP 200, but those responses do not measure how long either task took.",No load duration or other performance observation establishes whether common tasks load quickly.,accept,,,,,
QR-003,1,not_observable,EV-01-SCEN-QR-003-109-01,None of the required busy-period responsiveness was established. A single status request returned 200 while the reported record counts were zero.,"No busy-period load or response-time observations were recorded for morning drop-off, late afternoon pickup, or billing periods.",accept,,,,,
QR-004,1,observed_partial,EV-01-SCEN-QR-004-110-04; EV-01-SCEN-QR-004-110-05; EV-01-SCEN-QR-004-110-06; EV-01-SCEN-QR-004-110-01,"Login and the creation of a family, child, and invoice completed within a short, uninterrupted sequence, supporting use in a short session.","No session was interrupted and resumed, so support for interrupted sessions remains untested.",accept,,,,,
QR-005,1,not_observable,EV-01-SCEN-QR-005-111-01; EV-01-SCEN-QR-005-111-04,"None of the requirement is established. The recorded login and empty search response show that requests completed, but not whether the interface is straightforward for staff with varying technical skills.",No staff-facing interface interaction or usability evidence was recorded.,accept,,,,,
QR-006,1,not_observable,EV-01-SCEN-QR-006-112-04; EV-01-SCEN-QR-006-112-05; EV-01-SCEN-QR-006-112-01,"None of the required click-efficiency behaviour is established. The recorded login, family creation, and child creation are API requests, not observations of clicks needed to complete a task.","No user interaction path or click count was recorded, so whether tasks take too many clicks remains unknown.",accept,,,,,
QR-007,1,not_observable,EV-01-SCEN-QR-007-113-01,"None of the required progress-display behaviour was established. The captured child-creation request shows a completed response, but no observed longer operation or progress display.",Progress shown during a longer operation remains untested.,accept,,,,,
QR-008,1,not_observable,EV-01-SCEN-QR-008-114-01,"No reporting operation or reporting-performance branch was observed. The recorded response shows only status counts, all zero.",Reporting runtime and its behavior as the database grows remain untested.,accept,,,,,
QR-009,1,not_observable,EV-01-SCEN-QR-009-115-01,"None of the required growth capacity was established. The recorded search returned empty results, so it does not show how the system handles increasing numbers of classrooms, families, staff, or records.",Capacity and usability as those numbers grow remain untested.,accept,,,,,
QR-010,1,not_observable,EV-01-SCEN-QR-010-116-01; EV-01-SCEN-QR-010-116-04,The recorded login and JSON search response do not exercise good contrast or keyboard support. No required accessibility feature was established or refuted.,Visual contrast and keyboard interaction remain untested.,accept,,,,,
QR-011,1,not_observable,EV-01-SCEN-QR-011-117-01,None of the required unreliable-connection behaviour was exercised. The invoice was created during a normally completed request.,"No temporary connection interruption or subsequent recovery was recorded, so the system's response to an unreliable connection is unknown.",accept,,,,,
QR-012,1,not_observable,EV-01-SCEN-QR-012-118-01,"None of the performance obligation was established. The status response reports zero records, so it does not show how the system performs with years of historical data.",No historical-data workload or comparative performance measurements were recorded.,accept,,,,,
EX-001,1,not_observable,EV-01-SCEN-EX-001-119-01,No required branch was established. The recorded invoice creation completed normally and returned a response; it did not show an interrupted task or staff determining its outcome afterward.,Whether staff can determine if an interrupted task was saved as a draft or completed successfully remains untested.,accept,,,,,
EX-002,1,not_observable,EV-01-SCEN-EX-002-120-01; EV-01-SCEN-EX-002-120-04,"An admin session created an invoice, but no critical task was observed being interrupted. No resume or cancel action was exercised, so none of the required behavior was established.",Staff ability to safely resume or cancel an interrupted critical task remains untested.,accept,,,,,
EX-003,1,not_observable,EV-01-SCEN-EX-003-121-01; EV-01-SCEN-EX-003-121-04,No required branch was exercised. The recorded login and empty search response do not show a record being edited by another user.,Whether the system warns a staff member and offers a read-only or wait path during a concurrent edit remains untested.,accept,,,,,
EX-004,1,not_observable,EV-01-SCEN-EX-004-122-01; EV-01-SCEN-EX-004-122-04,No required branch was exercised. The recorded login and search did not involve conflicting changes.,Whether the system requires review instead of silently overwriting data when changes conflict remains untested.,accept,,,,,
EX-005,1,not_observable,EV-01-SCEN-EX-005-123-01,No required obligation was exercised. The recorded request directly created a child record; it did not show a data import containing uncertain or messy values.,Whether such import values are flagged for manual review before loading remains untested.,accept,,,,,
EX-006,1,not_observable,EV-01-SCEN-EX-006-124-01,No observation was recorded for the scenarios of this requirement.,"The existing GET / only opens a generic page or health endpoint; no scenario-specific setup or target interaction was defined. Missing observation: The rollout halts the failed release, activates fallback handling such as rollback or traffic restoration to the previous stable version, and keeps the application available without a prolonged service disruption. The target action was not executed; this is an observation limitation, not a software failure.",accept,,,,,
FR-001,2,observed_satisfied,EV-02-SCEN-FR-001-04-04; EV-02-SCEN-FR-001-04-01,"An administrator logged in and used the returned token to register a family. The system returned HTTP 201 with the new family record, establishing the required capability.",,accept,,,,,
FR-002,2,not_observable,EV-02-SCEN-FR-002-05-04; EV-02-SCEN-FR-002-05-06; EV-02-SCEN-FR-002-05-07; EV-02-SCEN-FR-002-05-01,"No enrollment-management obligation was exercised. An administrator logged in and created a child, but the recorded management actions created and submitted an invoice, not an enrollment.",The evidence does not show an administrator creating or changing an enrollment.,accept,,,,,
FR-003,2,not_observable,EV-02-SCEN-FR-003-06-04; EV-02-SCEN-FR-003-06-05; EV-02-SCEN-FR-003-06-01,"An administrator logged in and created a family and child, but none of these actions manages a classroom assignment. No required obligation was observed.","No classroom assignment was created, changed, removed, or otherwise managed in the recorded evidence.",accept,,,,,
FR-004,2,not_observable,EV-02-SCEN-FR-004-07-04; EV-02-SCEN-FR-004-07-05; EV-02-SCEN-FR-004-07-01,"An administrator logged in and created a family and child. None of these actions manages classroom capacity, so no required behaviour was established.",No classroom capacity management action or resulting capacity was observed.,accept,,,,,
FR-005,2,not_observable,EV-02-SCEN-FR-005-08-04; EV-02-SCEN-FR-005-08-05; EV-02-SCEN-FR-005-08-01,"An administrator logged in and created a family and child. None of these recorded actions manages a waiting list, so no required waiting-list capability was established or refuted.",No administrator waiting-list operation or resulting waiting-list state was observed.,accept,,,,,
FR-006,2,observed_satisfied,EV-02-SCEN-FR-006-09-04; EV-02-SCEN-FR-006-09-01,"An authenticated administrator created a child record with MMR in its immunizations, and the returned record included MMR. This demonstrates that authorized staff can record a child immunization.",Later retrieval or changes to the immunization record were not tested.,accept,,,,,
FR-007,2,not_observable,EV-02-SCEN-FR-007-10-04; EV-02-SCEN-FR-007-10-01,"No required processing operation was observed. An administrator logged in and created an invoice with status 'submitted', but invoice creation does not establish that authorized staff can process it.",No attempt to process an invoice or resulting processing outcome was recorded.,accept,,,,,
FR-008,2,not_observable,EV-02-SCEN-FR-008-11-04; EV-02-SCEN-FR-008-11-01,"None of the required lookup capability was established or refuted. Login returned an administrator token, but the child lookup returned 404 for an ID not shown to belong to an existing record.",Staff lookup of an existing child's information and lookup of family information remain untested.,accept,,,,,
FR-009,2,not_observable,EV-02-SCEN-FR-009-12-01; EV-02-SCEN-FR-009-12-04,"No required capability was established or refuted. An administrator logged in, but the subsequent invoice request returned 404; no existing invoice or office/front-desk staff actor was established.",The evidence does not show whether office or front-desk staff can help with invoicing questions.,accept,,,,,
FR-010,2,not_observable,EV-02-SCEN-FR-010-13-04; EV-02-SCEN-FR-010-13-01,"No required obligation was established. The token belonged to an administrator, not an identified teacher, and the request for child 1 returned 404. The evidence does not establish that child 1 existed.",Teacher access to an existing child's allergy and immunization details remains untested.,accept,,,,,
FR-011,2,not_observable,EV-02-SCEN-FR-011-14-04; EV-02-SCEN-FR-011-14-05; EV-02-SCEN-FR-011-14-01,"None of the required behaviour was exercised. The recorded actions show an administrator creating a family and a child, not a teacher recording a routine classroom-related note.",The evidence does not establish whether recording such notes is part of the workflow or whether teachers can do so.,accept,,,,,
FR-012,2,not_observable,EV-02-SCEN-FR-012-15-04; EV-02-SCEN-FR-012-15-01,"None of the required behaviour was exercised. The recorded administrator session created a family record, but did not show office or front-desk staff looking up family information or updating an existing basic record.",Staff lookup capability and the ability to keep existing family records current remain untested.,accept,,,,,
FR-013,2,observed_partial,EV-02-SCEN-FR-013-16-04; EV-02-SCEN-FR-013-16-01,"An administrator logged in and successfully created a family record, demonstrating support for one routine administrative task.",Other routine administrative tasks and any reduction in time spent on administration were not observed.,accept,,,,,
FR-014,2,not_observable,EV-02-SCEN-FR-014-17-01,No required obligation was observed. The recorded action created a family with a phone contact; it did not exercise an email notice or reminder.,Email integration and the ability to send parent notices and reminders from day one remain untested.,accept,,,,,
FR-015,2,observed_partial,EV-02-SCEN-FR-015-18-01; EV-02-SCEN-FR-015-18-04; EV-02-SCEN-FR-015-18-05,"Invoice generation was demonstrated: after login and family creation, the system returned a new invoice with an ID and submitted status.","The evidence does not establish that accounting connectivity was unavailable, so invoice generation under that condition remains untested.",accept,,,,,
FR-016,2,not_observable,EV-02-SCEN-FR-016-19-04; EV-02-SCEN-FR-016-19-01,"None of the required export or manual-transfer capability was established. Login succeeded, but the request for invoice 1 returned not found; no existing invoice was established.",Accounting connectivity status and the ability to export or manually transfer invoice data remain untested.,accept,,,,,
FR-017,2,observed_satisfied,EV-02-SCEN-FR-017-20-04; EV-02-SCEN-FR-017-20-01,"An administrator logged in successfully and received token t1. A subsequent login from the same client, while presenting t1, also succeeded and received a new token. This demonstrates that an existing session does not obstruct staff login on a reused client.",The recorded logins used the same account; a different staff member using the client was not tested.,accept,,,,,
FR-018,2,not_observable,EV-02-SCEN-FR-018-21-04; EV-02-SCEN-FR-018-21-01,"No browser-based use without special software was established or refuted. The recorded login used a Python HTTP client, and the subsequent request returned 404.",No browser interaction or usable browser interface was observed.,accept,,,,,
FR-019,2,not_observable,EV-02-SCEN-FR-019-22-01; EV-02-SCEN-FR-019-22-04,"No tablet-use obligation was established positively or negatively. The recorded client was python-requests, and the requested record returned 404; neither observation exercises use on a tablet.",No tablet device or tablet-sized interface was tested.,accept,,,,,
FR-020,2,not_observable,EV-02-SCEN-FR-020-23-01; EV-02-SCEN-FR-020-23-04,"None of the required draft or autosave behaviour was established. An administrator created an invoice with draft set to false, and the response marked it submitted.","Saving entered work as a draft or autosave, and recovering it after an interruption, were not tested.",accept,,,,,
FR-021,2,not_observable,EV-02-SCEN-FR-021-24-01; EV-02-SCEN-FR-021-24-04,"No required branch was established. Login succeeded, but the request for invoice 1 returned 404; the evidence does not show that an interrupted invoice or saved values existed.",Resuming an interrupted enrollment or invoice task from its last saved values was not tested.,accept,,,,,
FR-022,2,not_observable,EV-02-SCEN-FR-022-25-04; EV-02-SCEN-FR-022-25-05; EV-02-SCEN-FR-022-25-01,The recorded administrator login and creation of a family and invoice establish only preparation and an initial record creation. None of the required behaviour—staff cancelling or correcting an interrupted task without creating a duplicate record—was observed.,"No interrupted task, cancellation or correction attempt, or resulting record check was captured.",accept,,,,,
FR-023,2,not_observable,EV-02-SCEN-FR-023-26-01; EV-02-SCEN-FR-023-26-04,"None of the required status displays was observed. Login succeeded, but the request for invoice record 1 returned 404, and the record was not shown to exist.","No existing enrollment or invoice task was retrieved in a draft, submitted, completed, or paid state.",accept,,,,,
FR-024,2,not_observable,EV-02-SCEN-FR-024-27-04; EV-02-SCEN-FR-024-27-01,"No required branch was established. The administrator login succeeded, but the subsequent record request returned 404, so the evidence does not show staff being warned when another user is editing the same record.","No existing record, concurrent editing by another user, or staff response under that condition was observed.",accept,,,,,
FR-025,2,not_observable,EV-02-SCEN-FR-025-28-04; EV-02-SCEN-FR-025-28-01,"None of the required behavior was observed. Login returned a token, but the subsequent request for child record 1 returned 404; the evidence does not establish that the record existed or was under concurrent editing.",Neither read-only viewing nor waiting until a concurrently edited record becomes available was tested.,accept,,,,,
FR-026,2,not_observable,EV-02-SCEN-FR-026-29-01; EV-02-SCEN-FR-026-29-04,"No required conflict-review behaviour was observed. Login succeeded, but the request for the target record returned 404; no two-user changes to the same record were exercised.",Whether the system forces review when two users change conflicting fields remains untested.,accept,,,,,
FR-027,2,not_observable,EV-02-SCEN-FR-027-30-01,"None of the required behaviour was established. The audit response displays a user and time for a login event, not who changed a record and when.",No record change and corresponding display were observed.,accept,,,,,
FR-028,2,not_observable,EV-02-SCEN-FR-028-31-01; EV-02-SCEN-FR-028-31-04,"No required obligation was established. Login succeeded, but the record request returned 404, so no saved record status was shown or evaluated.",The evidence does not establish that record 1 existed or show a saved status and its presentation.,accept,,,,,
FR-029,2,not_observable,EV-02-SCEN-FR-029-32-01; EV-02-SCEN-FR-029-32-04,"No required obligation was established. Login returned a token, but the request for invoice 1 returned 404; the evidence does not establish that invoice 1 existed or show a payment-transaction history.","Visibility of transaction dates, amounts, refunds, and adjustments remains untested.",accept,,,,,
FR-030,2,not_observable,EV-02-SCEN-FR-030-33-01; EV-02-SCEN-FR-030-33-04,"None of the required invoice payment states was observed. Login succeeded, but the request for invoice 1 returned 404, and the evidence does not establish that invoice 1 existed.","Display of the unpaid, partial, and paid states remains untested.",accept,,,,,
FR-031,2,not_observable,EV-02-SCEN-FR-031-34-04; EV-02-SCEN-FR-031-34-01,"None of the required display behaviour was established. Login succeeded, but the request for invoice 1 returned 404; the evidence does not establish that invoice 1 existed.",Whether the system shows a payment or invoice task's outcome and what still needs attention remains untested.,accept,,,,,
FR-032,2,observed_partial,EV-02-SCEN-FR-032-35-04; EV-02-SCEN-FR-032-35-01,An administrator logged in and used the resulting token to create a family record; the response returned the new family with ID 1. This establishes family-record creation through the recorded staff-facing session.,"No child record was created, and the evidence does not show whether creation occurred when someone first applied or enrolled.",accept,,,,,
FR-033,2,not_observable,EV-02-SCEN-FR-033-36-01,"A family record was created, but no existing family or child record was updated. No required update capability was established.","Updates to family and child records for changed contact details, emergency contacts, medical information, and billing details remain untested.",accept,,,,,
FR-034,2,observed_satisfied,EV-02-SCEN-FR-034-37-06; EV-02-SCEN-FR-034-37-01,"An active child record was created, and the archive action returned that same record with status ""archived"" and an archived_at timestamp. This establishes the required ability to mark a child record archived.",,accept,,,,,
FR-035,2,not_observable,EV-02-SCEN-FR-035-38-01; EV-02-SCEN-FR-035-38-06,None of the required deletion restriction is established. The recorded action changed an existing child record from active to archived; it did not delete a record.,"No deletion attempt or deletion policy was observed, so the cases in which deletion is allowed or blocked remain unknown.",accept,,,,,
FR-036,2,not_observable,EV-02-SCEN-FR-036-39-04; EV-02-SCEN-FR-036-39-01,"None of the required behaviour was established. Login succeeded, but the only record request returned 404; no archival action or preserved history was observed.",Archival of an existing record and its continued availability for reporting and billing reference remain untested.,accept,,,,,
FR-037,2,not_observable,EV-02-SCEN-FR-037-40-01; EV-02-SCEN-FR-037-40-04,"None of the required retention or archiving behaviour was observed. Login succeeded, but the request for child 1 returned 404; the evidence does not establish that this child or any immunization information existed.",Retention while a child is active and archiving afterward were both untested.,accept,,,,,
FR-038,2,observed_partial,EV-02-SCEN-FR-038-41-01,"The preview identifies the record with empty fields in its flagged list, establishing validation of that submitted record.",The evidence does not show a guided import beyond preview or an error report explaining the flagged record.,accept,,,,,
FR-039,2,observed_satisfied,EV-02-SCEN-FR-039-42-01,"The system returned the submitted records, identified a flagged record, and marked the import as a preview. This provides a way to review the records before finalization.",,accept,,,,,
FR-040,2,not_observable,EV-02-SCEN-FR-040-43-01,"Neither required obligation is established. The preview echoes the submitted fields and flags a record with empty values, but it does not show fields being automatically mapped or a mapping flagged as uncertain for manual review.",Automatic mapping of common fields and review flags for uncertain mappings remain untested.,accept,,,,,
FR-041,2,not_observable,EV-02-SCEN-FR-041-44-01,"The preview flagged an empty record, but showed no suggested fix. None of the required obligations was established.",The evidence does not show suggested fixes or staff correcting or confirming values before loading.,accept,,,,,
FR-042,2,not_observable,EV-02-SCEN-FR-042-45-01,"The import preview returned records and a flagged entry, but no active or historical classification or migration occurred. No required obligation was established.",Migration of active records before historical records was not exercised or observed.,accept,,,,,
FR-043,2,not_observable,EV-02-SCEN-FR-043-46-01; EV-02-SCEN-FR-043-46-04,"No required search behaviour was established. The recorded login succeeded, but the subsequent request retrieved a child-record URL and returned 404; it did not exercise a search of archived records.",No archived record or search request and result were observed.,accept,,,,,
FR-044,2,not_observable,EV-02-SCEN-FR-044-47-01; EV-02-SCEN-FR-044-47-04,"No printable view or summary was observed. Login succeeded, but the subsequent request for child record 1 returned 404; the evidence does not establish that the record existed.",No request or response exercised a printable view or summary for an existing record.,accept,,,,,
FR-045,2,not_observable,EV-02-SCEN-FR-045-48-01,"None of the required obligations was exercised. The recorded response shows successful family creation, not a built-in help tip or an error message.",Built-in help tips and the clarity of error messages remain untested.,accept,,,,,
FR-046,2,not_observable,EV-02-SCEN-FR-046-49-01,"The recorded request created a family, but did not show a step-by-step wizard. No required wizard is established or refuted.",Neither a family-enrollment wizard nor an invoice-setup wizard was exercised.,accept,,,,,
FR-047,2,not_observable,EV-02-SCEN-FR-047-50-01; EV-02-SCEN-FR-047-50-04,"No contextual hint near a field was observed. Login succeeded, but the requested record returned 404, so no fields were shown.",Whether the system provides hints near required or unusual fields remains untested.,accept,,,,,
FR-048,2,not_observable,EV-02-SCEN-FR-048-51-01,None of the required review-before-submission behaviour was observed. The family information was returned after the creation request was submitted.,The evidence does not show a complex task or an opportunity to review its information before submission.,accept,,,,,
FR-049,2,not_observable,EV-02-SCEN-FR-049-52-04; EV-02-SCEN-FR-049-52-01,"None of the required correction capability was observed. An administrator logged in and created an invoice, but no edit or reversal was attempted.",Whether a mistake can be edited or reversed without manual administrator intervention remains untested.,accept,,,,,
FR-050,2,not_observable,EV-02-SCEN-FR-050-53-01; EV-02-SCEN-FR-050-53-04,"The recorded administrator logins succeeded, but they establish no part of the required small-group pilot capability.","No pilot involving a small group of users, or its use before broader rollout, was observed.",accept,,,,,
FR-051,2,not_observable,EV-02-SCEN-FR-051-54-01; EV-02-SCEN-FR-051-54-04,The recorded requests show successful administrator logins. No obligation concerning phased rollout was exercised.,The evidence does not show whether the system can roll out changes in phases rather than through a single switch-over.,accept,,,,,
FR-052,2,not_observable,EV-02-SCEN-FR-052-55-04; EV-02-SCEN-FR-052-55-01,The recorded requests show only administrator login. No required training or staff-support obligation was exercised.,Hands-on training for the pilot group and refresher sessions or job aids for the rest of the staff remain unobserved.,accept,,,,,
FR-053,2,not_observable,EV-02-SCEN-FR-053-56-01,No observation was recorded for the scenarios of this requirement.,"The existing GET / only opens a generic page or health endpoint; no scenario-specific setup or target interaction was defined. Missing observation: The system routes the request through the designated support channel and displays confirmation that the issue was received during business hours with a response path or reference number. The target action was not executed; this is an observation limitation, not a software failure.",accept,,,,,
FR-054,2,not_observable,EV-02-SCEN-FR-054-57-01,No observation was recorded for the scenarios of this requirement.,"The existing GET / only opens a generic page or health endpoint; no scenario-specific setup or target interaction was defined. Missing observation: The system can revert to the prior stable state or alternate operating mode, core services remain available or are restored promptly, and the disruption does not continue for an extended period. The target action was not executed; this is an observation limitation, not a software failure.",accept,,,,,
FR-055,2,not_observable,EV-02-SCEN-FR-055-58-01,"The system returned a preview of two name-and-phone records, but no import was completed. No required import capability was established.","Import of family records, child profiles, classroom assignments, immunization information, billing balances, and available historical attendance or enrollment data remains untested.",accept,,,,,
FR-056,2,not_observable,EV-02-SCEN-FR-056-59-01; EV-02-SCEN-FR-056-59-04,"No required obligation was observed. The recorded actions show administrator login and family creation, not generation or sending of a parent notice.",No parent-notice operation or use of email integration was exercised.,accept,,,,,
FR-057,2,not_observable,EV-02-SCEN-FR-057-60-01; EV-02-SCEN-FR-057-60-04,"No required obligation was established. An administrator login succeeded, but the request for invoice 1 returned 404; neither response shows invoice or payment information being shared with an accounting system.","No existing invoice was established, and no sharing of invoice or payment information with an accounting system was observed.",accept,,,,,
FR-058,2,not_observable,EV-02-SCEN-FR-058-61-07; EV-02-SCEN-FR-058-61-01,"None of the required conditional behaviour was established. The invoice began unpaid, and an explicit payment request recorded a payment, but this does not show automatic recording through an available payment processor integration.",The evidence does not establish whether processor integration was available or whether a processor payment would be recorded automatically.,accept,,,,,
FR-059,2,not_observable,EV-02-SCEN-FR-059-62-04; EV-02-SCEN-FR-059-62-01,No required branch was established: the recorded login and subsequent GET do not show multiple users operating simultaneously.,Concurrent use and whether the system freezes under it remain untested.,accept,,,,,
FR-060,2,not_observable,EV-02-SCEN-FR-060-63-01,"The invoice request completed successfully, but no operation was shown taking longer to complete. No required progress-display behaviour was established.",Whether the system clearly shows progress during a longer-running operation remains untested.,accept,,,,,
FR-061,2,observed_partial,EV-02-SCEN-FR-061-64-01,"The system successfully added a family record, establishing record creation as one part of the requirement.",Adding users was not tested. A single record creation does not establish that users and records can be added as the center grows without significant slowdown.,accept,,,,,
FR-062,2,not_observable,EV-02-SCEN-FR-062-65-01; EV-02-SCEN-FR-062-65-04,"No reporting obligation was established. Login succeeded, but the subsequent request for invoice 1 returned 404; no existing invoice or reporting operation was demonstrated.",Reporting support as the database grows was not exercised.,accept,,,,,
FR-063,2,not_observable,EV-02-SCEN-FR-063-66-01,No observation was recorded for the scenarios of this requirement.,"The existing GET / only opens a generic page or health endpoint; no scenario-specific setup or target interaction was defined. Missing observation: The system supports the addition of a new site record and allows data to be associated with that site without disrupting existing single-site operations. The target action was not executed; this is an observation limitation, not a software failure.",accept,,,,,
FR-064,2,not_observable,EV-02-SCEN-FR-064-67-01; EV-02-SCEN-FR-064-67-04,"None of the requirement is established. Login succeeded, but the request for child record 1 returned 404; the evidence does not establish that this record existed or was an older record.",Accessibility of an established older record remains untested.,accept,,,,,
FR-065,2,not_observable,EV-02-SCEN-FR-065-68-06; EV-02-SCEN-FR-065-68-01,"None of the required behaviour was established. A newly created child record was archived by an explicit request, but the evidence does not show an older record that was no longer actively used.",Whether the system marks records as archived when they become older and no longer actively used remains untested.,accept,,,,,
FR-066,2,not_observable,EV-02-SCEN-FR-066-69-01; EV-02-SCEN-FR-066-69-04,"None of the required behavior was established. Login succeeded, but the only record request returned 404; there is no evidence that record 1 existed or was archived.",Searchability of archived records and their exclusion from day-to-day screens by default were not tested.,accept,,,,,
FR-067,2,not_observable,EV-02-SCEN-FR-067-70-04; EV-02-SCEN-FR-067-70-01,"None of the requirement's obligations were established. The recorded requests show a JSON login response and a 404 for a child-record endpoint, not a browser-based staff interface or its usability.","No browser interface or non-technical staff interaction was observed, so straightforwardness, consistency, and ease of use remain unknown.",accept,,,,,
FR-068,2,not_observable,EV-02-SCEN-FR-068-71-01,"No readable tablet use was observed. The recorded request returned a JSON 404 response, not a tablet-rendered interface.",No tablet display or readability observation was captured.,accept,,,,,
FR-069,2,not_observable,EV-02-SCEN-FR-069-72-01; EV-02-SCEN-FR-069-72-04,"None of the required accessibility behaviours was observed. Login returned a token, but the requested record returned a JSON 404; neither response exercises keyboard navigation or screen-reader-friendly design.",Both keyboard navigation and screen-reader-friendly design remain untested.,accept,,,,,
FR-070,2,not_observable,EV-02-SCEN-FR-070-73-01,No observation was recorded for the scenarios of this requirement.,"The existing GET / only opens a generic page or health endpoint; no scenario-specific setup or target interaction was defined. Missing observation: The interface text increases in size while remaining readable and usable, and key screens still display properly without breaking important controls. The target action was not executed; this is an observation limitation, not a software failure.",accept,,,,,
FR-071,2,not_observable,EV-02-SCEN-FR-071-74-01,No observation was recorded for the scenarios of this requirement.,"The existing GET / only opens a generic page or health endpoint; no scenario-specific setup or target interaction was defined. Missing observation: The task is reachable through clear labels and a short navigation path, with minimal clicks and no ambiguity about where to go next. The target action was not executed; this is an observation limitation, not a software failure.",accept,,,,,
FR-072,2,not_observable,EV-02-SCEN-FR-072-75-04; EV-02-SCEN-FR-072-75-01,"The two logins returned an administrator role and tokens, but no job-related information was requested or shown. No complete role-based visibility obligation was exercised.","Access to information under different roles, and whether users are limited to information relevant to their jobs, remains untested.",accept,,,,,
FR-073,2,not_observable,EV-02-SCEN-FR-073-76-04; EV-02-SCEN-FR-073-76-01,"None of the required access-limiting capabilities was established. An administrator login succeeded, but the only record request returned 404; no existing record or access decision was demonstrated.","Limiting access by function and, where needed, by classroom or site remains untested.",accept,,,,,
FR-074,2,not_observable,EV-02-SCEN-FR-074-77-04; EV-02-SCEN-FR-074-77-01,"None of the required comparative restrictions was established. An administrator obtained a token, but the request for a child record returned 404, so it shows neither access to health information nor a restriction on that access.","No existing record, general-contact-information access, sensitive-health-information access, or relevant permission policy was observed for comparison.",accept,,,,,
FR-075,2,not_observable,EV-02-SCEN-FR-075-78-01; EV-02-SCEN-FR-075-78-04,The recorded requests establish administrator login only. No required temporary-permission capability for staff covering another employee was observed.,"No staff coverage arrangement, temporary permission, or use of such a permission was tested.",accept,,,,,
FR-076,2,observed_partial,EV-02-SCEN-FR-076-79-04; EV-02-SCEN-FR-076-79-01,"The admin login succeeded, and the audit response recorded a login entry identifying the user and time. This establishes the login-logging obligation.","No important record was viewed or edited, so logging of record changes and who viewed or edited those records, and when, remains untested.",accept,,,,,
FR-077,2,observed_unsatisfied,EV-02-SCEN-FR-077-80-01; EV-02-SCEN-FR-077-80-04,"The system accepted the plainly weak administrator login credentials admin/admin, contrary to the requirement for strong logins. No required obligation is positively established.",The two logins do not establish whether staff have individual accounts or whether shared accounts are prohibited; multiple sessions for one account alone do not prove account sharing.,accept,,,,,
FR-078,2,not_observable,EV-02-SCEN-FR-078-81-01; EV-02-SCEN-FR-078-81-04,The recorded requests establish only that the administrator could log in. No required password-complexity or expiration behaviour was exercised.,The evidence does not show whether complexity requirements are supported or whether password expiration is limited to real security reasons.,accept,,,,,
FR-079,2,not_observable,EV-02-SCEN-FR-079-82-01; EV-02-SCEN-FR-079-82-04,"None of the required MFA capabilities was established or refuted. The recorded administrator logins returned tokens, but neither response shows an MFA challenge or a completed second factor. Password-only login does not by itself disprove support for MFA.","MFA support for administrators and people handling billing or health records remains untested, including remote access.",accept,,,,,
FR-080,2,not_observable,EV-02-SCEN-FR-080-83-04; EV-02-SCEN-FR-080-83-01,"The recorded logins issued tokens t1 and t2, but neither response demonstrates an automatic session timeout. No required behaviour was established.","No session was observed after a timeout interval, and no expiry or timeout response was recorded.",accept,,,,,
FR-081,2,observed_unsatisfied,EV-02-SCEN-FR-081-84-01; EV-02-SCEN-FR-081-84-04,"The data-in-transit obligation is violated: login credentials were sent over an HTTP endpoint rather than HTTPS, with the request body captured in plaintext. No distinct required obligation is positively established.",Encryption of data at rest was not exercised or otherwise evidenced.,accept,,,,,
FR-082,2,not_observable,EV-02-SCEN-FR-082-85-01; EV-02-SCEN-FR-082-85-04,"Only successful administrator login responses were observed. No repeated failed-login sequence, unusual-location access, or corresponding alert was exercised, so no explicit suspicious-activity alert obligation was established positively or negatively.",Alerting for repeated failed logins and alerting for access from unusual locations remain untested and unknown.,accept,,,,,
FR-083,2,not_observable,EV-02-SCEN-FR-083-86-01; EV-02-SCEN-FR-083-86-04,"Administrator authentication and issuance of an administrator token were observed, establishing ordinary administrator access. No temporary or off-hours access operation, time-based condition, limited-duration permission, or controlled restriction was demonstrated.",Temporary or off-hours access for some administrators and the required controlled conditions remain untested.,accept,,,,,
FR-084,2,not_observable,EV-02-SCEN-FR-084-87-01; EV-02-SCEN-FR-084-87-04,"No complete requirement obligation or status branch was established. The login succeeded, but the subsequent invoice lookup returned a not-found response, so no invoice status was displayed or evaluated. No enrollment record or enrollment status was observed.","The current-status indication for invoices remains untested, including pending, submitted, and paid where applicable. Enrollment status indication and all corresponding status branches also remain untested.",accept,,,,,
FR-085,2,observed_unsatisfied,EV-02-SCEN-FR-085-88-01; EV-02-SCEN-FR-085-88-04,"The administrator encountered a 404 error for a missing record, but the response only contained {""error"":""not found""} and did not provide a simple message telling staff what to do next. This is a relevant failure of the required error guidance.","No other error scenarios were tested, so guidance for other failure conditions remains unobserved.",accept,,,,,
FR-086,2,not_observable,EV-02-SCEN-FR-086-89-01; EV-02-SCEN-FR-086-89-04,"An administrator login produced session token t1, establishing an authorized staff context. The subsequent child lookup returned 404 not found, but no child record was prepared or shown to exist. Therefore, no successful quick lookup of child or billing details, and no software failure for an existing record, was established.",Successful lookup of an existing child's or billing details by authorized staff remains untested.,accept,,,,,
FR-087,2,not_observable,,"No complete check-in or check-out routine was exercised. The evidence only shows administrator login, family creation, and child creation.","Both check-in and check-out operations, including their outcomes, remain untested.",accept,,,,,
FR-088,2,not_observable,EV-02-SCEN-FR-088-91-01; EV-02-SCEN-FR-088-91-04,"No complete required obligation or status branch was established. The administrator login succeeded, but viewing invoice 1 returned a 404 not-found response, so no payment or invoice status was displayed.","Whether staff can view invoices or payments as open, partly paid, or fully settled remains untested; no existing record or status response was observed.",accept,,,,,
BR-001,2,not_observable,EV-02-SCEN-BR-001-92-01; EV-02-SCEN-BR-001-92-04,"The administrator role was established, but the attempted child-record access returned 404 not found. No successful access to child or family records, nor evidence that administrators have broader access than other roles, was observed.","Administrator access to family records and child records remains untested, and no comparative evidence establishes that administrator access is the broadest.",accept,,,,,
BR-002,2,not_observable,EV-02-SCEN-BR-002-93-01; EV-02-SCEN-BR-002-93-04,"No complete concurrent-edit operation or conflict outcome was observed. The evidence only shows administrator login followed by a 404 for a missing record, which does not exercise concurrent changes or establish whether one edit silently overwrites another.","Concurrent edits, conflict detection, and the system's user-visible handling of competing changes remain untested.",accept,,,,,
BR-003,2,not_observable,EV-02-SCEN-BR-003-94-01; EV-02-SCEN-BR-003-94-04; EV-02-SCEN-BR-003-94-05; EV-02-SCEN-BR-003-94-06,"No deletion operation or deletion restriction was observed. The evidence shows an administrator successfully archiving a child record, which is distinct from deleting a record.","Whether deletion is allowed only in very limited cases remains untested and unknown; no deletion attempt, rejection, or policy-specific control was recorded.",accept,,,,,
BR-004,2,not_observable,EV-02-SCEN-BR-004-95-01; EV-02-SCEN-BR-004-95-07,"A single payment of 100.0 was successfully recorded on the prepared invoice, with one payment entry and paid_amount equal to 100.0. This establishes only that one payment can be recorded; it does not establish that repeated payment attempts avoid duplicate charges. No double-charge violation was observed.","No repeated or duplicate payment attempt was recorded, and no evidence demonstrates idempotency, duplicate-payment rejection, or unchanged billing state after a retry.",accept,,,,,
BR-005,2,observed_satisfied,EV-02-SCEN-BR-005-96-01; EV-02-SCEN-BR-005-96-04,"An authenticated administrator retrieved a visible audit history successfully. The response contained a timestamped record with action, user, target, and details fields, providing a concrete account of what happened without requiring guessing.",,accept,,,,,
BR-006,2,not_observable,EV-02-SCEN-BR-006-97-01; EV-02-SCEN-BR-006-97-04,"The evidence shows successful logins using the username ""admin"", but it does not establish that the account is shared by multiple staff members or that shared staff-account use occurred. No complete violation or compliant account-separation branch is positively established.",Whether staff accounts are shared remains untested and unknown; the evidence does not identify multiple staff actors or demonstrate separate individual staff accounts.,accept,,,,,
BR-007,2,observed_partial,EV-02-SCEN-BR-007-98-01; EV-02-SCEN-BR-007-98-06,"The system positively supports using an archived state for a child: an existing active child was successfully archived and the response shows status=""archived"". This establishes the inactive/archived-state branch for a departed child.","No deletion operation or deletion restriction was exercised, so the requirement that data deletion be only very limited remains untested. Historical records were also not exercised for archival or inactive-state handling.",accept,,,,,
BR-008,2,not_observable,EV-02-SCEN-BR-008-99-01; EV-02-SCEN-BR-008-99-04,"No complete required obligation or branch was established. The administrator login was successful, but the subsequent family-record request returned 404, which does not establish that an archived family existed or that its family and child history was lost after archival.","Archival of a family, preservation or retrieval of child history, and use of preserved history for reporting or billing reference were not exercised or observed.",accept,,,,,
BR-009,2,not_observable,EV-02-SCEN-BR-009-100-01; EV-02-SCEN-BR-009-100-04,"The evidence shows successful administrator login, but it does not establish any control over remote or off-hours access. No remote-access condition, off-hours condition, access restriction, approval, monitoring, or rejection is observed.",Remote access control and off-hours access control remain untested and unknown; the localhost login responses do not establish whether either condition is carefully controlled.,accept,,,,,
BR-010,2,observed_partial,EV-02-SCEN-BR-010-101-01; EV-02-SCEN-BR-010-101-04,"An authenticated administrator session was established, and the subsequent invoice request using that session succeeded with HTTP 201 and returned an invoice record. This positively establishes the authorized-staff processing branch.","No request by an unauthorized or non-staff actor was recorded, and no explicit authorization policy or rejection of unauthorized invoice processing was shown. Therefore, the exclusive 'only authorized staff' restriction remains untested.",accept,,,,,
DI-001,2,not_observable,,"No complete obligation was positively or negatively established. The evidence shows administrator login and family creation, but does not show email integration, parent notices, or reminders.",Email integration and the sending or handling of parent notices and reminders were not exercised or observed.,accept,,,,,
DI-002,2,not_observable,EV-02-SCEN-DI-002-103-01; EV-02-SCEN-DI-002-103-04,"No complete obligation is established positively or negatively. The login succeeded, but the subsequent request to retrieve invoice record 1 returned 404; because no invoice was prepared and no accounting-software exchange or payment-information integration result was recorded, this does not establish that the required integration is absent or failed.","Invoice integration with accounting software was not demonstrated. Payment-information integration was not exercised or observed, and no successful or rule-specific failed accounting exchange was recorded.",accept,,,,,
DI-003,2,not_observable,EV-02-SCEN-DI-003-104-01,No observation was recorded for the scenarios of this requirement.,"The existing GET / only opens a generic page or health endpoint; no scenario-specific setup or target interaction was defined. Missing observation: The event appears in the connected calendar with the correct date, time, and title, and future updates are reflected through the integration. The target action was not executed; this is an observation limitation, not a software failure.",accept,,,,,
DI-004,2,not_observable,EV-02-SCEN-DI-004-105-01,No observation was recorded for the scenarios of this requirement.,"The existing GET / only opens a generic page or health endpoint; no scenario-specific setup or target interaction was defined. Missing observation: The recipient receives the message by SMS, and the system shows the message status as sent or queued for delivery. The target action was not executed; this is an observation limitation, not a software failure.",accept,,,,,
DI-005,2,not_observable,EV-02-SCEN-DI-005-106-01,No observation was recorded for the scenarios of this requirement.,"The existing GET / only opens a generic page or health endpoint; no scenario-specific setup or target interaction was defined. Missing observation: The system accepts the connection, stores the payment processor configuration, and shows that online payments are available for future billing workflows. The target action was not executed; this is an observation limitation, not a software failure.",accept,,,,,
QR-001,2,not_observable,EV-02-SCEN-QR-001-107-01,"None of the required behavior under a slow or temporarily unreliable internet connection was observed. The invoice request succeeded, but the recorded exchange does not show either network condition.",Stability and ease of use under slow or temporarily unreliable connectivity remain untested.,accept,,,,,
QR-002,2,not_observable,EV-02-SCEN-QR-002-108-01; EV-02-SCEN-QR-002-108-04,"No obligation was established: login returned successfully, but the attempted invoice retrieval returned 404, and neither response includes a load-duration measurement.",How quickly common tasks load remains untested.,accept,,,,,
QR-003,2,not_observable,EV-02-SCEN-QR-003-109-01; EV-02-SCEN-QR-003-109-04,"None of the required busy-period responsiveness behaviour was established. The recorded login succeeded, but the subsequent invoice request returned 404; neither response shows how the system performs under a busy-period load.","No morning drop-off, late afternoon pickup, or billing-period load and corresponding responsiveness were observed.",accept,,,,,
QR-004,2,not_observable,EV-02-SCEN-QR-004-110-04; EV-02-SCEN-QR-004-110-05; EV-02-SCEN-QR-004-110-01,"The recorded login, family creation, and invoice submission show a continuous session. None establishes support for a short, interrupted session.",No interruption and subsequent resumption or continuation was recorded.,accept,,,,,
QR-005,2,not_observable,EV-02-SCEN-QR-005-111-04; EV-02-SCEN-QR-005-111-01,"None of the required straightforward-interface behaviour was established. The recorded login succeeded, but the subsequent request for a child record returned 404; neither observation shows whether staff with varying technical skill can use the interface straightforwardly.",No staff-facing workflow or interface usability was observed.,accept,,,,,
QR-006,2,not_observable,EV-02-SCEN-QR-006-112-04; EV-02-SCEN-QR-006-112-05; EV-02-SCEN-QR-006-112-01,"Login, family creation, and child creation succeeded through HTTP requests, but none establishes whether tasks require too many clicks. No part of the click-efficiency requirement was established.","The recorded requests do not show a clickable task flow or its click count, so click efficiency remains untested.",accept,,,,,
QR-007,2,not_observable,EV-02-SCEN-QR-007-113-01,"None of the requirement is established. The import preview returned a completed response with status ""preview"", but the record does not show progress during a longer operation.",No longer-running operation or in-progress display was observed.,accept,,,,,
QR-008,2,not_observable,EV-02-SCEN-QR-008-114-01; EV-02-SCEN-QR-008-114-04,"None of the reporting or performance obligation was exercised. Login succeeded, but the subsequent request for an invoice record returned 404; neither response shows a report running.","No report execution, database-growth comparison, or report runtime was recorded.",accept,,,,,
QR-009,2,not_observable,EV-02-SCEN-QR-009-115-04; EV-02-SCEN-QR-009-115-01,"None of the required growth capability was established. Administrator login succeeded, but the subsequent request for family record 1 returned 404; the evidence does not show that the record existed.","Growth in classrooms, families, staff, and records, including whether the system remains usable at larger scale, was not tested.",accept,,,,,
QR-010,2,not_observable,EV-02-SCEN-QR-010-116-01; EV-02-SCEN-QR-010-116-04,"None of the required accessibility features was observed. The login succeeded, but the requested record returned 404; neither response shows an interface or interaction that can be assessed for contrast or keyboard support.",Good contrast and keyboard support remain untested.,accept,,,,,
QR-011,2,not_observable,EV-02-SCEN-QR-011-117-01; EV-02-SCEN-QR-011-117-03,"The invoice request succeeded under the recorded conditions, but no connection unreliability was observed. None of the required forgiving behaviour was established.",The evidence does not show how the system behaves during or after a temporary connection failure.,accept,,,,,
QR-012,2,not_observable,EV-02-SCEN-QR-012-118-01; EV-02-SCEN-QR-012-118-04,"None of the required performance behaviour was established. Login succeeded, but the subsequent invoice request returned 404 rather than retrieving a record.","No response-time comparison or evidence of years of historical data was recorded, so the effect of historical data on performance remains unknown.",accept,,,,,
EX-001,2,not_observable,EV-02-SCEN-EX-001-119-01; EV-02-SCEN-EX-001-119-04,"None of the required interrupted-task behavior was observed. An administrator created an invoice and received a submitted status, but the task was not shown to be interrupted.","No interruption or subsequent staff check was recorded, so the evidence does not show whether staff can determine if an interrupted task was saved as a draft or completed successfully.",accept,,,,,
EX-002,2,not_observable,EV-02-SCEN-EX-002-120-01; EV-02-SCEN-EX-002-120-04,"An administrator logged in and created an invoice, but no critical task was observed being interrupted. None of the requirement's resume-or-cancel obligations was exercised.",Staff ability to resume or safely cancel an interrupted critical task remains untested.,accept,,,,,
EX-003,2,not_observable,EV-02-SCEN-EX-003-121-01; EV-02-SCEN-EX-003-121-04,"None of the required behavior was established. The login returned an administrator token, but the subsequent record request returned 404, so it did not exercise a record being edited by another user.","The evidence does not establish a staff member encountering a record under another user's edit, or show whether the system warns them and offers a read-only or wait path.",accept,,,,,
EX-004,2,not_observable,EV-02-SCEN-EX-004-122-01; EV-02-SCEN-EX-004-122-04,"No required branch was established. Login succeeded, but the subsequent record lookup returned 404; no conflicting changes or review decision were observed.",Whether the system requires review instead of silently overwriting data when changes conflict remains untested.,accept,,,,,
EX-005,2,observed_partial,EV-02-SCEN-EX-005-123-01,"The import preview flagged a record with blank values and remained in preview status, showing that this messy record was flagged before loading.",No import containing uncertain values was tested.,accept,,,,,
EX-006,2,not_observable,EV-02-SCEN-EX-006-124-01,No observation was recorded for the scenarios of this requirement.,"The existing GET / only opens a generic page or health endpoint; no scenario-specific setup or target interaction was defined. Missing observation: The rollout halts the failed release, activates fallback handling such as rollback or traffic restoration to the previous stable version, and keeps the application available without a prolonged service disruption. The target action was not executed; this is an observation limitation, not a software failure.",accept,,,,,
FR-001,3,not_observable,EV-03-SCEN-FR-001-04-01,No required capability was established or refuted. The recorded family-registration request had no administrator identity and received a “login required” response.,"Registration by an established administrator, including whether a family is created, remains untested.",accept,,,,,
FR-002,3,not_observable,EV-03-SCEN-FR-002-05-01,No enrollment-management obligation was exercised. The recorded request attempted to create an invoice and received a login-required response; it did not test an administrator managing enrollments.,Administrator enrollment-management capability remains untested.,accept,,,,,
FR-003,3,not_observable,EV-03-SCEN-FR-003-06-01,No classroom-assignment management obligation was established. The recorded request attempted to create a child and was redirected with 'login required'; it did not exercise an administrator managing an assignment.,Administrator creation or modification of classroom assignments remains untested.,accept,,,,,
FR-004,3,not_observable,EV-03-SCEN-FR-004-07-01,No classroom-capacity management obligation was exercised. The recorded request attempted to create a child and was redirected with “login required”; it did not attempt to view or change classroom capacity.,Whether administrators can manage classroom capacity remains untested.,accept,,,,,
FR-005,3,not_observable,EV-03-SCEN-FR-005-08-01,No waiting-list management obligation was established. The recorded request attempted to create a child record and received a login-required response; it did not exercise an administrator managing a waiting list.,Administrator access to waiting-list management and changes to an existing waiting list remain untested.,accept,,,,,
FR-006,3,not_observable,EV-03-SCEN-FR-006-09-01,No required obligation was established. The unauthenticated attempt to create a child record was redirected with “login required”; it did not exercise immunization tracking by authorized staff.,Whether authorized staff can track child immunizations remains untested.,accept,,,,,
FR-007,3,not_observable,EV-03-SCEN-FR-007-10-01,"No required capability was established. The invoice request was redirected with a 'login required' response, and no authorized staff actor was established.",Invoice processing by authorized staff was not exercised.,accept,,,,,
FR-008,3,not_observable,EV-03-SCEN-FR-008-11-01,No observation was recorded for the scenarios of this requirement.,"The existing GET / only opens a generic page or health endpoint; no scenario-specific setup or target interaction was defined. Missing observation: Matching family and child records are displayed with relevant profile details, allowing the staff member to open the correct record from the results. The target action was not executed; this is an observation limitation, not a software failure.",accept,,,,,
FR-009,3,not_observable,EV-03-SCEN-FR-009-12-01,No observation was recorded for the scenarios of this requirement.,"The existing GET / only opens a generic page or health endpoint; no scenario-specific setup or target interaction was defined. Missing observation: The staff member can view the invoice information needed to answer the question and can explain the current billing status without needing assistance from an administrator. The target action was not executed; this is an observation limitation, not a software failure.",accept,,,,,
FR-010,3,not_observable,EV-03-SCEN-FR-010-13-01,No observation was recorded for the scenarios of this requirement.,"The existing GET / only opens a generic page or health endpoint; no scenario-specific setup or target interaction was defined. Missing observation: The system displays the child's details, including allergies and immunization information, in a teacher-accessible view. The target action was not executed; this is an observation limitation, not a software failure.",accept,,,,,
FR-011,3,not_observable,EV-03-SCEN-FR-011-14-01,"No required branch was established. The recorded request attempted to create a child record, not to record a routine classroom-related note, and received a login-required response.",The evidence does not establish whether note-taking is part of the workflow or whether a teacher can record such notes.,accept,,,,,
FR-012,3,not_observable,EV-03-SCEN-FR-012-15-01,No required obligation was established. The recorded request attempted to create a family record and received a 'login required' response; it did not exercise staff lookup or updating an existing record.,"No office or front-desk staff actor, family-information lookup, or update to an existing basic record was observed.",accept,,,,,
FR-013,3,not_observable,EV-03-SCEN-FR-013-16-01,"No routine administrative task was observed to succeed or fail for an authorized user. The unauthenticated family-creation request was redirected with 'login required,' which does not establish whether the system supports the task.","Routine administrative tasks under an appropriate login, and any reduction in administrative time, were not observed.",accept,,,,,
FR-014,3,not_observable,EV-03-SCEN-FR-014-17-01,"No required obligation was observed. The family-creation request returned a login-required response; it did not exercise parent notices, reminders, or email integration.",The evidence does not show whether the system can send parent notices or reminders by email from day one.,accept,,,,,
FR-015,3,not_observable,EV-03-SCEN-FR-015-18-01,"No required obligation was established. The invoice-generation request was redirected with a 'login required' response, so it did not reach invoice generation.",Invoice generation when accounting connectivity is unavailable remains untested.,accept,,,,,
FR-016,3,not_observable,EV-03-SCEN-FR-016-19-01,"None of the required capability was established or refuted. The invoice-export request returned a login-required redirect, so no invoice data was exported or shown to be available for manual transfer.",The evidence does not establish whether accounting connectivity was unavailable or whether an authenticated user could export or manually transfer invoice data.,accept,,,,,
FR-017,3,not_observable,EV-03-SCEN-FR-017-20-01,"The login response says “Logged in as admin” and sets a cookie, but this alone does not establish usable staff access from a shared computer. No complete required behaviour was demonstrated.","The evidence does not establish that admin is a staff user, that the computer was shared, or that the login provided usable access without friction.",accept,,,,,
FR-018,3,not_observable,EV-03-SCEN-FR-018-21-01,No observation was recorded for the scenarios of this requirement.,"The existing GET / only opens a generic page or health endpoint; no scenario-specific setup or target interaction was defined. Missing observation: The application loads and functions in the browser without requiring special software installation, downloads, or browser extensions. The target action was not executed; this is an observation limitation, not a software failure.",accept,,,,,
FR-019,3,not_observable,EV-03-SCEN-FR-019-22-01,No observation was recorded for the scenarios of this requirement.,"The existing GET / only opens a generic page or health endpoint; no scenario-specific setup or target interaction was defined. Missing observation: The interface renders correctly for tablet use and the task can be completed through touch interaction without requiring a desktop-only layout. The target action was not executed; this is an observation limitation, not a software failure.",accept,,,,,
FR-020,3,not_observable,EV-03-SCEN-FR-020-23-01,"No required obligation was exercised. The invoice submission was redirected with a 'login required' response, so the evidence shows neither draft or autosave behaviour nor recovery of entered data.",Saving staff-entered work and retaining it through a temporary interruption remain untested.,accept,,,,,
FR-021,3,not_observable,EV-03-SCEN-FR-021-24-01,No observation was recorded for the scenarios of this requirement.,"The existing GET / only opens a generic page or health endpoint; no scenario-specific setup or target interaction was defined. Missing observation: The task resumes from the last saved values, showing the previously entered information ready for continuation rather than starting from a blank form. The target action was not executed; this is an observation limitation, not a software failure.",accept,,,,,
FR-022,3,not_observable,EV-03-SCEN-FR-022-25-01,No required obligation was established. The invoice-creation request returned a login-required response; it did not exercise staff cancellation or correction of an interrupted task.,Whether staff can cancel or correct interrupted tasks without creating duplicate records remains untested.,accept,,,,,
FR-023,3,not_observable,EV-03-SCEN-FR-023-26-01,No observation was recorded for the scenarios of this requirement.,"The existing GET / only opens a generic page or health endpoint; no scenario-specific setup or target interaction was defined. Missing observation: The system clearly shows the current state of the record, such as draft, submitted, completed, or paid, so staff can distinguish unfinished work from finalized records. The target action was not executed; this is an observation limitation, not a software failure.",accept,,,,,
FR-024,3,not_observable,EV-03-SCEN-FR-024-27-01,No observation was recorded for the scenarios of this requirement.,"The existing GET / only opens a generic page or health endpoint; no scenario-specific setup or target interaction was defined. Missing observation: The system warns that another user is already editing the record and identifies the concurrent editing condition before the second user proceeds. The target action was not executed; this is an observation limitation, not a software failure.",accept,,,,,
FR-025,3,not_observable,EV-03-SCEN-FR-025-28-01,No observation was recorded for the scenarios of this requirement.,"The existing GET / only opens a generic page or health endpoint; no scenario-specific setup or target interaction was defined. Missing observation: The system either opens the record in read-only mode or keeps the user waiting until the record becomes available, preventing conflicting edits while still allowing access. The target action was not executed; this is an observation limitation, not a software failure.",accept,,,,,
FR-026,3,not_observable,EV-03-SCEN-FR-026-29-01,No observation was recorded for the scenarios of this requirement.,"The existing GET / only opens a generic page or health endpoint; no scenario-specific setup or target interaction was defined. Missing observation: The system interrupts the save flow and presents the conflicting fields for review so the user can resolve differences before the record is finalized. The target action was not executed; this is an observation limitation, not a software failure.",accept,,,,,
FR-027,3,not_observable,EV-03-SCEN-FR-027-30-01,"None of the required display behaviour was established. The audit page returned an empty list, but no changed record was prepared or observed.",Whether the system displays who changed a record and when remains untested.,accept,,,,,
FR-028,3,not_observable,EV-03-SCEN-FR-028-31-01,No observation was recorded for the scenarios of this requirement.,"The existing GET / only opens a generic page or health endpoint; no scenario-specific setup or target interaction was defined. Missing observation: The record prominently displays the last saved status, such as ""Saved"", ""Unsaved changes"", or a similar clear status indicator, so staff can immediately see whether the latest changes were successfully stored. The target action was not executed; this is an observation limitation, not a software failure.",accept,,,,,
FR-029,3,not_observable,EV-03-SCEN-FR-029-32-01,No observation was recorded for the scenarios of this requirement.,"The existing GET / only opens a generic page or health endpoint; no scenario-specific setup or target interaction was defined. Missing observation: A visible transaction history is shown with each entry listing the date, amount, and transaction type, including refunds and adjustments, in a format staff can review without additional searching. The target action was not executed; this is an observation limitation, not a software failure.",accept,,,,,
FR-030,3,not_observable,EV-03-SCEN-FR-030-33-01,No observation was recorded for the scenarios of this requirement.,"The existing GET / only opens a generic page or health endpoint; no scenario-specific setup or target interaction was defined. Missing observation: Each invoice clearly shows its payment state as unpaid, partial, or paid, matching the recorded payment activity for that invoice. The target action was not executed; this is an observation limitation, not a software failure.",accept,,,,,
FR-031,3,not_observable,EV-03-SCEN-FR-031-34-01,No observation was recorded for the scenarios of this requirement.,"The existing GET / only opens a generic page or health endpoint; no scenario-specific setup or target interaction was defined. Missing observation: The system shows whether the payment or invoice task has gone through successfully and clearly identifies what still needs attention, such as remaining balance, missing approval, or incomplete allocation. The target action was not executed; this is an observation limitation, not a software failure.",accept,,,,,
FR-032,3,not_observable,EV-03-SCEN-FR-032-35-01,No required creation capability was established or refuted. The unauthenticated family-creation request received a “login required” response; it did not exercise creation by staff or creation of a child record.,Whether staff can create family and child records when someone first applies or enrolls remains untested.,accept,,,,,
FR-033,3,not_observable,EV-03-SCEN-FR-033-36-01,"No required update capability was established or refuted. The recorded request attempted to create a family, not update an existing family or child record, and returned “login required.”","Updates to contact details, emergency contacts, medical information, and billing details on existing family or child records were not exercised.",accept,,,,,
FR-034,3,not_observable,EV-03-SCEN-FR-034-37-01,No required obligation was exercised. The attempted child-record creation returned “login required”; it did not test marking an existing child inactive or archived.,No existing child record or status-change attempt was observed.,accept,,,,,
FR-035,3,not_observable,EV-03-SCEN-FR-035-38-01,None of the deletion restriction was exercised. The recorded request attempted to create a child record and received a login-required response; it did not attempt to delete a record.,"No deletion attempt or deletion policy was observed, so the cases in which deletion is allowed remain unknown.",accept,,,,,
FR-036,3,not_observable,EV-03-SCEN-FR-036-39-01,No observation was recorded for the scenarios of this requirement.,"The existing GET / only opens a generic page or health endpoint; no scenario-specific setup or target interaction was defined. Missing observation: The archived record remains accessible for historical review, and its prior history is preserved so it can still be used for reporting and billing reference. The target action was not executed; this is an observation limitation, not a software failure.",accept,,,,,
FR-037,3,not_observable,EV-03-SCEN-FR-037-40-01,No observation was recorded for the scenarios of this requirement.,"The existing GET / only opens a generic page or health endpoint; no scenario-specific setup or target interaction was defined. Missing observation: While the child is active, the immunization information is available in the record; after the child is archived, the immunization information remains preserved in the archived record for future reference. The target action was not executed; this is an observation limitation, not a software failure.",accept,,,,,
FR-038,3,not_observable,EV-03-SCEN-FR-038-41-01,No required obligation was exercised. The recorded request attempted to create a child record and received a login-required response; it did not attempt a guided import.,"Guided import of existing data, import validation, and error reports remain untested.",accept,,,,,
FR-039,3,not_observable,EV-03-SCEN-FR-039-42-01,"None of the required behaviour was observed. The recorded request attempted to create a child record and was redirected with a 'login required' response; it did not exercise import, review, or finalization.",Whether imported records can be reviewed before finalization remains untested.,accept,,,,,
FR-040,3,not_observable,EV-03-SCEN-FR-040-43-01,No required obligation was exercised. The recorded request attempted to create a child record and received a login-required response; it did not attempt an import.,Automatic mapping of common fields and flagging uncertain mappings for manual review remain untested.,accept,,,,,
FR-041,3,not_observable,EV-03-SCEN-FR-041-44-01,No required obligation was observed. The recorded request attempted to create a child record and received a login-required response; it did not exercise imported-data suggestions or staff review before loading.,Whether the system suggests fixes for messy imported data and allows staff to correct or confirm values before loading remains untested.,accept,,,,,
FR-042,3,not_observable,EV-03-SCEN-FR-042-45-01,None of the required migration behavior was observed. The recorded request attempted to create a child record and received a login-required response; it did not exercise migration.,Whether the system supports migrating active records in a stage before historical records remains untested.,accept,,,,,
FR-043,3,not_observable,EV-03-SCEN-FR-043-46-01,No observation was recorded for the scenarios of this requirement.,"The existing GET / only opens a generic page or health endpoint; no scenario-specific setup or target interaction was defined. Missing observation: The system returns matching archived records with archive indicators and relevant details, and the staff member can open the selected archived record from the search results. The target action was not executed; this is an observation limitation, not a software failure.",accept,,,,,
FR-044,3,not_observable,EV-03-SCEN-FR-044-47-01,No observation was recorded for the scenarios of this requirement.,"The existing GET / only opens a generic page or health endpoint; no scenario-specific setup or target interaction was defined. Missing observation: The system displays a print-friendly version of the information with clear formatting suitable for printing, and the user can proceed to print or save the summary. The target action was not executed; this is an observation limitation, not a software failure.",accept,,,,,
FR-045,3,observed_partial,EV-03-SCEN-FR-045-48-01,"The rejected request returned “login required,” a clear message explaining why the action could not proceed.",Built-in help tips were not observed.,accept,,,,,
FR-046,3,not_observable,EV-03-SCEN-FR-046-49-01,No step-by-step wizard obligation was established. The attempted family-enrollment request returned “login required” before any wizard steps were observed.,The family-enrollment and invoice-setup wizards remain untested.,accept,,,,,
FR-047,3,not_observable,EV-03-SCEN-FR-047-50-01,No observation was recorded for the scenarios of this requirement.,"The existing GET / only opens a generic page or health endpoint; no scenario-specific setup or target interaction was defined. Missing observation: The system displays contextual hints near the fields, including cues for required information and guidance for unusual cases, without forcing the user to leave the form. The target action was not executed; this is an observation limitation, not a software failure.",accept,,,,,
FR-048,3,not_observable,EV-03-SCEN-FR-048-51-01,"No required review capability was observed. The recorded submission attempt received a 'login required' response, so it did not exercise review of information before submitting a complex task.",Whether users can review information before submitting a complex task remains untested.,accept,,,,,
FR-049,3,not_observable,EV-03-SCEN-FR-049-52-01,No edit or reversal obligation was exercised. The recorded attempt to create an invoice received a login-required response.,Whether users can edit or reverse mistakes without manual administrator intervention remains untested.,accept,,,,,
FR-050,3,not_observable,EV-03-SCEN-FR-050-53-01,"None of the required pilot-support behaviour was established. The recorded admin login shows access to a landing page, but does not demonstrate a pilot with a small group of users.",Whether the system supports a small-group pilot before broader rollout remains untested.,accept,,,,,
FR-051,3,not_observable,EV-03-SCEN-FR-051-54-01,"None of the required phased-rollout capability was observed. The recorded login response shows access to the application, not a way to roll it out in phases.",No rollout configuration or staged deployment was exercised.,accept,,,,,
FR-052,3,not_observable,EV-03-SCEN-FR-052-55-01,The recorded login response shows no completed obligation under this requirement. It does not demonstrate hands-on training for the pilot group or refresher sessions or job aids for the rest of the staff.,Support for both the pilot group's hands-on training and the rest of the staff's refresher sessions or job aids remains untested.,accept,,,,,
FR-053,3,not_observable,EV-03-SCEN-FR-053-56-01,No observation was recorded for the scenarios of this requirement.,"The existing GET / only opens a generic page or health endpoint; no scenario-specific setup or target interaction was defined. Missing observation: The system routes the request through the designated support channel and displays confirmation that the issue was received during business hours with a response path or reference number. The target action was not executed; this is an observation limitation, not a software failure.",accept,,,,,
FR-054,3,not_observable,EV-03-SCEN-FR-054-57-01,No observation was recorded for the scenarios of this requirement.,"The existing GET / only opens a generic page or health endpoint; no scenario-specific setup or target interaction was defined. Missing observation: The system can revert to the prior stable state or alternate operating mode, core services remain available or are restored promptly, and the disruption does not continue for an extended period. The target action was not executed; this is an observation limitation, not a software failure.",accept,,,,,
FR-055,3,not_observable,EV-03-SCEN-FR-055-58-01,"None of the required import capabilities was demonstrated. The recorded request attempted to create a child profile, not import records, and received a “login required” response.","Import of family records, child profiles, classroom assignments, immunization information, billing balances, and available historical attendance or enrollment data remains untested.",accept,,,,,
FR-056,3,not_observable,EV-03-SCEN-FR-056-59-01,No required obligation was observed. The only recorded request attempted to create a family and received a “login required” response; it did not exercise parent notices.,Generation or sending of parent notices directly through email integration remains untested.,accept,,,,,
FR-057,3,not_observable,EV-03-SCEN-FR-057-60-01,No required sharing behaviour was observed. The invoice-export request was redirected with a 'login required' response; it did not show invoice or payment information shared with an accounting system.,Sharing of both invoice and payment information remains untested behind the login requirement.,accept,,,,,
FR-058,3,not_observable,EV-03-SCEN-FR-058-61-01,"No required behaviour was established. The payment request returned a login-required response, so it did not exercise automatic payment recording.",The evidence does not establish whether payment processor integration was available or whether a payment would be recorded automatically when it is available.,accept,,,,,
FR-059,3,not_observable,EV-03-SCEN-FR-059-62-01,No observation was recorded for the scenarios of this requirement.,"The existing GET / only opens a generic page or health endpoint; no scenario-specific setup or target interaction was defined. Missing observation: Each user can continue working without the application freezing, timing out, or becoming unresponsive, and their changes are processed normally. The target action was not executed; this is an observation limitation, not a software failure.",accept,,,,,
FR-060,3,not_observable,EV-03-SCEN-FR-060-63-01,"No required branch was observed. The invoice request returned a login-required response, so it did not demonstrate an operation taking longer to complete or any progress shown during one.",Progress display during a longer-running operation remains untested.,accept,,,,,
FR-061,3,not_observable,EV-03-SCEN-FR-061-64-01,"No required obligation was established. The attempted record addition returned a login-required response, so no record was shown to have been added.","Adding users and records as the center grows, and performance under that growth, were not exercised.",accept,,,,,
FR-062,3,not_observable,EV-03-SCEN-FR-062-65-01,No observation was recorded for the scenarios of this requirement.,"The existing GET / only opens a generic page or health endpoint; no scenario-specific setup or target interaction was defined. Missing observation: The reports still generate successfully with acceptable performance, and the results are complete and readable despite the larger database size. The target action was not executed; this is an observation limitation, not a software failure.",accept,,,,,
FR-063,3,not_observable,EV-03-SCEN-FR-063-66-01,No observation was recorded for the scenarios of this requirement.,"The existing GET / only opens a generic page or health endpoint; no scenario-specific setup or target interaction was defined. Missing observation: The system supports the addition of a new site record and allows data to be associated with that site without disrupting existing single-site operations. The target action was not executed; this is an observation limitation, not a software failure.",accept,,,,,
FR-064,3,not_observable,EV-03-SCEN-FR-064-67-01,No observation was recorded for the scenarios of this requirement.,"The existing GET / only opens a generic page or health endpoint; no scenario-specific setup or target interaction was defined. Missing observation: The older record remains accessible and viewable when requested, with its historical data intact and available for compliance review. The target action was not executed; this is an observation limitation, not a software failure.",accept,,,,,
FR-065,3,not_observable,EV-03-SCEN-FR-065-68-01,No archiving obligation was exercised. The recorded request to create a child record was redirected with “login required”; it shows no older record becoming inactive or being marked archived.,Whether the system marks older records as archived once they are no longer actively used remains untested.,accept,,,,,
FR-066,3,not_observable,EV-03-SCEN-FR-066-69-01,No observation was recorded for the scenarios of this requirement.,"The existing GET / only opens a generic page or health endpoint; no scenario-specific setup or target interaction was defined. Missing observation: Archived records do not appear in the default day-to-day list, but the staff member can still find them by searching or using an archive filter. The target action was not executed; this is an observation limitation, not a software failure.",accept,,,,,
FR-067,3,not_observable,EV-03-SCEN-FR-067-70-01,No observation was recorded for the scenarios of this requirement.,"The existing GET / only opens a generic page or health endpoint; no scenario-specific setup or target interaction was defined. Missing observation: The interface is clear, consistent, and easy to use, with familiar navigation and readable screens that support routine staff work without confusion. The target action was not executed; this is an observation limitation, not a software failure.",accept,,,,,
FR-068,3,not_observable,EV-03-SCEN-FR-068-71-01,No observation was recorded for the scenarios of this requirement.,"The existing GET / only opens a generic page or health endpoint; no scenario-specific setup or target interaction was defined. Missing observation: The pages display in a readable tablet-friendly layout without text truncation, unusable controls, or horizontal scrolling for normal use. The target action was not executed; this is an observation limitation, not a software failure.",accept,,,,,
FR-069,3,not_observable,EV-03-SCEN-FR-069-72-01,No observation was recorded for the scenarios of this requirement.,"The existing GET / only opens a generic page or health endpoint; no scenario-specific setup or target interaction was defined. Missing observation: All essential controls can be reached and operated without a mouse, and the screen reader announces meaningful labels, status changes, and form fields clearly. The target action was not executed; this is an observation limitation, not a software failure.",accept,,,,,
FR-070,3,not_observable,EV-03-SCEN-FR-070-73-01,No observation was recorded for the scenarios of this requirement.,"The existing GET / only opens a generic page or health endpoint; no scenario-specific setup or target interaction was defined. Missing observation: The interface text increases in size while remaining readable and usable, and key screens still display properly without breaking important controls. The target action was not executed; this is an observation limitation, not a software failure.",accept,,,,,
FR-071,3,not_observable,EV-03-SCEN-FR-071-74-01,No observation was recorded for the scenarios of this requirement.,"The existing GET / only opens a generic page or health endpoint; no scenario-specific setup or target interaction was defined. Missing observation: The task is reachable through clear labels and a short navigation path, with minimal clicks and no ambiguity about where to go next. The target action was not executed; this is an observation limitation, not a software failure.",accept,,,,,
FR-072,3,not_observable,EV-03-SCEN-FR-072-75-01,"None of the required role-based information filtering is established. The response shows a page labelled as logged in as admin, but does not show that its contents are limited according to that role.","No other role, role-specific information policy, or comparison of information visible to different roles was observed.",accept,,,,,
FR-073,3,not_observable,EV-03-SCEN-FR-073-76-01,No observation was recorded for the scenarios of this requirement.,"The existing GET / only opens a generic page or health endpoint; no scenario-specific setup or target interaction was defined. Missing observation: The system allows access only to the functions and classrooms/sites granted to that staff member, and it blocks or hides records outside that scope with an access denied message. The target action was not executed; this is an observation limitation, not a software failure.",accept,,,,,
FR-074,3,not_observable,EV-03-SCEN-FR-074-77-01,No observation was recorded for the scenarios of this requirement.,"The existing GET / only opens a generic page or health endpoint; no scenario-specific setup or target interaction was defined. Missing observation: General contact details are visible, but sensitive health information is hidden or restricted, and the system explains that additional permission is required. The target action was not executed; this is an observation limitation, not a software failure.",accept,,,,,
FR-075,3,not_observable,EV-03-SCEN-FR-075-78-01,"The recorded login shows an admin session, but no temporary permission for staff covering another employee was exercised. None of the required behaviour was established.",The evidence does not show a staff member receiving or using temporary permissions while covering another employee.,accept,,,,,
FR-076,3,not_observable,EV-03-SCEN-FR-076-79-01,"The audit page loaded, but no login, view, or edit was recorded in the evidence. No required audit-log obligation was established.","Whether the system logs logins and views or edits of important records, including who acted and when, remains untested. The empty audit page alone does not establish that logging is absent.",accept,,,,,
FR-077,3,observed_unsatisfied,EV-03-SCEN-FR-077-80-01,The system accepted the easily guessed credentials admin/admin and reported a successful login. This violates the requirement for strong logins. No distinct required obligation was positively established.,The evidence does not establish whether every staff member has an individual login or whether shared accounts are allowed.,accept,,,,,
FR-078,3,not_observable,EV-03-SCEN-FR-078-81-01,"A login as admin was observed, but it establishes neither password-complexity requirements nor password-expiration behavior. No required obligation was established as met or violated.","Password creation or change, complexity enforcement, expiration behavior, and the security reasons for either requirement were not observed.",accept,,,,,
FR-079,3,not_observable,EV-03-SCEN-FR-079-82-01,"The recorded password login returned a page saying the user was logged in as admin, but no MFA setup, challenge, or verification was exercised. No required MFA capability was established or refuted.","MFA support for administrators and people handling billing or health records remains untested, including remote access.",accept,,,,,
FR-080,3,not_observable,EV-03-SCEN-FR-080-83-01,"The login response shows an admin cookie and a logged-in page, but no automatic session timeout was observed. No required behaviour was established positively or negatively.","There is no recorded session-expiration setting, elapsed-time check, or request after a timeout.",accept,,,,,
FR-081,3,observed_unsatisfied,EV-03-SCEN-FR-081-84-01; EV-03-SCEN-FR-081-84-02,"Encryption in transit is violated: the recorded login submitted a username and password over HTTP, not HTTPS. No required encryption obligation is positively established.",Encryption of data at rest was not observed.,accept,,,,,
FR-082,3,not_observable,EV-03-SCEN-FR-082-85-01,"No required alerting behavior was observed. The recorded request shows a successful login, not suspicious activity.","Repeated failed logins, access from unusual locations, and any resulting alerts were not tested.",accept,,,,,
FR-083,3,not_observable,EV-03-SCEN-FR-083-86-01,"None of the required temporary or off-hours access behavior was observed. The recorded response shows an ordinary admin login, not access granted under controlled temporary or off-hours conditions.","No temporary or off-hours access arrangement, applicable conditions, or use of such access was tested.",accept,,,,,
FR-084,3,not_observable,EV-03-SCEN-FR-084-87-01,No observation was recorded for the scenarios of this requirement.,"The existing GET / only opens a generic page or health endpoint; no scenario-specific setup or target interaction was defined. Missing observation: The system clearly displays the current status for each invoice and enrollment, using labels such as pending, submitted, and paid where applicable. The target action was not executed; this is an observation limitation, not a software failure.",accept,,,,,
FR-085,3,observed_unsatisfied,EV-03-SCEN-FR-085-88-01,"The recorded error response says only “not found.” It gives no instruction about what to do next, so the required actionable message was not demonstrated for this error.",No other error conditions or staff-specific interactions were tested.,accept,,,,,
FR-086,3,not_observable,EV-03-SCEN-FR-086-89-01,No observation was recorded for the scenarios of this requirement.,"The existing GET / only opens a generic page or health endpoint; no scenario-specific setup or target interaction was defined. Missing observation: The system quickly returns the matching child or billing details and opens the requested record without requiring manual browsing through unrelated screens. The target action was not executed; this is an observation limitation, not a software failure.",accept,,,,,
FR-087,3,not_observable,EV-03-SCEN-FR-087-90-01,"No check-in or check-out routine was exercised. The recorded child-creation request returned “login required,” which does not establish either routine.",Both check-in and check-out remain untested.,accept,,,,,
FR-088,3,not_observable,EV-03-SCEN-FR-088-91-01,No observation was recorded for the scenarios of this requirement.,"The existing GET / only opens a generic page or health endpoint; no scenario-specific setup or target interaction was defined. Missing observation: Each invoice is clearly labeled as Open, Partly Paid, or Fully Settled, and the displayed status matches the recorded payment amounts. The target action was not executed; this is an observation limitation, not a software failure.",accept,,,,,
BR-001,3,not_observable,EV-03-SCEN-BR-001-92-01,No observation was recorded for the scenarios of this requirement.,"The existing GET / only opens a generic page or health endpoint; no scenario-specific setup or target interaction was defined. Missing observation: The administrator can view the broadest set of family and child details, while non-administrator users see more restricted information or access limitations according to their role. The target action was not executed; this is an observation limitation, not a software failure.",accept,,,,,
BR-002,3,not_observable,EV-03-SCEN-BR-002-93-01,No observation was recorded for the scenarios of this requirement.,"The existing GET / only opens a generic page or health endpoint; no scenario-specific setup or target interaction was defined. Missing observation: The system does not overwrite the earlier save silently; it warns about the concurrent edit, preserves the conflicting changes for review, and requires the staff member to resolve the conflict. The target action was not executed; this is an observation limitation, not a software failure.",accept,,,,,
BR-003,3,not_observable,EV-03-SCEN-BR-003-94-01,No deletion obligation was established positively or negatively. The recorded request attempted to create a child record and received a login-required response; it did not attempt deletion.,No deletion case or restriction on deletion was exercised.,accept,,,,,
BR-004,3,not_observable,EV-03-SCEN-BR-004-95-01,"No billing or charge outcome was observed. The payment request was redirected with a 'login required' response, so it does not establish whether the system avoids double charges.",No completed payment or repeated billing attempt was recorded.,accept,,,,,
BR-005,3,not_observable,EV-03-SCEN-BR-005-96-01,"The audit page loaded, but its history list was empty. No complete history obligation was established.","No staff-visible entries for recorded events were observed, so whether the system keeps a history that explains what happened remains unknown.",accept,,,,,
BR-006,3,not_observable,EV-03-SCEN-BR-006-97-01,"The response shows a login as admin, but no complete obligation is established: it does not show whether the account is shared by staff.",Staff account assignment and use by multiple people were not observed.,accept,,,,,
BR-007,3,not_observable,EV-03-SCEN-BR-007-98-01,None of the required deletion or inactive/archived-state behaviours was exercised. The recorded child-creation request was redirected with “login required.”,Whether deletion is very limited and whether departed children and historical records are retained in inactive or archived states remain untested.,accept,,,,,
BR-008,3,not_observable,EV-03-SCEN-BR-008-99-01,No observation was recorded for the scenarios of this requirement.,"The existing GET / only opens a generic page or health endpoint; no scenario-specific setup or target interaction was defined. Missing observation: The archived history remains available for reporting and billing reference, and the prior family and child details are still retrievable for authorized staff. The target action was not executed; this is an observation limitation, not a software failure.",accept,,,,,
BR-009,3,not_observable,EV-03-SCEN-BR-009-100-01; EV-03-SCEN-BR-009-100-02,None of the required remote- or off-hours-access controls were established. The recorded request was a successful admin login to a local address; it does not demonstrate access under either stated condition or a control applied to it.,"No remote or off-hours access attempt, applicable control policy, or condition-dependent comparison was recorded.",accept,,,,,
BR-010,3,not_observable,EV-03-SCEN-BR-010-101-01,No required branch was established. An unauthenticated request to create a new invoice was redirected with “login required”; it did not exercise invoice processing or show whether processing is limited to authorized staff.,Invoice processing by authorized staff and attempted processing by unauthorized users remain untested.,accept,,,,,
DI-001,3,not_observable,EV-03-SCEN-DI-001-102-01,No required obligation was observed. The family-creation request returned “login required” before any email notice or reminder was exercised.,Email integration for parent notices and reminders remains untested.,accept,,,,,
DI-002,3,not_observable,EV-03-SCEN-DI-002-103-01,"No required integration behaviour was observed. The invoice export request received a login-required response, so it did not demonstrate exchange of invoice information with accounting software.",Invoice integration behind login and integration of payment information remain untested.,accept,,,,,
DI-003,3,not_observable,EV-03-SCEN-DI-003-104-01,No observation was recorded for the scenarios of this requirement.,"The existing GET / only opens a generic page or health endpoint; no scenario-specific setup or target interaction was defined. Missing observation: The event appears in the connected calendar with the correct date, time, and title, and future updates are reflected through the integration. The target action was not executed; this is an observation limitation, not a software failure.",accept,,,,,
DI-004,3,not_observable,EV-03-SCEN-DI-004-105-01,No observation was recorded for the scenarios of this requirement.,"The existing GET / only opens a generic page or health endpoint; no scenario-specific setup or target interaction was defined. Missing observation: The recipient receives the message by SMS, and the system shows the message status as sent or queued for delivery. The target action was not executed; this is an observation limitation, not a software failure.",accept,,,,,
DI-005,3,not_observable,EV-03-SCEN-DI-005-106-01,No observation was recorded for the scenarios of this requirement.,"The existing GET / only opens a generic page or health endpoint; no scenario-specific setup or target interaction was defined. Missing observation: The system accepts the connection, stores the payment processor configuration, and shows that online payments are available for future billing workflows. The target action was not executed; this is an observation limitation, not a software failure.",accept,,,,,
QR-001,3,not_observable,EV-03-SCEN-QR-001-107-01,"No required behaviour was established. The recorded request received a login-required response, which does not show stability or ease of use under a slow or temporarily unreliable connection.",Behaviour under slow or temporarily unreliable connectivity was not exercised.,accept,,,,,
QR-002,3,not_observable,EV-03-SCEN-QR-002-108-01,No observation was recorded for the scenarios of this requirement.,"The existing GET / only opens a generic page or health endpoint; no scenario-specific setup or target interaction was defined. Missing observation: Each common task opens quickly enough for day-to-day use, with the relevant screen displayed without noticeable delay. The target action was not executed; this is an observation limitation, not a software failure.",accept,,,,,
QR-003,3,not_observable,EV-03-SCEN-QR-003-109-01,No observation was recorded for the scenarios of this requirement.,"The existing GET / only opens a generic page or health endpoint; no scenario-specific setup or target interaction was defined. Missing observation: The application remains responsive, accepts user input without freezing, and continues to complete requests with usable response times under load. The target action was not executed; this is an observation limitation, not a software failure.",accept,,,,,
QR-004,3,not_observable,EV-03-SCEN-QR-004-110-01,No required behaviour was established. The only captured request was redirected with “login required”; it did not exercise a short or interrupted session.,The evidence does not show whether a user can pause and resume work across interrupted sessions.,accept,,,,,
QR-005,3,not_observable,EV-03-SCEN-QR-005-111-01,No observation was recorded for the scenarios of this requirement.,"The existing GET / only opens a generic page or health endpoint; no scenario-specific setup or target interaction was defined. Missing observation: The interface is straightforward enough to complete the task without needing advanced training, and labels, buttons, and navigation are clear and easy to follow. The target action was not executed; this is an observation limitation, not a software failure.",accept,,,,,
QR-006,3,not_observable,EV-03-SCEN-QR-006-112-01,No task workflow or click count was observed. The recorded request to create a child was redirected with a “login required” response.,The evidence does not show how many clicks a user needs to complete a task.,accept,,,,,
QR-007,3,not_observable,EV-03-SCEN-QR-007-113-01,No required behaviour was observed. The request was redirected with a login-required response before a longer operation began.,Progress display during a longer operation was not exercised.,accept,,,,,
QR-008,3,not_observable,EV-03-SCEN-QR-008-114-01,No observation was recorded for the scenarios of this requirement.,"The existing GET / only opens a generic page or health endpoint; no scenario-specific setup or target interaction was defined. Missing observation: The report completes in a reasonable time and returns usable results even as the historical database size increases. The target action was not executed; this is an observation limitation, not a software failure.",accept,,,,,
QR-009,3,not_observable,EV-03-SCEN-QR-009-115-01,No observation was recorded for the scenarios of this requirement.,"The existing GET / only opens a generic page or health endpoint; no scenario-specific setup or target interaction was defined. Missing observation: The screens still present information in an organized way, with usable navigation and no cramped or broken layouts as the data volume grows. The target action was not executed; this is an observation limitation, not a software failure.",accept,,,,,
QR-010,3,not_observable,EV-03-SCEN-QR-010-116-01,No observation was recorded for the scenarios of this requirement.,"The existing GET / only opens a generic page or health endpoint; no scenario-specific setup or target interaction was defined. Missing observation: Text and controls remain clearly visible with good contrast, and the user can reach and activate the main actions without requiring a mouse. The target action was not executed; this is an observation limitation, not a software failure.",accept,,,,,
QR-011,3,not_observable,EV-03-SCEN-QR-011-117-01,"No required behaviour was established. The recorded request was rejected as login required, not handled under an unreliable connection.","No temporary connection failure or subsequent recovery was exercised, so the system's tolerance of an unreliable connection remains unknown.",accept,,,,,
QR-012,3,not_observable,EV-03-SCEN-QR-012-118-01,No observation was recorded for the scenarios of this requirement.,"The existing GET / only opens a generic page or health endpoint; no scenario-specific setup or target interaction was defined. Missing observation: The screen opens without a noticeable slowdown caused by the older historical data, and current-day tasks remain quick to access. The target action was not executed; this is an observation limitation, not a software failure.",accept,,,,,
EX-001,3,not_observable,EV-03-SCEN-EX-001-119-01,None of the required behavior was observed. The invoice request returned “login required”; it did not show an interrupted task or allow staff to determine whether the task was saved as a draft or completed.,No interrupted staff task or subsequent status check was recorded.,accept,,,,,
EX-002,3,not_observable,EV-03-SCEN-EX-002-120-01,No required branch was established. The recorded invoice-creation request was redirected with “login required”; it did not exercise an interrupted critical task or a staff attempt to resume or cancel one.,Whether staff can safely resume or cancel an interrupted critical task remains untested.,accept,,,,,
EX-003,3,not_observable,EV-03-SCEN-EX-003-121-01,No observation was recorded for the scenarios of this requirement.,"The existing GET / only opens a generic page or health endpoint; no scenario-specific setup or target interaction was defined. Missing observation: The system warns that the record is currently being edited by another user and offers a choice to open the record in read-only mode or wait for the edit lock to be released. The target action was not executed; this is an observation limitation, not a software failure.",accept,,,,,
EX-004,3,not_observable,EV-03-SCEN-EX-004-122-01,No observation was recorded for the scenarios of this requirement.,"The existing GET / only opens a generic page or health endpoint; no scenario-specific setup or target interaction was defined. Missing observation: The system blocks the save from overwriting the newer data and presents a review step that highlights the conflicting fields for manual resolution before any update is committed. The target action was not executed; this is an observation limitation, not a software failure.",accept,,,,,
EX-005,3,not_observable,EV-03-SCEN-EX-005-123-01,No required obligation or condition branch was established. The recorded request was rejected as requiring login before any data import or review behaviour was exercised.,"No import containing uncertain or messy values was observed, so whether the system flags such values for manual review before loading remains unknown.",accept,,,,,
EX-006,3,not_observable,EV-03-SCEN-EX-006-124-01,No observation was recorded for the scenarios of this requirement.,"The existing GET / only opens a generic page or health endpoint; no scenario-specific setup or target interaction was defined. Missing observation: The rollout halts the failed release, activates fallback handling such as rollback or traffic restoration to the previous stable version, and keeps the application available without a prolonged service disruption. The target action was not executed; this is an observation limitation, not a software failure.",accept,,,,,
FR-001,4,observed_satisfied,EV-04-SCEN-FR-001-04-04; EV-04-SCEN-FR-001-04-01,"The login response identifies the acting user as an administrator. The subsequent request used that session and successfully registered a family, returning HTTP 201 and a family record with an ID.",,accept,,,,,
FR-002,4,not_observable,EV-04-SCEN-FR-002-05-04; EV-04-SCEN-FR-002-05-05; EV-04-SCEN-FR-002-05-01,"None of the required enrollment-management behavior was observed. An administrator logged in and created a family and an invoice, but neither action managed an enrollment.",Whether administrators can manage enrollments remains untested.,accept,,,,,
FR-003,4,observed_partial,EV-04-SCEN-FR-003-06-04; EV-04-SCEN-FR-003-06-01,"An authenticated administrator created a child with the classroom assignment “Sunflower,” and the response recorded that assignment. This establishes initial assignment as one management operation.",Changing or otherwise managing an existing classroom assignment was not tested.,accept,,,,,
FR-004,4,not_observable,EV-04-SCEN-FR-004-07-01; EV-04-SCEN-FR-004-07-04,"None of the required capacity-management behavior was observed. An administrator logged in and created a child assigned to the Sunflower classroom, but the response shows no classroom capacity being set or changed.","No administrator action to manage classroom capacity, or resulting capacity value, was recorded.",accept,,,,,
FR-005,4,not_observable,EV-04-SCEN-FR-005-08-04; EV-04-SCEN-FR-005-08-05; EV-04-SCEN-FR-005-08-01,"None of the required waiting-list management behaviour was observed. An administrator logged in and created a family and child, but no waiting-list operation was recorded.",Whether administrators can manage waiting lists remains untested.,accept,,,,,
FR-006,4,observed_satisfied,EV-04-SCEN-FR-006-09-04; EV-04-SCEN-FR-006-09-01,"The administrator logged in, then created a child record containing an MMR immunization. The successful response returned that immunization on the child record, demonstrating that an authorized user can record child immunizations.",,accept,,,,,
FR-007,4,observed_satisfied,EV-04-SCEN-FR-007-10-04; EV-04-SCEN-FR-007-10-01,The logged-in administrator submitted an invoice. The response shows a completed submission: draft is false and the invoice history records status 'submitted'. This establishes invoice processing by an authorized staff actor.,,accept,,,,,
FR-008,4,not_observable,EV-04-SCEN-FR-008-11-01; EV-04-SCEN-FR-008-11-04,"None of the required lookup capability was established. An administrator logged in and queried families for “smith,” but the response was an empty list and showed no family or child information.","No matching family or child record was shown, and no staff actor was established.",accept,,,,,
FR-009,4,not_observable,EV-04-SCEN-FR-009-12-04; EV-04-SCEN-FR-009-12-01,No required obligation was established. An administrator logged in and retrieved an empty invoice list; the evidence does not show office or front-desk staff helping with an invoicing question.,The ability of office or front-desk staff to help with invoicing questions was not exercised.,accept,,,,,
FR-010,4,not_observable,EV-04-SCEN-FR-010-13-01; EV-04-SCEN-FR-010-13-04,"No required review capability was established or refuted. An administrator logged in, and the children request returned an empty list; no teacher reviewed child details.",Teacher access to child allergy and immunization details remains untested.,accept,,,,,
FR-011,4,not_observable,EV-04-SCEN-FR-011-14-01; EV-04-SCEN-FR-011-14-04,No required obligation was exercised. An administrator created a child whose response contained an empty notes list; no teacher recorded a classroom-related note.,"The evidence does not establish whether routine classroom notes are part of the workflow or, if they are, whether teachers can record them.",accept,,,,,
FR-012,4,not_observable,EV-04-SCEN-FR-012-15-04; EV-04-SCEN-FR-012-15-01,None of the required operations was established for office or front-desk staff. An administrator logged in and created a family record; the recorded action did not look up family information or update an existing record.,Office or front-desk staff lookup and maintenance of existing basic family records remain untested.,accept,,,,,
FR-013,4,observed_partial,EV-04-SCEN-FR-013-16-01; EV-04-SCEN-FR-013-16-04,"An administrator logged in and successfully created a family record, demonstrating support for one routine administrative task.",Other routine administrative tasks and any reduction in time spent on administration were not observed.,accept,,,,,
FR-014,4,not_observable,EV-04-SCEN-FR-014-17-01,A family record was created with a phone contact. No complete obligation concerning parent notices or reminders through email was exercised.,"Email integration, delivery of parent notices and reminders, and their availability from day one remain untested.",accept,,,,,
FR-015,4,observed_partial,EV-04-SCEN-FR-015-18-01; EV-04-SCEN-FR-015-18-05,An invoice was generated for the prepared family: the creation request returned HTTP 201 with an invoice ID and amount.,"Accounting connectivity was not shown to be unavailable, so invoice generation under that condition remains untested.",accept,,,,,
FR-016,4,not_observable,EV-04-SCEN-FR-016-19-01; EV-04-SCEN-FR-016-19-04,None of the required transfer capabilities was established. The administrator logged in and retrieved an empty invoice list; no invoice data was exported or manually transferred.,"The evidence does not establish whether accounting connectivity was unavailable, and it does not exercise export or manual transfer of invoice data.",accept,,,,,
FR-017,4,observed_partial,EV-04-SCEN-FR-017-20-04; EV-04-SCEN-FR-017-20-01,The administrator login was accepted both without a prior session cookie and when the client sent an existing session cookie. This establishes a successful staff login in the recorded requests.,"Both requests used the same account. The evidence does not show different staff logging in on a shared computer or a subsequent authenticated action, so friction in that setting remains untested.",accept,,,,,
FR-018,4,not_observable,EV-04-SCEN-FR-018-21-01; EV-04-SCEN-FR-018-21-04,"None of the required browser-based use is established. The recorded login and families request succeeded through a Python HTTP client, not a browser.",The evidence does not show whether the system can be used in a browser without special software.,accept,,,,,
FR-019,4,not_observable,EV-04-SCEN-FR-019-22-01; EV-04-SCEN-FR-019-22-04,"None of the required tablet-use behaviour was established. The recorded login and families request succeeded through a Python HTTP client, not on a tablet.","No tablet device, tablet browser, or tablet-sized interface interaction was observed.",accept,,,,,
FR-020,4,not_observable,EV-04-SCEN-FR-020-23-01,No required obligation was established. The recorded invoice was created as submitted with draft=false; this does not show that entered work was saved as a draft or autosaved.,"No draft or autosave operation, temporary interruption, or recovery of entered data was observed.",accept,,,,,
FR-021,4,not_observable,EV-04-SCEN-FR-021-24-04; EV-04-SCEN-FR-021-24-01,"None of the required resume behavior was observed. An administrator logged in and retrieved an empty invoice list, but no interrupted task or saved values were shown.",Resuming an interrupted enrollment or invoice task from its last saved values was not tested.,accept,,,,,
FR-022,4,not_observable,EV-04-SCEN-FR-022-25-01,None of the required behaviour was exercised. The recorded request created a submitted invoice; it did not show staff cancelling or correcting an interrupted task.,Whether staff can cancel or correct interrupted tasks without creating duplicate records remains untested.,accept,,,,,
FR-023,4,not_observable,EV-04-SCEN-FR-023-26-01; EV-04-SCEN-FR-023-26-04,"None of the required task-status displays was observed. After login, the invoice list was empty, so it showed no invoice task or status.","No enrollment or invoice task in a draft, submitted, completed, or paid state was observed.",accept,,,,,
FR-024,4,not_observable,EV-04-SCEN-FR-024-27-04; EV-04-SCEN-FR-024-27-01,"None of the required warning behaviour was exercised. The evidence shows an administrator login and an empty children list, but no staff member opening a record that another user was already editing.",Whether the system warns staff during simultaneous editing of the same record remains untested.,accept,,,,,
FR-025,4,not_observable,EV-04-SCEN-FR-025-28-01; EV-04-SCEN-FR-025-28-04,"None of the required behavior was exercised. The recorded login succeeded, but the subsequent request returned an empty record list; no record was opened under concurrent editing.",There is no observation of whether a concurrently edited record can be viewed read-only or waited on until it becomes available.,accept,,,,,
FR-026,4,not_observable,EV-04-SCEN-FR-026-29-01; EV-04-SCEN-FR-026-29-04,"None of the required conflict-review behavior was exercised. The evidence shows an admin login and an empty children list, but no changes to a record.","No record was changed by two users, so neither conflicting fields nor a forced review was observed.",accept,,,,,
FR-027,4,not_observable,EV-04-SCEN-FR-027-30-01,"No complete required obligation was observed. The audit response displays a user and time for a login event, but its record fields are null; it does not show who changed a record and when.",No record change or display of an audit entry for a changed record was captured.,accept,,,,,
FR-028,4,not_observable,EV-04-SCEN-FR-028-31-01,"No required behaviour was established: the record-list response was empty, so it showed no record or saved status.",Whether the system clearly shows a record's last saved status remains untested.,accept,,,,,
FR-029,4,not_observable,EV-04-SCEN-FR-029-32-01; EV-04-SCEN-FR-029-32-04,"An admin login succeeded, but the invoices request returned an empty list. No payment transaction history or required history field was observed, so no required obligation was established.","No payment transactions, refunds, or adjustments were prepared or displayed; visibility of their dates and amounts remains untested.",accept,,,,,
FR-030,4,not_observable,EV-04-SCEN-FR-030-33-01,"The invoice list returned empty, so no invoice payment state was shown. None of the required states was observed.","Display of unpaid, partial, and paid invoice states remains untested.",accept,,,,,
FR-031,4,not_observable,EV-04-SCEN-FR-031-34-01,"No required behaviour was observed. The invoices request returned an empty list, so it showed neither whether a payment or invoice task had gone through nor what needed attention.",No payment or invoice task with a recorded outcome or outstanding action was observed.,accept,,,,,
FR-032,4,observed_partial,EV-04-SCEN-FR-032-35-04; EV-04-SCEN-FR-032-35-01,An authenticated administrator created a new family record and received its ID. This establishes family-record creation by a staff user.,No child-record creation was observed.,accept,,,,,
FR-033,4,not_observable,EV-04-SCEN-FR-033-36-01,"A family record was created with an initial contact number, but no existing family or child record was updated. No required update obligation was observed.","Updates to family and child records for changed contact details, emergency contacts, medical information, and billing details remain untested.",accept,,,,,
FR-034,4,observed_satisfied,EV-04-SCEN-FR-034-37-06; EV-04-SCEN-FR-034-37-01,"The created child record had archived=false. Archiving that same record succeeded, and the response showed archived=true. This establishes the required ability to mark a child record archived.",,accept,,,,,
FR-035,4,not_observable,EV-04-SCEN-FR-035-38-01; EV-04-SCEN-FR-035-38-06,None of the deletion restriction was exercised. The child record was created and then archived; the response still returned the record with archived=true. Archiving does not establish when deletion is allowed.,"No deletion attempt, deletion outcome, or policy identifying the limited permitted cases was observed.",accept,,,,,
FR-036,4,not_observable,EV-04-SCEN-FR-036-39-01,"No required obligation was established. The archived-family query returned an empty list, showing neither an archival action nor a preserved record.",Archiving a record and retaining its history for reporting and billing reference were not tested.,accept,,,,,
FR-037,4,not_observable,EV-04-SCEN-FR-037-40-01,"None of the required behaviour was observed. The children list was empty, so the response shows neither immunization information retained for an active child nor information archived after a child became inactive.",Retention while a child is active and archiving afterward remain untested.,accept,,,,,
FR-038,4,observed_partial,EV-04-SCEN-FR-038-41-01,"The import request succeeded and reported that one family and one child were created, establishing data import. The response does not show guidance, validation of invalid data, or an error report.","Guided import, validation, and error reporting remain untested.",accept,,,,,
FR-039,4,not_observable,EV-04-SCEN-FR-039-42-01,"The import response reports created records, but no review of those records or finalization is shown. No required obligation is established or violated.",Whether imported records can be reviewed before finalization remains untested.,accept,,,,,
FR-040,4,not_observable,EV-04-SCEN-FR-040-43-01,"The import response reports that a family and a child were created, but it does not show how their fields were mapped. No complete required obligation is established.","Automatic mapping of common fields was not verified, and no uncertain mapping was submitted to test whether it would be flagged for manual review.",accept,,,,,
FR-041,4,not_observable,EV-04-SCEN-FR-041-44-01; EV-04-SCEN-FR-041-44-04,"An administrator logged in and submitted an import that immediately created records. No complete requirement obligation was established: the record does not show that the submitted values were messy, that fixes were suggested, or that staff could correct or confirm values before loading.",Suggestion of fixes for messy data and a staff correction or confirmation step before loading remain untested.,accept,,,,,
FR-042,4,not_observable,EV-04-SCEN-FR-042-45-01,"The import created family and child records, but the evidence does not identify them as active or historical or show a staged migration. No required migration stage or ordering is established.",Migration of active records before historical records remains untested.,accept,,,,,
FR-043,4,not_observable,EV-04-SCEN-FR-043-46-01,"No complete obligation was established. The search request returned an empty list, so it does not show that archived records can be found.",The evidence does not establish that any archived record existed or was searchable.,accept,,,,,
FR-044,4,not_observable,EV-04-SCEN-FR-044-47-01,"None of the required behaviour was established. The recorded response is an empty JSON list, not a printable view or summary.",No printable view or summary was requested or observed.,accept,,,,,
FR-045,4,not_observable,EV-04-SCEN-FR-045-48-01; EV-04-SCEN-FR-045-48-04,"None of the required obligations was observed. The recorded login and family-creation requests succeeded, but their responses show neither built-in help tips nor an error message.","Help tips were not inspected, and no error condition was exercised to assess whether its message was clear.",accept,,,,,
FR-046,4,not_observable,EV-04-SCEN-FR-046-49-01,"A family was created through a single POST request, but no step-by-step wizard was observed. No required wizard obligation is established as met or violated.",Neither a new-family enrollment wizard nor an invoice-setup wizard was exercised.,accept,,,,,
FR-047,4,not_observable,EV-04-SCEN-FR-047-50-01; EV-04-SCEN-FR-047-50-04,"None of the required contextual-hint behavior was observed. The login returned a JSON acknowledgement, and the children endpoint returned an empty list; neither response showed fields or hints near them.","No field-bearing interface was captured, so hints for required information or unusual cases remain untested.",accept,,,,,
FR-048,4,not_observable,EV-04-SCEN-FR-048-51-01,No required branch was established. The recorded request creates a family and returns its details after submission; it does not show users reviewing information before submitting a complex task.,"No complex task or pre-submission review was exercised, so the required capability remains unknown.",accept,,,,,
FR-049,4,not_observable,EV-04-SCEN-FR-049-52-01; EV-04-SCEN-FR-049-52-04,"No required edit or reversal was observed. An administrator logged in and created an invoice, but invoice creation does not demonstrate correction of a mistake without manual administrator intervention.","No attempt to edit or reverse an existing record, or outcome of such an attempt, was recorded.",accept,,,,,
FR-050,4,not_observable,EV-04-SCEN-FR-050-53-01; EV-04-SCEN-FR-050-53-04,"The recorded admin login succeeded, but this is only a contextual fact. No required pilot-support behaviour was observed.",The evidence does not show the system supporting use by a small pilot group before broader rollout.,accept,,,,,
FR-051,4,not_observable,EV-04-SCEN-FR-051-54-01; EV-04-SCEN-FR-051-54-04,"The recorded requests show successful administrator login, but none exercises or demonstrates phased rollout. No required rollout behaviour is established positively or negatively.","There is no recorded rollout configuration, staged activation, or other observation showing whether the system supports a phased rollout rather than a big switch-over.",accept,,,,,
FR-052,4,not_observable,EV-04-SCEN-FR-052-55-01,The recorded administrator login is only a contextual fact. It establishes neither hands-on training for the pilot group nor refresher sessions or job aids for the rest of the staff; no required obligation was observed.,Both training support for the pilot group and refresher-session or job-aid support for the rest of the staff remain untested.,accept,,,,,
FR-053,4,not_observable,EV-04-SCEN-FR-053-56-01,No observation was recorded for the scenarios of this requirement.,"The existing GET / only opens a generic page or health endpoint; no scenario-specific setup or target interaction was defined. Missing observation: The system routes the request through the designated support channel and displays confirmation that the issue was received during business hours with a response path or reference number. The target action was not executed; this is an observation limitation, not a software failure.",accept,,,,,
FR-054,4,not_observable,EV-04-SCEN-FR-054-57-01,No observation was recorded for the scenarios of this requirement.,"The existing GET / only opens a generic page or health endpoint; no scenario-specific setup or target interaction was defined. Missing observation: The system can revert to the prior stable state or alternate operating mode, core services remain available or are restored promptly, and the disruption does not continue for an extended period. The target action was not executed; this is an observation limitation, not a software failure.",accept,,,,,
FR-055,4,observed_partial,EV-04-SCEN-FR-055-58-01,"The import response reports creation of one family record and one child profile, establishing support for those two import categories.","Classroom assignments, immunization information, and billing balances were not imported. Import of historical attendance or enrollment data, if available, was not tested.",accept,,,,,
FR-056,4,not_observable,EV-04-SCEN-FR-056-59-01; EV-04-SCEN-FR-056-59-04,The recorded login and family creation are contextual setup. No required notice-generation or email-sending behaviour was observed.,"No parent notice was generated or sent, and email integration was not exercised.",accept,,,,,
FR-057,4,not_observable,EV-04-SCEN-FR-057-60-01,No required sharing behaviour was observed. The invoices endpoint returned an empty list; it did not show invoice or payment information being shared with an accounting system.,Sharing of invoice and payment information with accounting systems remains untested.,accept,,,,,
FR-058,4,not_observable,EV-04-SCEN-FR-058-61-07; EV-04-SCEN-FR-058-61-01,"The invoice was created unpaid, and a subsequent explicit POST /pay request recorded a payment. This shows payment recording on request, but no complete obligation of automatic recording when processor integration is available was established.",The evidence does not establish whether payment processor integration was available or whether a processor payment would be recorded automatically.,accept,,,,,
FR-059,4,not_observable,EV-04-SCEN-FR-059-62-04; EV-04-SCEN-FR-059-62-01,"An admin login and a subsequent invoice request succeeded, but neither demonstrates multiple users operating simultaneously. No required part of the simultaneous-use requirement was established.","Concurrent use by multiple users, and whether the system remains responsive during it, were not tested.",accept,,,,,
FR-060,4,not_observable,EV-04-SCEN-FR-060-63-01,"None of the required behaviour was established. The recorded invoice creation shows a completed response, but does not show an operation taking longer to complete or any progress display.",Progress during a longer-running operation remains untested.,accept,,,,,
FR-061,4,not_observable,EV-04-SCEN-FR-061-64-01,One family record was added successfully. No complete obligation was established because the evidence does not show adding users or adding records as the center grows without significant slowdown.,"User additions and record additions under growth were not tested, and no comparative performance was recorded.",accept,,,,,
FR-062,4,not_observable,EV-04-SCEN-FR-062-65-01,"No required reporting behaviour was established. The recorded request returned an empty invoice list, not a report.","No report was generated or evaluated as the database grew, so continued reporting support under growth remains untested.",accept,,,,,
FR-063,4,not_observable,EV-04-SCEN-FR-063-66-01,No observation was recorded for the scenarios of this requirement.,"The existing GET / only opens a generic page or health endpoint; no scenario-specific setup or target interaction was defined. Missing observation: The system supports the addition of a new site record and allows data to be associated with that site without disrupting existing single-site operations. The target action was not executed; this is an observation limitation, not a software failure.",accept,,,,,
FR-064,4,not_observable,EV-04-SCEN-FR-064-67-01,"No required obligation was established as met or violated. The search returned an empty list, so it does not show whether an older record remained accessible.",No older record was identified or retrieved; its retention and accessibility for compliance or reference remain untested.,accept,,,,,
FR-065,4,not_observable,EV-04-SCEN-FR-065-68-06; EV-04-SCEN-FR-065-68-01,"None of the required behavior was established. The system marked a newly created child record as archived after an explicit archive request, but the evidence does not show that the record was older or no longer actively used.",Archiving of a record after it becomes older and inactive was not exercised.,accept,,,,,
FR-066,4,not_observable,EV-04-SCEN-FR-066-69-01,"None of the required behavior was established. The archived-record query returned an empty list, so it does not show that an archived record remains searchable.","No archived record was shown to exist, and no default day-to-day screen was observed to determine whether archived records are excluded.",accept,,,,,
FR-067,4,not_observable,EV-04-SCEN-FR-067-70-01; EV-04-SCEN-FR-067-70-04,"None of the required browser-interface or usability properties was established. The recorded login and children requests returned JSON responses, but those responses do not show whether a browser-based staff interface exists or how it works.","No browser interface was observed or assessed for straightforwardness, consistency, or ease of use by non-technical staff.",accept,,,,,
FR-068,4,not_observable,EV-04-SCEN-FR-068-71-01,"No required obligation was established. The recorded request returned an empty JSON list, not an observation of readable use on a tablet.",Tablet presentation and readability were not observed.,accept,,,,,
FR-069,4,not_observable,EV-04-SCEN-FR-069-72-01,"None of the required accessibility behaviours was observed. The recorded request returned an empty JSON array, which does not demonstrate keyboard navigation or screen-reader-friendly design.",Both keyboard navigation and screen-reader-friendly design remain untested.,accept,,,,,
FR-070,4,not_observable,EV-04-SCEN-FR-070-73-01,No observation was recorded for the scenarios of this requirement.,"The existing GET / only opens a generic page or health endpoint; no scenario-specific setup or target interaction was defined. Missing observation: The interface text increases in size while remaining readable and usable, and key screens still display properly without breaking important controls. The target action was not executed; this is an observation limitation, not a software failure.",accept,,,,,
FR-071,4,not_observable,EV-04-SCEN-FR-071-74-01,No observation was recorded for the scenarios of this requirement.,"The existing GET / only opens a generic page or health endpoint; no scenario-specific setup or target interaction was defined. Missing observation: The task is reachable through clear labels and a short navigation path, with minimal clicks and no ambiguity about where to go next. The target action was not executed; this is an observation limitation, not a software failure.",accept,,,,,
FR-072,4,not_observable,EV-04-SCEN-FR-072-75-01; EV-04-SCEN-FR-072-75-04,"Both recorded requests show a successful administrator login and a returned role, but neither shows what information the user can see. No required role-based access or information restriction is established.",Access to job-relevant and job-irrelevant information was not tested for any role.,accept,,,,,
FR-073,4,not_observable,EV-04-SCEN-FR-073-76-04; EV-04-SCEN-FR-073-76-01,The administrator logged in and received an empty children list. Neither a function-based access limit nor a classroom- or site-based limit was exercised; no required obligation was established.,"No access comparison or configured restriction shows whether access can be limited by function or, where needed, by classroom or site.",accept,,,,,
FR-074,4,not_observable,EV-04-SCEN-FR-074-77-01; EV-04-SCEN-FR-074-77-04,None of the required comparative restriction was established. An administrator logged in and received an empty children list; no sensitive health information or general contact information was shown.,No access policy or comparison of restrictions on health information versus contact information was observed.,accept,,,,,
FR-075,4,not_observable,EV-04-SCEN-FR-075-78-01; EV-04-SCEN-FR-075-78-04,None of the required temporary-permission behavior was observed. The recorded requests show only a successful administrator login.,"No staff coverage arrangement, temporary permission, or use of such a permission was tested.",accept,,,,,
FR-076,4,observed_partial,EV-04-SCEN-FR-076-79-04; EV-04-SCEN-FR-076-79-01,"The admin login succeeded, and the audit response contains a login entry identifying admin and the time. This establishes login logging.","No important record was viewed or edited in the captured evidence, so logging of those actions, their actors, and their times remains untested.",accept,,,,,
FR-077,4,observed_unsatisfied,EV-04-SCEN-FR-077-80-04; EV-04-SCEN-FR-077-80-01,"The administrator account accepted the easily guessed credential pair admin/admin, violating the requirement for a strong staff login. The two requests do not establish that different staff members shared the account.",Individual logins for every staff member and prevention of shared accounts were not tested.,accept,,,,,
FR-078,4,not_observable,EV-04-SCEN-FR-078-81-01; EV-04-SCEN-FR-078-81-04,The recorded requests establish only that the admin account could log in with its existing password. No required password-complexity or expiration behavior was exercised.,The evidence does not show whether complexity requirements are supported or whether password expiration is applied only for real security reasons.,accept,,,,,
FR-079,4,not_observable,EV-04-SCEN-FR-079-82-01; EV-04-SCEN-FR-079-82-04,"None of the required MFA capabilities is established or refuted. The recorded administrator password logins returned a session cookie, but they do not show whether MFA is available or whether the session permits access without a second factor.","No MFA setup, challenge, or completed second-factor authentication was observed for administrators or people handling billing or health records, including during remote access.",accept,,,,,
FR-080,4,not_observable,EV-04-SCEN-FR-080-83-04; EV-04-SCEN-FR-080-83-01,"Login succeeded and a session cookie was issued, but no automatic session-timeout behaviour was observed. No required obligation was established positively or negatively.",The evidence does not show a session expiring automatically or a request made after expiration.,accept,,,,,
FR-081,4,observed_unsatisfied,EV-04-SCEN-FR-081-84-04; EV-04-SCEN-FR-081-84-01,"The recorded login requests sent passwords over HTTP, an unencrypted transport. This violates the requirement to encrypt data in transit. No required obligation is positively established.",Encryption of data at rest was not observed.,accept,,,,,
FR-082,4,not_observable,EV-04-SCEN-FR-082-85-01; EV-04-SCEN-FR-082-85-04,"None of the alerting behavior was exercised. Both recorded login requests succeeded, so neither establishes suspicious activity or an alert.","Repeated failed logins, access from unusual locations, and alerts in response to either remain untested.",accept,,,,,
FR-083,4,not_observable,EV-04-SCEN-FR-083-86-01; EV-04-SCEN-FR-083-86-04,"None of the required behaviour was established. The recorded responses show an administrator login, but not temporary or off-hours access under controlled conditions.","No temporary access, off-hours access, or applicable access controls were exercised or observed.",accept,,,,,
FR-084,4,not_observable,EV-04-SCEN-FR-084-87-01,"The invoices request returned an empty list. No invoice or enrollment status was displayed, so none of the required status-indication behavior was established.","No populated invoice or enrollment response was observed to assess whether pending, submitted, or paid statuses are clearly indicated where applicable.",accept,,,,,
FR-085,4,observed_satisfied,EV-04-SCEN-FR-085-88-01; EV-04-SCEN-FR-085-88-04,"After an administrator logged in, a nonexistent URL returned a 404 message advising the user to check the spelling and try again. This is a simple next-step message when something goes wrong.",,accept,,,,,
FR-086,4,not_observable,EV-04-SCEN-FR-086-89-01; EV-04-SCEN-FR-086-89-04,"The administrator logged in and searched for families, but the search returned an empty list. No lookup of child or billing details was observed.",The evidence does not establish whether an authorized staff member can quickly retrieve child or billing details from an existing record.,accept,,,,,
FR-087,4,not_observable,EV-04-SCEN-FR-087-90-01,"No check-in or check-out obligation was exercised. The recorded action created a child record, which is only preparation for a possible routine.",Neither a check-in nor a check-out attempt or outcome was recorded.,accept,,,,,
FR-088,4,not_observable,EV-04-SCEN-FR-088-91-01; EV-04-SCEN-FR-088-91-04,"None of the required payment or invoice states was observed. An administrator logged in, but the invoices request returned an empty list, so it did not show whether any payment or invoice was open, partly paid, or fully settled.","Viewing each of the three states remains untested; the recorded account was identified as an administrator, not as staff.",accept,,,,,
BR-001,4,not_observable,EV-04-SCEN-BR-001-92-04; EV-04-SCEN-BR-001-92-01,"An administrator logged in and received an empty child list. No complete obligation was established: the response shows no access to a child record, and no evidence compares administrator access with another role.","Access to existing family and child records, and whether administrators have the broadest access to them, remain untested.",accept,,,,,
BR-002,4,not_observable,EV-04-SCEN-BR-002-93-01; EV-04-SCEN-BR-002-93-04,"None of the required behavior was exercised. The recorded login succeeded, and the children list was empty; no edits occurred.","Concurrent edits, conflict handling, and whether either change would be silently overwritten remain untested.",accept,,,,,
BR-003,4,not_observable,EV-04-SCEN-BR-003-94-01; EV-04-SCEN-BR-003-94-06,None of the deletion restriction is established. The recorded operation archived an existing child record; it did not attempt deletion.,"No deletion attempt, deletion policy, or comparison of allowed and disallowed deletion cases was observed.",accept,,,,,
BR-004,4,not_observable,EV-04-SCEN-BR-004-95-07; EV-04-SCEN-BR-004-95-01,"An unpaid invoice was created, and one payment of its 100.0 amount was recorded. No duplicate charge was attempted or observed, so no instance of double-charge prevention or violation was established.",The system's behavior on a repeated payment or other potential double charge remains untested.,accept,,,,,
BR-005,4,observed_satisfied,EV-04-SCEN-BR-005-96-04; EV-04-SCEN-BR-005-96-01,"An administrator logged in, then retrieved a visible audit entry identifying the login action, user, and time. The entry lets staff understand what happened in the recorded activity without guessing.",Only a login event was observed; other activity and longer-term retention were not tested.,accept,,,,,
BR-006,4,not_observable,EV-04-SCEN-BR-006-97-01; EV-04-SCEN-BR-006-97-04,"None of the required prohibition is established or violated. The recorded requests show the same administrator account logging in twice, but do not show whether multiple staff members use that account.",Staff account ownership and use by distinct staff members were not observed.,accept,,,,,
BR-007,4,observed_partial,EV-04-SCEN-BR-007-98-06; EV-04-SCEN-BR-007-98-01,"The created child was successfully changed from archived=false to archived=true, establishing an archival option for child records.",The evidence does not show whether data deletion is very limited or whether inactive or archived states are preferred for historical records. It also does not establish that the child had departed.,accept,,,,,
BR-008,4,not_observable,EV-04-SCEN-BR-008-99-01,"None of the required preservation behaviour was established. The archived-family query returned an empty list, with no family or child history available to assess.","No family or child record was shown before and after archival, so preservation for reporting and billing reference remains untested.",accept,,,,,
BR-009,4,not_observable,EV-04-SCEN-BR-009-100-01; EV-04-SCEN-BR-009-100-02,"None of the required remote- or off-hours-access controls was established. The recorded administrator login succeeded through localhost, and the service log shows the server listening on all addresses; neither observation demonstrates how remote or off-hours access is controlled.","No remote-access or off-hours condition, applicable control policy, or access decision under either condition was observed.",accept,,,,,
BR-010,4,not_observable,EV-04-SCEN-BR-010-101-04; EV-04-SCEN-BR-010-101-01,"None of the requirement is established. An administrator logged in and created an invoice that was marked submitted, but the record does not show an invoice-processing action or demonstrate that processing is limited to authorized staff.","Whether authorized staff can process invoices, and whether unauthorized actors are blocked, remains untested.",accept,,,,,
DI-001,4,not_observable,EV-04-SCEN-DI-001-102-01,None of the required email-integration behaviour was observed. The recorded response shows only that a family record was created.,Email delivery for parent notices and reminders was not exercised or observed.,accept,,,,,
DI-002,4,not_observable,EV-04-SCEN-DI-002-103-01,"The invoices endpoint returned an empty list. No invoice or payment information was exchanged with accounting software, so no required integration capability was established or refuted.",Integration of both invoice and payment information remains untested.,accept,,,,,
DI-003,4,not_observable,EV-04-SCEN-DI-003-104-01,No observation was recorded for the scenarios of this requirement.,"The existing GET / only opens a generic page or health endpoint; no scenario-specific setup or target interaction was defined. Missing observation: The event appears in the connected calendar with the correct date, time, and title, and future updates are reflected through the integration. The target action was not executed; this is an observation limitation, not a software failure.",accept,,,,,
DI-004,4,not_observable,EV-04-SCEN-DI-004-105-01,No observation was recorded for the scenarios of this requirement.,"The existing GET / only opens a generic page or health endpoint; no scenario-specific setup or target interaction was defined. Missing observation: The recipient receives the message by SMS, and the system shows the message status as sent or queued for delivery. The target action was not executed; this is an observation limitation, not a software failure.",accept,,,,,
DI-005,4,not_observable,EV-04-SCEN-DI-005-106-01,No observation was recorded for the scenarios of this requirement.,"The existing GET / only opens a generic page or health endpoint; no scenario-specific setup or target interaction was defined. Missing observation: The system accepts the connection, stores the payment processor configuration, and shows that online payments are available for future billing workflows. The target action was not executed; this is an observation limitation, not a software failure.",accept,,,,,
QR-001,4,not_observable,EV-04-SCEN-QR-001-107-01,"The invoice request succeeded, but the record does not show a slow or temporarily unreliable connection. None of the required stability or ease-of-use behaviour under those conditions was established.","No slow-connection or interruption test, recovery behaviour, or usability observation was recorded.",accept,,,,,
QR-002,4,observed_partial,EV-04-SCEN-QR-002-108-01; EV-04-SCEN-QR-002-108-02; EV-04-SCEN-QR-002-108-04,"The invoice-list request completed successfully. The service log records its completion in the same second as the preceding login, supporting a quick load for that task.","The invoice list was empty, and loading speed for other common tasks was not observed.",accept,,,,,
QR-003,4,not_observable,EV-04-SCEN-QR-003-109-01,"No required busy-period responsiveness branch was established. A single invoices request returned HTTP 200, but the record does not show that it occurred during a busy period or under concurrent load.","Responsiveness during morning drop-off, late afternoon pickup, and billing periods remains untested; no response duration was recorded.",accept,,,,,
QR-004,4,not_observable,EV-04-SCEN-QR-004-110-04; EV-04-SCEN-QR-004-110-05; EV-04-SCEN-QR-004-110-01,"None of the required session behaviour was established. The recorded login, family creation and invoice submission occurred in one continuous sequence.","No session interruption or return to work was recorded, so support for use in interrupted sessions remains unknown.",accept,,,,,
QR-005,4,not_observable,EV-04-SCEN-QR-005-111-01; EV-04-SCEN-QR-005-111-04,"None of the required interface-quality behaviour is established. The recorded login and empty children response show that the endpoints responded, but not whether staff with varying technical skill levels can use the interface straightforwardly.",No staff-facing interaction or usability observation assesses how straightforward the interface is.,accept,,,,,
QR-006,4,not_observable,EV-04-SCEN-QR-006-112-01; EV-04-SCEN-QR-006-112-04; EV-04-SCEN-QR-006-112-05,"None of the required click-efficiency behaviour was established. The recorded login, family creation, and child creation were API requests, not observed user clicks.","No task was observed through a clickable interface, so the number of clicks required to complete it is unknown.",accept,,,,,
QR-007,4,not_observable,EV-04-SCEN-QR-007-113-01,"The import completed and returned a result, but the record does not establish that it was a longer operation or show progress during it. No required behaviour was established as met or violated.",Progress visibility during a longer operation remains untested.,accept,,,,,
QR-008,4,not_observable,EV-04-SCEN-QR-008-114-01,The recorded request returned an empty invoice list. No reporting operation or performance as the database grows was observed; no required obligation was established.,"Reporting execution, database growth, and report runtime remain untested.",accept,,,,,
QR-009,4,not_observable,EV-04-SCEN-QR-009-115-01,"None of the required growth capability was established. The families endpoint returned an empty list, which does not show how the system handles increasing numbers of classrooms, families, staff, or records.","No increased data volume or resulting capacity, performance, or usability was observed.",accept,,,,,
QR-010,4,not_observable,EV-04-SCEN-QR-010-116-01,"None of the required accessibility features was observed. The recorded response is an empty JSON array, which provides no evidence of visual contrast or keyboard support.",Good contrast and keyboard support remain untested.,accept,,,,,
QR-011,4,not_observable,EV-04-SCEN-QR-011-117-01; EV-04-SCEN-QR-011-117-03,"None of the required behaviour was exercised. The invoice request succeeded under ordinary conditions, and the probe recorded no connection-failure diagnostics.",No temporarily unreliable connection or system behaviour during or after one was observed.,accept,,,,,
QR-012,4,not_observable,EV-04-SCEN-QR-012-118-01,"No part of the performance requirement was established. The invoices request succeeded but returned an empty list, so it does not show performance with years of historical data.",No historical-data workload or comparable response-time measurements were recorded.,accept,,,,,
EX-001,4,not_observable,EV-04-SCEN-EX-001-119-01,"The invoice creation response shows a submitted invoice with draft=false, but no task interruption was observed. None of the requirement's conditional behaviour was established.","It remains unknown whether staff can determine, after an interruption, whether the task was saved as a draft or completed successfully.",accept,,,,,
EX-002,4,not_observable,EV-04-SCEN-EX-002-120-01,"The recorded request created an invoice. No interrupted critical task or subsequent resume or cancellation was observed, so no required branch was established.",Whether staff can safely resume or cancel an interrupted critical task remains untested.,accept,,,,,
EX-003,4,not_observable,EV-04-SCEN-EX-003-121-04; EV-04-SCEN-EX-003-121-01,None of the required behavior was exercised. The recorded administrator login and empty children list do not show a staff member opening a record that another user is editing.,"No concurrent-editing condition, warning, or read-only or wait path was observed.",accept,,,,,
EX-004,4,not_observable,EV-04-SCEN-EX-004-122-01; EV-04-SCEN-EX-004-122-04,The recorded login and empty children listing establish no part of the conflict-handling requirement. No conflicting changes were attempted or observed.,Whether conflicting changes require review instead of silently overwriting data remains untested.,accept,,,,,
EX-005,4,not_observable,EV-04-SCEN-EX-005-123-01,"No required branch was established. The recorded import created records with no warnings, but the evidence does not establish that any submitted value was uncertain or messy.",Flagging uncertain or messy values for manual review before loading remains untested.,accept,,,,,
EX-006,4,not_observable,EV-04-SCEN-EX-006-124-01,No observation was recorded for the scenarios of this requirement.,"The existing GET / only opens a generic page or health endpoint; no scenario-specific setup or target interaction was defined. Missing observation: The rollout halts the failed release, activates fallback handling such as rollback or traffic restoration to the previous stable version, and keeps the application available without a prolonged service disruption. The target action was not executed; this is an observation limitation, not a software failure.",accept,,,,,
FR-001,5,not_observable,EV-05-SCEN-FR-001-04-01; EV-05-SCEN-FR-001-04-02; EV-05-SCEN-FR-001-04-03,No observation was recorded for the scenarios of this requirement.,"POST http://127.0.0.1:8000/families did not execute the target action; the probe exited with code 1.
Service log of the command that started the entry for http://127.0.0.1:8000/families.
Request diagnostics of the probe for http://127.0.0.1:8000/families.",accept,,,,,
FR-002,5,not_observable,EV-05-SCEN-FR-002-05-01; EV-05-SCEN-FR-002-05-02; EV-05-SCEN-FR-002-05-03,No observation was recorded for the scenarios of this requirement.,"POST http://127.0.0.1:8000/invoices did not execute the target action; the probe exited with code 1.
Service log of the command that started the entry for http://127.0.0.1:8000/invoices.
Request diagnostics of the probe for http://127.0.0.1:8000/invoices.",accept,,,,,
FR-003,5,not_observable,EV-05-SCEN-FR-003-06-01; EV-05-SCEN-FR-003-06-02; EV-05-SCEN-FR-003-06-03,No observation was recorded for the scenarios of this requirement.,"POST http://127.0.0.1:8000/children did not execute the target action; the probe exited with code 1.
Service log of the command that started the entry for http://127.0.0.1:8000/children.
Request diagnostics of the probe for http://127.0.0.1:8000/children.",accept,,,,,
FR-004,5,not_observable,EV-05-SCEN-FR-004-07-01; EV-05-SCEN-FR-004-07-02; EV-05-SCEN-FR-004-07-03,No observation was recorded for the scenarios of this requirement.,"POST http://127.0.0.1:8000/children did not execute the target action; the probe exited with code 1.
Service log of the command that started the entry for http://127.0.0.1:8000/children.
Request diagnostics of the probe for http://127.0.0.1:8000/children.",accept,,,,,
FR-005,5,not_observable,EV-05-SCEN-FR-005-08-01; EV-05-SCEN-FR-005-08-02; EV-05-SCEN-FR-005-08-03,No observation was recorded for the scenarios of this requirement.,"POST http://127.0.0.1:8000/children did not execute the target action; the probe exited with code 1.
Service log of the command that started the entry for http://127.0.0.1:8000/children.
Request diagnostics of the probe for http://127.0.0.1:8000/children.",accept,,,,,
FR-006,5,not_observable,EV-05-SCEN-FR-006-09-01; EV-05-SCEN-FR-006-09-02; EV-05-SCEN-FR-006-09-03,No observation was recorded for the scenarios of this requirement.,"POST http://127.0.0.1:8000/children did not execute the target action; the probe exited with code 1.
Service log of the command that started the entry for http://127.0.0.1:8000/children.
Request diagnostics of the probe for http://127.0.0.1:8000/children.",accept,,,,,
FR-007,5,not_observable,EV-05-SCEN-FR-007-10-01; EV-05-SCEN-FR-007-10-02; EV-05-SCEN-FR-007-10-03,No observation was recorded for the scenarios of this requirement.,"POST http://127.0.0.1:8000/invoices did not execute the target action; the probe exited with code 1.
Service log of the command that started the entry for http://127.0.0.1:8000/invoices.
Request diagnostics of the probe for http://127.0.0.1:8000/invoices.",accept,,,,,
FR-008,5,not_observable,EV-05-SCEN-FR-008-11-01; EV-05-SCEN-FR-008-11-02; EV-05-SCEN-FR-008-11-03,No observation was recorded for the scenarios of this requirement.,"GET http://127.0.0.1:8000/children did not execute the target action; the probe exited with code 1.
Service log of the command that started the entry for http://127.0.0.1:8000/children.
Request diagnostics of the probe for http://127.0.0.1:8000/children.",accept,,,,,
FR-009,5,not_observable,EV-05-SCEN-FR-009-12-01; EV-05-SCEN-FR-009-12-02; EV-05-SCEN-FR-009-12-03,No observation was recorded for the scenarios of this requirement.,"GET http://127.0.0.1:8000/invoices did not execute the target action; the probe exited with code 1.
Service log of the command that started the entry for http://127.0.0.1:8000/invoices.
Request diagnostics of the probe for http://127.0.0.1:8000/invoices.",accept,,,,,
FR-010,5,not_observable,EV-05-SCEN-FR-010-13-01; EV-05-SCEN-FR-010-13-02; EV-05-SCEN-FR-010-13-03,No observation was recorded for the scenarios of this requirement.,"GET http://127.0.0.1:8000/children did not execute the target action; the probe exited with code 1.
Service log of the command that started the entry for http://127.0.0.1:8000/children.
Request diagnostics of the probe for http://127.0.0.1:8000/children.",accept,,,,,
FR-011,5,not_observable,EV-05-SCEN-FR-011-14-01; EV-05-SCEN-FR-011-14-02; EV-05-SCEN-FR-011-14-03,No observation was recorded for the scenarios of this requirement.,"POST http://127.0.0.1:8000/children did not execute the target action; the probe exited with code 1.
Service log of the command that started the entry for http://127.0.0.1:8000/children.
Request diagnostics of the probe for http://127.0.0.1:8000/children.",accept,,,,,
FR-012,5,not_observable,EV-05-SCEN-FR-012-15-01; EV-05-SCEN-FR-012-15-02; EV-05-SCEN-FR-012-15-03,No observation was recorded for the scenarios of this requirement.,"POST http://127.0.0.1:8000/families did not execute the target action; the probe exited with code 1.
Service log of the command that started the entry for http://127.0.0.1:8000/families.
Request diagnostics of the probe for http://127.0.0.1:8000/families.",accept,,,,,
FR-013,5,not_observable,EV-05-SCEN-FR-013-16-01; EV-05-SCEN-FR-013-16-02; EV-05-SCEN-FR-013-16-03,No observation was recorded for the scenarios of this requirement.,"POST http://127.0.0.1:8000/families did not execute the target action; the probe exited with code 1.
Service log of the command that started the entry for http://127.0.0.1:8000/families.
Request diagnostics of the probe for http://127.0.0.1:8000/families.",accept,,,,,
FR-014,5,not_observable,EV-05-SCEN-FR-014-17-01; EV-05-SCEN-FR-014-17-02; EV-05-SCEN-FR-014-17-03,No observation was recorded for the scenarios of this requirement.,"POST http://127.0.0.1:8000/families did not execute the target action; the probe exited with code 1.
Service log of the command that started the entry for http://127.0.0.1:8000/families.
Request diagnostics of the probe for http://127.0.0.1:8000/families.",accept,,,,,
FR-015,5,not_observable,EV-05-SCEN-FR-015-18-01; EV-05-SCEN-FR-015-18-02; EV-05-SCEN-FR-015-18-03,No observation was recorded for the scenarios of this requirement.,"POST http://127.0.0.1:8000/invoices did not execute the target action; the probe exited with code 1.
Service log of the command that started the entry for http://127.0.0.1:8000/invoices.
Request diagnostics of the probe for http://127.0.0.1:8000/invoices.",accept,,,,,
FR-016,5,not_observable,EV-05-SCEN-FR-016-19-01; EV-05-SCEN-FR-016-19-02; EV-05-SCEN-FR-016-19-03,No observation was recorded for the scenarios of this requirement.,"GET http://127.0.0.1:8000/invoices did not execute the target action; the probe exited with code 1.
Service log of the command that started the entry for http://127.0.0.1:8000/invoices.
Request diagnostics of the probe for http://127.0.0.1:8000/invoices.",accept,,,,,
FR-017,5,not_observable,EV-05-SCEN-FR-017-20-01,No observation was recorded for the scenarios of this requirement.,"The existing GET / only opens a generic page or health endpoint; no scenario-specific setup or target interaction was defined. Missing observation: Each staff member can access the system quickly from the shared device without special setup, and the second user can log in normally after the first signs out. The target action was not executed; this is an observation limitation, not a software failure.",accept,,,,,
FR-018,5,not_observable,EV-05-SCEN-FR-018-21-01; EV-05-SCEN-FR-018-21-02; EV-05-SCEN-FR-018-21-03,No observation was recorded for the scenarios of this requirement.,"GET http://127.0.0.1:8000/families did not execute the target action; the probe exited with code 1.
Service log of the command that started the entry for http://127.0.0.1:8000/families.
Request diagnostics of the probe for http://127.0.0.1:8000/families.",accept,,,,,
FR-019,5,not_observable,EV-05-SCEN-FR-019-22-01; EV-05-SCEN-FR-019-22-02; EV-05-SCEN-FR-019-22-03,No observation was recorded for the scenarios of this requirement.,"GET http://127.0.0.1:8000/families did not execute the target action; the probe exited with code 1.
Service log of the command that started the entry for http://127.0.0.1:8000/families.
Request diagnostics of the probe for http://127.0.0.1:8000/families.",accept,,,,,
FR-020,5,not_observable,EV-05-SCEN-FR-020-23-01; EV-05-SCEN-FR-020-23-02; EV-05-SCEN-FR-020-23-03,No observation was recorded for the scenarios of this requirement.,"POST http://127.0.0.1:8000/invoices did not execute the target action; the probe exited with code 1.
Service log of the command that started the entry for http://127.0.0.1:8000/invoices.
Request diagnostics of the probe for http://127.0.0.1:8000/invoices.",accept,,,,,
FR-021,5,not_observable,EV-05-SCEN-FR-021-24-01; EV-05-SCEN-FR-021-24-02; EV-05-SCEN-FR-021-24-03,No observation was recorded for the scenarios of this requirement.,"GET http://127.0.0.1:8000/invoices did not execute the target action; the probe exited with code 1.
Service log of the command that started the entry for http://127.0.0.1:8000/invoices.
Request diagnostics of the probe for http://127.0.0.1:8000/invoices.",accept,,,,,
FR-022,5,not_observable,EV-05-SCEN-FR-022-25-01; EV-05-SCEN-FR-022-25-02; EV-05-SCEN-FR-022-25-03,No observation was recorded for the scenarios of this requirement.,"POST http://127.0.0.1:8000/invoices did not execute the target action; the probe exited with code 1.
Service log of the command that started the entry for http://127.0.0.1:8000/invoices.
Request diagnostics of the probe for http://127.0.0.1:8000/invoices.",accept,,,,,
FR-023,5,not_observable,EV-05-SCEN-FR-023-26-01; EV-05-SCEN-FR-023-26-02; EV-05-SCEN-FR-023-26-03,No observation was recorded for the scenarios of this requirement.,"GET http://127.0.0.1:8000/invoices did not execute the target action; the probe exited with code 1.
Service log of the command that started the entry for http://127.0.0.1:8000/invoices.
Request diagnostics of the probe for http://127.0.0.1:8000/invoices.",accept,,,,,
FR-024,5,not_observable,EV-05-SCEN-FR-024-27-01; EV-05-SCEN-FR-024-27-02; EV-05-SCEN-FR-024-27-03,No observation was recorded for the scenarios of this requirement.,"GET http://127.0.0.1:8000/children did not execute the target action; the probe exited with code 1.
Service log of the command that started the entry for http://127.0.0.1:8000/children.
Request diagnostics of the probe for http://127.0.0.1:8000/children.",accept,,,,,
FR-025,5,not_observable,EV-05-SCEN-FR-025-28-01; EV-05-SCEN-FR-025-28-02; EV-05-SCEN-FR-025-28-03,No observation was recorded for the scenarios of this requirement.,"GET http://127.0.0.1:8000/children did not execute the target action; the probe exited with code 1.
Service log of the command that started the entry for http://127.0.0.1:8000/children.
Request diagnostics of the probe for http://127.0.0.1:8000/children.",accept,,,,,
FR-026,5,not_observable,EV-05-SCEN-FR-026-29-01; EV-05-SCEN-FR-026-29-02; EV-05-SCEN-FR-026-29-03,No observation was recorded for the scenarios of this requirement.,"GET http://127.0.0.1:8000/children did not execute the target action; the probe exited with code 1.
Service log of the command that started the entry for http://127.0.0.1:8000/children.
Request diagnostics of the probe for http://127.0.0.1:8000/children.",accept,,,,,
FR-027,5,not_observable,EV-05-SCEN-FR-027-30-01; EV-05-SCEN-FR-027-30-02; EV-05-SCEN-FR-027-30-03,No observation was recorded for the scenarios of this requirement.,"GET http://127.0.0.1:8000/invoices did not execute the target action; the probe exited with code 1.
Service log of the command that started the entry for http://127.0.0.1:8000/invoices.
Request diagnostics of the probe for http://127.0.0.1:8000/invoices.",accept,,,,,
FR-028,5,not_observable,EV-05-SCEN-FR-028-31-01; EV-05-SCEN-FR-028-31-02; EV-05-SCEN-FR-028-31-03,No observation was recorded for the scenarios of this requirement.,"GET http://127.0.0.1:8000/children did not execute the target action; the probe exited with code 1.
Service log of the command that started the entry for http://127.0.0.1:8000/children.
Request diagnostics of the probe for http://127.0.0.1:8000/children.",accept,,,,,
FR-029,5,not_observable,EV-05-SCEN-FR-029-32-01; EV-05-SCEN-FR-029-32-02; EV-05-SCEN-FR-029-32-03,No observation was recorded for the scenarios of this requirement.,"GET http://127.0.0.1:8000/invoices did not execute the target action; the probe exited with code 1.
Service log of the command that started the entry for http://127.0.0.1:8000/invoices.
Request diagnostics of the probe for http://127.0.0.1:8000/invoices.",accept,,,,,
FR-030,5,not_observable,EV-05-SCEN-FR-030-33-01; EV-05-SCEN-FR-030-33-02; EV-05-SCEN-FR-030-33-03,No observation was recorded for the scenarios of this requirement.,"GET http://127.0.0.1:8000/invoices did not execute the target action; the probe exited with code 1.
Service log of the command that started the entry for http://127.0.0.1:8000/invoices.
Request diagnostics of the probe for http://127.0.0.1:8000/invoices.",accept,,,,,
FR-031,5,not_observable,EV-05-SCEN-FR-031-34-01; EV-05-SCEN-FR-031-34-02; EV-05-SCEN-FR-031-34-03,No observation was recorded for the scenarios of this requirement.,"GET http://127.0.0.1:8000/invoices did not execute the target action; the probe exited with code 1.
Service log of the command that started the entry for http://127.0.0.1:8000/invoices.
Request diagnostics of the probe for http://127.0.0.1:8000/invoices.",accept,,,,,
FR-032,5,not_observable,EV-05-SCEN-FR-032-35-01; EV-05-SCEN-FR-032-35-02; EV-05-SCEN-FR-032-35-03,No observation was recorded for the scenarios of this requirement.,"POST http://127.0.0.1:8000/families did not execute the target action; the probe exited with code 1.
Service log of the command that started the entry for http://127.0.0.1:8000/families.
Request diagnostics of the probe for http://127.0.0.1:8000/families.",accept,,,,,
FR-033,5,not_observable,EV-05-SCEN-FR-033-36-01; EV-05-SCEN-FR-033-36-02; EV-05-SCEN-FR-033-36-03,No observation was recorded for the scenarios of this requirement.,"POST http://127.0.0.1:8000/families did not execute the target action; the probe exited with code 1.
Service log of the command that started the entry for http://127.0.0.1:8000/families.
Request diagnostics of the probe for http://127.0.0.1:8000/families.",accept,,,,,
FR-034,5,not_observable,EV-05-SCEN-FR-034-37-01; EV-05-SCEN-FR-034-37-02; EV-05-SCEN-FR-034-37-03,No observation was recorded for the scenarios of this requirement.,"POST http://127.0.0.1:8000/children did not execute the target action; the probe exited with code 1.
Service log of the command that started the entry for http://127.0.0.1:8000/children.
Request diagnostics of the probe for http://127.0.0.1:8000/children.",accept,,,,,
FR-035,5,not_observable,EV-05-SCEN-FR-035-38-01; EV-05-SCEN-FR-035-38-02; EV-05-SCEN-FR-035-38-03,No observation was recorded for the scenarios of this requirement.,"POST http://127.0.0.1:8000/children did not execute the target action; the probe exited with code 1.
Service log of the command that started the entry for http://127.0.0.1:8000/children.
Request diagnostics of the probe for http://127.0.0.1:8000/children.",accept,,,,,
FR-036,5,not_observable,EV-05-SCEN-FR-036-39-01; EV-05-SCEN-FR-036-39-02; EV-05-SCEN-FR-036-39-03,No observation was recorded for the scenarios of this requirement.,"GET http://127.0.0.1:8000/families did not execute the target action; the probe exited with code 1.
Service log of the command that started the entry for http://127.0.0.1:8000/families.
Request diagnostics of the probe for http://127.0.0.1:8000/families.",accept,,,,,
FR-037,5,not_observable,EV-05-SCEN-FR-037-40-01; EV-05-SCEN-FR-037-40-02; EV-05-SCEN-FR-037-40-03,No observation was recorded for the scenarios of this requirement.,"GET http://127.0.0.1:8000/children did not execute the target action; the probe exited with code 1.
Service log of the command that started the entry for http://127.0.0.1:8000/children.
Request diagnostics of the probe for http://127.0.0.1:8000/children.",accept,,,,,
FR-038,5,not_observable,EV-05-SCEN-FR-038-41-01; EV-05-SCEN-FR-038-41-02; EV-05-SCEN-FR-038-41-03,No observation was recorded for the scenarios of this requirement.,"POST http://127.0.0.1:8000/children did not execute the target action; the probe exited with code 1.
Service log of the command that started the entry for http://127.0.0.1:8000/children.
Request diagnostics of the probe for http://127.0.0.1:8000/children.",accept,,,,,
FR-039,5,not_observable,EV-05-SCEN-FR-039-42-01; EV-05-SCEN-FR-039-42-02; EV-05-SCEN-FR-039-42-03,No observation was recorded for the scenarios of this requirement.,"POST http://127.0.0.1:8000/children did not execute the target action; the probe exited with code 1.
Service log of the command that started the entry for http://127.0.0.1:8000/children.
Request diagnostics of the probe for http://127.0.0.1:8000/children.",accept,,,,,
FR-040,5,not_observable,EV-05-SCEN-FR-040-43-01; EV-05-SCEN-FR-040-43-02; EV-05-SCEN-FR-040-43-03,No observation was recorded for the scenarios of this requirement.,"POST http://127.0.0.1:8000/children did not execute the target action; the probe exited with code 1.
Service log of the command that started the entry for http://127.0.0.1:8000/children.
Request diagnostics of the probe for http://127.0.0.1:8000/children.",accept,,,,,
FR-041,5,not_observable,EV-05-SCEN-FR-041-44-01; EV-05-SCEN-FR-041-44-02; EV-05-SCEN-FR-041-44-03,No observation was recorded for the scenarios of this requirement.,"POST http://127.0.0.1:8000/children did not execute the target action; the probe exited with code 1.
Service log of the command that started the entry for http://127.0.0.1:8000/children.
Request diagnostics of the probe for http://127.0.0.1:8000/children.",accept,,,,,
FR-042,5,not_observable,EV-05-SCEN-FR-042-45-01; EV-05-SCEN-FR-042-45-02; EV-05-SCEN-FR-042-45-03,No observation was recorded for the scenarios of this requirement.,"POST http://127.0.0.1:8000/children did not execute the target action; the probe exited with code 1.
Service log of the command that started the entry for http://127.0.0.1:8000/children.
Request diagnostics of the probe for http://127.0.0.1:8000/children.",accept,,,,,
FR-043,5,not_observable,EV-05-SCEN-FR-043-46-01; EV-05-SCEN-FR-043-46-02; EV-05-SCEN-FR-043-46-03,No observation was recorded for the scenarios of this requirement.,"GET http://127.0.0.1:8000/children did not execute the target action; the probe exited with code 1.
Service log of the command that started the entry for http://127.0.0.1:8000/children.
Request diagnostics of the probe for http://127.0.0.1:8000/children.",accept,,,,,
FR-044,5,not_observable,EV-05-SCEN-FR-044-47-01; EV-05-SCEN-FR-044-47-02; EV-05-SCEN-FR-044-47-03,No observation was recorded for the scenarios of this requirement.,"GET http://127.0.0.1:8000/children did not execute the target action; the probe exited with code 1.
Service log of the command that started the entry for http://127.0.0.1:8000/children.
Request diagnostics of the probe for http://127.0.0.1:8000/children.",accept,,,,,
FR-045,5,not_observable,EV-05-SCEN-FR-045-48-01; EV-05-SCEN-FR-045-48-02; EV-05-SCEN-FR-045-48-03,No observation was recorded for the scenarios of this requirement.,"POST http://127.0.0.1:8000/families did not execute the target action; the probe exited with code 1.
Service log of the command that started the entry for http://127.0.0.1:8000/families.
Request diagnostics of the probe for http://127.0.0.1:8000/families.",accept,,,,,
FR-046,5,not_observable,EV-05-SCEN-FR-046-49-01; EV-05-SCEN-FR-046-49-02; EV-05-SCEN-FR-046-49-03,No observation was recorded for the scenarios of this requirement.,"POST http://127.0.0.1:8000/families did not execute the target action; the probe exited with code 1.
Service log of the command that started the entry for http://127.0.0.1:8000/families.
Request diagnostics of the probe for http://127.0.0.1:8000/families.",accept,,,,,
FR-047,5,not_observable,EV-05-SCEN-FR-047-50-01; EV-05-SCEN-FR-047-50-02; EV-05-SCEN-FR-047-50-03,No observation was recorded for the scenarios of this requirement.,"GET http://127.0.0.1:8000/children did not execute the target action; the probe exited with code 1.
Service log of the command that started the entry for http://127.0.0.1:8000/children.
Request diagnostics of the probe for http://127.0.0.1:8000/children.",accept,,,,,
FR-048,5,not_observable,EV-05-SCEN-FR-048-51-01; EV-05-SCEN-FR-048-51-02; EV-05-SCEN-FR-048-51-03,No observation was recorded for the scenarios of this requirement.,"POST http://127.0.0.1:8000/families did not execute the target action; the probe exited with code 1.
Service log of the command that started the entry for http://127.0.0.1:8000/families.
Request diagnostics of the probe for http://127.0.0.1:8000/families.",accept,,,,,
FR-049,5,not_observable,EV-05-SCEN-FR-049-52-01; EV-05-SCEN-FR-049-52-02; EV-05-SCEN-FR-049-52-03,No observation was recorded for the scenarios of this requirement.,"POST http://127.0.0.1:8000/invoices did not execute the target action; the probe exited with code 1.
Service log of the command that started the entry for http://127.0.0.1:8000/invoices.
Request diagnostics of the probe for http://127.0.0.1:8000/invoices.",accept,,,,,
FR-050,5,not_observable,EV-05-SCEN-FR-050-53-01,No observation was recorded for the scenarios of this requirement.,"The existing GET / only opens a generic page or health endpoint; no scenario-specific setup or target interaction was defined. Missing observation: Only the pilot group can access the pilot release, the pilot users can complete their assigned workflows, and non-pilot users do not see the pilot release as available for general use. The target action was not executed; this is an observation limitation, not a software failure.",accept,,,,,
FR-051,5,not_observable,EV-05-SCEN-FR-051-54-01,No observation was recorded for the scenarios of this requirement.,"The existing GET / only opens a generic page or health endpoint; no scenario-specific setup or target interaction was defined. Missing observation: The system supports staged activation by group or site, the first group begins using the new functionality, and the remaining groups continue unaffected until their scheduled rollout. The target action was not executed; this is an observation limitation, not a software failure.",accept,,,,,
FR-052,5,not_observable,EV-05-SCEN-FR-052-55-01,No observation was recorded for the scenarios of this requirement.,"The existing GET / only opens a generic page or health endpoint; no scenario-specific setup or target interaction was defined. Missing observation: The pilot group can practice common tasks in a guided training context, and the other staff can retrieve refresher resources or job aids that explain how to complete key tasks in the system. The target action was not executed; this is an observation limitation, not a software failure.",accept,,,,,
FR-053,5,not_observable,EV-05-SCEN-FR-053-56-01,No observation was recorded for the scenarios of this requirement.,"The existing GET / only opens a generic page or health endpoint; no scenario-specific setup or target interaction was defined. Missing observation: The system routes the request through the designated support channel and displays confirmation that the issue was received during business hours with a response path or reference number. The target action was not executed; this is an observation limitation, not a software failure.",accept,,,,,
FR-054,5,not_observable,EV-05-SCEN-FR-054-57-01,No observation was recorded for the scenarios of this requirement.,"The existing GET / only opens a generic page or health endpoint; no scenario-specific setup or target interaction was defined. Missing observation: The system can revert to the prior stable state or alternate operating mode, core services remain available or are restored promptly, and the disruption does not continue for an extended period. The target action was not executed; this is an observation limitation, not a software failure.",accept,,,,,
FR-055,5,not_observable,EV-05-SCEN-FR-055-58-01; EV-05-SCEN-FR-055-58-02; EV-05-SCEN-FR-055-58-03,No observation was recorded for the scenarios of this requirement.,"POST http://127.0.0.1:8000/children did not execute the target action; the probe exited with code 1.
Service log of the command that started the entry for http://127.0.0.1:8000/children.
Request diagnostics of the probe for http://127.0.0.1:8000/children.",accept,,,,,
FR-056,5,not_observable,EV-05-SCEN-FR-056-59-01; EV-05-SCEN-FR-056-59-02; EV-05-SCEN-FR-056-59-03,No observation was recorded for the scenarios of this requirement.,"POST http://127.0.0.1:8000/families did not execute the target action; the probe exited with code 1.
Service log of the command that started the entry for http://127.0.0.1:8000/families.
Request diagnostics of the probe for http://127.0.0.1:8000/families.",accept,,,,,
FR-057,5,not_observable,EV-05-SCEN-FR-057-60-01; EV-05-SCEN-FR-057-60-02; EV-05-SCEN-FR-057-60-03,No observation was recorded for the scenarios of this requirement.,"GET http://127.0.0.1:8000/invoices did not execute the target action; the probe exited with code 1.
Service log of the command that started the entry for http://127.0.0.1:8000/invoices.
Request diagnostics of the probe for http://127.0.0.1:8000/invoices.",accept,,,,,
FR-058,5,not_observable,EV-05-SCEN-FR-058-61-01; EV-05-SCEN-FR-058-61-02; EV-05-SCEN-FR-058-61-03,No observation was recorded for the scenarios of this requirement.,"POST http://127.0.0.1:8000/invoices/1/pay did not execute the target action; the probe exited with code 1.
Service log of the command that started the entry for http://127.0.0.1:8000/invoices/1/pay.
Request diagnostics of the probe for http://127.0.0.1:8000/invoices/1/pay.",accept,,,,,
FR-059,5,not_observable,EV-05-SCEN-FR-059-62-01; EV-05-SCEN-FR-059-62-02; EV-05-SCEN-FR-059-62-03,No observation was recorded for the scenarios of this requirement.,"GET http://127.0.0.1:8000/invoices did not execute the target action; the probe exited with code 1.
Service log of the command that started the entry for http://127.0.0.1:8000/invoices.
Request diagnostics of the probe for http://127.0.0.1:8000/invoices.",accept,,,,,
FR-060,5,not_observable,EV-05-SCEN-FR-060-63-01; EV-05-SCEN-FR-060-63-02; EV-05-SCEN-FR-060-63-03,No observation was recorded for the scenarios of this requirement.,"POST http://127.0.0.1:8000/invoices did not execute the target action; the probe exited with code 1.
Service log of the command that started the entry for http://127.0.0.1:8000/invoices.
Request diagnostics of the probe for http://127.0.0.1:8000/invoices.",accept,,,,,
FR-061,5,not_observable,EV-05-SCEN-FR-061-64-01; EV-05-SCEN-FR-061-64-02; EV-05-SCEN-FR-061-64-03,No observation was recorded for the scenarios of this requirement.,"POST http://127.0.0.1:8000/families did not execute the target action; the probe exited with code 1.
Service log of the command that started the entry for http://127.0.0.1:8000/families.
Request diagnostics of the probe for http://127.0.0.1:8000/families.",accept,,,,,
FR-062,5,not_observable,EV-05-SCEN-FR-062-65-01; EV-05-SCEN-FR-062-65-02; EV-05-SCEN-FR-062-65-03,No observation was recorded for the scenarios of this requirement.,"GET http://127.0.0.1:8000/invoices did not execute the target action; the probe exited with code 1.
Service log of the command that started the entry for http://127.0.0.1:8000/invoices.
Request diagnostics of the probe for http://127.0.0.1:8000/invoices.",accept,,,,,
FR-063,5,not_observable,EV-05-SCEN-FR-063-66-01,No observation was recorded for the scenarios of this requirement.,"The existing GET / only opens a generic page or health endpoint; no scenario-specific setup or target interaction was defined. Missing observation: The system supports the addition of a new site record and allows data to be associated with that site without disrupting existing single-site operations. The target action was not executed; this is an observation limitation, not a software failure.",accept,,,,,
FR-064,5,not_observable,EV-05-SCEN-FR-064-67-01; EV-05-SCEN-FR-064-67-02; EV-05-SCEN-FR-064-67-03,No observation was recorded for the scenarios of this requirement.,"GET http://127.0.0.1:8000/children did not execute the target action; the probe exited with code 1.
Service log of the command that started the entry for http://127.0.0.1:8000/children.
Request diagnostics of the probe for http://127.0.0.1:8000/children.",accept,,,,,
FR-065,5,not_observable,EV-05-SCEN-FR-065-68-01; EV-05-SCEN-FR-065-68-02; EV-05-SCEN-FR-065-68-03,No observation was recorded for the scenarios of this requirement.,"POST http://127.0.0.1:8000/children did not execute the target action; the probe exited with code 1.
Service log of the command that started the entry for http://127.0.0.1:8000/children.
Request diagnostics of the probe for http://127.0.0.1:8000/children.",accept,,,,,
FR-066,5,not_observable,EV-05-SCEN-FR-066-69-01; EV-05-SCEN-FR-066-69-02; EV-05-SCEN-FR-066-69-03,No observation was recorded for the scenarios of this requirement.,"GET http://127.0.0.1:8000/families did not execute the target action; the probe exited with code 1.
Service log of the command that started the entry for http://127.0.0.1:8000/families.
Request diagnostics of the probe for http://127.0.0.1:8000/families.",accept,,,,,
FR-067,5,not_observable,EV-05-SCEN-FR-067-70-01; EV-05-SCEN-FR-067-70-02; EV-05-SCEN-FR-067-70-03,No observation was recorded for the scenarios of this requirement.,"GET http://127.0.0.1:8000/children did not execute the target action; the probe exited with code 1.
Service log of the command that started the entry for http://127.0.0.1:8000/children.
Request diagnostics of the probe for http://127.0.0.1:8000/children.",accept,,,,,
FR-068,5,not_observable,EV-05-SCEN-FR-068-71-01; EV-05-SCEN-FR-068-71-02; EV-05-SCEN-FR-068-71-03,No observation was recorded for the scenarios of this requirement.,"GET http://127.0.0.1:8000/families did not execute the target action; the probe exited with code 1.
Service log of the command that started the entry for http://127.0.0.1:8000/families.
Request diagnostics of the probe for http://127.0.0.1:8000/families.",accept,,,,,
FR-069,5,not_observable,EV-05-SCEN-FR-069-72-01; EV-05-SCEN-FR-069-72-02; EV-05-SCEN-FR-069-72-03,No observation was recorded for the scenarios of this requirement.,"GET http://127.0.0.1:8000/children did not execute the target action; the probe exited with code 1.
Service log of the command that started the entry for http://127.0.0.1:8000/children.
Request diagnostics of the probe for http://127.0.0.1:8000/children.",accept,,,,,
FR-070,5,not_observable,EV-05-SCEN-FR-070-73-01,No observation was recorded for the scenarios of this requirement.,"The existing GET / only opens a generic page or health endpoint; no scenario-specific setup or target interaction was defined. Missing observation: The interface text increases in size while remaining readable and usable, and key screens still display properly without breaking important controls. The target action was not executed; this is an observation limitation, not a software failure.",accept,,,,,
FR-071,5,not_observable,EV-05-SCEN-FR-071-74-01,No observation was recorded for the scenarios of this requirement.,"The existing GET / only opens a generic page or health endpoint; no scenario-specific setup or target interaction was defined. Missing observation: The task is reachable through clear labels and a short navigation path, with minimal clicks and no ambiguity about where to go next. The target action was not executed; this is an observation limitation, not a software failure.",accept,,,,,
FR-072,5,not_observable,EV-05-SCEN-FR-072-75-01,No observation was recorded for the scenarios of this requirement.,"The existing GET / only opens a generic page or health endpoint; no scenario-specific setup or target interaction was defined. Missing observation: Each user sees only the information and functions relevant to their job role, and restricted data or actions are hidden or blocked appropriately. The target action was not executed; this is an observation limitation, not a software failure.",accept,,,,,
FR-073,5,not_observable,EV-05-SCEN-FR-073-76-01; EV-05-SCEN-FR-073-76-02; EV-05-SCEN-FR-073-76-03,No observation was recorded for the scenarios of this requirement.,"GET http://127.0.0.1:8000/children did not execute the target action; the probe exited with code 1.
Service log of the command that started the entry for http://127.0.0.1:8000/children.
Request diagnostics of the probe for http://127.0.0.1:8000/children.",accept,,,,,
FR-074,5,not_observable,EV-05-SCEN-FR-074-77-01; EV-05-SCEN-FR-074-77-02; EV-05-SCEN-FR-074-77-03,No observation was recorded for the scenarios of this requirement.,"GET http://127.0.0.1:8000/children did not execute the target action; the probe exited with code 1.
Service log of the command that started the entry for http://127.0.0.1:8000/children.
Request diagnostics of the probe for http://127.0.0.1:8000/children.",accept,,,,,
FR-075,5,not_observable,EV-05-SCEN-FR-075-78-01,No observation was recorded for the scenarios of this requirement.,"The existing GET / only opens a generic page or health endpoint; no scenario-specific setup or target interaction was defined. Missing observation: The staff member can perform only the temporary covered duties for the specified period, and access expires automatically when the coverage ends. The target action was not executed; this is an observation limitation, not a software failure.",accept,,,,,
FR-076,5,not_observable,EV-05-SCEN-FR-076-79-01; EV-05-SCEN-FR-076-79-02; EV-05-SCEN-FR-076-79-03,No observation was recorded for the scenarios of this requirement.,"GET http://127.0.0.1:8000/invoices did not execute the target action; the probe exited with code 1.
Service log of the command that started the entry for http://127.0.0.1:8000/invoices.
Request diagnostics of the probe for http://127.0.0.1:8000/invoices.",accept,,,,,
FR-077,5,not_observable,EV-05-SCEN-FR-077-80-01,No observation was recorded for the scenarios of this requirement.,"The existing GET / only opens a generic page or health endpoint; no scenario-specific setup or target interaction was defined. Missing observation: The system prevents shared accounts from being used as a valid staff login and requires each staff member to sign in with their own individual credentials. The target action was not executed; this is an observation limitation, not a software failure.",accept,,,,,
FR-078,5,not_observable,EV-05-SCEN-FR-078-81-01,No observation was recorded for the scenarios of this requirement.,"The existing GET / only opens a generic page or health endpoint; no scenario-specific setup or target interaction was defined. Missing observation: The system rejects passwords that do not meet the configured complexity rules and prompts the staff member to change an expired password before access is granted. The target action was not executed; this is an observation limitation, not a software failure.",accept,,,,,
FR-079,5,not_observable,EV-05-SCEN-FR-079-82-01,No observation was recorded for the scenarios of this requirement.,"The existing GET / only opens a generic page or health endpoint; no scenario-specific setup or target interaction was defined. Missing observation: After the password is accepted, the system requires a second authentication factor before granting access to administrative, billing, or health record functions. The target action was not executed; this is an observation limitation, not a software failure.",accept,,,,,
FR-080,5,not_observable,EV-05-SCEN-FR-080-83-01,No observation was recorded for the scenarios of this requirement.,"The existing GET / only opens a generic page or health endpoint; no scenario-specific setup or target interaction was defined. Missing observation: The system automatically ends the session, returns to the sign-in screen, and requires the staff member to authenticate again. The target action was not executed; this is an observation limitation, not a software failure.",accept,,,,,
FR-081,5,not_observable,EV-05-SCEN-FR-081-84-01,No observation was recorded for the scenarios of this requirement.,"The existing GET / only opens a generic page or health endpoint; no scenario-specific setup or target interaction was defined. Missing observation: Data is transmitted using encrypted transport and remains encrypted in storage, with no plain-text exposure to the user during normal access. The target action was not executed; this is an observation limitation, not a software failure.",accept,,,,,
FR-082,5,not_observable,EV-05-SCEN-FR-082-85-01,No observation was recorded for the scenarios of this requirement.,"The existing GET / only opens a generic page or health endpoint; no scenario-specific setup or target interaction was defined. Missing observation: The system flags the activity as suspicious, triggers an alert to the appropriate administrators, and may require additional verification or temporary lockout. The target action was not executed; this is an observation limitation, not a software failure.",accept,,,,,
FR-083,5,not_observable,EV-05-SCEN-FR-083-86-01,No observation was recorded for the scenarios of this requirement.,"The existing GET / only opens a generic page or health endpoint; no scenario-specific setup or target interaction was defined. Missing observation: The system allows access only within the approved time window and scope, and it denies access outside the approved conditions. The target action was not executed; this is an observation limitation, not a software failure.",accept,,,,,
FR-084,5,not_observable,EV-05-SCEN-FR-084-87-01; EV-05-SCEN-FR-084-87-02; EV-05-SCEN-FR-084-87-03,No observation was recorded for the scenarios of this requirement.,"GET http://127.0.0.1:8000/invoices did not execute the target action; the probe exited with code 1.
Service log of the command that started the entry for http://127.0.0.1:8000/invoices.
Request diagnostics of the probe for http://127.0.0.1:8000/invoices.",accept,,,,,
FR-085,5,not_observable,EV-05-SCEN-FR-085-88-01; EV-05-SCEN-FR-085-88-02; EV-05-SCEN-FR-085-88-03,No observation was recorded for the scenarios of this requirement.,"GET http://127.0.0.1:8000/nonexistent-path did not execute the target action; the probe exited with code 1.
Service log of the command that started the entry for http://127.0.0.1:8000/nonexistent-path.
Request diagnostics of the probe for http://127.0.0.1:8000/nonexistent-path.",accept,,,,,
FR-086,5,not_observable,EV-05-SCEN-FR-086-89-01; EV-05-SCEN-FR-086-89-02; EV-05-SCEN-FR-086-89-03,No observation was recorded for the scenarios of this requirement.,"GET http://127.0.0.1:8000/children did not execute the target action; the probe exited with code 1.
Service log of the command that started the entry for http://127.0.0.1:8000/children.
Request diagnostics of the probe for http://127.0.0.1:8000/children.",accept,,,,,
FR-087,5,not_observable,EV-05-SCEN-FR-087-90-01; EV-05-SCEN-FR-087-90-02; EV-05-SCEN-FR-087-90-03,No observation was recorded for the scenarios of this requirement.,"POST http://127.0.0.1:8000/children did not execute the target action; the probe exited with code 1.
Service log of the command that started the entry for http://127.0.0.1:8000/children.
Request diagnostics of the probe for http://127.0.0.1:8000/children.",accept,,,,,
FR-088,5,not_observable,EV-05-SCEN-FR-088-91-01; EV-05-SCEN-FR-088-91-02; EV-05-SCEN-FR-088-91-03,No observation was recorded for the scenarios of this requirement.,"GET http://127.0.0.1:8000/invoices did not execute the target action; the probe exited with code 1.
Service log of the command that started the entry for http://127.0.0.1:8000/invoices.
Request diagnostics of the probe for http://127.0.0.1:8000/invoices.",accept,,,,,
BR-001,5,not_observable,EV-05-SCEN-BR-001-92-01; EV-05-SCEN-BR-001-92-02; EV-05-SCEN-BR-001-92-03,No observation was recorded for the scenarios of this requirement.,"GET http://127.0.0.1:8000/children did not execute the target action; the probe exited with code 1.
Service log of the command that started the entry for http://127.0.0.1:8000/children.
Request diagnostics of the probe for http://127.0.0.1:8000/children.",accept,,,,,
BR-002,5,not_observable,EV-05-SCEN-BR-002-93-01; EV-05-SCEN-BR-002-93-02; EV-05-SCEN-BR-002-93-03,No observation was recorded for the scenarios of this requirement.,"GET http://127.0.0.1:8000/children did not execute the target action; the probe exited with code 1.
Service log of the command that started the entry for http://127.0.0.1:8000/children.
Request diagnostics of the probe for http://127.0.0.1:8000/children.",accept,,,,,
BR-003,5,not_observable,EV-05-SCEN-BR-003-94-01; EV-05-SCEN-BR-003-94-02; EV-05-SCEN-BR-003-94-03,No observation was recorded for the scenarios of this requirement.,"POST http://127.0.0.1:8000/children did not execute the target action; the probe exited with code 1.
Service log of the command that started the entry for http://127.0.0.1:8000/children.
Request diagnostics of the probe for http://127.0.0.1:8000/children.",accept,,,,,
BR-004,5,not_observable,EV-05-SCEN-BR-004-95-01; EV-05-SCEN-BR-004-95-02; EV-05-SCEN-BR-004-95-03,No observation was recorded for the scenarios of this requirement.,"POST http://127.0.0.1:8000/invoices/1/pay did not execute the target action; the probe exited with code 1.
Service log of the command that started the entry for http://127.0.0.1:8000/invoices/1/pay.
Request diagnostics of the probe for http://127.0.0.1:8000/invoices/1/pay.",accept,,,,,
BR-005,5,not_observable,EV-05-SCEN-BR-005-96-01; EV-05-SCEN-BR-005-96-02; EV-05-SCEN-BR-005-96-03,No observation was recorded for the scenarios of this requirement.,"GET http://127.0.0.1:8000/invoices did not execute the target action; the probe exited with code 1.
Service log of the command that started the entry for http://127.0.0.1:8000/invoices.
Request diagnostics of the probe for http://127.0.0.1:8000/invoices.",accept,,,,,
BR-006,5,not_observable,EV-05-SCEN-BR-006-97-01,No observation was recorded for the scenarios of this requirement.,"The existing GET / only opens a generic page or health endpoint; no scenario-specific setup or target interaction was defined. Missing observation: The system does not permit a shared staff account model and requires individual staff identities, with access tied to a unique named account rather than a common shared login. The target action was not executed; this is an observation limitation, not a software failure.",accept,,,,,
BR-007,5,not_observable,EV-05-SCEN-BR-007-98-01; EV-05-SCEN-BR-007-98-02; EV-05-SCEN-BR-007-98-03,No observation was recorded for the scenarios of this requirement.,"POST http://127.0.0.1:8000/children did not execute the target action; the probe exited with code 1.
Service log of the command that started the entry for http://127.0.0.1:8000/children.
Request diagnostics of the probe for http://127.0.0.1:8000/children.",accept,,,,,
BR-008,5,not_observable,EV-05-SCEN-BR-008-99-01; EV-05-SCEN-BR-008-99-02; EV-05-SCEN-BR-008-99-03,No observation was recorded for the scenarios of this requirement.,"GET http://127.0.0.1:8000/families did not execute the target action; the probe exited with code 1.
Service log of the command that started the entry for http://127.0.0.1:8000/families.
Request diagnostics of the probe for http://127.0.0.1:8000/families.",accept,,,,,
BR-009,5,not_observable,EV-05-SCEN-BR-009-100-01,No observation was recorded for the scenarios of this requirement.,"The existing GET / only opens a generic page or health endpoint; no scenario-specific setup or target interaction was defined. Missing observation: The system applies enhanced control for the remote or off-hours session, such as requiring additional verification, restricting access, or logging the access for review. The target action was not executed; this is an observation limitation, not a software failure.",accept,,,,,
BR-010,5,not_observable,EV-05-SCEN-BR-010-101-01; EV-05-SCEN-BR-010-101-02; EV-05-SCEN-BR-010-101-03,No observation was recorded for the scenarios of this requirement.,"POST http://127.0.0.1:8000/invoices did not execute the target action; the probe exited with code 1.
Service log of the command that started the entry for http://127.0.0.1:8000/invoices.
Request diagnostics of the probe for http://127.0.0.1:8000/invoices.",accept,,,,,
DI-001,5,not_observable,EV-05-SCEN-DI-001-102-01; EV-05-SCEN-DI-001-102-02; EV-05-SCEN-DI-001-102-03,No observation was recorded for the scenarios of this requirement.,"POST http://127.0.0.1:8000/families did not execute the target action; the probe exited with code 1.
Service log of the command that started the entry for http://127.0.0.1:8000/families.
Request diagnostics of the probe for http://127.0.0.1:8000/families.",accept,,,,,
DI-002,5,not_observable,EV-05-SCEN-DI-002-103-01; EV-05-SCEN-DI-002-103-02; EV-05-SCEN-DI-002-103-03,No observation was recorded for the scenarios of this requirement.,"GET http://127.0.0.1:8000/invoices did not execute the target action; the probe exited with code 1.
Service log of the command that started the entry for http://127.0.0.1:8000/invoices.
Request diagnostics of the probe for http://127.0.0.1:8000/invoices.",accept,,,,,
DI-003,5,not_observable,EV-05-SCEN-DI-003-104-01,No observation was recorded for the scenarios of this requirement.,"The existing GET / only opens a generic page or health endpoint; no scenario-specific setup or target interaction was defined. Missing observation: The event appears in the connected calendar with the correct date, time, and title, and future updates are reflected through the integration. The target action was not executed; this is an observation limitation, not a software failure.",accept,,,,,
DI-004,5,not_observable,EV-05-SCEN-DI-004-105-01,No observation was recorded for the scenarios of this requirement.,"The existing GET / only opens a generic page or health endpoint; no scenario-specific setup or target interaction was defined. Missing observation: The recipient receives the message by SMS, and the system shows the message status as sent or queued for delivery. The target action was not executed; this is an observation limitation, not a software failure.",accept,,,,,
DI-005,5,not_observable,EV-05-SCEN-DI-005-106-01,No observation was recorded for the scenarios of this requirement.,"The existing GET / only opens a generic page or health endpoint; no scenario-specific setup or target interaction was defined. Missing observation: The system accepts the connection, stores the payment processor configuration, and shows that online payments are available for future billing workflows. The target action was not executed; this is an observation limitation, not a software failure.",accept,,,,,
QR-001,5,not_observable,EV-05-SCEN-QR-001-107-01; EV-05-SCEN-QR-001-107-02; EV-05-SCEN-QR-001-107-03,No observation was recorded for the scenarios of this requirement.,"POST http://127.0.0.1:8000/invoices did not execute the target action; the probe exited with code 1.
Service log of the command that started the entry for http://127.0.0.1:8000/invoices.
Request diagnostics of the probe for http://127.0.0.1:8000/invoices.",accept,,,,,
QR-002,5,not_observable,EV-05-SCEN-QR-002-108-01; EV-05-SCEN-QR-002-108-02; EV-05-SCEN-QR-002-108-03,No observation was recorded for the scenarios of this requirement.,"GET http://127.0.0.1:8000/invoices did not execute the target action; the probe exited with code 1.
Service log of the command that started the entry for http://127.0.0.1:8000/invoices.
Request diagnostics of the probe for http://127.0.0.1:8000/invoices.",accept,,,,,
QR-003,5,not_observable,EV-05-SCEN-QR-003-109-01; EV-05-SCEN-QR-003-109-02; EV-05-SCEN-QR-003-109-03,No observation was recorded for the scenarios of this requirement.,"GET http://127.0.0.1:8000/invoices did not execute the target action; the probe exited with code 1.
Service log of the command that started the entry for http://127.0.0.1:8000/invoices.
Request diagnostics of the probe for http://127.0.0.1:8000/invoices.",accept,,,,,
QR-004,5,not_observable,EV-05-SCEN-QR-004-110-01; EV-05-SCEN-QR-004-110-02; EV-05-SCEN-QR-004-110-03,No observation was recorded for the scenarios of this requirement.,"POST http://127.0.0.1:8000/invoices did not execute the target action; the probe exited with code 1.
Service log of the command that started the entry for http://127.0.0.1:8000/invoices.
Request diagnostics of the probe for http://127.0.0.1:8000/invoices.",accept,,,,,
QR-005,5,not_observable,EV-05-SCEN-QR-005-111-01; EV-05-SCEN-QR-005-111-02; EV-05-SCEN-QR-005-111-03,No observation was recorded for the scenarios of this requirement.,"GET http://127.0.0.1:8000/children did not execute the target action; the probe exited with code 1.
Service log of the command that started the entry for http://127.0.0.1:8000/children.
Request diagnostics of the probe for http://127.0.0.1:8000/children.",accept,,,,,
QR-006,5,not_observable,EV-05-SCEN-QR-006-112-01; EV-05-SCEN-QR-006-112-02; EV-05-SCEN-QR-006-112-03,No observation was recorded for the scenarios of this requirement.,"POST http://127.0.0.1:8000/children did not execute the target action; the probe exited with code 1.
Service log of the command that started the entry for http://127.0.0.1:8000/children.
Request diagnostics of the probe for http://127.0.0.1:8000/children.",accept,,,,,
QR-007,5,not_observable,EV-05-SCEN-QR-007-113-01; EV-05-SCEN-QR-007-113-02; EV-05-SCEN-QR-007-113-03,No observation was recorded for the scenarios of this requirement.,"POST http://127.0.0.1:8000/children did not execute the target action; the probe exited with code 1.
Service log of the command that started the entry for http://127.0.0.1:8000/children.
Request diagnostics of the probe for http://127.0.0.1:8000/children.",accept,,,,,
QR-008,5,not_observable,EV-05-SCEN-QR-008-114-01; EV-05-SCEN-QR-008-114-02; EV-05-SCEN-QR-008-114-03,No observation was recorded for the scenarios of this requirement.,"GET http://127.0.0.1:8000/invoices did not execute the target action; the probe exited with code 1.
Service log of the command that started the entry for http://127.0.0.1:8000/invoices.
Request diagnostics of the probe for http://127.0.0.1:8000/invoices.",accept,,,,,
QR-009,5,not_observable,EV-05-SCEN-QR-009-115-01; EV-05-SCEN-QR-009-115-02; EV-05-SCEN-QR-009-115-03,No observation was recorded for the scenarios of this requirement.,"GET http://127.0.0.1:8000/families did not execute the target action; the probe exited with code 1.
Service log of the command that started the entry for http://127.0.0.1:8000/families.
Request diagnostics of the probe for http://127.0.0.1:8000/families.",accept,,,,,
QR-010,5,not_observable,EV-05-SCEN-QR-010-116-01; EV-05-SCEN-QR-010-116-02; EV-05-SCEN-QR-010-116-03,No observation was recorded for the scenarios of this requirement.,"GET http://127.0.0.1:8000/children did not execute the target action; the probe exited with code 1.
Service log of the command that started the entry for http://127.0.0.1:8000/children.
Request diagnostics of the probe for http://127.0.0.1:8000/children.",accept,,,,,
QR-011,5,not_observable,EV-05-SCEN-QR-011-117-01; EV-05-SCEN-QR-011-117-02; EV-05-SCEN-QR-011-117-03,No observation was recorded for the scenarios of this requirement.,"POST http://127.0.0.1:8000/invoices did not execute the target action; the probe exited with code 1.
Service log of the command that started the entry for http://127.0.0.1:8000/invoices.
Request diagnostics of the probe for http://127.0.0.1:8000/invoices.",accept,,,,,
QR-012,5,not_observable,EV-05-SCEN-QR-012-118-01; EV-05-SCEN-QR-012-118-02; EV-05-SCEN-QR-012-118-03,No observation was recorded for the scenarios of this requirement.,"GET http://127.0.0.1:8000/invoices did not execute the target action; the probe exited with code 1.
Service log of the command that started the entry for http://127.0.0.1:8000/invoices.
Request diagnostics of the probe for http://127.0.0.1:8000/invoices.",accept,,,,,
EX-001,5,not_observable,EV-05-SCEN-EX-001-119-01; EV-05-SCEN-EX-001-119-02; EV-05-SCEN-EX-001-119-03,No observation was recorded for the scenarios of this requirement.,"POST http://127.0.0.1:8000/invoices did not execute the target action; the probe exited with code 1.
Service log of the command that started the entry for http://127.0.0.1:8000/invoices.
Request diagnostics of the probe for http://127.0.0.1:8000/invoices.",accept,,,,,
EX-002,5,not_observable,EV-05-SCEN-EX-002-120-01; EV-05-SCEN-EX-002-120-02; EV-05-SCEN-EX-002-120-03,No observation was recorded for the scenarios of this requirement.,"POST http://127.0.0.1:8000/invoices did not execute the target action; the probe exited with code 1.
Service log of the command that started the entry for http://127.0.0.1:8000/invoices.
Request diagnostics of the probe for http://127.0.0.1:8000/invoices.",accept,,,,,
EX-003,5,not_observable,EV-05-SCEN-EX-003-121-01; EV-05-SCEN-EX-003-121-02; EV-05-SCEN-EX-003-121-03,No observation was recorded for the scenarios of this requirement.,"GET http://127.0.0.1:8000/children did not execute the target action; the probe exited with code 1.
Service log of the command that started the entry for http://127.0.0.1:8000/children.
Request diagnostics of the probe for http://127.0.0.1:8000/children.",accept,,,,,
EX-004,5,not_observable,EV-05-SCEN-EX-004-122-01; EV-05-SCEN-EX-004-122-02; EV-05-SCEN-EX-004-122-03,No observation was recorded for the scenarios of this requirement.,"GET http://127.0.0.1:8000/children did not execute the target action; the probe exited with code 1.
Service log of the command that started the entry for http://127.0.0.1:8000/children.
Request diagnostics of the probe for http://127.0.0.1:8000/children.",accept,,,,,
EX-005,5,not_observable,EV-05-SCEN-EX-005-123-01; EV-05-SCEN-EX-005-123-02; EV-05-SCEN-EX-005-123-03,No observation was recorded for the scenarios of this requirement.,"POST http://127.0.0.1:8000/children did not execute the target action; the probe exited with code 1.
Service log of the command that started the entry for http://127.0.0.1:8000/children.
Request diagnostics of the probe for http://127.0.0.1:8000/children.",accept,,,,,
EX-006,5,not_observable,EV-05-SCEN-EX-006-124-01,No observation was recorded for the scenarios of this requirement.,"The existing GET / only opens a generic page or health endpoint; no scenario-specific setup or target interaction was defined. Missing observation: The rollout halts the failed release, activates fallback handling such as rollback or traffic restoration to the previous stable version, and keeps the application available without a prolonged service disruption. The target action was not executed; this is an observation limitation, not a software failure.",accept,,,,,
