case_id,method_id,requirement_id,type,statement,run_1,run_2,run_3,run_4,run_5,observed_runs,repeated,consistent,consistent_status,fully_observed,fully_consistent,fully_satisfied
PURE_002,llmrei-long,FR-001,functional_requirement,The system shall allow staff to create and update products.,not_observable,observed_partial,observed_partial,observed_partial,observed_partial,4,1,1,observed_partial,0,0,0
PURE_002,llmrei-long,FR-002,functional_requirement,The system shall allow staff to create and update customer accounts.,not_observable,observed_partial,observed_partial,observed_partial,observed_partial,4,1,1,observed_partial,0,0,0
PURE_002,llmrei-long,FR-003,functional_requirement,The system shall allow customers to browse available products.,observed_satisfied,observed_satisfied,observed_satisfied,observed_satisfied,observed_satisfied,5,1,1,observed_satisfied,1,1,1
PURE_002,llmrei-long,FR-004,functional_requirement,The system shall allow customers to search products by name.,observed_satisfied,not_observable,observed_satisfied,not_observable,not_observable,2,1,1,observed_satisfied,0,0,0
PURE_002,llmrei-long,FR-005,functional_requirement,The system shall allow customers to filter products by category and price range.,observed_partial,not_observable,observed_satisfied,not_observable,not_observable,2,1,0,,0,0,0
PURE_002,llmrei-long,FR-006,functional_requirement,The system shall allow customers to add products to a shopping cart.,not_observable,observed_satisfied,observed_satisfied,observed_satisfied,observed_satisfied,4,1,1,observed_satisfied,0,0,0
PURE_002,llmrei-long,FR-007,functional_requirement,The system shall allow customers to change quantities in the shopping cart.,not_observable,not_observable,not_observable,not_observable,not_observable,0,0,0,,0,0,0
PURE_002,llmrei-long,FR-008,functional_requirement,The system shall allow customers to remove items from the shopping cart.,not_observable,not_observable,not_observable,not_observable,not_observable,0,0,0,,0,0,0
PURE_002,llmrei-long,FR-009,functional_requirement,The system shall show customers the cart total before checkout.,observed_satisfied,observed_satisfied,observed_satisfied,not_observable,observed_satisfied,4,1,1,observed_satisfied,0,0,0
PURE_002,llmrei-long,FR-010,functional_requirement,"The system shall allow customers to enter order details, confirm the items, and submit the order.",not_observable,not_observable,not_observable,observed_partial,observed_partial,2,1,1,observed_partial,0,0,0
PURE_002,llmrei-long,FR-011,functional_requirement,The system shall generate an immediate order confirmation for customers after an order is placed.,not_observable,not_observable,not_observable,not_observable,not_observable,0,0,0,,0,0,0
PURE_002,llmrei-long,FR-012,functional_requirement,The system shall provide staff visibility that a new order has been placed.,observed_satisfied,not_observable,observed_satisfied,not_observable,not_observable,2,1,1,observed_satisfied,0,0,0
PURE_002,llmrei-long,FR-013,functional_requirement,The system shall allow customers to view their order history.,not_observable,not_observable,observed_satisfied,not_observable,not_observable,1,0,0,,0,0,0
PURE_002,llmrei-long,FR-014,functional_requirement,The system shall provide basic sales reporting for staff so they can see sales activity.,observed_satisfied,observed_satisfied,observed_satisfied,observed_satisfied,observed_satisfied,5,1,1,observed_satisfied,1,1,1
PURE_002,llmrei-long,FR-015,functional_requirement,The system shall allow customers to view and update their own contact details and address.,not_observable,observed_unsatisfied,not_observable,observed_unsatisfied,observed_partial,3,1,0,,0,0,0
PURE_002,llmrei-long,FR-016,functional_requirement,The system shall support a simple checkout process for first-time customers.,not_observable,not_observable,not_observable,observed_satisfied,not_observable,1,0,0,,0,0,0
PURE_002,llmrei-long,FR-017,functional_requirement,"The system shall require the customer's name, contact email, and delivery address before an order can be submitted.",observed_partial,not_observable,not_observable,observed_satisfied,observed_partial,3,1,0,,0,0,0
PURE_002,llmrei-long,FR-018,functional_requirement,The system shall treat the contact number as optional at checkout.,not_observable,not_observable,not_observable,observed_satisfied,not_observable,1,0,0,,0,0,0
PURE_002,llmrei-long,FR-019,functional_requirement,"The system shall display product name, short description, price, and current availability for each product.",observed_satisfied,observed_satisfied,observed_satisfied,observed_satisfied,observed_satisfied,5,1,1,observed_satisfied,1,1,1
PURE_002,llmrei-long,FR-020,functional_requirement,The system shall display a product image when one is available.,not_observable,not_observable,not_observable,not_observable,not_observable,0,0,0,,0,0,0
PURE_002,llmrei-long,FR-021,functional_requirement,The system shall allow customers to get immediate confirmation that their purchase was successful.,not_observable,not_observable,not_observable,not_observable,not_observable,0,0,0,,0,0,0
PURE_002,llmrei-long,BR-001,business_rule_constraint,"The first version shall prioritize order placement, shopping cart, product browsing, and product management.",not_observable,not_observable,not_observable,not_observable,not_observable,0,0,0,,0,0,0
PURE_002,llmrei-long,BR-002,business_rule_constraint,The first release shall stay focused on the core buying and management tasks rather than including too many extras.,not_observable,not_observable,not_observable,not_observable,not_observable,0,0,0,,0,0,0
PURE_002,llmrei-long,BR-003,business_rule_constraint,The system should be simple enough that someone with little e-commerce experience can use it without training.,not_observable,not_observable,not_observable,not_observable,not_observable,0,0,0,,0,0,0
PURE_002,llmrei-long,BR-004,business_rule_constraint,The system should let a new store owner get the shop running without much technical help.,not_observable,not_observable,not_observable,not_observable,not_observable,0,0,0,,0,0,0
PURE_002,llmrei-long,BR-005,business_rule_constraint,The system should be stable and easy to learn.,not_observable,not_observable,not_observable,not_observable,not_observable,0,0,0,,0,0,0
PURE_002,hashimoto,FR-001,functional_requirement,The system shall allow store owners and sales personnel to add and maintain products.,observed_partial,not_observable,not_observable,observed_partial,observed_partial,3,1,1,observed_partial,0,0,0
PURE_002,hashimoto,FR-002,functional_requirement,The system shall allow store owners and sales personnel to manage customer accounts.,observed_partial,observed_partial,not_observable,observed_partial,observed_partial,4,1,1,observed_partial,0,0,0
PURE_002,hashimoto,FR-003,functional_requirement,The system shall allow customers to browse available products.,observed_satisfied,observed_satisfied,not_observable,observed_satisfied,observed_satisfied,4,1,1,observed_satisfied,0,0,0
PURE_002,hashimoto,FR-004,functional_requirement,The system shall allow customers to maintain a shopping cart.,observed_partial,observed_unsatisfied,not_observable,observed_partial,observed_partial,4,1,0,,0,0,0
PURE_002,hashimoto,FR-005,functional_requirement,The system shall allow customers to place orders through the store.,observed_satisfied,observed_unsatisfied,not_observable,observed_satisfied,observed_satisfied,4,1,0,,0,0,0
PURE_002,hashimoto,FR-006,functional_requirement,Store owners and sales personnel shall sign in with their own accounts.,not_observable,not_observable,not_observable,not_observable,not_observable,0,0,0,,0,0,0
PURE_002,hashimoto,FR-007,functional_requirement,Customers shall have separate customer logins if they want to place orders or view their account history.,not_observable,not_observable,not_observable,not_observable,not_observable,0,0,0,,0,0,0
PURE_002,hashimoto,BR-001,business_rule_constraint,Staff shall only be able to create or edit products that are active in the catalog.,not_observable,not_observable,not_observable,observed_partial,not_observable,1,0,0,,0,0,0
PURE_002,hashimoto,BR-002,business_rule_constraint,The store shall not allow selling more than what is in stock unless backorders are later supported.,observed_satisfied,not_observable,not_observable,observed_satisfied,observed_satisfied,3,1,1,observed_satisfied,0,0,0
PURE_002,hashimoto,BR-003,business_rule_constraint,Customer accounts shall be subject to basic validation to avoid duplicate or incomplete records.,observed_satisfied,observed_partial,not_observable,observed_satisfied,observed_satisfied,4,1,0,,0,0,0
PURE_002,hashimoto,BR-004,business_rule_constraint,The system shall prevent checkout if required customer details are missing.,not_observable,not_observable,not_observable,not_observable,not_observable,0,0,0,,0,0,0
PURE_002,hashimoto,BR-005,business_rule_constraint,The system shall prevent checkout if required shipping details are missing.,observed_satisfied,not_observable,not_observable,observed_satisfied,observed_satisfied,3,1,1,observed_satisfied,0,0,0
PURE_002,hashimoto,BR-006,business_rule_constraint,An order shall only be placed when the cart is confirmed and the items are still available.,not_observable,not_observable,not_observable,not_observable,not_observable,0,0,0,,0,0,0
PURE_002,hashimoto,BR-007,business_rule_constraint,"If an order has already been processed, changing it shall be restricted.",not_observable,not_observable,not_observable,not_observable,not_observable,0,0,0,,0,0,0
PURE_002,hashimoto,BR-008,business_rule_constraint,"Store owners shall have full access to manage products, customer accounts, and overall store settings.",not_observable,not_observable,not_observable,not_observable,not_observable,0,0,0,,0,0,0
PURE_002,hashimoto,BR-009,business_rule_constraint,"Sales personnel shall have limited access mainly to products, customers, and order handling, but not to administrative settings.",not_observable,not_observable,not_observable,not_observable,observed_partial,1,0,0,,0,0,0
PURE_002,hashimoto,BR-010,business_rule_constraint,"Customers shall only be able to view and change their own profile, cart, and orders.",not_observable,not_observable,not_observable,observed_unsatisfied,observed_unsatisfied,2,1,1,observed_unsatisfied,0,0,0
PURE_002,hashimoto,BR-011,business_rule_constraint,"For sensitive actions such as deleting records, changing order status, or making major account changes, tighter restrictions shall apply for staff.",not_observable,not_observable,not_observable,not_observable,not_observable,0,0,0,,0,0,0
PURE_002,hashimoto,QR-001,quality_requirement,"The system shall provide a simple interface that allows store owners and sales staff to manage products, customer accounts, and order processing with minimal technical help.",not_observable,not_observable,not_observable,not_observable,not_observable,0,0,0,,0,0,0
PURE_002,hashimoto,BR-012,business_rule_constraint,The system shall support clear pricing at checkout.,observed_satisfied,not_observable,not_observable,observed_satisfied,observed_satisfied,3,1,1,observed_satisfied,0,0,0
PURE_002,hashimoto,BR-013,business_rule_constraint,Prices are expected to be shown before tax unless the customer's region expects tax-inclusive display.,not_observable,not_observable,not_observable,not_observable,not_observable,0,0,0,,0,0,0
PURE_002,hashimoto,BR-014,business_rule_constraint,"Tax should be calculated based on location rather than the product alone, subject to confirmation.",not_observable,not_observable,not_observable,not_observable,not_observable,0,0,0,,0,0,0
PURE_002,hashimoto,BR-015,business_rule_constraint,Rounding shall be handled consistently at checkout so the customer sees the final total clearly.,observed_partial,not_observable,not_observable,observed_partial,observed_partial,3,1,1,observed_partial,0,0,0
PURE_002,hashimoto,FR-008,functional_requirement,The system shall support card payments as the standard checkout payment option.,observed_partial,not_observable,not_observable,observed_partial,observed_partial,3,1,1,observed_partial,0,0,0
PURE_002,hashimoto,FR-009,functional_requirement,The system shall support PayPal if it is practical to include.,not_observable,not_observable,not_observable,observed_partial,not_observable,1,0,0,,0,0,0
PURE_002,hashimoto,BR-016,business_rule_constraint,The store should keep payment options simple at launch rather than support everything at once.,not_observable,not_observable,not_observable,observed_satisfied,observed_satisfied,2,1,1,observed_satisfied,0,0,0
PURE_002,hashimoto,BR-017,business_rule_constraint,"The system shall require the core shipping address fields: name, street address, city, postal code, country, and a contact phone or email.",observed_partial,not_observable,not_observable,observed_partial,observed_partial,3,1,1,observed_partial,0,0,0
PURE_002,hashimoto,BR-018,business_rule_constraint,The system shall validate shipping address format as much as possible based on the selected country or region.,not_observable,not_observable,not_observable,not_observable,not_observable,0,0,0,,0,0,0
PURE_002,hashimoto,BR-019,business_rule_constraint,The system shall be forgiving enough to accept international addresses rather than forcing one rigid format.,observed_partial,not_observable,not_observable,observed_partial,observed_partial,3,1,1,observed_partial,0,0,0
PURE_002,hashimoto,BR-020,business_rule_constraint,Checkout shall be blocked if the shipping address is incomplete or clearly invalid.,observed_partial,not_observable,not_observable,observed_partial,observed_partial,3,1,1,observed_partial,0,0,0
PURE_002,hashimoto,FR-010,functional_requirement,"The system shall support at least the order statuses new, paid, packed, shipped, completed, and cancelled.",observed_partial,not_observable,not_observable,observed_partial,observed_partial,3,1,1,observed_partial,0,0,0
PURE_002,hashimoto,BR-021,business_rule_constraint,Sales personnel or owners shall be able to move orders forward as work is done.,observed_satisfied,not_observable,not_observable,observed_partial,observed_partial,3,1,0,,0,0,0
PURE_002,hashimoto,BR-022,business_rule_constraint,Customers shall probably only be able to cancel an order before shipping.,observed_partial,not_observable,not_observable,observed_satisfied,observed_unsatisfied,3,1,0,,0,0,0
PURE_002,hashimoto,BR-023,business_rule_constraint,Customers may be able to request a return after delivery if that process is supported.,not_observable,not_observable,not_observable,not_observable,not_observable,0,0,0,,0,0,0
PURE_002,hashimoto,BR-024,business_rule_constraint,"Once an order is marked shipped, changes shall be limited and controlled by staff.",not_observable,not_observable,not_observable,not_observable,not_observable,0,0,0,,0,0,0
PURE_002,hashimoto,BR-025,business_rule_constraint,Cancellation should usually no longer be allowed once an order is marked shipped unless there is a special exception.,observed_unsatisfied,not_observable,not_observable,observed_satisfied,not_observable,2,1,0,,0,0,0
PURE_002,hashimoto,FR-011,functional_requirement,The system shall provide low-stock warnings.,observed_satisfied,not_observable,not_observable,not_observable,observed_satisfied,2,1,1,observed_satisfied,0,0,0
PURE_002,hashimoto,BR-026,business_rule_constraint,"The low-stock threshold shall be configurable, ideally per product and possibly by category.",observed_satisfied,not_observable,not_observable,observed_satisfied,observed_satisfied,3,1,1,observed_satisfied,0,0,0
PURE_002,hashimoto,FR-012,functional_requirement,Low-stock warnings shall be sent to store owners and the staff responsible for purchasing or inventory.,not_observable,not_observable,not_observable,not_observable,not_observable,0,0,0,,0,0,0
PURE_002,hashimoto,FR-013,functional_requirement,"At launch, the system shall support a standard delivery shipping option.",not_observable,not_observable,observed_satisfied,observed_satisfied,observed_satisfied,3,1,1,observed_satisfied,0,0,0
PURE_002,hashimoto,FR-014,functional_requirement,"At launch, the system shall support an express shipping option if it can be supported.",not_observable,not_observable,observed_satisfied,observed_satisfied,not_observable,2,1,1,observed_satisfied,0,0,0
PURE_002,hashimoto,BR-027,business_rule_constraint,Customers shall see available shipping methods at checkout based on their destination.,not_observable,not_observable,not_observable,not_observable,not_observable,0,0,0,,0,0,0
PURE_002,hashimoto,BR-028,business_rule_constraint,Shipping cost shall be calculated from basic rules such as region and possibly weight or order total.,not_observable,not_observable,not_observable,not_observable,not_observable,0,0,0,,0,0,0
PURE_002,hashimoto,BR-029,business_rule_constraint,"If an address cannot be served by a shipping method, the system shall hide that option instead of letting the customer pick it.",not_observable,not_observable,not_observable,not_observable,not_observable,0,0,0,,0,0,0
PURE_002,hashimoto,FR-015,functional_requirement,The system shall support self-service customer registration with immediate access.,observed_partial,observed_partial,not_observable,observed_partial,observed_partial,4,1,1,observed_partial,0,0,0
PURE_002,hashimoto,BR-030,business_rule_constraint,The system shall not require a manual approval step for ordinary customers at launch.,observed_satisfied,not_observable,not_observable,not_observable,observed_satisfied,2,1,1,observed_satisfied,0,0,0
PURE_002,hashimoto,BR-031,business_rule_constraint,The system may hold a customer account if something looks suspicious or if verification fails.,not_observable,not_observable,not_observable,not_observable,not_observable,0,0,0,,0,0,0
PURE_002,hashimoto,FR-016,functional_requirement,The system shall support pending and blocked customer account statuses.,observed_partial,not_observable,not_observable,observed_partial,observed_partial,3,1,1,observed_partial,0,0,0
PURE_002,hashimoto,FR-017,functional_requirement,"At launch, the store owner shall be able to set store name, contact details, currency, tax settings, shipping methods, and payment options during initial setup.",not_observable,not_observable,not_observable,observed_satisfied,observed_satisfied,2,1,1,observed_satisfied,0,0,0
PURE_002,hashimoto,BR-032,business_rule_constraint,Product management and customer account management may occur after initial setup in normal administration.,observed_partial,not_observable,not_observable,not_observable,not_observable,1,0,0,,0,0,0
PURE_002,hashimoto,BR-033,business_rule_constraint,The store shall not go live until the core settings are complete.,not_observable,not_observable,not_observable,not_observable,not_observable,0,0,0,,0,0,0
PURE_002,hashimoto,BR-034,business_rule_constraint,The storefront shall require business address or legal details if those are needed for checkout and invoices.,not_observable,not_observable,not_observable,not_observable,not_observable,0,0,0,,0,0,0
PURE_002,sparkme,FR-001,functional_requirement,The system shall support browsing available products.,observed_satisfied,observed_satisfied,observed_satisfied,observed_satisfied,not_observable,4,1,1,observed_satisfied,0,0,0
PURE_002,sparkme,FR-002,functional_requirement,The system shall support maintaining a shopping cart.,observed_partial,observed_partial,observed_partial,not_observable,not_observable,3,1,1,observed_partial,0,0,0
PURE_002,sparkme,FR-003,functional_requirement,The system shall support placing orders online.,observed_satisfied,observed_satisfied,observed_satisfied,not_observable,observed_satisfied,4,1,1,observed_satisfied,0,0,0
PURE_002,sparkme,FR-004,functional_requirement,Store owners shall be able to add or update products.,observed_partial,observed_partial,observed_partial,observed_partial,observed_partial,5,1,1,observed_partial,1,1,0
PURE_002,sparkme,FR-005,functional_requirement,Store owners shall be able to check customer accounts.,not_observable,not_observable,not_observable,not_observable,not_observable,0,0,0,,0,0,0
PURE_002,sparkme,FR-006,functional_requirement,Store owners shall be able to review incoming orders.,not_observable,not_observable,observed_satisfied,not_observable,not_observable,1,0,0,,0,0,0
PURE_002,sparkme,FR-007,functional_requirement,Sales staff shall be able to update product availability.,observed_satisfied,not_observable,not_observable,not_observable,not_observable,1,0,0,,0,0,0
PURE_002,sparkme,FR-008,functional_requirement,Sales staff shall be able to enter or correct orders.,not_observable,not_observable,not_observable,not_observable,observed_partial,1,0,0,,0,0,0
PURE_002,sparkme,FR-009,functional_requirement,The system shall provide a guided setup flow for new sellers.,not_observable,not_observable,not_observable,observed_partial,not_observable,1,0,0,,0,0,0
PURE_002,sparkme,FR-010,functional_requirement,The setup flow shall start with basic store information.,observed_satisfied,observed_satisfied,observed_satisfied,observed_satisfied,observed_partial,5,1,0,,1,0,0
PURE_002,sparkme,FR-011,functional_requirement,"The setup flow shall help users add categories, products, and customer account settings.",not_observable,observed_partial,not_observable,not_observable,not_observable,1,0,0,,0,0,0
PURE_002,sparkme,FR-012,functional_requirement,The system shall provide clear examples and simple prompts during setup.,observed_partial,observed_partial,observed_partial,observed_satisfied,observed_partial,5,1,0,,1,0,0
PURE_002,sparkme,FR-013,functional_requirement,The system shall flag incomplete entries right away during setup.,observed_satisfied,observed_unsatisfied,observed_satisfied,observed_satisfied,observed_satisfied,5,1,0,,1,0,0
PURE_002,sparkme,FR-014,functional_requirement,The system shall explain setup mistakes in plain language so users can correct them before they start selling.,observed_satisfied,observed_unsatisfied,observed_satisfied,observed_satisfied,observed_satisfied,5,1,0,,1,0,0
PURE_002,sparkme,FR-015,functional_requirement,The system shall support a change log for edits to orders and products.,not_observable,not_observable,not_observable,not_observable,not_observable,0,0,0,,0,0,0
PURE_002,sparkme,FR-016,functional_requirement,"The system shall provide notifications for important updates such as stock changes, cancelled orders, and customer account edits.",not_observable,not_observable,observed_partial,not_observable,not_observable,1,0,0,,0,0,0
PURE_002,sparkme,FR-017,functional_requirement,The system shall provide brief tips and plain-language summaries to help users learn logs and notifications.,not_observable,not_observable,observed_partial,not_observable,not_observable,1,0,0,,0,0,0
PURE_002,sparkme,FR-018,functional_requirement,The system shall provide a short onboarding walkthrough that shows users where to find recent changes and what notifications mean.,not_observable,not_observable,not_observable,not_observable,not_observable,0,0,0,,0,0,0
PURE_002,sparkme,FR-019,functional_requirement,The system shall support payment processing through at least one mainstream payment gateway in the initial release.,not_observable,not_observable,not_observable,not_observable,observed_partial,1,0,0,,0,0,0
PURE_002,sparkme,FR-020,functional_requirement,The system shall support basic shipping carrier integration in the initial release.,not_observable,not_observable,not_observable,not_observable,not_observable,0,0,0,,0,0,0
PURE_002,sparkme,FR-021,functional_requirement,The system shall allow staff to see when an order payment is still unpaid after a payment failure.,not_observable,not_observable,not_observable,not_observable,observed_satisfied,1,0,0,,0,0,0
PURE_002,sparkme,FR-022,functional_requirement,The system shall allow customers to retry payment or use a different payment method after a payment failure.,not_observable,not_observable,not_observable,not_observable,not_observable,0,0,0,,0,0,0
PURE_002,sparkme,FR-023,functional_requirement,The system shall alert store staff when shipping updates are delayed or fail.,not_observable,not_observable,not_observable,not_observable,not_observable,0,0,0,,0,0,0
PURE_002,sparkme,FR-024,functional_requirement,The system shall provide a manual override or retry option for staff for payment or shipping issues.,not_observable,not_observable,not_observable,not_observable,not_observable,0,0,0,,0,0,0
PURE_002,sparkme,FR-025,functional_requirement,The system shall record who used a manual override or retry option and why it was used.,not_observable,not_observable,not_observable,not_observable,not_observable,0,0,0,,0,0,0
PURE_002,sparkme,FR-026,functional_requirement,The system shall provide in-app alerts for payment and shipping errors.,not_observable,not_observable,observed_partial,not_observable,not_observable,1,0,0,,0,0,0
PURE_002,sparkme,FR-027,functional_requirement,The system shall provide email notifications for serious issues or issues that remain unresolved too long.,not_observable,not_observable,not_observable,not_observable,not_observable,0,0,0,,0,0,0
PURE_002,sparkme,FR-028,functional_requirement,The system shall provide a dashboard indicator for unresolved issues.,not_observable,not_observable,observed_satisfied,observed_satisfied,not_observable,2,1,1,observed_satisfied,0,0,0
PURE_002,sparkme,FR-029,functional_requirement,The system shall prioritize payment failures ahead of shipping issues.,not_observable,not_observable,not_observable,not_observable,not_observable,0,0,0,,0,0,0
PURE_002,sparkme,FR-030,functional_requirement,The system shall support basic validation before an order is submitted.,observed_satisfied,observed_satisfied,observed_satisfied,observed_satisfied,observed_satisfied,5,1,1,observed_satisfied,1,1,1
PURE_002,sparkme,FR-031,functional_requirement,The order submission validation shall check required address fields and obvious payment format issues.,observed_satisfied,observed_satisfied,not_observable,observed_satisfied,not_observable,3,1,1,observed_satisfied,0,0,0
PURE_002,sparkme,FR-032,functional_requirement,"The order submission validation shall check required customer, shipping, and payment information before the order is submitted.",observed_partial,observed_satisfied,observed_partial,observed_satisfied,observed_partial,5,1,0,,1,0,0
PURE_002,sparkme,FR-033,functional_requirement,The system shall display order validation feedback before submission or immediately after form completion.,observed_satisfied,not_observable,not_observable,observed_satisfied,not_observable,2,1,1,observed_satisfied,0,0,0
PURE_002,sparkme,FR-034,functional_requirement,The system shall keep the customer on the checkout page or same screen when correcting order validation issues.,observed_satisfied,observed_satisfied,observed_satisfied,observed_satisfied,not_observable,4,1,1,observed_satisfied,0,0,0
PURE_002,sparkme,FR-035,functional_requirement,The system shall support spreadsheet import for product data.,not_observable,not_observable,observed_satisfied,observed_satisfied,not_observable,2,1,1,observed_satisfied,0,0,0
PURE_002,sparkme,FR-036,functional_requirement,The system shall support CSV import for product data.,not_observable,not_observable,observed_satisfied,observed_satisfied,not_observable,2,1,1,observed_satisfied,0,0,0
PURE_002,sparkme,FR-037,functional_requirement,"The system shall support product file upload, field mapping, preview, and validation before imported data is committed.",not_observable,not_observable,observed_unsatisfied,observed_unsatisfied,observed_unsatisfied,3,1,1,observed_unsatisfied,0,0,0
PURE_002,sparkme,FR-038,functional_requirement,The system shall allow users to correct import issues without restarting the whole import.,not_observable,not_observable,not_observable,not_observable,not_observable,0,0,0,,0,0,0
PURE_002,sparkme,FR-039,functional_requirement,"The system shall show a clear result or success summary after import that identifies what succeeded, what was skipped, and what needs attention.",not_observable,not_observable,observed_partial,observed_partial,observed_unsatisfied,3,1,0,,0,0,0
PURE_002,sparkme,FR-040,functional_requirement,The import process shall let users fix problem fields inline within the review screen.,not_observable,not_observable,not_observable,observed_unsatisfied,not_observable,1,0,0,,0,0,0
PURE_002,sparkme,FR-041,functional_requirement,"The import process shall compare potential duplicates and allow the user to keep, merge, or skip matching records.",not_observable,not_observable,not_observable,not_observable,not_observable,0,0,0,,0,0,0
PURE_002,sparkme,FR-042,functional_requirement,The import process shall provide a review screen before finalizing import so users can resolve missing or inconsistent data.,not_observable,not_observable,observed_unsatisfied,observed_unsatisfied,not_observable,2,1,1,observed_unsatisfied,0,0,0
PURE_002,sparkme,FR-043,functional_requirement,The import wizard shall guide users through small steps with a clear progress indicator.,observed_unsatisfied,not_observable,observed_unsatisfied,observed_unsatisfied,observed_unsatisfied,4,1,1,observed_unsatisfied,0,0,0
PURE_002,sparkme,FR-044,functional_requirement,The import wizard shall show a live preview after column mapping.,not_observable,not_observable,not_observable,not_observable,not_observable,0,0,0,,0,0,0
PURE_002,sparkme,FR-045,functional_requirement,The import wizard shall highlight rows or fields with issues and explain them in plain language.,not_observable,not_observable,not_observable,observed_unsatisfied,not_observable,1,0,0,,0,0,0
PURE_002,sparkme,FR-046,functional_requirement,"The import wizard shall provide buttons or actions to fix, ignore, or apply a suggested correction for issues.",not_observable,not_observable,not_observable,observed_unsatisfied,not_observable,1,0,0,,0,0,0
PURE_002,sparkme,FR-047,functional_requirement,The import wizard shall show how many items are ready versus how many need attention.,observed_satisfied,not_observable,observed_satisfied,observed_partial,observed_unsatisfied,4,1,0,,0,0,0
PURE_002,sparkme,FR-048,functional_requirement,The import wizard shall allow users to go back to a previous step if something looks wrong.,not_observable,not_observable,not_observable,not_observable,not_observable,0,0,0,,0,0,0
PURE_002,sparkme,FR-049,functional_requirement,"The system shall support optional suggestions during product import for categories, units of measure, brand, and cleaner product titles.",not_observable,not_observable,not_observable,not_observable,not_observable,0,0,0,,0,0,0
PURE_002,sparkme,FR-050,functional_requirement,"The system shall allow users to accept, edit, or reject import suggestions.",not_observable,not_observable,not_observable,not_observable,not_observable,0,0,0,,0,0,0
PURE_002,sparkme,FR-051,functional_requirement,The system shall suggest likely categories from a product name or description when it can infer them confidently.,not_observable,not_observable,not_observable,not_observable,not_observable,0,0,0,,0,0,0
PURE_002,sparkme,FR-052,functional_requirement,The system shall prompt for missing product details such as a short description or image when those details would improve the storefront.,observed_unsatisfied,not_observable,observed_unsatisfied,not_observable,not_observable,2,1,1,observed_unsatisfied,0,0,0
PURE_002,sparkme,FR-053,functional_requirement,The system shall auto-detect units and normalize spelling for common terms as optional import helpers.,not_observable,not_observable,not_observable,not_observable,not_observable,0,0,0,,0,0,0
PURE_002,sparkme,FR-054,functional_requirement,The system shall not make silent automatic changes during import suggestions; suggestions shall be presented for user review.,not_observable,not_observable,observed_unsatisfied,not_observable,not_observable,1,0,0,,0,0,0
PURE_002,sparkme,FR-055,functional_requirement,"The system shall provide clear step indicators, plain messages, and a simple count of items ready versus items needing review during import.",observed_partial,not_observable,observed_partial,observed_partial,observed_unsatisfied,4,1,0,,0,0,0
PURE_002,sparkme,FR-056,functional_requirement,The system shall support product category assignment during import and normal product management.,not_observable,not_observable,not_observable,not_observable,not_observable,0,0,0,,0,0,0
PURE_002,sparkme,FR-057,functional_requirement,The system shall support products that have variations distinct from categories.,not_observable,not_observable,not_observable,not_observable,not_observable,0,0,0,,0,0,0
PURE_002,sparkme,FR-058,functional_requirement,The system shall provide a simple browser-based web interface.,observed_satisfied,observed_satisfied,observed_satisfied,observed_satisfied,observed_satisfied,5,1,1,observed_satisfied,1,1,1
PURE_002,sparkme,FR-059,functional_requirement,The system shall be usable in a standard browser without requiring special software to be installed.,observed_satisfied,observed_satisfied,observed_partial,observed_partial,observed_partial,5,1,0,,1,0,0
PURE_002,sparkme,FR-060,functional_requirement,The interface shall stay simple and the setup process shall be guided for users with limited technical experience.,observed_partial,observed_partial,observed_partial,observed_partial,not_observable,4,1,1,observed_partial,0,0,0
PURE_002,sparkme,FR-061,functional_requirement,The system shall support customer order confirmation and refund or cancellation notices automatically.,not_observable,not_observable,observed_partial,not_observable,not_observable,1,0,0,,0,0,0
PURE_002,sparkme,FR-062,functional_requirement,The system shall provide clear pricing information to support consumer-facing compliance.,not_observable,observed_satisfied,not_observable,not_observable,not_observable,1,0,0,,0,0,0
PURE_002,sparkme,FR-063,functional_requirement,The system shall collect only customer data needed for the order and customer account.,observed_partial,not_observable,not_observable,not_observable,not_observable,1,0,0,,0,0,0
PURE_002,sparkme,FR-064,functional_requirement,The system shall provide clear consent and privacy notices during signup and checkout.,observed_unsatisfied,observed_unsatisfied,observed_unsatisfied,observed_unsatisfied,observed_unsatisfied,5,1,1,observed_unsatisfied,1,1,0
PURE_002,sparkme,FR-065,functional_requirement,"The system shall support keeping logs of edits to customer records, prices, orders, and payments.",not_observable,not_observable,not_observable,not_observable,not_observable,0,0,0,,0,0,0
PURE_002,sparkme,FR-066,functional_requirement,"The system shall support product availability updates after a sale or restock, and allow urgent marking of an item as unavailable.",observed_partial,not_observable,not_observable,observed_partial,not_observable,2,1,1,observed_partial,0,0,0
PURE_002,sparkme,FR-067,functional_requirement,"The system shall support browsing, cart updates, and order entry that remain responsive during normal growth and seasonal spikes.",not_observable,not_observable,not_observable,not_observable,not_observable,0,0,0,,0,0,0
PURE_002,sparkme,FR-068,functional_requirement,"The system shall allow page loads, browsing, cart checkout, staff order processing, and product updates to remain responsive during higher activity.",not_observable,not_observable,not_observable,not_observable,not_observable,0,0,0,,0,0,0
PURE_002,sparkme,FR-069,functional_requirement,The platform shall allow new stores to be added without each store affecting the others.,not_observable,not_observable,not_observable,not_observable,observed_partial,1,0,0,,0,0,0
PURE_002,sparkme,FR-070,functional_requirement,The system shall save changes reliably and not drop orders or updates when activity increases.,not_observable,observed_partial,not_observable,not_observable,not_observable,1,0,0,,0,0,0
PURE_002,sparkme,FR-071,functional_requirement,The system shall allow the store to manage stock inside GAMMA-J if a full inventory system integration is not in place.,not_observable,not_observable,observed_partial,not_observable,not_observable,1,0,0,,0,0,0
PURE_002,sparkme,BR-001,business_rule_constraint,"Account means a customer profile with contact and order details, not a paid subscription.",not_observable,not_observable,not_observable,not_observable,not_observable,0,0,0,,0,0,0
PURE_002,sparkme,BR-002,business_rule_constraint,"Categories are used to organize products for navigation and management, and are not the same as product variations.",not_observable,not_observable,observed_partial,not_observable,not_observable,1,0,0,,0,0,0
PURE_002,sparkme,BR-003,business_rule_constraint,The initial release shall be limited to one payment gateway and one shipping carrier integration.,not_observable,not_observable,not_observable,not_observable,not_observable,0,0,0,,0,0,0
PURE_002,sparkme,BR-004,business_rule_constraint,The initial release shall not require a full inventory system integration if the store can manage stock inside GAMMA-J.,not_observable,not_observable,not_observable,not_observable,not_observable,0,0,0,,0,0,0
PURE_002,sparkme,BR-005,business_rule_constraint,Payment failures shall be treated as the highest-priority issues.,not_observable,not_observable,not_observable,not_observable,not_observable,0,0,0,,0,0,0
PURE_002,sparkme,BR-006,business_rule_constraint,Shipping issues such as missed dispatches or bad addresses shall be prioritized ahead of minor shipping delays.,not_observable,not_observable,not_observable,not_observable,not_observable,0,0,0,,0,0,0
PURE_002,sparkme,BR-007,business_rule_constraint,Manual override actions shall require the staff member’s identity and a reason before the change is saved.,observed_unsatisfied,not_observable,not_observable,not_observable,not_observable,1,0,0,,0,0,0
PURE_002,sparkme,BR-008,business_rule_constraint,The system shall show who changed an order or product and when the change happened.,not_observable,not_observable,not_observable,not_observable,not_observable,0,0,0,,0,0,0
PURE_002,sparkme,BR-009,business_rule_constraint,"The system shall allow product import to detect duplicates by comparing product name, SKU, or barcode when available.",not_observable,not_observable,not_observable,not_observable,not_observable,0,0,0,,0,0,0
PURE_002,sparkme,BR-010,business_rule_constraint,"The system shall highlight missing prices, inconsistent product names, wrong categories, and unclear stock quantities during product data cleanup.",not_observable,not_observable,not_observable,not_observable,not_observable,0,0,0,,0,0,0
PURE_002,sparkme,BR-011,business_rule_constraint,"The system shall require customer, shipping, and payment information checks before an order is submitted.",observed_satisfied,observed_satisfied,observed_partial,observed_satisfied,observed_partial,5,1,0,,1,0,0
PURE_002,sparkme,BR-012,business_rule_constraint,The system shall allow customer data collection to be limited to what is needed for the order and account.,observed_partial,observed_partial,observed_partial,not_observable,observed_partial,4,1,1,observed_partial,0,0,0
PURE_002,sparkme,DI-001,data_external_interface,The initial release shall support a spreadsheet import interface for product data.,not_observable,not_observable,observed_satisfied,observed_satisfied,not_observable,2,1,1,observed_satisfied,0,0,0
PURE_002,sparkme,DI-002,data_external_interface,The initial release shall support at least one mainstream payment gateway.,not_observable,not_observable,not_observable,not_observable,not_observable,0,0,0,,0,0,0
PURE_002,sparkme,DI-003,data_external_interface,The initial release shall support basic shipping carrier integration.,not_observable,not_observable,not_observable,not_observable,not_observable,0,0,0,,0,0,0
PURE_002,sparkme,DI-004,data_external_interface,The system shall use a standard browser as its runtime interface.,observed_satisfied,observed_satisfied,observed_satisfied,observed_satisfied,observed_satisfied,5,1,1,observed_satisfied,1,1,1
PURE_002,sparkme,QR-001,quality_requirement,The system shall present a simple interface for users with limited technical experience.,not_observable,observed_satisfied,observed_partial,observed_satisfied,not_observable,3,1,0,,0,0,0
PURE_002,sparkme,QR-002,quality_requirement,"The system shall use plain-language explanations, brief tips, and short help text for operations and technical concepts.",observed_unsatisfied,observed_partial,observed_unsatisfied,not_observable,observed_unsatisfied,4,1,0,,0,0,0
PURE_002,sparkme,QR-003,quality_requirement,The setup process shall be guided and step by step.,observed_partial,observed_unsatisfied,observed_partial,observed_partial,not_observable,4,1,0,,0,0,0
PURE_002,sparkme,QR-004,quality_requirement,The import wizard shall present one decision at a time and avoid overwhelming the user.,observed_partial,not_observable,observed_unsatisfied,observed_partial,observed_partial,4,1,0,,0,0,0
PURE_002,sparkme,QR-005,quality_requirement,"The import wizard shall use calm, practical, and reassuring messages.",observed_satisfied,not_observable,observed_satisfied,observed_satisfied,not_observable,3,1,1,observed_satisfied,0,0,0
PURE_002,sparkme,QR-006,quality_requirement,"The interface shall use color sparingly and rely more on labels, icons, and inline messages than on alarms or popups.",observed_partial,observed_partial,observed_partial,observed_partial,observed_partial,5,1,1,observed_partial,1,1,0
PURE_002,sparkme,QR-007,quality_requirement,"The system shall keep browsing, cart checkout, order processing, and product updates responsive during normal growth and seasonal spikes.",not_observable,not_observable,not_observable,not_observable,not_observable,0,0,0,,0,0,0
PURE_002,sparkme,QR-008,quality_requirement,The system shall save changes reliably.,observed_partial,observed_partial,not_observable,not_observable,observed_partial,3,1,1,observed_partial,0,0,0
PURE_002,sparkme,QR-009,quality_requirement,The system shall not drop orders or updates when activity increases.,not_observable,not_observable,not_observable,not_observable,not_observable,0,0,0,,0,0,0
PURE_002,sparkme,QR-010,quality_requirement,The import wizard shall show a progress bar or progress indicator and a current step label.,observed_unsatisfied,not_observable,observed_unsatisfied,observed_unsatisfied,observed_unsatisfied,4,1,1,observed_unsatisfied,0,0,0
PURE_002,sparkme,QR-011,quality_requirement,"The import wizard shall provide a clear, predictable layout with consistent button positions and terminology.",observed_partial,not_observable,observed_partial,observed_partial,not_observable,3,1,1,observed_partial,0,0,0
PURE_002,sparkme,QR-012,quality_requirement,The system shall make automation optional during import suggestions and let users override suggestions.,not_observable,not_observable,not_observable,not_observable,not_observable,0,0,0,,0,0,0
PURE_002,sparkme,QR-013,quality_requirement,"The system shall keep the import process manageable by showing small steps, progress feedback, and clear counts of items needing attention.",observed_partial,not_observable,observed_partial,observed_partial,observed_unsatisfied,4,1,0,,0,0,0
PURE_002,sparkme,EX-001,exception_boundary,"If a payment fails, the customer shall see a clear message and the order shall remain unpaid for staff visibility.",not_observable,not_observable,observed_partial,not_observable,observed_partial,2,1,1,observed_partial,0,0,0
PURE_002,sparkme,EX-002,exception_boundary,"If shipping updates are delayed or fail, staff shall receive an alert and the customer shall see a simple status update.",not_observable,not_observable,not_observable,not_observable,not_observable,0,0,0,,0,0,0
PURE_002,sparkme,EX-003,exception_boundary,"If a manual override is used, the system shall record the staff member, the reason, the original error, the action taken, and the time.",not_observable,not_observable,not_observable,not_observable,not_observable,0,0,0,,0,0,0
PURE_002,sparkme,EX-004,exception_boundary,"If an import problem blocks completion, the issue shall be shown next to the affected row or field with a simple explanation and suggested fix.",not_observable,not_observable,not_observable,observed_unsatisfied,not_observable,1,0,0,,0,0,0
PURE_002,sparkme,EX-005,exception_boundary,"If order validation fails, the customer shall remain on the checkout page and be told exactly what to correct.",observed_partial,observed_satisfied,observed_satisfied,observed_satisfied,observed_partial,5,1,0,,1,0,0
PURE_002,proposed_method,FR-001,functional_requirement,The system shall allow store operators to set up a storefront.,not_observable,not_observable,not_observable,not_observable,not_observable,0,0,0,,0,0,0
PURE_002,proposed_method,FR-002,functional_requirement,The system shall allow users to manage products.,observed_partial,observed_partial,observed_partial,observed_partial,observed_partial,5,1,1,observed_partial,1,1,0
PURE_002,proposed_method,FR-003,functional_requirement,"The system shall support standard retail products with names, descriptions, prices, and available quantities.",observed_satisfied,observed_partial,observed_partial,observed_satisfied,observed_partial,5,1,0,,1,0,0
PURE_002,proposed_method,FR-004,functional_requirement,The system shall allow staff to add products and update products.,not_observable,observed_partial,observed_partial,observed_partial,observed_partial,4,1,1,observed_partial,0,0,0
PURE_002,proposed_method,FR-005,functional_requirement,The system shall allow staff to manage customer accounts.,observed_partial,not_observable,not_observable,not_observable,not_observable,1,0,0,,0,0,0
PURE_002,proposed_method,FR-006,functional_requirement,The system shall allow customers to browse products through clear categories and simple filtering.,not_observable,not_observable,not_observable,not_observable,not_observable,0,0,0,,0,0,0
PURE_002,proposed_method,FR-007,functional_requirement,The system shall allow customers to maintain a shopping cart.,not_observable,observed_partial,not_observable,not_observable,observed_partial,2,1,1,observed_partial,0,0,0
PURE_002,proposed_method,FR-008,functional_requirement,The system shall allow customers to place orders through the store.,not_observable,not_observable,not_observable,not_observable,not_observable,0,0,0,,0,0,0
PURE_002,proposed_method,FR-009,functional_requirement,The system shall support product catalog onboarding by manual entry or file import when file import is supported.,observed_satisfied,observed_satisfied,observed_satisfied,observed_satisfied,observed_satisfied,5,1,1,observed_satisfied,1,1,1
PURE_002,proposed_method,FR-010,functional_requirement,The system shall allow an initial product catalog to be loaded before the site goes live.,not_observable,observed_satisfied,not_observable,not_observable,observed_satisfied,2,1,1,observed_satisfied,0,0,0
PURE_002,proposed_method,FR-011,functional_requirement,"The system shall allow staff to review loaded product listings for correctness, images, pricing, and availability before marking the catalog ready for customers.",not_observable,not_observable,not_observable,not_observable,not_observable,0,0,0,,0,0,0
PURE_002,proposed_method,FR-012,functional_requirement,The system shall allow staff to mark the catalog ready for customers after review.,not_observable,not_observable,not_observable,not_observable,not_observable,0,0,0,,0,0,0
PURE_002,proposed_method,FR-013,functional_requirement,The system shall allow customers to browse products by categories or search and narrow results using price or other filters.,not_observable,not_observable,not_observable,not_observable,not_observable,0,0,0,,0,0,0
PURE_002,proposed_method,FR-014,functional_requirement,The system shall support secure logins and password reset for account protection.,not_observable,not_observable,not_observable,not_observable,not_observable,0,0,0,,0,0,0
PURE_002,proposed_method,FR-015,functional_requirement,The system shall flag obviously suspicious activity rather than attempting to handle every edge case automatically.,not_observable,not_observable,not_observable,not_observable,not_observable,0,0,0,,0,0,0
PURE_002,proposed_method,FR-016,functional_requirement,The system shall rely on a trusted payment provider and shall not store sensitive card details itself.,not_observable,not_observable,not_observable,not_observable,not_observable,0,0,0,,0,0,0
PURE_002,proposed_method,FR-017,functional_requirement,The system shall minimize the personal data collected to what is needed to fulfill orders.,not_observable,not_observable,not_observable,not_observable,not_observable,0,0,0,,0,0,0
PURE_002,proposed_method,FR-018,functional_requirement,The system shall block or review transactions that look risky.,not_observable,not_observable,not_observable,not_observable,not_observable,0,0,0,,0,0,0
PURE_002,proposed_method,FR-019,functional_requirement,The system shall record administrative changes in an audit log.,not_observable,observed_satisfied,not_observable,not_observable,observed_satisfied,2,1,1,observed_satisfied,0,0,0
PURE_002,proposed_method,FR-020,functional_requirement,"The audit log shall record who made the change, what changed, when it happened, and the before-and-after values for important fields.",not_observable,not_observable,not_observable,not_observable,not_observable,0,0,0,,0,0,0
PURE_002,proposed_method,FR-021,functional_requirement,"The system shall record before-and-after values for important fields such as product price, stock, order status, and customer account status.",not_observable,not_observable,not_observable,not_observable,not_observable,0,0,0,,0,0,0
PURE_002,proposed_method,FR-022,functional_requirement,The system shall remain responsive under increased browsing demand and shall slow down gracefully or queue non-urgent actions rather than fail outright when demand suddenly rises.,not_observable,not_observable,not_observable,not_observable,not_observable,0,0,0,,0,0,0
PURE_002,proposed_method,FR-023,functional_requirement,The system shall preserve cart and order progress when part of the service is unavailable.,not_observable,not_observable,not_observable,not_observable,not_observable,0,0,0,,0,0,0
PURE_002,proposed_method,FR-024,functional_requirement,The system shall clearly tell users what is affected when part of the service is unavailable.,observed_satisfied,not_observable,not_observable,not_observable,not_observable,1,0,0,,0,0,0
PURE_002,proposed_method,FR-025,functional_requirement,The system shall keep important sales functions available as much as possible even if some admin features are temporarily reduced.,not_observable,not_observable,not_observable,not_observable,not_observable,0,0,0,,0,0,0
PURE_002,proposed_method,FR-026,functional_requirement,The system shall allow product images to be uploaded with one main image and a small number of additional images.,not_observable,not_observable,not_observable,not_observable,not_observable,0,0,0,,0,0,0
PURE_002,proposed_method,FR-027,functional_requirement,The system shall allow common image formats such as JPG and PNG.,observed_satisfied,not_observable,not_observable,observed_satisfied,not_observable,2,1,1,observed_satisfied,0,0,0
PURE_002,proposed_method,FR-028,functional_requirement,"If an image upload fails or the file is invalid, the system shall reject the upload clearly and allow the user to try again without saving a broken product record.",observed_partial,not_observable,not_observable,not_observable,not_observable,1,0,0,,0,0,0
PURE_002,proposed_method,FR-029,functional_requirement,"If a product image is missing, the product shall still exist and shall show a default placeholder.",not_observable,not_observable,not_observable,not_observable,observed_unsatisfied,1,0,0,,0,0,0
PURE_002,proposed_method,FR-030,functional_requirement,A product shall be purchasable only when it is marked active and available for sale.,not_observable,not_observable,not_observable,not_observable,not_observable,0,0,0,,0,0,0
PURE_002,proposed_method,FR-031,functional_requirement,"When stock control is being used, a product shall be purchasable only when it has valid stock.",not_observable,observed_satisfied,observed_satisfied,not_observable,not_observable,2,1,1,observed_satisfied,0,0,0
PURE_002,proposed_method,FR-032,functional_requirement,"When a product price changes, the updated price shall apply to new carts and new orders but shall not unexpectedly change an order that has already been placed.",not_observable,not_observable,not_observable,not_observable,not_observable,0,0,0,,0,0,0
PURE_002,proposed_method,FR-033,functional_requirement,"If a product is out of stock or not yet available, the system shall show it as unavailable and shall prevent checkout for it.",not_observable,not_observable,not_observable,not_observable,not_observable,0,0,0,,0,0,0
PURE_002,proposed_method,FR-034,functional_requirement,The system shall support minimum and maximum quantities per product.,not_observable,not_observable,not_observable,not_observable,not_observable,0,0,0,,0,0,0
PURE_002,proposed_method,FR-035,functional_requirement,The system shall support a maximum total quantity or value per order if the business needs it.,not_observable,not_observable,not_observable,not_observable,not_observable,0,0,0,,0,0,0
PURE_002,proposed_method,FR-036,functional_requirement,"If a cart exceeds quantity or value limits, the system shall flag the issue before checkout and tell the customer exactly what must be adjusted.",not_observable,not_observable,not_observable,not_observable,not_observable,0,0,0,,0,0,0
PURE_002,proposed_method,FR-037,functional_requirement,The system shall support import of the initial product catalog from an existing file if file import is supported.,not_observable,not_observable,observed_satisfied,not_observable,not_observable,1,0,0,,0,0,0
PURE_002,proposed_method,FR-038,functional_requirement,The system shall report records that do not map cleanly during migration for manual review instead of guessing automatically.,not_observable,not_observable,not_observable,not_observable,not_observable,0,0,0,,0,0,0
PURE_002,proposed_method,FR-039,functional_requirement,"If a legacy product record is incomplete, the system shall skip it or mark it as needing attention until it is corrected.",not_observable,not_observable,not_observable,not_observable,not_observable,0,0,0,,0,0,0
PURE_002,proposed_method,FR-040,functional_requirement,The system shall allow manual review of legacy product records by a store admin or designated catalog owner.,not_observable,not_observable,not_observable,not_observable,not_observable,0,0,0,,0,0,0
PURE_002,proposed_method,FR-041,functional_requirement,The system shall track manual review records as pending or in review and include notes about what is missing or inconsistent.,not_observable,not_observable,not_observable,not_observable,not_observable,0,0,0,,0,0,0
PURE_002,proposed_method,FR-042,functional_requirement,A record under manual review shall remain hidden from customers and shall not be publishable until the required fields are fixed and someone approves it.,not_observable,not_observable,not_observable,not_observable,not_observable,0,0,0,,0,0,0
PURE_002,proposed_method,FR-043,functional_requirement,The system shall support browsing through categories or search and shall guide broad searches toward the right items with clear descriptions and helpful filtering.,not_observable,not_observable,not_observable,not_observable,not_observable,0,0,0,,0,0,0
PURE_002,proposed_method,FR-044,functional_requirement,The system shall process customer requests to suspend or delete accounts.,not_observable,not_observable,not_observable,not_observable,not_observable,0,0,0,,0,0,0
PURE_002,proposed_method,FR-045,functional_requirement,Customer account suspension shall be immediate in most cases.,not_observable,not_observable,not_observable,not_observable,not_observable,0,0,0,,0,0,0
PURE_002,proposed_method,FR-046,functional_requirement,"Customer account deletion shall be delayed when there are active orders, payment issues, legal recordkeeping needs, return cases, refund cases, unresolved support cases, or necessary order history for customer service or accounting.",not_observable,not_observable,not_observable,not_observable,not_observable,0,0,0,,0,0,0
PURE_002,proposed_method,FR-047,functional_requirement,"If a customer account deletion request cannot be handled automatically because of an exception, an admin shall handle the exception.",not_observable,not_observable,not_observable,not_observable,not_observable,0,0,0,,0,0,0
PURE_002,proposed_method,FR-048,functional_requirement,"If a customer account request is not straightforward or cannot be confidently determined as safe, the system shall route it to an admin review queue before suspension or deletion proceeds.",not_observable,not_observable,not_observable,not_observable,not_observable,0,0,0,,0,0,0
PURE_002,proposed_method,FR-049,functional_requirement,The system shall keep a customer record in review until required fields are complete and inconsistent data is corrected.,not_observable,not_observable,not_observable,not_observable,not_observable,0,0,0,,0,0,0
PURE_002,proposed_method,FR-050,functional_requirement,"The system shall keep a customer record hidden from the customer if the incomplete record could cause problems with orders, shipping, or account access.",not_observable,not_observable,not_observable,not_observable,not_observable,0,0,0,,0,0,0
PURE_002,proposed_method,FR-051,functional_requirement,A customer record shall go live only after the data matches requirements and an admin or authorized staff member approves it.,observed_unsatisfied,not_observable,not_observable,not_observable,not_observable,1,0,0,,0,0,0
PURE_002,proposed_method,FR-052,functional_requirement,"If a shopper exceeds a customer-specific limit, the cart shall clearly flag the issue and stop checkout until the quantity is reduced or the item is removed.",not_observable,not_observable,not_observable,not_observable,not_observable,0,0,0,,0,0,0
PURE_002,proposed_method,FR-053,functional_requirement,"After checkout, the system shall show the customer the order number, purchased items, quantities, totals, taxes or fees if applicable, shipping details, and payment status.",not_observable,not_observable,not_observable,not_observable,not_observable,0,0,0,,0,0,0
PURE_002,proposed_method,FR-054,functional_requirement,The order confirmation shall be sent by email.,not_observable,not_observable,not_observable,not_observable,not_observable,0,0,0,,0,0,0
PURE_002,proposed_method,FR-055,functional_requirement,"The system shall allow products to remain visible but not purchasable when the price is missing, invalid, or inventory is unavailable under stock control.",not_observable,not_observable,not_observable,not_observable,not_observable,0,0,0,,0,0,0
PURE_002,proposed_method,FR-056,functional_requirement,"When a product is not purchasable, the system shall block add-to-cart and checkout actions and shall show a clear message explaining why.",not_observable,observed_partial,observed_partial,not_observable,observed_partial,3,1,1,observed_partial,0,0,0
PURE_002,proposed_method,FR-057,functional_requirement,The system shall validate shipping addresses enough to catch obvious missing or invalid address components.,not_observable,not_observable,not_observable,not_observable,not_observable,0,0,0,,0,0,0
PURE_002,proposed_method,FR-058,functional_requirement,Delivery options shall depend on the customer's location.,not_observable,not_observable,not_observable,not_observable,not_observable,0,0,0,,0,0,0
PURE_002,proposed_method,FR-059,functional_requirement,"If no delivery method is available for a shipping address, checkout shall stop and the customer shall be told to change the address or contact support.",not_observable,not_observable,not_observable,not_observable,not_observable,0,0,0,,0,0,0
PURE_002,proposed_method,FR-060,functional_requirement,The payment step shall allow the customer to choose a payment method and confirm the amount before payment is finalized.,not_observable,not_observable,not_observable,not_observable,not_observable,0,0,0,,0,0,0
PURE_002,proposed_method,FR-061,functional_requirement,"After payment submission, the system shall show a clear success or failure message right away.",not_observable,not_observable,not_observable,not_observable,not_observable,0,0,0,,0,0,0
PURE_002,proposed_method,FR-062,functional_requirement,"If payment fails, the system shall explain what the customer can do next without forcing them to start over unnecessarily.",not_observable,not_observable,not_observable,not_observable,not_observable,0,0,0,,0,0,0
PURE_002,proposed_method,FR-063,functional_requirement,"If payment is successful, the order shall move to confirmation immediately and the customer shall know the purchase is complete.",not_observable,not_observable,not_observable,not_observable,not_observable,0,0,0,,0,0,0
PURE_002,proposed_method,FR-064,functional_requirement,"The system shall allow the customer to try payment again, choose a different payment method, or go back and review the order when payment does not go through.",not_observable,not_observable,not_observable,not_observable,not_observable,0,0,0,,0,0,0
PURE_002,proposed_method,FR-065,functional_requirement,"If only part of a payment completed, the system shall keep the order from confirming until the full amount is resolved.",not_observable,not_observable,not_observable,not_observable,not_observable,0,0,0,,0,0,0
PURE_002,proposed_method,FR-066,functional_requirement,An order shall start as pending while payment and availability are checked.,not_observable,not_observable,not_observable,not_observable,not_observable,0,0,0,,0,0,0
PURE_002,proposed_method,FR-067,functional_requirement,"If payment is fully accepted, the order is no longer under review, and items are confirmed available to ship, the order may move into fulfillment.",not_observable,not_observable,not_observable,not_observable,not_observable,0,0,0,,0,0,0
PURE_002,proposed_method,FR-068,functional_requirement,"If any item is out of stock, payment is unresolved, or a staff review is still open, the order shall wait and shall not go to picking and packing.",not_observable,not_observable,not_observable,not_observable,not_observable,0,0,0,,0,0,0
PURE_002,proposed_method,FR-069,functional_requirement,"The system shall support manual review of orders that have suspicious payment activity, mismatched customer and shipping details, unusual order size, or policy exceptions.",not_observable,not_observable,not_observable,not_observable,not_observable,0,0,0,,0,0,0
PURE_002,proposed_method,FR-070,functional_requirement,"If an order is approved after manual review, the customer shall be told the order is confirmed and moving ahead.",not_observable,not_observable,not_observable,not_observable,not_observable,0,0,0,,0,0,0
PURE_002,proposed_method,FR-071,functional_requirement,"If an order stays on hold after manual review, the customer shall be told it is still under review and no action may be needed yet.",not_observable,not_observable,not_observable,not_observable,not_observable,0,0,0,,0,0,0
PURE_002,proposed_method,FR-072,functional_requirement,"If an order is rejected after manual review, the customer shall be told the order cannot be completed and, if appropriate, whether to try again or contact support.",not_observable,not_observable,not_observable,not_observable,not_observable,0,0,0,,0,0,0
PURE_002,proposed_method,FR-073,functional_requirement,"If staff cannot quickly verify a manual review issue, the order shall remain on hold first.",not_observable,not_observable,not_observable,not_observable,not_observable,0,0,0,,0,0,0
PURE_002,proposed_method,FR-074,functional_requirement,"If missing information in manual review must come from the customer, the system shall send the order back for customer action with clear instructions.",not_observable,not_observable,not_observable,not_observable,not_observable,0,0,0,,0,0,0
PURE_002,proposed_method,FR-075,functional_requirement,"If a manual review issue is internal and still needs investigation, the order shall stay on hold until staff can approve or reject it.",not_observable,not_observable,not_observable,not_observable,not_observable,0,0,0,,0,0,0
PURE_002,proposed_method,FR-076,functional_requirement,The web interface shall allow only order status changes that match the real order state.,not_observable,not_observable,not_observable,not_observable,not_observable,0,0,0,,0,0,0
PURE_002,proposed_method,FR-077,functional_requirement,The web interface shall block invalid order status transitions and explain why in plain language.,not_observable,not_observable,not_observable,not_observable,not_observable,0,0,0,,0,0,0
PURE_002,proposed_method,FR-078,functional_requirement,An unpaid order shall not be moved into fulfillment.,not_observable,not_observable,not_observable,not_observable,not_observable,0,0,0,,0,0,0
PURE_002,proposed_method,FR-079,functional_requirement,A canceled order shall not be moved back into normal processing unless a deliberate reopen action is used.,not_observable,not_observable,not_observable,not_observable,not_observable,0,0,0,,0,0,0
PURE_002,proposed_method,FR-080,functional_requirement,The system shall support configuring frequent and low-risk changes through configuration or business settings.,not_observable,not_observable,not_observable,not_observable,not_observable,0,0,0,,0,0,0
PURE_002,proposed_method,FR-081,functional_requirement,"The system shall require code changes and new releases for changes affecting the core checkout flow, security, or major new capabilities.",not_observable,not_observable,not_observable,not_observable,not_observable,0,0,0,,0,0,0
PURE_002,proposed_method,FR-082,functional_requirement,The system shall allow imports through the web interface using common files such as CSV or Excel.,not_observable,not_observable,observed_satisfied,not_observable,not_observable,1,0,0,,0,0,0
PURE_002,proposed_method,FR-083,functional_requirement,Every imported row shall be validated before it goes live.,not_observable,not_observable,not_observable,not_observable,not_observable,0,0,0,,0,0,0
PURE_002,proposed_method,FR-084,functional_requirement,"If an imported row conflicts with existing product data, the system shall stop that row or flag it for review rather than silently overwriting it.",not_observable,not_observable,not_observable,not_observable,not_observable,0,0,0,,0,0,0
PURE_002,proposed_method,FR-085,functional_requirement,"For future automatic syncing, the system shall prevent unexpected changes from going live without validation and shall provide clear mismatch reporting.",not_observable,not_observable,not_observable,not_observable,not_observable,0,0,0,,0,0,0
PURE_002,proposed_method,FR-086,functional_requirement,"If an import fails partway through, the system shall either import only the clean rows with a clear report of the failures or stop the whole import and leave everything unchanged for critical data sets.",not_observable,not_observable,not_observable,not_observable,not_observable,0,0,0,,0,0,0
PURE_002,proposed_method,FR-087,functional_requirement,The system shall support basic order status changes through the web interface for new store operators.,not_observable,not_observable,not_observable,not_observable,not_observable,0,0,0,,0,0,0
PURE_002,proposed_method,FR-088,functional_requirement,The system shall allow customers to view the current status of an order that is already being prepared for delivery.,not_observable,not_observable,not_observable,not_observable,not_observable,0,0,0,,0,0,0
PURE_002,proposed_method,FR-089,functional_requirement,The system shall prompt customers to remove or update cart items that are no longer available before checkout.,not_observable,not_observable,not_observable,not_observable,not_observable,0,0,0,,0,0,0
PURE_002,proposed_method,BR-001,business_rule_constraint,"A product shall be visible but not purchasable when its price is missing, invalid, or inventory is unavailable under stock control.",not_observable,not_observable,not_observable,not_observable,not_observable,0,0,0,,0,0,0
PURE_002,proposed_method,BR-002,business_rule_constraint,"If stock control is being used, valid stock is required for purchase.",not_observable,observed_satisfied,observed_satisfied,not_observable,not_observable,2,1,1,observed_satisfied,0,0,0
PURE_002,proposed_method,BR-003,business_rule_constraint,"If a product is out of stock or not yet available, checkout shall be prevented for that product.",not_observable,observed_partial,observed_partial,not_observable,not_observable,2,1,1,observed_partial,0,0,0
PURE_002,proposed_method,BR-004,business_rule_constraint,"If a product is shown as unavailable, add-to-cart and checkout actions shall be blocked.",not_observable,observed_partial,observed_partial,not_observable,observed_partial,3,1,1,observed_partial,0,0,0
PURE_002,proposed_method,BR-005,business_rule_constraint,The system shall not store full payment card details itself.,not_observable,not_observable,not_observable,not_observable,not_observable,0,0,0,,0,0,0
PURE_002,proposed_method,BR-006,business_rule_constraint,Sensitive customer data shall be accessible only to authorized staff with a need to know.,not_observable,not_observable,not_observable,not_observable,not_observable,0,0,0,,0,0,0
PURE_002,proposed_method,BR-007,business_rule_constraint,"Sales staff may see normal contact and order details, but only support or admins may see sensitive notes, refund references, or fraud-related flags, and only when assigned to the case.",not_observable,not_observable,not_observable,not_observable,not_observable,0,0,0,,0,0,0
PURE_002,proposed_method,BR-008,business_rule_constraint,The system shall keep only the minimum contact and shipping information needed for the order.,not_observable,not_observable,not_observable,not_observable,not_observable,0,0,0,,0,0,0
PURE_002,proposed_method,BR-009,business_rule_constraint,Sensitive data shall be handled with tighter access than normal store data.,not_observable,not_observable,not_observable,not_observable,not_observable,0,0,0,,0,0,0
PURE_002,proposed_method,BR-010,business_rule_constraint,"A customer account deletion request shall not proceed immediately when active orders, payment issues, legal recordkeeping, return cases, refund cases, unresolved support cases, or required order history exist.",not_observable,not_observable,not_observable,not_observable,not_observable,0,0,0,,0,0,0
PURE_002,proposed_method,BR-011,business_rule_constraint,"A customer account request may require admin approval when it involves unresolved disputes, a suspicious activity flag, or a conflict with an open order or refund.",not_observable,not_observable,not_observable,not_observable,not_observable,0,0,0,,0,0,0
PURE_002,proposed_method,BR-012,business_rule_constraint,A customer account request shall be routed to admin review when the system cannot confidently determine whether it is safe to proceed.,not_observable,not_observable,not_observable,not_observable,not_observable,0,0,0,,0,0,0
PURE_002,proposed_method,BR-013,business_rule_constraint,A product shall only be purchasable when it is marked active and available for sale.,not_observable,observed_partial,not_observable,not_observable,observed_partial,2,1,1,observed_partial,0,0,0
PURE_002,proposed_method,BR-014,business_rule_constraint,"A price change shall apply to new carts and new orders only, not to an order already placed.",not_observable,not_observable,not_observable,not_observable,not_observable,0,0,0,,0,0,0
PURE_002,proposed_method,BR-015,business_rule_constraint,"If a cart exceeds quantity or value limits, checkout shall not proceed until the customer adjusts the cart.",not_observable,not_observable,not_observable,not_observable,not_observable,0,0,0,,0,0,0
PURE_002,proposed_method,BR-016,business_rule_constraint,"If a shipping address is technically valid but conflicts with a shipping method or carrier rule, the system shall warn the customer and allow them to choose a different option or address.",not_observable,not_observable,not_observable,not_observable,not_observable,0,0,0,,0,0,0
PURE_002,proposed_method,BR-017,business_rule_constraint,"The system shall validate shipping addresses enough to catch obvious problems such as missing street, city, postal code, or country.",not_observable,not_observable,not_observable,not_observable,not_observable,0,0,0,,0,0,0
PURE_002,proposed_method,BR-018,business_rule_constraint,The system shall not expose internal fraud or security details in customer-facing manual review messages.,not_observable,not_observable,not_observable,not_observable,not_observable,0,0,0,,0,0,0
PURE_002,proposed_method,BR-019,business_rule_constraint,"Administrative actions, sensitive access, and record views should be logged when practical to show who viewed what and why.",not_observable,not_observable,not_observable,not_observable,not_observable,0,0,0,,0,0,0
PURE_002,proposed_method,BR-020,business_rule_constraint,A product record shall not be saved with a broken image upload.,observed_satisfied,not_observable,not_observable,not_observable,not_observable,1,0,0,,0,0,0
PURE_002,proposed_method,DI-001,data_external_interface,The system shall use a trusted payment provider for payment processing.,not_observable,not_observable,not_observable,not_observable,not_observable,0,0,0,,0,0,0
PURE_002,proposed_method,DI-002,data_external_interface,The system shall support sending order confirmation by email.,not_observable,not_observable,not_observable,not_observable,not_observable,0,0,0,,0,0,0
PURE_002,proposed_method,DI-003,data_external_interface,The system shall support importing product data from common files such as CSV or Excel through the web interface.,not_observable,not_observable,observed_satisfied,not_observable,not_observable,1,0,0,,0,0,0
PURE_002,proposed_method,DI-004,data_external_interface,The system shall support product data migration from an existing legacy system when such data exists.,not_observable,not_observable,observed_satisfied,not_observable,not_observable,1,0,0,,0,0,0
PURE_002,proposed_method,QR-001,quality_requirement,The system shall be simple enough for new store owners to operate without much technical knowledge.,not_observable,not_observable,not_observable,not_observable,not_observable,0,0,0,,0,0,0
PURE_002,proposed_method,QR-002,quality_requirement,The system shall run reliably for core store operations.,not_observable,observed_partial,not_observable,not_observable,observed_partial,2,1,1,observed_partial,0,0,0
PURE_002,proposed_method,QR-003,quality_requirement,The system shall remain responsive when more people are browsing at once.,not_observable,not_observable,not_observable,not_observable,not_observable,0,0,0,,0,0,0
PURE_002,proposed_method,QR-004,quality_requirement,"If demand suddenly rises, the system shall slow down gracefully or queue non-urgent actions rather than failing outright.",not_observable,not_observable,not_observable,not_observable,not_observable,0,0,0,,0,0,0
PURE_002,proposed_method,QR-005,quality_requirement,The system shall provide clear validation and feedback for import and data review activities.,not_observable,not_observable,observed_partial,not_observable,not_observable,1,0,0,,0,0,0
PURE_002,proposed_method,QR-006,quality_requirement,The system shall provide clear error messages in plain language for invalid status transitions and blocked purchases.,not_observable,not_observable,not_observable,not_observable,not_observable,0,0,0,,0,0,0
PURE_002,proposed_method,QR-007,quality_requirement,"The system shall support the major current browsers Chrome, Safari, Edge, and Firefox.",not_observable,not_observable,not_observable,not_observable,not_observable,0,0,0,,0,0,0
PURE_002,proposed_method,QR-008,quality_requirement,"The system shall work on desktop, mobile devices, phones, and tablets.",not_observable,not_observable,not_observable,not_observable,not_observable,0,0,0,,0,0,0
PURE_002,proposed_method,QR-009,quality_requirement,The system shall keep important sales functions available as much as possible during partial service unavailability.,not_observable,not_observable,not_observable,not_observable,not_observable,0,0,0,,0,0,0
PURE_002,proposed_method,QR-010,quality_requirement,The system shall provide a clear success or failure message immediately after payment submission.,not_observable,not_observable,not_observable,not_observable,not_observable,0,0,0,,0,0,0
PURE_002,proposed_method,QR-011,quality_requirement,"The system shall provide enough detail in payment failure messages for the customer to understand whether the issue was a card issue, a declined transaction, or a system issue.",not_observable,not_observable,not_observable,not_observable,not_observable,0,0,0,,0,0,0
PURE_002,proposed_method,QR-012,quality_requirement,The system shall provide customer-facing confirmation information immediately after checkout.,not_observable,not_observable,not_observable,not_observable,not_observable,0,0,0,,0,0,0
PURE_002,proposed_method,QR-013,quality_requirement,The system shall use clear messaging for unavailable products and cart or checkout blocks.,not_observable,observed_satisfied,observed_satisfied,observed_partial,observed_partial,4,1,0,,0,0,0
PURE_002,proposed_method,QR-014,quality_requirement,The system shall keep the live catalog undisturbed by onboarding changes and shall support safe rollback if an import goes wrong.,not_observable,not_observable,not_observable,not_observable,not_observable,0,0,0,,0,0,0
PURE_002,proposed_method,QR-015,quality_requirement,The system shall apply new onboarding rules consistently to new loads without breaking existing products already in the system.,not_observable,observed_partial,not_observable,not_observable,observed_partial,2,1,1,observed_partial,0,0,0
PURE_002,proposed_method,QR-016,quality_requirement,The system shall allow a new store operator to perform basic administrative tasks from the web interface without technical setup.,not_observable,not_observable,not_observable,not_observable,not_observable,0,0,0,,0,0,0
PURE_002,proposed_method,EX-001,exception_boundary,"If payment fails or is only partially completed, the order shall not confirm.",not_observable,not_observable,not_observable,not_observable,not_observable,0,0,0,,0,0,0
PURE_002,proposed_method,EX-002,exception_boundary,"If a product image upload fails or is invalid, the product shall not be saved with a broken image record.",observed_partial,not_observable,not_observable,not_observable,not_observable,1,0,0,,0,0,0
PURE_002,proposed_method,EX-003,exception_boundary,"If no delivery method is available for a shipping address, checkout shall stop.",not_observable,not_observable,not_observable,not_observable,not_observable,0,0,0,,0,0,0
PURE_002,proposed_method,EX-004,exception_boundary,"If a cart exceeds limits, the customer shall be blocked from checkout until the cart is corrected.",not_observable,not_observable,not_observable,not_observable,not_observable,0,0,0,,0,0,0
PURE_002,proposed_method,EX-005,exception_boundary,"If a manual review cannot be quickly verified, the order shall remain on hold until staff can decide or customer action is completed.",not_observable,not_observable,not_observable,not_observable,not_observable,0,0,0,,0,0,0
PURE_002,proposed_method,EX-006,exception_boundary,"If an order is invalidly transitioned to fulfillment, the system shall block the transition.",not_observable,not_observable,not_observable,not_observable,not_observable,0,0,0,,0,0,0
PURE_004,llmrei-long,FR-001,functional_requirement,The system shall provide a graphical board for block-moving puzzle play.,not_observable,not_observable,not_observable,not_observable,not_observable,0,0,0,,0,0,0
PURE_004,llmrei-long,FR-002,functional_requirement,The system shall allow the player to move blocks to solve a predefined challenge.,observed_partial,not_observable,not_observable,not_observable,not_observable,1,0,0,,0,0,0
PURE_004,llmrei-long,FR-003,functional_requirement,The system shall support normal play.,observed_satisfied,not_observable,not_observable,not_observable,not_observable,1,0,0,,0,0,0
PURE_004,llmrei-long,FR-004,functional_requirement,"The system shall handle the board, the moves, and the puzzle state automatically.",observed_partial,not_observable,not_observable,not_observable,not_observable,1,0,0,,0,0,0
PURE_004,llmrei-long,FR-005,functional_requirement,The system shall enforce puzzle rules automatically.,observed_partial,not_observable,not_observable,not_observable,not_observable,1,0,0,,0,0,0
PURE_004,llmrei-long,FR-006,functional_requirement,The system shall keep track of the current puzzle state after each move.,not_observable,not_observable,not_observable,not_observable,not_observable,0,0,0,,0,0,0
PURE_004,llmrei-long,FR-007,functional_requirement,The system shall detect when the challenge has been solved.,not_observable,not_observable,not_observable,not_observable,not_observable,0,0,0,,0,0,0
PURE_004,llmrei-long,FR-008,functional_requirement,The system shall allow players to use mouse or touch input for block movement if possible.,not_observable,not_observable,not_observable,not_observable,not_observable,0,0,0,,0,0,0
PURE_004,llmrei-long,FR-009,functional_requirement,The system shall prevent invalid moves from occurring.,observed_satisfied,not_observable,not_observable,not_observable,not_observable,1,0,0,,0,0,0
PURE_004,llmrei-long,FR-010,functional_requirement,"The system shall give a clear, gentle visual cue when a move is invalid.",not_observable,not_observable,not_observable,not_observable,not_observable,0,0,0,,0,0,0
PURE_004,llmrei-long,FR-011,functional_requirement,The system shall automatically save the player's current progress.,not_observable,not_observable,not_observable,not_observable,not_observable,0,0,0,,0,0,0
PURE_004,llmrei-long,FR-012,functional_requirement,The system shall allow a player to resume an unfinished puzzle from the saved state.,not_observable,not_observable,not_observable,not_observable,not_observable,0,0,0,,0,0,0
PURE_004,llmrei-long,FR-013,functional_requirement,"When a player resumes an unfinished puzzle, the system shall load the exact saved board position.",not_observable,not_observable,not_observable,not_observable,not_observable,0,0,0,,0,0,0
PURE_004,llmrei-long,FR-014,functional_requirement,"When a player resumes an unfinished puzzle, the system shall continue the earlier timer and action count.",not_observable,not_observable,not_observable,not_observable,not_observable,0,0,0,,0,0,0
PURE_004,llmrei-long,FR-015,functional_requirement,"The system shall automatically store completion time, number of actions, and score after a puzzle is finished.",not_observable,not_observable,not_observable,not_observable,not_observable,0,0,0,,0,0,0
PURE_004,llmrei-long,FR-016,functional_requirement,The system shall automatically save results without requiring the player to do anything extra.,not_observable,not_observable,not_observable,not_observable,not_observable,0,0,0,,0,0,0
PURE_004,llmrei-long,FR-017,functional_requirement,The system shall provide a reset or replay option for the current puzzle.,not_observable,not_observable,not_observable,not_observable,not_observable,0,0,0,,0,0,0
PURE_004,llmrei-long,FR-018,functional_requirement,The reset or replay option shall start the current puzzle over from the original beginning state.,not_observable,not_observable,not_observable,not_observable,not_observable,0,0,0,,0,0,0
PURE_004,llmrei-long,FR-019,functional_requirement,The reset or replay option shall clear the current moves and restore the board to the initial layout.,not_observable,not_observable,not_observable,not_observable,not_observable,0,0,0,,0,0,0
PURE_004,llmrei-long,FR-020,functional_requirement,The reset or replay option shall be easy to find during play.,not_observable,not_observable,not_observable,not_observable,not_observable,0,0,0,,0,0,0
PURE_004,llmrei-long,FR-021,functional_requirement,The system shall provide basic success feedback when the player solves the puzzle.,not_observable,not_observable,not_observable,not_observable,not_observable,0,0,0,,0,0,0
PURE_004,llmrei-long,FR-022,functional_requirement,The success feedback shall clearly show that the puzzle has been completed.,not_observable,not_observable,not_observable,not_observable,not_observable,0,0,0,,0,0,0
PURE_004,llmrei-long,FR-023,functional_requirement,The success feedback shall use a simple success message or visual celebration.,observed_satisfied,not_observable,not_observable,not_observable,not_observable,1,0,0,,0,0,0
PURE_004,llmrei-long,FR-024,functional_requirement,"If a failure condition is planned, it shall be gentle and may include offering restart or retry.",observed_satisfied,not_observable,not_observable,not_observable,not_observable,1,0,0,,0,0,0
PURE_004,llmrei-long,FR-025,functional_requirement,The interface shall stay very straightforward.,not_observable,not_observable,not_observable,not_observable,not_observable,0,0,0,,0,0,0
PURE_004,llmrei-long,BR-001,business_rule_constraint,The game shall replace manual or ad hoc tracking with automatic in-game tracking.,observed_satisfied,not_observable,not_observable,not_observable,not_observable,1,0,0,,0,0,0
PURE_004,llmrei-long,BR-002,business_rule_constraint,The game shall store player results locally in a simple way.,not_observable,not_observable,not_observable,not_observable,not_observable,0,0,0,,0,0,0
PURE_004,llmrei-long,BR-003,business_rule_constraint,The game shall not require a harsh game-over as a failure mechanism.,not_observable,not_observable,not_observable,not_observable,not_observable,0,0,0,,0,0,0
PURE_004,llmrei-long,BR-004,business_rule_constraint,"When a player resumes the same unfinished puzzle, the timer and action count shall continue rather than reset.",not_observable,not_observable,not_observable,not_observable,not_observable,0,0,0,,0,0,0
PURE_004,llmrei-long,BR-005,business_rule_constraint,The game shall be designed to work well for beginners as well as adults.,not_observable,not_observable,not_observable,not_observable,not_observable,0,0,0,,0,0,0
PURE_004,llmrei-long,DI-001,data_external_interface,The system shall save and restore progress locally.,not_observable,not_observable,not_observable,not_observable,not_observable,0,0,0,,0,0,0
PURE_004,llmrei-long,DI-002,data_external_interface,"The system shall keep a simple player record or history of past completion times, actions, and scores for each puzzle.",not_observable,not_observable,not_observable,not_observable,not_observable,0,0,0,,0,0,0
PURE_004,llmrei-long,QR-001,quality_requirement,The game shall feel responsive.,not_observable,not_observable,not_observable,not_observable,not_observable,0,0,0,,0,0,0
PURE_004,llmrei-long,QR-002,quality_requirement,The game shall be able to be opened and used right away without special setup on the intended computer.,not_observable,not_observable,not_observable,not_observable,not_observable,0,0,0,,0,0,0
PURE_004,llmrei-long,QR-003,quality_requirement,The game shall run reliably on the intended computer.,not_observable,not_observable,not_observable,not_observable,not_observable,0,0,0,,0,0,0
PURE_004,llmrei-long,QR-004,quality_requirement,The game shall let players understand it quickly.,not_observable,not_observable,not_observable,not_observable,not_observable,0,0,0,,0,0,0
PURE_004,llmrei-long,QR-005,quality_requirement,The game shall support a smooth puzzle experience.,not_observable,not_observable,not_observable,not_observable,not_observable,0,0,0,,0,0,0
PURE_004,llmrei-long,QR-006,quality_requirement,The game shall avoid obvious crashes and data loss.,not_observable,not_observable,not_observable,not_observable,not_observable,0,0,0,,0,0,0
PURE_004,llmrei-long,EX-001,exception_boundary,"If a move is invalid, the game shall reject the move and show a gentle visual indication instead of interrupting play with an error message.",observed_partial,not_observable,not_observable,not_observable,not_observable,1,0,0,,0,0,0
PURE_004,llmrei-long,EX-002,exception_boundary,"If a player returns to an unfinished puzzle, the game shall offer the option to resume from the saved state.",not_observable,not_observable,not_observable,not_observable,not_observable,0,0,0,,0,0,0
PURE_004,hashimoto,FR-001,functional_requirement,The player shall move blocks on the graphical board to solve a predefined challenge.,not_observable,observed_partial,observed_unsatisfied,observed_unsatisfied,not_observable,3,1,0,,0,0,0
PURE_004,hashimoto,FR-002,functional_requirement,The application shall support normal play.,observed_partial,observed_satisfied,not_observable,observed_satisfied,observed_satisfied,4,1,0,,0,0,0
PURE_004,hashimoto,FR-003,functional_requirement,"The application shall retain player progress and results information, including time, actions, and scores.",observed_partial,observed_partial,observed_partial,not_observable,not_observable,3,1,1,observed_partial,0,0,0
PURE_004,hashimoto,FR-005,functional_requirement,The game shall be easy to pick up for players.,not_observable,observed_satisfied,not_observable,not_observable,observed_satisfied,2,1,1,observed_satisfied,0,0,0
PURE_004,hashimoto,FR-007,functional_requirement,The game shall remain interesting for adults.,not_observable,not_observable,not_observable,not_observable,not_observable,0,0,0,,0,0,0
PURE_004,hashimoto,FR-009,functional_requirement,Players shall be able to complete puzzles without confusion.,not_observable,observed_partial,not_observable,not_observable,not_observable,1,0,0,,0,0,0
PURE_004,hashimoto,FR-010,functional_requirement,Players shall be able to understand their progress clearly.,observed_unsatisfied,observed_satisfied,observed_satisfied,not_observable,observed_satisfied,4,1,0,,0,0,0
PURE_004,hashimoto,FR-011,functional_requirement,Players shall be able to replay the game or improve their times and scores.,not_observable,observed_satisfied,observed_partial,not_observable,not_observable,2,1,0,,0,0,0
PURE_004,hashimoto,FR-012,functional_requirement,The administrator shall be able to set up or change the puzzles that are available.,observed_partial,not_observable,not_observable,not_observable,not_observable,1,0,0,,0,0,0
PURE_004,hashimoto,FR-013,functional_requirement,The administrator shall be able to configure the board layout.,not_observable,not_observable,not_observable,not_observable,not_observable,0,0,0,,0,0,0
PURE_004,hashimoto,FR-014,functional_requirement,The administrator shall be able to configure the predefined challenge the player has to solve.,not_observable,not_observable,not_observable,not_observable,not_observable,0,0,0,,0,0,0
PURE_004,hashimoto,FR-015,functional_requirement,The administrator shall be able to adjust difficulty-related settings.,not_observable,not_observable,not_observable,not_observable,not_observable,0,0,0,,0,0,0
PURE_004,hashimoto,FR-016,functional_requirement,The administrator shall be able to control which challenges are shown to beginners versus more advanced players.,not_observable,not_observable,not_observable,not_observable,not_observable,0,0,0,,0,0,0
PURE_004,hashimoto,FR-017,functional_requirement,The administrator shall have access to player results and progress records.,not_observable,not_observable,not_observable,not_observable,not_observable,0,0,0,,0,0,0
PURE_004,hashimoto,FR-018,functional_requirement,The administrator shall be able to clear player results and progress records if needed.,observed_partial,observed_partial,observed_partial,observed_partial,not_observable,4,1,1,observed_partial,0,0,0
PURE_004,hashimoto,FR-019,functional_requirement,The administrator shall be able to archive player results and progress records if needed.,not_observable,observed_partial,observed_partial,observed_partial,not_observable,3,1,1,observed_partial,0,0,0
PURE_004,hashimoto,FR-020,functional_requirement,Changes made by the administrator shall be applied centrally.,not_observable,not_observable,not_observable,not_observable,not_observable,0,0,0,,0,0,0
PURE_004,hashimoto,FR-021,business_rule_constraint,"Unless a change is a very small setting change that can safely be applied immediately, administrator changes shall take effect the next time the game starts.",not_observable,not_observable,not_observable,not_observable,not_observable,0,0,0,,0,0,0
PURE_004,sparkme,FR-001,functional_requirement,The system shall allow a player to start a puzzle session by launching a puzzle.,observed_satisfied,not_observable,observed_satisfied,observed_satisfied,observed_unsatisfied,4,1,0,,0,0,0
PURE_004,sparkme,FR-002,functional_requirement,"The system shall end a puzzle session when the player solves the puzzle, gives up, or exits the game.",observed_partial,not_observable,observed_partial,not_observable,not_observable,2,1,1,observed_partial,0,0,0
PURE_004,sparkme,FR-003,functional_requirement,The system shall save progress when a level is completed.,observed_satisfied,not_observable,not_observable,not_observable,not_observable,1,0,0,,0,0,0
PURE_004,sparkme,FR-004,functional_requirement,The system shall save progress during play when it can do so safely.,not_observable,not_observable,not_observable,not_observable,not_observable,0,0,0,,0,0,0
PURE_004,sparkme,FR-005,functional_requirement,The system shall preserve the current puzzle state as much as possible if the player closes the game in the middle of a puzzle so play can continue later.,not_observable,not_observable,not_observable,not_observable,not_observable,0,0,0,,0,0,0
PURE_004,sparkme,FR-006,functional_requirement,The system shall restore the last safe state when the game is interrupted or closed suddenly.,not_observable,not_observable,not_observable,not_observable,not_observable,0,0,0,,0,0,0
PURE_004,sparkme,FR-007,functional_requirement,"The system shall block invalid moves cleanly and provide immediate, clear feedback explaining why the move cannot happen.",observed_satisfied,observed_satisfied,observed_satisfied,observed_partial,observed_satisfied,5,1,0,,1,0,0
PURE_004,sparkme,FR-008,functional_requirement,The system shall reject invalid moves without changing the board state or losing progress.,observed_satisfied,observed_partial,observed_partial,observed_partial,not_observable,4,1,0,,0,0,0
PURE_004,sparkme,FR-009,functional_requirement,The system shall allow the player to undo moves easily without penalty.,observed_satisfied,not_observable,observed_partial,not_observable,not_observable,2,1,0,,0,0,0
PURE_004,sparkme,FR-010,functional_requirement,The system shall allow the player to restart a puzzle easily without penalty.,observed_satisfied,observed_partial,observed_partial,observed_partial,observed_partial,5,1,0,,1,0,0
PURE_004,sparkme,FR-011,functional_requirement,The system shall provide a subtle hint capability that players can request rather than having hints pushed at them.,observed_satisfied,observed_partial,observed_satisfied,not_observable,observed_partial,4,1,0,,0,0,0
PURE_004,sparkme,FR-012,functional_requirement,"The system shall ignore extra inputs once an action is already being processed, rather than queueing them.",not_observable,not_observable,not_observable,not_observable,not_observable,0,0,0,,0,0,0
PURE_004,sparkme,FR-013,functional_requirement,The system shall preserve the board state predictably when rapid repeated clicks or inputs occur.,observed_satisfied,not_observable,not_observable,observed_satisfied,not_observable,2,1,1,observed_satisfied,0,0,0
PURE_004,sparkme,FR-014,functional_requirement,"The system shall keep track of the player's session, puzzle state, completion time, move count, and score.",observed_partial,observed_partial,observed_partial,observed_partial,not_observable,4,1,1,observed_partial,0,0,0
PURE_004,sparkme,FR-015,functional_requirement,The system shall retain a history of completed puzzles or attempts.,not_observable,not_observable,not_observable,not_observable,not_observable,0,0,0,,0,0,0
PURE_004,sparkme,FR-016,functional_requirement,"The system shall provide a simple progress view showing puzzles completed, current time on the active puzzle, moves made, and best results if available.",observed_partial,observed_satisfied,observed_partial,observed_partial,not_observable,4,1,0,,0,0,0
PURE_004,sparkme,FR-017,functional_requirement,The system shall allow a player to access progress and stats from a dedicated menu area such as Progress or Stats.,observed_satisfied,observed_satisfied,observed_satisfied,not_observable,not_observable,3,1,1,observed_satisfied,0,0,0
PURE_004,sparkme,FR-018,functional_requirement,The system shall allow players to export stats from the same Progress or Stats area.,observed_partial,not_observable,observed_partial,observed_partial,observed_partial,4,1,1,observed_partial,0,0,0
PURE_004,sparkme,FR-019,functional_requirement,The system shall export basic stats by default.,observed_satisfied,not_observable,observed_satisfied,not_observable,observed_partial,3,1,0,,0,0,0
PURE_004,sparkme,FR-020,functional_requirement,The system shall allow optional inclusion of more detailed session records in stats export if supported.,not_observable,not_observable,not_observable,not_observable,not_observable,0,0,0,,0,0,0
PURE_004,sparkme,FR-021,functional_requirement,"The system shall show a clear confirmation message after a successful stats export, including the file location or file name.",observed_satisfied,not_observable,observed_satisfied,observed_satisfied,observed_satisfied,4,1,1,observed_satisfied,0,0,0
PURE_004,sparkme,FR-022,functional_requirement,The system shall provide a selectable view of the player's overall progress in the Progress or Stats area.,observed_satisfied,observed_partial,observed_satisfied,observed_satisfied,not_observable,4,1,0,,0,0,0
PURE_004,sparkme,FR-023,functional_requirement,The system shall support a progress view with more detail available behind an extra click.,observed_partial,observed_partial,observed_partial,observed_partial,not_observable,4,1,1,observed_partial,0,0,0
PURE_004,sparkme,FR-024,functional_requirement,"The system shall support player scores, times, and other progress data in a way that helps players see improvement and replay challenges.",observed_partial,observed_partial,observed_partial,not_observable,not_observable,3,1,1,observed_partial,0,0,0
PURE_004,sparkme,FR-025,functional_requirement,The system shall allow the player to play offline and save progress locally without internet access.,not_observable,not_observable,not_observable,not_observable,not_observable,0,0,0,,0,0,0
PURE_004,sparkme,FR-026,functional_requirement,The system shall be simple to install and launch without requiring extra services.,observed_partial,observed_partial,observed_partial,observed_partial,observed_partial,5,1,1,observed_partial,1,1,0
PURE_004,sparkme,FR-027,functional_requirement,"The system shall support a very clear and forgiving beginner experience with simple instructions, visual guidance, and an easier first level or challenge.",observed_partial,observed_partial,observed_partial,not_observable,observed_partial,4,1,1,observed_partial,0,0,0
PURE_004,sparkme,FR-028,functional_requirement,The system shall make the puzzles harder for more experienced players as they continue.,not_observable,not_observable,not_observable,not_observable,not_observable,0,0,0,,0,0,0
PURE_004,sparkme,FR-029,functional_requirement,"The system shall make time, moves, and score more prominent for more experienced players.",not_observable,not_observable,not_observable,not_observable,not_observable,0,0,0,,0,0,0
PURE_004,sparkme,FR-030,functional_requirement,The system shall provide an easy way to resume play after a sudden exit or interruption.,not_observable,not_observable,not_observable,not_observable,not_observable,0,0,0,,0,0,0
PURE_004,sparkme,FR-031,functional_requirement,The system shall preserve the most recently captured safe state after a sudden exit.,not_observable,not_observable,not_observable,not_observable,not_observable,0,0,0,,0,0,0
PURE_004,sparkme,FR-032,functional_requirement,The system shall recover from a save file or saved result that cannot be read properly without blocking the rest of the application.,observed_satisfied,not_observable,observed_satisfied,observed_satisfied,not_observable,3,1,1,observed_satisfied,0,0,0
PURE_004,sparkme,FR-033,functional_requirement,The system shall let the player start a new session when corrupted save data is encountered.,observed_satisfied,not_observable,observed_satisfied,not_observable,not_observable,2,1,1,observed_satisfied,0,0,0
PURE_004,sparkme,FR-034,functional_requirement,"The system shall support subtle non-blocking cues only when a real problem occurs, such as a save failure or recovery event.",not_observable,not_observable,not_observable,not_observable,observed_partial,1,0,0,,0,0,0
PURE_004,sparkme,FR-035,functional_requirement,The system shall support update checks that are optional and unobtrusive.,not_observable,observed_partial,not_observable,not_observable,not_observable,1,0,0,,0,0,0
PURE_004,sparkme,FR-036,functional_requirement,The system shall display update prompts only when important updates are available and preferably after a game ends or when the player returns to a menu.,not_observable,not_observable,not_observable,not_observable,not_observable,0,0,0,,0,0,0
PURE_004,sparkme,FR-037,functional_requirement,The system shall allow the player to dismiss an update prompt easily and continue playing.,not_observable,not_observable,not_observable,not_observable,not_observable,0,0,0,,0,0,0
PURE_004,sparkme,FR-038,functional_requirement,The system shall support a simple local stats export that saves a readable file the player can keep or share.,observed_partial,not_observable,observed_partial,observed_partial,observed_partial,4,1,1,observed_partial,0,0,0
PURE_004,sparkme,FR-039,functional_requirement,The system shall not require the player to create an account for update checks or stats export.,observed_partial,not_observable,observed_partial,observed_partial,observed_partial,4,1,1,observed_partial,0,0,0
PURE_004,sparkme,FR-040,functional_requirement,The system shall provide a simple plain-language explanation if stats export fails and indicate whether the data was saved elsewhere.,not_observable,not_observable,not_observable,not_observable,not_observable,0,0,0,,0,0,0
PURE_004,sparkme,FR-041,functional_requirement,The system shall fail quietly if an update check cannot connect and offer the player an option to try again later.,not_observable,observed_satisfied,not_observable,not_observable,not_observable,1,0,0,,0,0,0
PURE_004,sparkme,FR-042,functional_requirement,The system shall keep running normally if an update check fails or stats export fails.,not_observable,observed_partial,not_observable,not_observable,not_observable,1,0,0,,0,0,0
PURE_004,sparkme,FR-043,quality_requirement,The system shall support a lightweight playable experience that does not make the player feel constantly interrupted.,observed_partial,observed_partial,observed_partial,observed_partial,not_observable,4,1,1,observed_partial,0,0,0
PURE_004,sparkme,FR-044,quality_requirement,"The system shall allow the player to view overall progress in a simple, lightweight presentation without dense charts or excessive text.",observed_satisfied,observed_satisfied,observed_satisfied,observed_satisfied,not_observable,4,1,1,observed_satisfied,0,0,0
PURE_004,sparkme,FR-045,functional_requirement,The system shall support a clear and meaningful replayable challenge experience.,observed_partial,observed_partial,observed_partial,observed_partial,not_observable,4,1,1,observed_partial,0,0,0
PURE_004,sparkme,BR-001,business_rule_constraint,Mobile support is out of scope unless the sponsor decides otherwise.,not_observable,not_observable,not_observable,not_observable,not_observable,0,0,0,,0,0,0
PURE_004,sparkme,BR-002,business_rule_constraint,Automatic updates are out of scope unless the sponsor decides otherwise.,not_observable,not_observable,not_observable,not_observable,not_observable,0,0,0,,0,0,0
PURE_004,sparkme,BR-003,business_rule_constraint,"The game shall be treated as standalone and shall not need a network connection, accounts, or third-party services in the first version.",observed_partial,observed_partial,observed_partial,observed_partial,observed_partial,5,1,1,observed_partial,1,1,0
PURE_004,sparkme,BR-004,business_rule_constraint,The system shall keep saved data minimal and avoid collecting personal information unless there is a very clear reason.,not_observable,not_observable,not_observable,not_observable,not_observable,0,0,0,,0,0,0
PURE_004,sparkme,BR-005,business_rule_constraint,The system shall treat the player's current game and recent progress as higher priority than minimizing save file size.,not_observable,not_observable,not_observable,not_observable,not_observable,0,0,0,,0,0,0
PURE_004,sparkme,BR-006,business_rule_constraint,The system shall not use heavy-handed account security or online protection.,observed_partial,not_observable,not_observable,not_observable,not_observable,1,0,0,,0,0,0
PURE_004,sparkme,BR-007,business_rule_constraint,The system shall handle corrupted save data by detecting it with basic integrity checks and recovering cleanly rather than crashing or showing nonsense.,observed_satisfied,not_observable,observed_partial,observed_satisfied,not_observable,3,1,0,,0,0,0
PURE_004,sparkme,BR-008,business_rule_constraint,The system shall mark obvious tampering as unreliable only if doing so does not cause problems for honest players.,not_observable,not_observable,not_observable,not_observable,not_observable,0,0,0,,0,0,0
PURE_004,sparkme,BR-009,business_rule_constraint,"If a save looks invalid, the system shall reset only the affected stats or progress as needed and inform the player in plain language.",observed_unsatisfied,not_observable,observed_unsatisfied,observed_partial,not_observable,3,1,0,,0,0,0
PURE_004,sparkme,BR-010,business_rule_constraint,The system shall preserve meaningful recent progress and avoid losing it during storage management.,not_observable,not_observable,not_observable,not_observable,not_observable,0,0,0,,0,0,0
PURE_004,sparkme,BR-011,business_rule_constraint,The system shall automatically summarize older puzzle records once they are no longer needed in full detail while keeping key totals and best results intact.,not_observable,not_observable,not_observable,not_observable,not_observable,0,0,0,,0,0,0
PURE_004,sparkme,BR-012,business_rule_constraint,The system shall begin warnings well before the save becomes a problem.,not_observable,not_observable,not_observable,not_observable,not_observable,0,0,0,,0,0,0
PURE_004,sparkme,BR-013,business_rule_constraint,"The system shall trim or summarize the oldest detailed history first, not current or recent progress, when storage needs to be reduced.",not_observable,not_observable,not_observable,not_observable,not_observable,0,0,0,,0,0,0
PURE_004,sparkme,BR-014,business_rule_constraint,"If the save file limit is exceeded, the system shall finish saving as safely as possible, preserve essential progress, and explain that older detail was condensed.",not_observable,not_observable,not_observable,not_observable,not_observable,0,0,0,,0,0,0
PURE_004,sparkme,BR-015,business_rule_constraint,The system shall detect obvious tampering only when it can do so without causing problems for honest players.,not_observable,not_observable,not_observable,observed_partial,not_observable,1,0,0,,0,0,0
PURE_004,sparkme,BR-016,business_rule_constraint,The system shall handle repeated rapid inputs calmly by ignoring extra inputs while an action is already being processed.,not_observable,not_observable,not_observable,not_observable,not_observable,0,0,0,,0,0,0
PURE_004,sparkme,BR-017,business_rule_constraint,The system shall provide only small non-blocking cues when there is a real problem such as a save failure or recovery event.,observed_unsatisfied,not_observable,not_observable,not_observable,observed_unsatisfied,2,1,1,observed_unsatisfied,0,0,0
PURE_004,sparkme,BR-018,business_rule_constraint,"The system shall show warnings as subtle notifications during normal play, such as after a save or between puzzles, and use a modal dialog only when the player must make a decision or acknowledge condensed data.",not_observable,not_observable,not_observable,not_observable,not_observable,0,0,0,,0,0,0
PURE_004,sparkme,BR-019,business_rule_constraint,The system shall not repeatedly remind the player about a save status problem unless the problem is still unresolved.,not_observable,not_observable,not_observable,not_observable,not_observable,0,0,0,,0,0,0
PURE_004,sparkme,DI-001,data_external_interface,The system shall store progress locally on the player's device.,not_observable,not_observable,not_observable,not_observable,not_observable,0,0,0,,0,0,0
PURE_004,sparkme,DI-002,data_external_interface,The system shall support a readable local file format for exported stats.,not_observable,not_observable,not_observable,observed_satisfied,not_observable,1,0,0,,0,0,0
PURE_004,sparkme,DI-003,data_external_interface,The system shall support optional update-check communication when update checks are enabled.,not_observable,not_observable,not_observable,not_observable,not_observable,0,0,0,,0,0,0
PURE_004,sparkme,QR-001,quality_requirement,The system shall be easy to understand immediately and require little or no setup or training.,observed_partial,observed_partial,observed_partial,observed_partial,observed_partial,5,1,1,observed_partial,1,1,0
PURE_004,sparkme,QR-002,quality_requirement,The system shall provide clear feedback on player performance.,observed_satisfied,observed_satisfied,not_observable,observed_satisfied,observed_satisfied,4,1,1,observed_satisfied,0,0,0
PURE_004,sparkme,QR-003,quality_requirement,The system shall remain lightweight and easy to distribute.,not_observable,not_observable,not_observable,not_observable,not_observable,0,0,0,,0,0,0
PURE_004,sparkme,QR-004,quality_requirement,The system shall be fun for players and encourage them to come back and replay challenges.,not_observable,not_observable,not_observable,not_observable,not_observable,0,0,0,,0,0,0
PURE_004,sparkme,QR-005,quality_requirement,The system shall behave reliably when saving results and during gameplay flow.,observed_partial,observed_partial,observed_partial,observed_partial,not_observable,4,1,1,observed_partial,0,0,0
PURE_004,sparkme,QR-006,quality_requirement,The system shall keep the interface clear for younger beginners.,not_observable,observed_satisfied,observed_satisfied,not_observable,observed_satisfied,3,1,1,observed_satisfied,0,0,0
PURE_004,sparkme,QR-007,quality_requirement,"The system shall keep the game logic maintainable and board interactions, timing, and stored player information working correctly without introducing bugs.",observed_partial,not_observable,not_observable,not_observable,not_observable,1,0,0,,0,0,0
PURE_004,sparkme,QR-008,quality_requirement,The system shall remain responsive and lightweight even with a fairly large number of puzzle records.,not_observable,not_observable,not_observable,not_observable,not_observable,0,0,0,,0,0,0
PURE_004,sparkme,QR-009,quality_requirement,The system shall keep the board state predictable and prevent accidental double actions.,observed_partial,not_observable,not_observable,observed_partial,not_observable,2,1,1,observed_partial,0,0,0
PURE_004,sparkme,QR-010,quality_requirement,The system shall keep the gameplay challenge intact while preventing mistakes from turning into frustration.,observed_satisfied,not_observable,observed_partial,not_observable,not_observable,2,1,0,,0,0,0
PURE_004,sparkme,QR-011,quality_requirement,The system shall remain simple and reliable rather than using overly complex techniques that risk reliability.,observed_partial,not_observable,observed_partial,not_observable,not_observable,2,1,1,observed_partial,0,0,0
PURE_004,sparkme,QR-012,quality_requirement,The system shall keep saved data small through practical measures such as compression and indexing when they help without harming reliability.,not_observable,not_observable,not_observable,not_observable,not_observable,0,0,0,,0,0,0
PURE_004,sparkme,QR-013,quality_requirement,The system shall load puzzle data modularly so only needed parts are loaded rather than the entire library at once.,not_observable,not_observable,not_observable,not_observable,not_observable,0,0,0,,0,0,0
PURE_004,sparkme,QR-014,quality_requirement,"The system shall use subtle, low-pressure prompts for important non-gameplay features and avoid interrupting gameplay.",observed_partial,observed_partial,not_observable,not_observable,observed_partial,3,1,1,observed_partial,0,0,0
PURE_004,sparkme,EX-001,exception_boundary,"If a save file is corrupted, the system shall skip or quarantine the corrupted save so the player can continue using the game.",observed_satisfied,not_observable,observed_satisfied,observed_satisfied,not_observable,3,1,1,observed_satisfied,0,0,0
PURE_004,sparkme,EX-002,exception_boundary,"If a saved result cannot be read properly, the system shall recover without blocking the rest of the application.",not_observable,not_observable,not_observable,not_observable,not_observable,0,0,0,,0,0,0
PURE_004,sparkme,EX-003,exception_boundary,"If the game is interrupted or closed suddenly, the system shall preserve the last safe state on restart.",not_observable,not_observable,not_observable,not_observable,not_observable,0,0,0,,0,0,0
PURE_004,sparkme,EX-004,exception_boundary,"If an update check cannot connect, the system shall fail quietly and keep the game available for play.",not_observable,observed_partial,not_observable,not_observable,not_observable,1,0,0,,0,0,0
PURE_004,sparkme,EX-005,exception_boundary,"If stats export fails, the system shall provide a clear explanation and keep the game running normally.",not_observable,not_observable,not_observable,not_observable,not_observable,0,0,0,,0,0,0
PURE_004,sparkme,EX-006,exception_boundary,"If storage becomes an issue, the system shall warn the player and preserve essential progress rather than losing everything.",not_observable,not_observable,not_observable,not_observable,not_observable,0,0,0,,0,0,0
PURE_004,sparkme,EX-007,exception_boundary,"If the player switches between sessions or reopens a game after a long time, the system shall load cleanly and not lose track of the player's location.",not_observable,not_observable,not_observable,not_observable,not_observable,0,0,0,,0,0,0
PURE_004,proposed_method,FR-001,functional_requirement,The game shall present a graphical board for gameplay.,observed_unsatisfied,not_observable,observed_unsatisfied,observed_unsatisfied,observed_unsatisfied,4,1,1,observed_unsatisfied,0,0,0
PURE_004,proposed_method,FR-002,functional_requirement,The game shall allow the player to move blocks on the board.,not_observable,observed_satisfied,observed_satisfied,observed_satisfied,observed_satisfied,4,1,1,observed_satisfied,0,0,0
PURE_004,proposed_method,FR-003,functional_requirement,The game shall include predefined challenges or puzzles.,observed_satisfied,observed_satisfied,observed_satisfied,observed_satisfied,observed_satisfied,5,1,1,observed_satisfied,1,1,1
PURE_004,proposed_method,FR-004,functional_requirement,The game shall recognize a puzzle as completed when the player reaches the predefined goal state for that challenge.,not_observable,observed_satisfied,observed_satisfied,observed_satisfied,not_observable,3,1,1,observed_satisfied,0,0,0
PURE_004,proposed_method,FR-005,functional_requirement,The game shall record completion immediately when the goal state is reached in normal play.,not_observable,observed_satisfied,observed_satisfied,not_observable,not_observable,2,1,1,observed_satisfied,0,0,0
PURE_004,proposed_method,FR-006,functional_requirement,"The game shall track time, moves, and score for player progress and results.",not_observable,observed_satisfied,observed_partial,observed_partial,observed_partial,4,1,0,,0,0,0
PURE_004,proposed_method,FR-007,functional_requirement,The game shall save player progress or results locally on the same machine.,not_observable,observed_satisfied,observed_satisfied,observed_satisfied,observed_satisfied,4,1,1,observed_satisfied,0,0,0
PURE_004,proposed_method,FR-008,exception_boundary,"The game shall let the player continue playing if the local save file cannot be accessed, while clearly indicating that progress or results may not be stored.",not_observable,not_observable,not_observable,not_observable,not_observable,0,0,0,,0,0,0
PURE_004,proposed_method,FR-009,exception_boundary,The game shall avoid corrupting existing data if the machine shuts down during saving and shall restore the last completed save on the next launch.,not_observable,not_observable,not_observable,not_observable,not_observable,0,0,0,,0,0,0
PURE_004,proposed_method,FR-010,functional_requirement,The game shall support keyboard-only control for all essential gameplay and menu actions.,observed_partial,observed_partial,observed_partial,observed_partial,observed_partial,5,1,1,observed_partial,1,1,0
PURE_004,proposed_method,FR-011,functional_requirement,"The game shall allow the mouse as an optional convenience on the board and in menus, but not require it for any core action.",observed_partial,observed_partial,observed_partial,observed_partial,observed_partial,5,1,1,observed_partial,1,1,0
PURE_004,proposed_method,FR-012,exception_boundary,The game shall prevent illegal block moves.,observed_satisfied,observed_satisfied,observed_satisfied,not_observable,observed_satisfied,4,1,1,observed_satisfied,0,0,0
PURE_004,proposed_method,FR-013,functional_requirement,The game shall allow only legal moves that fit the puzzle layout and do not move through other blocks or outside the board boundaries.,observed_partial,not_observable,observed_partial,observed_partial,observed_partial,4,1,1,observed_partial,0,0,0
PURE_004,proposed_method,FR-014,functional_requirement,The game shall count a rejected move attempt as no action.,not_observable,observed_satisfied,observed_satisfied,not_observable,not_observable,2,1,1,observed_satisfied,0,0,0
PURE_004,proposed_method,FR-015,functional_requirement,The game shall count one deliberate input that legitimately shifts more than one block as one action.,not_observable,not_observable,not_observable,not_observable,not_observable,0,0,0,,0,0,0
PURE_004,proposed_method,FR-016,functional_requirement,The game shall allow any legal move sequence unless a specific puzzle design requires a strict sequence.,not_observable,not_observable,observed_satisfied,observed_partial,observed_partial,3,1,0,,0,0,0
PURE_004,proposed_method,FR-017,functional_requirement,"If a level requires a strict move sequence, the game shall make that requirement obvious before play and provide clear feedback during play when a move would break the sequence.",observed_satisfied,not_observable,observed_satisfied,not_observable,observed_satisfied,3,1,1,observed_satisfied,0,0,0
PURE_004,proposed_method,FR-018,functional_requirement,The game shall keep best time and fewest actions only for completed puzzles.,not_observable,observed_partial,not_observable,not_observable,observed_partial,2,1,1,observed_partial,0,0,0
PURE_004,proposed_method,FR-019,functional_requirement,"The game shall not count best time and fewest actions for abandoned runs, restarted runs, or obviously invalid cases such as damaged saves or puzzles that were never properly finished.",not_observable,observed_partial,observed_partial,observed_partial,observed_partial,4,1,1,observed_partial,0,0,0
PURE_004,proposed_method,FR-020,functional_requirement,"If a puzzle is restarted, the current attempt shall stop counting and a new attempt shall begin while earlier completed results remain in history.",not_observable,observed_partial,observed_partial,observed_partial,observed_partial,4,1,1,observed_partial,0,0,0
PURE_004,proposed_method,FR-021,functional_requirement,"When a saved game is restored as a resume of the player's progress, the game shall continue the existing stats for that attempt.",not_observable,observed_satisfied,not_observable,not_observable,not_observable,1,0,0,,0,0,0
PURE_004,proposed_method,FR-022,functional_requirement,"If a restore effectively rewinds or changes the puzzle state so the result is no longer comparable, the game shall treat that attempt separately or exclude it from the main results.",not_observable,not_observable,not_observable,not_observable,not_observable,0,0,0,,0,0,0
PURE_004,proposed_method,FR-023,functional_requirement,"If undo is included in the first release, the game shall flag undo separately in the record and shall not wipe out the whole attempt.",not_observable,not_observable,not_observable,observed_partial,not_observable,1,0,0,,0,0,0
PURE_004,proposed_method,FR-024,functional_requirement,"If undo is included in the first release, the game shall keep the time and move count for the attempt and indicate in the final result that undo was used.",not_observable,observed_partial,not_observable,observed_partial,not_observable,2,1,1,observed_partial,0,0,0
PURE_004,proposed_method,FR-025,business_rule_constraint,The game shall run fully offline and shall not depend on internet access or extra services.,not_observable,not_observable,not_observable,not_observable,not_observable,0,0,0,,0,0,0
PURE_004,proposed_method,FR-026,functional_requirement,The game shall support local user profiles or player profiles so that one person's saves do not overwrite another person's progress.,not_observable,observed_partial,not_observable,not_observable,not_observable,1,0,0,,0,0,0
PURE_004,proposed_method,FR-027,functional_requirement,"If multiple profiles are supported, each player's settings and records shall stay separate.",not_observable,not_observable,not_observable,not_observable,not_observable,0,0,0,,0,0,0
PURE_004,proposed_method,FR-028,functional_requirement,"The game shall use simple and consistent terminology for blocks, moves, time, score, level, and puzzle.",observed_partial,observed_partial,observed_partial,observed_partial,observed_partial,5,1,1,observed_partial,1,1,0
PURE_004,proposed_method,FR-029,functional_requirement,"The game shall keep terms such as current puzzle, completed puzzle, restart, continue, select puzzle, and results consistent across menus, help text, and records as much as possible.",not_observable,not_observable,not_observable,observed_partial,not_observable,1,0,0,,0,0,0
PURE_004,proposed_method,FR-030,functional_requirement,"The game shall use plain wording and avoid jargon in menus, help text, and records.",observed_partial,observed_partial,observed_partial,observed_partial,observed_partial,5,1,1,observed_partial,1,1,0
PURE_004,proposed_method,FR-031,quality_requirement,The game shall be quick to open and simple to navigate.,not_observable,observed_partial,observed_partial,observed_partial,observed_partial,4,1,1,observed_partial,0,0,0
PURE_004,proposed_method,FR-032,functional_requirement,"The game shall let players start, play, view results, and save progress as the focused first-release feature set.",observed_partial,observed_partial,observed_partial,observed_partial,observed_partial,5,1,1,observed_partial,1,1,0
PURE_004,proposed_method,QR-001,quality_requirement,"The game shall feel easy to understand for younger beginners, with simple controls and clear feedback.",observed_partial,observed_partial,observed_partial,observed_partial,observed_partial,5,1,1,observed_partial,1,1,0
PURE_004,proposed_method,QR-002,quality_requirement,The game shall remain engaging and challenging enough for more experienced or adult players.,not_observable,not_observable,not_observable,not_observable,not_observable,0,0,0,,0,0,0
PURE_004,proposed_method,QR-003,quality_requirement,"The game shall provide readable text and a clear, high-contrast board.",observed_partial,observed_partial,observed_partial,observed_partial,observed_partial,5,1,1,observed_partial,1,1,0
PURE_004,proposed_method,QR-004,quality_requirement,"The game should support larger font sizes if that is easy to provide, especially for menus and results screens.",not_observable,not_observable,not_observable,not_observable,not_observable,0,0,0,,0,0,0
PURE_004,proposed_method,QR-005,quality_requirement,The game shall run well on ordinary computers without requiring high-end hardware.,not_observable,not_observable,not_observable,not_observable,not_observable,0,0,0,,0,0,0
PURE_004,proposed_method,QR-006,quality_requirement,The game shall be stable and easy to maintain.,not_observable,observed_partial,observed_partial,not_observable,observed_partial,3,1,1,observed_partial,0,0,0
PURE_004,proposed_method,QR-007,quality_requirement,The game shall save the player's progress reliably on the local machine.,not_observable,observed_partial,not_observable,not_observable,not_observable,1,0,0,,0,0,0
PURE_004,proposed_method,QR-008,quality_requirement,The game shall be usable in a typical home or school setting without requiring special setup.,observed_partial,not_observable,not_observable,observed_satisfied,observed_partial,3,1,0,,0,0,0
PURE_004,proposed_method,QR-009,quality_requirement,The game shall be responsive and predictable during block movement.,observed_partial,observed_partial,observed_satisfied,observed_partial,observed_partial,5,1,0,,1,0,0
PURE_004,proposed_method,QR-010,quality_requirement,The game shall make player actions clearly countable so the player knows what was done.,observed_satisfied,observed_satisfied,observed_satisfied,observed_satisfied,observed_satisfied,5,1,1,observed_satisfied,1,1,1
PURE_004,proposed_method,EX-001,exception_boundary,A level may require a strict move sequence only if that requirement is part of the puzzle design and is clearly communicated to the player.,observed_satisfied,not_observable,observed_satisfied,not_observable,observed_satisfied,3,1,1,observed_satisfied,0,0,0
PURE_004,proposed_method,EX-002,exception_boundary,Completion may be delayed beyond the goal state only if a level has a special rule such as requiring the final arrangement to be held for a moment or confirmed by the player.,not_observable,not_observable,not_observable,not_observable,observed_satisfied,1,0,0,,0,0,0
PURE_004,proposed_method,EX-003,exception_boundary,A different term may be used in a special context only if it is clearer; otherwise terminology shall remain consistent.,not_observable,observed_unsatisfied,not_observable,observed_satisfied,not_observable,2,1,0,,0,0,0
PURE_004,proposed_method,EX-004,exception_boundary,"Starting fresh after an update is acceptable only if a major change makes old saves impossible to use, and that case should be rare and clearly explained.",not_observable,not_observable,not_observable,not_observable,not_observable,0,0,0,,0,0,0
PURE_024,llmrei-long,FR-001,functional_requirement,The system shall allow staff to register and maintain family profiles with parent or guardian contact details and linked children.,observed_partial,not_observable,observed_partial,not_observable,observed_partial,3,1,1,observed_partial,0,0,0
PURE_024,llmrei-long,FR-002,functional_requirement,"The system shall support enrollment management, including showing which children are enrolled, which are pending, and their waiting list position.",not_observable,observed_partial,not_observable,not_observable,observed_satisfied,2,1,0,,0,0,0
PURE_024,llmrei-long,FR-003,functional_requirement,The system shall support moving a child from the waiting list to active enrollment when a spot opens.,not_observable,not_observable,not_observable,not_observable,not_observable,0,0,0,,0,0,0
PURE_024,llmrei-long,FR-004,functional_requirement,The system shall allow staff to identify the next child in line for the appropriate classroom or age group when a spot opens.,not_observable,not_observable,not_observable,not_observable,not_observable,0,0,0,,0,0,0
PURE_024,llmrei-long,FR-005,functional_requirement,The system shall check classroom capacity before confirming a waiting-list-to-enrollment move.,not_observable,observed_partial,not_observable,not_observable,not_observable,1,0,0,,0,0,0
PURE_024,llmrei-long,FR-006,functional_requirement,The system shall support classroom capacity tracking by classroom and age group.,not_observable,observed_satisfied,not_observable,observed_satisfied,observed_satisfied,3,1,1,observed_satisfied,0,0,0
PURE_024,llmrei-long,BR-001,business_rule_constraint,The system shall prevent staff from placing too many children in a classroom.,not_observable,observed_satisfied,not_observable,not_observable,not_observable,1,0,0,,0,0,0
PURE_024,llmrei-long,FR-007,functional_requirement,The system shall provide staff with a quick view of available classroom spots by classroom and age group.,not_observable,observed_satisfied,not_observable,observed_satisfied,observed_satisfied,3,1,1,observed_satisfied,0,0,0
PURE_024,llmrei-long,FR-008,functional_requirement,The system shall store each child’s profile along with health and immunization information.,observed_partial,not_observable,observed_satisfied,not_observable,not_observable,2,1,0,,0,0,0
PURE_024,llmrei-long,FR-009,functional_requirement,The system shall allow staff to quickly see whether child health and immunization records are current or missing information.,not_observable,not_observable,not_observable,observed_partial,not_observable,1,0,0,,0,0,0
PURE_024,llmrei-long,FR-010,functional_requirement,The system shall support monitoring compliance related to child health and immunization information.,not_observable,not_observable,not_observable,observed_satisfied,not_observable,1,0,0,,0,0,0
PURE_024,llmrei-long,FR-011,functional_requirement,The system shall generate charges for each family based on the child’s enrollment and any applicable care schedule or fees.,not_observable,not_observable,observed_partial,not_observable,not_observable,1,0,0,,0,0,0
PURE_024,llmrei-long,FR-012,functional_requirement,"The system shall allow staff to see what has been billed, what has been paid, and what is still outstanding.",not_observable,observed_satisfied,not_observable,not_observable,observed_satisfied,2,1,1,observed_satisfied,0,0,0
PURE_024,llmrei-long,FR-013,functional_requirement,The system shall produce statements or receipts for parents if needed.,not_observable,not_observable,observed_satisfied,not_observable,observed_satisfied,2,1,1,observed_satisfied,0,0,0
PURE_024,llmrei-long,FR-014,functional_requirement,"The system shall produce clear information for parents about enrollment status, billing, and appropriate child or center updates.",not_observable,not_observable,not_observable,not_observable,observed_partial,1,0,0,,0,0,0
PURE_024,llmrei-long,FR-015,functional_requirement,The system shall reduce the need for staff to prepare parent-facing information manually by enabling faster sharing of consistent information.,not_observable,not_observable,not_observable,not_observable,not_observable,0,0,0,,0,0,0
PURE_024,llmrei-long,FR-016,functional_requirement,"The system shall support internal operational reporting for enrollment counts, vacancies, outstanding balances, and upcoming immunization issues.",observed_partial,observed_partial,observed_partial,observed_partial,observed_partial,5,1,1,observed_partial,1,1,0
PURE_024,llmrei-long,FR-017,functional_requirement,The system shall provide a daily snapshot of enrollment and classroom occupancy.,observed_partial,observed_partial,observed_satisfied,observed_satisfied,observed_satisfied,5,1,0,,1,0,0
PURE_024,llmrei-long,FR-018,functional_requirement,The system shall provide a view of the waiting list and any open spots.,observed_partial,observed_partial,observed_satisfied,observed_satisfied,observed_partial,5,1,0,,1,0,0
PURE_024,llmrei-long,FR-019,functional_requirement,The system shall provide a billing summary showing unpaid invoices.,not_observable,observed_satisfied,not_observable,observed_satisfied,observed_satisfied,3,1,1,observed_satisfied,0,0,0
PURE_024,llmrei-long,FR-020,functional_requirement,The system shall provide a health reminder view for immunizations that are due or missing.,not_observable,not_observable,not_observable,not_observable,not_observable,0,0,0,,0,0,0
PURE_024,llmrei-long,FR-021,functional_requirement,The system shall allow authorized staff to share up-to-date information through a central system.,not_observable,not_observable,not_observable,not_observable,not_observable,0,0,0,,0,0,0
PURE_024,llmrei-long,FR-022,functional_requirement,"The system shall support central storage and lookup of family, enrollment, billing, and child information.",not_observable,observed_partial,observed_partial,not_observable,observed_partial,3,1,1,observed_partial,0,0,0
PURE_024,llmrei-long,QR-001,quality_requirement,The system shall reduce manual work for staff.,not_observable,not_observable,not_observable,not_observable,not_observable,0,0,0,,0,0,0
PURE_024,llmrei-long,QR-002,quality_requirement,"The system shall keep family, enrollment, and billing information accurate in one place.",not_observable,not_observable,observed_partial,not_observable,observed_partial,2,1,1,observed_partial,0,0,0
PURE_024,llmrei-long,QR-003,quality_requirement,The system shall be easy enough for staff to learn quickly.,not_observable,not_observable,not_observable,not_observable,not_observable,0,0,0,,0,0,0
PURE_024,llmrei-long,QR-004,quality_requirement,The system shall be usable reliably in day-to-day operations without causing more confusion.,not_observable,not_observable,not_observable,not_observable,not_observable,0,0,0,,0,0,0
PURE_024,llmrei-long,BR-002,business_rule_constraint,Role-based access control shall restrict each employee to seeing and editing only the parts of the system that match their job.,not_observable,not_observable,not_observable,not_observable,not_observable,0,0,0,,0,0,0
PURE_024,llmrei-long,BR-003,business_rule_constraint,"Role-based access control shall ensure that office staff, teachers, and administrators do not all have the same access.",not_observable,not_observable,not_observable,not_observable,not_observable,0,0,0,,0,0,0
PURE_024,llmrei-long,BR-004,business_rule_constraint,Only authorized staff shall be able to see or change sensitive information.,not_observable,not_observable,not_observable,observed_unsatisfied,not_observable,1,0,0,,0,0,0
PURE_024,llmrei-long,BR-005,business_rule_constraint,"The system shall maintain an audit trail that records who changed a record, what changed, and when.",not_observable,not_observable,not_observable,not_observable,not_observable,0,0,0,,0,0,0
PURE_024,llmrei-long,BR-006,business_rule_constraint,Audit trail logs shall be searchable enough for management to review them when needed.,not_observable,not_observable,not_observable,not_observable,not_observable,0,0,0,,0,0,0
PURE_024,llmrei-long,FR-023,functional_requirement,"The system shall support reviewing audit trail entries to review decisions, track errors, and answer questions if there is a dispute.",not_observable,not_observable,not_observable,not_observable,not_observable,0,0,0,,0,0,0
PURE_024,hashimoto,FR-001,functional_requirement,The system shall allow administrators to register families.,observed_satisfied,observed_satisfied,observed_satisfied,observed_satisfied,observed_satisfied,5,1,1,observed_satisfied,1,1,1
PURE_024,hashimoto,FR-002,functional_requirement,The system shall support enrollment management.,observed_partial,observed_partial,observed_partial,not_observable,observed_partial,4,1,1,observed_partial,0,0,0
PURE_024,hashimoto,FR-003,functional_requirement,The system shall support classroom capacity management.,observed_partial,observed_satisfied,observed_partial,not_observable,observed_partial,4,1,0,,0,0,0
PURE_024,hashimoto,FR-004,functional_requirement,The system shall support waiting list management.,not_observable,observed_partial,observed_partial,not_observable,observed_partial,3,1,1,observed_partial,0,0,0
PURE_024,hashimoto,FR-005,functional_requirement,The system shall support tracking child immunizations.,observed_satisfied,observed_satisfied,observed_satisfied,not_observable,observed_satisfied,4,1,1,observed_satisfied,0,0,0
PURE_024,hashimoto,FR-006,functional_requirement,The system shall support invoicing.,observed_satisfied,observed_satisfied,observed_satisfied,observed_satisfied,observed_satisfied,5,1,1,observed_satisfied,1,1,1
PURE_024,hashimoto,FR-007,functional_requirement,The system shall support reporting for center operations.,observed_satisfied,observed_satisfied,observed_satisfied,observed_satisfied,observed_satisfied,5,1,1,observed_satisfied,1,1,1
PURE_024,hashimoto,FR-008,functional_requirement,The system shall support reporting to produce information for customers and center operations.,observed_partial,observed_partial,observed_partial,not_observable,observed_partial,4,1,1,observed_partial,0,0,0
PURE_024,hashimoto,FR-009,functional_requirement,The system shall help make invoicing easier.,observed_satisfied,observed_satisfied,observed_satisfied,observed_satisfied,observed_satisfied,5,1,1,observed_satisfied,1,1,1
PURE_024,hashimoto,FR-010,functional_requirement,The system shall help make reporting easier.,observed_satisfied,observed_satisfied,observed_satisfied,observed_satisfied,observed_satisfied,5,1,1,observed_satisfied,1,1,1
PURE_024,hashimoto,BR-001,business_rule_constraint,The system shall manage enrollments and waiting lists more consistently.,observed_partial,observed_partial,observed_partial,not_observable,observed_partial,4,1,1,observed_partial,0,0,0
PURE_024,sparkme,FR-001,functional_requirement,The system shall allow administrators to register families.,observed_satisfied,observed_satisfied,not_observable,observed_satisfied,not_observable,3,1,1,observed_satisfied,0,0,0
PURE_024,sparkme,FR-002,functional_requirement,The system shall allow administrators to manage enrollments.,observed_partial,not_observable,not_observable,not_observable,not_observable,1,0,0,,0,0,0
PURE_024,sparkme,FR-003,functional_requirement,The system shall allow administrators to manage classroom assignments.,observed_partial,not_observable,not_observable,observed_partial,not_observable,2,1,1,observed_partial,0,0,0
PURE_024,sparkme,FR-004,functional_requirement,The system shall allow administrators to manage classroom capacity.,not_observable,not_observable,not_observable,not_observable,not_observable,0,0,0,,0,0,0
PURE_024,sparkme,FR-005,functional_requirement,The system shall allow administrators to manage waiting lists.,not_observable,not_observable,not_observable,not_observable,not_observable,0,0,0,,0,0,0
PURE_024,sparkme,FR-006,functional_requirement,The system shall allow authorized staff to track child immunizations.,observed_partial,observed_satisfied,not_observable,observed_satisfied,not_observable,3,1,0,,0,0,0
PURE_024,sparkme,FR-007,functional_requirement,The system shall allow authorized staff to process invoices.,not_observable,not_observable,not_observable,observed_satisfied,not_observable,1,0,0,,0,0,0
PURE_024,sparkme,FR-008,functional_requirement,The system shall allow staff to look up family and child information.,not_observable,not_observable,not_observable,not_observable,not_observable,0,0,0,,0,0,0
PURE_024,sparkme,FR-009,functional_requirement,The system shall allow office or front-desk staff to help with invoicing questions.,not_observable,not_observable,not_observable,not_observable,not_observable,0,0,0,,0,0,0
PURE_024,sparkme,FR-010,functional_requirement,The system shall allow teachers to review child details such as allergies and immunizations.,not_observable,not_observable,not_observable,not_observable,not_observable,0,0,0,,0,0,0
PURE_024,sparkme,FR-011,functional_requirement,The system shall allow teachers to record routine classroom-related notes if that is part of the workflow.,not_observable,not_observable,not_observable,not_observable,not_observable,0,0,0,,0,0,0
PURE_024,sparkme,FR-012,functional_requirement,The system shall allow office or front-desk staff to look up family information and help keep basic records current.,not_observable,not_observable,not_observable,not_observable,not_observable,0,0,0,,0,0,0
PURE_024,sparkme,FR-013,functional_requirement,The system shall support routine administrative tasks so the center can reduce time spent on administration.,observed_partial,observed_partial,not_observable,observed_partial,not_observable,3,1,1,observed_partial,0,0,0
PURE_024,sparkme,FR-014,functional_requirement,The system shall support parent notices and reminders through email integration from day one.,not_observable,not_observable,not_observable,not_observable,not_observable,0,0,0,,0,0,0
PURE_024,sparkme,FR-015,functional_requirement,The system shall support invoice generation even if accounting connectivity is not available immediately.,observed_partial,observed_partial,not_observable,observed_partial,not_observable,3,1,1,observed_partial,0,0,0
PURE_024,sparkme,FR-016,functional_requirement,The system shall support exporting or manual transfer of invoice data as a temporary step when accounting connectivity is not yet available.,not_observable,not_observable,not_observable,not_observable,not_observable,0,0,0,,0,0,0
PURE_024,sparkme,FR-017,functional_requirement,The system shall allow staff to log in from shared computers without friction.,not_observable,observed_satisfied,not_observable,observed_partial,not_observable,2,1,0,,0,0,0
PURE_024,sparkme,FR-018,functional_requirement,The system shall support browser-based use without special software.,not_observable,not_observable,not_observable,not_observable,not_observable,0,0,0,,0,0,0
PURE_024,sparkme,FR-019,functional_requirement,The system shall support use on tablets.,not_observable,not_observable,not_observable,not_observable,not_observable,0,0,0,,0,0,0
PURE_024,sparkme,FR-020,functional_requirement,The system shall support temporary interruptions by saving work in draft or autosaved form so staff do not lose entered data.,not_observable,not_observable,not_observable,not_observable,not_observable,0,0,0,,0,0,0
PURE_024,sparkme,FR-021,functional_requirement,The system shall allow staff to resume interrupted enrollment or invoice tasks from the last saved values.,not_observable,not_observable,not_observable,not_observable,not_observable,0,0,0,,0,0,0
PURE_024,sparkme,FR-022,functional_requirement,The system shall allow staff to cancel or correct interrupted tasks without creating duplicate records.,not_observable,not_observable,not_observable,not_observable,not_observable,0,0,0,,0,0,0
PURE_024,sparkme,FR-023,functional_requirement,"The system shall show whether an enrollment or invoice task was saved as a draft, submitted, completed, or paid.",not_observable,not_observable,not_observable,not_observable,not_observable,0,0,0,,0,0,0
PURE_024,sparkme,FR-024,functional_requirement,The system shall warn staff when another user is already editing the same record.,not_observable,not_observable,not_observable,not_observable,not_observable,0,0,0,,0,0,0
PURE_024,sparkme,FR-025,functional_requirement,The system shall allow a record opened under concurrent editing to be viewed read-only or waited on until it becomes available.,not_observable,not_observable,not_observable,not_observable,not_observable,0,0,0,,0,0,0
PURE_024,sparkme,FR-026,functional_requirement,The system shall force a review of conflicting fields if two users make changes to the same record.,not_observable,not_observable,not_observable,not_observable,not_observable,0,0,0,,0,0,0
PURE_024,sparkme,FR-027,functional_requirement,The system shall display who changed a record and when.,not_observable,not_observable,not_observable,not_observable,not_observable,0,0,0,,0,0,0
PURE_024,sparkme,FR-028,functional_requirement,The system shall show the last saved status of a record clearly.,not_observable,not_observable,not_observable,not_observable,not_observable,0,0,0,,0,0,0
PURE_024,sparkme,FR-029,functional_requirement,"The system shall show a visible history of payment transactions, including dates, amounts, refunds, and adjustments.",not_observable,not_observable,not_observable,not_observable,not_observable,0,0,0,,0,0,0
PURE_024,sparkme,FR-030,functional_requirement,"The system shall show invoice payment states as unpaid, partial, or paid.",not_observable,not_observable,not_observable,not_observable,not_observable,0,0,0,,0,0,0
PURE_024,sparkme,FR-031,functional_requirement,The system shall show whether a payment or invoice task has gone through and what still needs attention.,not_observable,not_observable,not_observable,not_observable,not_observable,0,0,0,,0,0,0
PURE_024,sparkme,FR-032,functional_requirement,The system shall allow staff to create family and child records when someone first applies or enrolls.,observed_partial,observed_partial,not_observable,observed_partial,not_observable,3,1,1,observed_partial,0,0,0
PURE_024,sparkme,FR-033,functional_requirement,"The system shall allow family and child records to be updated when contact details, emergency contacts, medical information, or billing details change.",not_observable,not_observable,not_observable,not_observable,not_observable,0,0,0,,0,0,0
PURE_024,sparkme,FR-034,functional_requirement,The system shall allow child records to be marked inactive or archived when a child leaves the center.,observed_satisfied,observed_satisfied,not_observable,observed_satisfied,not_observable,3,1,1,observed_satisfied,0,0,0
PURE_024,sparkme,FR-035,functional_requirement,The system shall allow records to be deleted only in very limited cases.,not_observable,not_observable,not_observable,not_observable,not_observable,0,0,0,,0,0,0
PURE_024,sparkme,FR-036,functional_requirement,The system shall support archival of records while preserving history for reporting and billing reference.,not_observable,not_observable,not_observable,not_observable,not_observable,0,0,0,,0,0,0
PURE_024,sparkme,FR-037,functional_requirement,The system shall keep immunization information as long as the child is active and archive it afterward.,not_observable,not_observable,not_observable,not_observable,not_observable,0,0,0,,0,0,0
PURE_024,sparkme,FR-038,functional_requirement,The system shall support guided import of existing data with validation and error reports.,not_observable,observed_partial,not_observable,observed_partial,not_observable,2,1,1,observed_partial,0,0,0
PURE_024,sparkme,FR-039,functional_requirement,The system shall support review of imported records before they are finalized.,not_observable,observed_satisfied,not_observable,not_observable,not_observable,1,0,0,,0,0,0
PURE_024,sparkme,FR-040,functional_requirement,The system shall automatically map common fields during import and flag uncertain mappings for manual review.,not_observable,not_observable,not_observable,not_observable,not_observable,0,0,0,,0,0,0
PURE_024,sparkme,FR-041,functional_requirement,The system shall suggest possible fixes for messy imported data and allow staff to correct or confirm values before loading.,not_observable,not_observable,not_observable,not_observable,not_observable,0,0,0,,0,0,0
PURE_024,sparkme,FR-042,functional_requirement,The system shall support staged migration of active records before historical records.,not_observable,not_observable,not_observable,not_observable,not_observable,0,0,0,,0,0,0
PURE_024,sparkme,FR-043,functional_requirement,The system shall support search of archived records.,not_observable,not_observable,not_observable,not_observable,not_observable,0,0,0,,0,0,0
PURE_024,sparkme,FR-044,functional_requirement,The system shall support printable views or summaries.,not_observable,not_observable,not_observable,not_observable,not_observable,0,0,0,,0,0,0
PURE_024,sparkme,FR-045,functional_requirement,The system shall provide built-in help tips and clear error messages.,not_observable,not_observable,observed_partial,not_observable,not_observable,1,0,0,,0,0,0
PURE_024,sparkme,FR-046,functional_requirement,The system shall provide step-by-step wizards for tasks such as enrolling a new family and setting up invoices.,not_observable,not_observable,not_observable,not_observable,not_observable,0,0,0,,0,0,0
PURE_024,sparkme,FR-047,functional_requirement,"The system shall provide contextual hints near fields, especially for required information or unusual cases.",not_observable,not_observable,not_observable,not_observable,not_observable,0,0,0,,0,0,0
PURE_024,sparkme,FR-048,functional_requirement,The system shall allow users to review information before submitting complex tasks.,not_observable,not_observable,not_observable,not_observable,not_observable,0,0,0,,0,0,0
PURE_024,sparkme,FR-049,functional_requirement,The system shall allow edits or reversal of mistakes where possible without requiring manual administrator intervention.,not_observable,not_observable,not_observable,not_observable,not_observable,0,0,0,,0,0,0
PURE_024,sparkme,FR-050,functional_requirement,The system shall support a pilot with a small group of users before broader rollout.,not_observable,not_observable,not_observable,not_observable,not_observable,0,0,0,,0,0,0
PURE_024,sparkme,FR-051,functional_requirement,The system shall support a phased rollout rather than a big switch-over.,not_observable,not_observable,not_observable,not_observable,not_observable,0,0,0,,0,0,0
PURE_024,sparkme,FR-052,functional_requirement,The system shall support hands-on training for the pilot group and refresher sessions or job aids for the rest of the staff.,not_observable,not_observable,not_observable,not_observable,not_observable,0,0,0,,0,0,0
PURE_024,sparkme,FR-053,functional_requirement,The system shall support a helpdesk or quick-response support channel during business hours.,not_observable,not_observable,not_observable,not_observable,not_observable,0,0,0,,0,0,0
PURE_024,sparkme,FR-054,functional_requirement,The system shall support a fallback plan for release failures to avoid long disruptions.,not_observable,not_observable,not_observable,not_observable,not_observable,0,0,0,,0,0,0
PURE_024,sparkme,FR-055,functional_requirement,"The system shall support import of family records, child profiles, classroom assignments, immunization information, billing balances, and historical attendance or enrollment data if available.",not_observable,not_observable,not_observable,observed_partial,not_observable,1,0,0,,0,0,0
PURE_024,sparkme,FR-056,functional_requirement,The system shall support generation or sending of parent notices directly from the system through email integration.,not_observable,not_observable,not_observable,not_observable,not_observable,0,0,0,,0,0,0
PURE_024,sparkme,FR-057,functional_requirement,The system shall share invoice and payment information with accounting systems.,not_observable,not_observable,not_observable,not_observable,not_observable,0,0,0,,0,0,0
PURE_024,sparkme,FR-058,functional_requirement,The system shall allow payments to be recorded automatically if payment processor integration is available.,not_observable,not_observable,not_observable,not_observable,not_observable,0,0,0,,0,0,0
PURE_024,sparkme,FR-059,functional_requirement,The system shall support multiple users using the system simultaneously without freezing.,not_observable,not_observable,not_observable,not_observable,not_observable,0,0,0,,0,0,0
PURE_024,sparkme,FR-060,functional_requirement,The system shall show progress clearly when an operation takes longer to complete.,not_observable,not_observable,not_observable,not_observable,not_observable,0,0,0,,0,0,0
PURE_024,sparkme,FR-061,functional_requirement,The system shall support adding users and records as the center grows without significant slowdown.,observed_partial,observed_partial,not_observable,not_observable,not_observable,2,1,1,observed_partial,0,0,0
PURE_024,sparkme,FR-062,functional_requirement,The system shall continue to support reporting well as the database grows.,not_observable,not_observable,not_observable,not_observable,not_observable,0,0,0,,0,0,0
PURE_024,sparkme,FR-063,functional_requirement,The system shall support multiple sites later.,not_observable,not_observable,not_observable,not_observable,not_observable,0,0,0,,0,0,0
PURE_024,sparkme,FR-064,quality_requirement,The system shall keep older records accessible for compliance and reference.,not_observable,not_observable,not_observable,not_observable,not_observable,0,0,0,,0,0,0
PURE_024,sparkme,FR-065,functional_requirement,The system shall mark older records as archived once they are no longer actively used.,not_observable,not_observable,not_observable,not_observable,not_observable,0,0,0,,0,0,0
PURE_024,sparkme,FR-066,functional_requirement,The system shall allow archived records to remain searchable while excluding them from day-to-day screens by default.,not_observable,not_observable,not_observable,not_observable,not_observable,0,0,0,,0,0,0
PURE_024,sparkme,FR-067,functional_requirement,"The system shall support a browser-based interface that is straightforward, consistent, and easy to use for non-technical staff.",not_observable,not_observable,not_observable,not_observable,not_observable,0,0,0,,0,0,0
PURE_024,sparkme,FR-068,functional_requirement,The system shall support readable use on tablets.,not_observable,not_observable,not_observable,not_observable,not_observable,0,0,0,,0,0,0
PURE_024,sparkme,FR-069,functional_requirement,The system shall support keyboard navigation and screen-reader-friendly design.,not_observable,not_observable,not_observable,not_observable,not_observable,0,0,0,,0,0,0
PURE_024,sparkme,FR-070,functional_requirement,The system shall support larger text options.,not_observable,not_observable,not_observable,not_observable,not_observable,0,0,0,,0,0,0
PURE_024,sparkme,FR-071,functional_requirement,The system shall support simple navigation with clear labels and minimal clicks for common tasks.,not_observable,not_observable,not_observable,not_observable,not_observable,0,0,0,,0,0,0
PURE_024,sparkme,FR-072,functional_requirement,The system shall support role-based access control so users see only information relevant to their jobs.,not_observable,not_observable,not_observable,not_observable,not_observable,0,0,0,,0,0,0
PURE_024,sparkme,FR-073,functional_requirement,"The system shall support limiting access by function and, where needed, by classroom or site.",not_observable,not_observable,not_observable,not_observable,not_observable,0,0,0,,0,0,0
PURE_024,sparkme,FR-074,functional_requirement,The system shall restrict sensitive health information more tightly than general contact information.,not_observable,not_observable,not_observable,not_observable,not_observable,0,0,0,,0,0,0
PURE_024,sparkme,FR-075,functional_requirement,The system shall support temporary permissions for staff who temporarily cover another employee.,not_observable,not_observable,not_observable,not_observable,not_observable,0,0,0,,0,0,0
PURE_024,sparkme,FR-076,functional_requirement,"The system shall provide audit logs of logins and changes to important records, including who viewed or edited them and when.",not_observable,observed_partial,not_observable,observed_partial,not_observable,2,1,1,observed_partial,0,0,0
PURE_024,sparkme,FR-077,functional_requirement,The system shall provide strong individual logins for every staff member and shall not allow shared accounts.,not_observable,observed_unsatisfied,observed_unsatisfied,observed_unsatisfied,not_observable,3,1,1,observed_unsatisfied,0,0,0
PURE_024,sparkme,FR-078,functional_requirement,The system shall support password complexity requirements and password expiration only for real security reasons.,not_observable,not_observable,not_observable,not_observable,not_observable,0,0,0,,0,0,0
PURE_024,sparkme,FR-079,functional_requirement,"The system shall support multi-factor authentication for administrators and for anyone handling billing or health records, especially for remote access.",not_observable,not_observable,not_observable,not_observable,not_observable,0,0,0,,0,0,0
PURE_024,sparkme,FR-080,functional_requirement,The system shall support automatic session timeouts.,not_observable,not_observable,not_observable,not_observable,not_observable,0,0,0,,0,0,0
PURE_024,sparkme,FR-081,functional_requirement,The system shall encrypt data in transit and at rest.,observed_unsatisfied,observed_unsatisfied,observed_unsatisfied,observed_unsatisfied,not_observable,4,1,1,observed_unsatisfied,0,0,0
PURE_024,sparkme,FR-082,functional_requirement,The system shall alert on suspicious activity such as repeated failed logins or access from unusual locations.,not_observable,not_observable,not_observable,not_observable,not_observable,0,0,0,,0,0,0
PURE_024,sparkme,FR-083,functional_requirement,The system shall support temporary or off-hours access for some administrators under controlled conditions.,not_observable,not_observable,not_observable,not_observable,not_observable,0,0,0,,0,0,0
PURE_024,sparkme,FR-084,functional_requirement,"The system shall clearly indicate the current status of invoices and enrollments, including pending, submitted, and paid where applicable.",not_observable,not_observable,not_observable,not_observable,not_observable,0,0,0,,0,0,0
PURE_024,sparkme,FR-085,functional_requirement,The system shall provide a simple message telling staff what to do next when something goes wrong.,observed_unsatisfied,observed_unsatisfied,observed_unsatisfied,observed_satisfied,not_observable,4,1,0,,0,0,0
PURE_024,sparkme,FR-086,functional_requirement,The system shall support quick lookup of child or billing details for authorized staff.,not_observable,not_observable,not_observable,not_observable,not_observable,0,0,0,,0,0,0
PURE_024,sparkme,FR-087,functional_requirement,The system shall support check-in and check-out routines.,not_observable,not_observable,not_observable,not_observable,not_observable,0,0,0,,0,0,0
PURE_024,sparkme,FR-088,functional_requirement,"The system shall allow staff to view whether a payment or invoice is still open, partly paid, or fully settled.",not_observable,not_observable,not_observable,not_observable,not_observable,0,0,0,,0,0,0
PURE_024,sparkme,BR-001,business_rule_constraint,Administrators shall have the broadest access to family and child records.,not_observable,not_observable,not_observable,not_observable,not_observable,0,0,0,,0,0,0
PURE_024,sparkme,BR-002,business_rule_constraint,The system shall not silently overwrite changes when concurrent edits occur.,not_observable,not_observable,not_observable,not_observable,not_observable,0,0,0,,0,0,0
PURE_024,sparkme,BR-003,business_rule_constraint,Only very limited cases shall allow deletion of records.,not_observable,not_observable,not_observable,not_observable,not_observable,0,0,0,,0,0,0
PURE_024,sparkme,BR-004,business_rule_constraint,The system shall avoid double charges for billing.,not_observable,not_observable,not_observable,not_observable,not_observable,0,0,0,,0,0,0
PURE_024,sparkme,BR-005,business_rule_constraint,The system shall keep a visible history for staff to understand what happened without guessing.,not_observable,observed_satisfied,not_observable,observed_satisfied,not_observable,2,1,1,observed_satisfied,0,0,0
PURE_024,sparkme,BR-006,business_rule_constraint,The system shall not use shared staff accounts.,not_observable,not_observable,not_observable,not_observable,not_observable,0,0,0,,0,0,0
PURE_024,sparkme,BR-007,business_rule_constraint,The system shall support only very limited data deletion and prefer inactive or archived states for departed children and historical records.,observed_partial,observed_partial,not_observable,observed_partial,not_observable,3,1,1,observed_partial,0,0,0
PURE_024,sparkme,BR-008,business_rule_constraint,The system shall preserve family and child history for reporting and billing reference after archival.,not_observable,not_observable,not_observable,not_observable,not_observable,0,0,0,,0,0,0
PURE_024,sparkme,BR-009,business_rule_constraint,The system shall require careful control of remote or off-hours access.,not_observable,not_observable,not_observable,not_observable,not_observable,0,0,0,,0,0,0
PURE_024,sparkme,BR-010,business_rule_constraint,The system shall allow only authorized staff to process invoices.,not_observable,observed_partial,not_observable,not_observable,not_observable,1,0,0,,0,0,0
PURE_024,sparkme,DI-001,data_external_interface,The system shall integrate with email for parent notices and reminders.,not_observable,not_observable,not_observable,not_observable,not_observable,0,0,0,,0,0,0
PURE_024,sparkme,DI-002,data_external_interface,The system shall support integration with accounting software for invoice and payment information.,not_observable,not_observable,not_observable,not_observable,not_observable,0,0,0,,0,0,0
PURE_024,sparkme,DI-003,data_external_interface,The system shall support calendar integration if later deemed necessary.,not_observable,not_observable,not_observable,not_observable,not_observable,0,0,0,,0,0,0
PURE_024,sparkme,DI-004,data_external_interface,The system shall support SMS integration if later deemed necessary.,not_observable,not_observable,not_observable,not_observable,not_observable,0,0,0,,0,0,0
PURE_024,sparkme,DI-005,data_external_interface,The system shall support payment processor integration if later deemed necessary.,not_observable,not_observable,not_observable,not_observable,not_observable,0,0,0,,0,0,0
PURE_024,sparkme,QR-001,quality_requirement,The system shall be stable and easy to use when the internet connection is slow or temporarily unreliable.,not_observable,not_observable,not_observable,not_observable,not_observable,0,0,0,,0,0,0
PURE_024,sparkme,QR-002,quality_requirement,The system shall load common tasks quickly.,not_observable,not_observable,not_observable,observed_partial,not_observable,1,0,0,,0,0,0
PURE_024,sparkme,QR-003,quality_requirement,"The system shall remain responsive during busy periods such as morning drop-off, late afternoon pickup, and billing periods.",not_observable,not_observable,not_observable,not_observable,not_observable,0,0,0,,0,0,0
PURE_024,sparkme,QR-004,quality_requirement,"The system shall support use in short, interrupted sessions.",observed_partial,not_observable,not_observable,not_observable,not_observable,1,0,0,,0,0,0
PURE_024,sparkme,QR-005,quality_requirement,The system shall provide a straightforward interface because staff technical skill levels vary.,not_observable,not_observable,not_observable,not_observable,not_observable,0,0,0,,0,0,0
PURE_024,sparkme,QR-006,quality_requirement,The system shall keep tasks from taking too many clicks.,not_observable,not_observable,not_observable,not_observable,not_observable,0,0,0,,0,0,0
PURE_024,sparkme,QR-007,quality_requirement,The system shall show progress clearly during longer operations.,not_observable,not_observable,not_observable,not_observable,not_observable,0,0,0,,0,0,0
PURE_024,sparkme,QR-008,quality_requirement,The system shall support reporting that still runs in a reasonable time as the database grows.,not_observable,not_observable,not_observable,not_observable,not_observable,0,0,0,,0,0,0
PURE_024,sparkme,QR-009,quality_requirement,"The system shall support future growth in the number of classrooms, families, staff, and records without feeling cramped.",not_observable,not_observable,not_observable,not_observable,not_observable,0,0,0,,0,0,0
PURE_024,sparkme,QR-010,quality_requirement,The system shall support accessibility features including good contrast and keyboard support.,not_observable,not_observable,not_observable,not_observable,not_observable,0,0,0,,0,0,0
PURE_024,sparkme,QR-011,quality_requirement,The system shall be forgiving if a connection is temporarily unreliable.,not_observable,not_observable,not_observable,not_observable,not_observable,0,0,0,,0,0,0
PURE_024,sparkme,QR-012,quality_requirement,The system shall not slow down just because it contains years of historical data.,not_observable,not_observable,not_observable,not_observable,not_observable,0,0,0,,0,0,0
PURE_024,sparkme,EX-001,exception_boundary,"If a task is interrupted, the system shall allow staff to determine whether it was saved as a draft or completed successfully.",not_observable,not_observable,not_observable,not_observable,not_observable,0,0,0,,0,0,0
PURE_024,sparkme,EX-002,exception_boundary,"If a critical task is interrupted, the system shall allow staff to resume or cancel it safely.",not_observable,not_observable,not_observable,not_observable,not_observable,0,0,0,,0,0,0
PURE_024,sparkme,EX-003,exception_boundary,"If a record is being edited by another user, the system shall warn the staff member and offer a read-only or wait path.",not_observable,not_observable,not_observable,not_observable,not_observable,0,0,0,,0,0,0
PURE_024,sparkme,EX-004,exception_boundary,"If conflicting changes occur, the system shall require review rather than silently overwriting data.",not_observable,not_observable,not_observable,not_observable,not_observable,0,0,0,,0,0,0
PURE_024,sparkme,EX-005,exception_boundary,"If data import contains uncertain or messy values, the system shall flag them for manual review before loading.",not_observable,observed_partial,not_observable,not_observable,not_observable,1,0,0,,0,0,0
PURE_024,sparkme,EX-006,exception_boundary,"If a release fails, the system or rollout process shall support fallback handling to avoid long disruptions.",not_observable,not_observable,not_observable,not_observable,not_observable,0,0,0,,0,0,0
PURE_024,proposed_method,FR-001,functional_requirement,The system shall support registering a family and child.,observed_partial,observed_partial,observed_partial,observed_satisfied,observed_partial,5,1,0,,1,0,0
PURE_024,proposed_method,FR-002,functional_requirement,The system shall support checking whether a space is available for a child or placing the child on a waiting list.,not_observable,observed_satisfied,observed_satisfied,observed_partial,not_observable,3,1,0,,0,0,0
PURE_024,proposed_method,FR-003,functional_requirement,The system shall support assigning a child to the appropriate classroom.,observed_satisfied,observed_satisfied,observed_satisfied,not_observable,observed_satisfied,4,1,1,observed_satisfied,0,0,0
PURE_024,proposed_method,FR-004,functional_requirement,"The system shall support keeping child records current, including immunizations and changes in attendance or family details.",observed_partial,not_observable,observed_partial,not_observable,observed_partial,3,1,1,observed_partial,0,0,0
PURE_024,proposed_method,FR-005,functional_requirement,The system shall support invoicing.,observed_satisfied,observed_partial,observed_satisfied,observed_satisfied,observed_satisfied,5,1,0,,1,0,0
PURE_024,proposed_method,FR-006,functional_requirement,The system shall support checking children in and out.,observed_partial,observed_partial,observed_partial,observed_satisfied,observed_partial,5,1,0,,1,0,0
PURE_024,proposed_method,FR-007,functional_requirement,The system shall support reviewing attendance.,not_observable,not_observable,not_observable,observed_satisfied,not_observable,1,0,0,,0,0,0
PURE_024,proposed_method,FR-008,functional_requirement,The system shall support looking up family contact information.,not_observable,not_observable,not_observable,not_observable,not_observable,0,0,0,,0,0,0
PURE_024,proposed_method,FR-009,functional_requirement,"The system shall support viewing child information needed for daily care, including classroom assignments, contacts, immunization status, allergy alerts, and pickup-authority information according to the user's access level.",not_observable,observed_partial,not_observable,observed_partial,observed_partial,3,1,1,observed_partial,0,0,0
PURE_024,proposed_method,FR-010,functional_requirement,The system shall support generating operational reports for authorized users.,not_observable,observed_satisfied,not_observable,not_observable,not_observable,1,0,0,,0,0,0
PURE_024,proposed_method,FR-011,functional_requirement,"The system shall support storing and displaying current, due soon, overdue, exempt, and missing statuses for immunization records.",not_observable,observed_partial,not_observable,observed_partial,observed_partial,3,1,1,observed_partial,0,0,0
PURE_024,proposed_method,FR-012,functional_requirement,"The system shall flag immunization records that are nearing expiration, overdue, incomplete, expired, or missing, and notify staff and the family as appropriate.",not_observable,not_observable,not_observable,not_observable,observed_partial,1,0,0,,0,0,0
PURE_024,proposed_method,FR-013,functional_requirement,The system shall allow families to upload replacement immunization records.,not_observable,not_observable,not_observable,not_observable,not_observable,0,0,0,,0,0,0
PURE_024,proposed_method,FR-014,functional_requirement,"The system shall keep a child marked as not compliant until an incomplete, overdue, expired, missing, or otherwise unacceptable immunization record is verified or updated and staff confirms compliance.",not_observable,not_observable,not_observable,not_observable,observed_partial,1,0,0,,0,0,0
PURE_024,proposed_method,FR-015,functional_requirement,"The system shall support family self-service for updating contact information, submitting or updating enrollment forms, viewing invoices and payment history, and uploading documents.",not_observable,not_observable,not_observable,not_observable,not_observable,0,0,0,,0,0,0
PURE_024,proposed_method,FR-016,functional_requirement,"The system shall allow families to request basic schedule changes, contact changes, enrollment changes, billing-related updates, pickup-authority changes, and custody-related changes online, but those requests shall remain pending staff review before becoming active.",not_observable,not_observable,not_observable,not_observable,observed_partial,1,0,0,,0,0,0
PURE_024,proposed_method,FR-017,functional_requirement,"The system shall allow basic profile edits such as address, phone number, email, and password changes to take effect immediately when they do not change care arrangements or safety-related information.",not_observable,not_observable,not_observable,not_observable,observed_unsatisfied,1,0,0,,0,0,0
PURE_024,proposed_method,FR-018,functional_requirement,The system shall allow families to submit document uploads immediately when the upload does not change care arrangements or safety-related information.,not_observable,not_observable,not_observable,not_observable,not_observable,0,0,0,,0,0,0
PURE_024,proposed_method,FR-019,functional_requirement,The system shall support online payment processing.,observed_satisfied,observed_satisfied,observed_satisfied,observed_satisfied,observed_satisfied,5,1,1,observed_satisfied,1,1,1
PURE_024,proposed_method,FR-020,functional_requirement,"The system shall support credit card payments and debit card payments, and may also support bank transfer if it can be supported securely.",observed_partial,observed_partial,not_observable,not_observable,not_observable,2,1,1,observed_partial,0,0,0
PURE_024,proposed_method,FR-021,functional_requirement,The system shall allow the account holder or an authorized guardian to make payments.,observed_satisfied,observed_satisfied,observed_satisfied,observed_partial,observed_partial,5,1,0,,1,0,0
PURE_024,proposed_method,FR-022,functional_requirement,The system shall support partial payments and keep the invoice open for the remaining balance.,observed_satisfied,observed_satisfied,observed_satisfied,observed_partial,observed_partial,5,1,0,,1,0,0
PURE_024,proposed_method,FR-023,functional_requirement,The system shall log failed payments and show them to staff and the payer right away.,not_observable,not_observable,not_observable,not_observable,not_observable,0,0,0,,0,0,0
PURE_024,proposed_method,FR-024,functional_requirement,"The system shall support recording payments made by a trusted family member or other non-account-holder in rare cases when staff verify the person against account notes, obtain confirmation from the account holder, or receive manager approval in an emergency.",not_observable,not_observable,not_observable,not_observable,not_observable,0,0,0,,0,0,0
PURE_024,proposed_method,FR-025,functional_requirement,The system shall support classroom capacity tracking by storing a maximum capacity for each classroom and automatically counting enrolled children against that capacity.,not_observable,observed_partial,not_observable,not_observable,not_observable,1,0,0,,0,0,0
PURE_024,proposed_method,FR-026,functional_requirement,The system shall display the current enrolled count versus the classroom limit and show whether the classroom is full or available.,not_observable,observed_partial,not_observable,not_observable,not_observable,1,0,0,,0,0,0
PURE_024,proposed_method,FR-027,functional_requirement,The system shall flag classrooms that reach capacity and prevent additional enrollments unless a manager or administrator overrides the restriction or moves a child off the waiting list.,not_observable,not_observable,not_observable,observed_partial,not_observable,1,0,0,,0,0,0
PURE_024,proposed_method,FR-028,functional_requirement,The system shall support waiting list review and management.,not_observable,not_observable,not_observable,not_observable,not_observable,0,0,0,,0,0,0
PURE_024,proposed_method,FR-029,functional_requirement,The system shall support assigning and managing children in classrooms and room types based on age or developmental stage.,not_observable,observed_partial,observed_partial,not_observable,observed_partial,3,1,1,observed_partial,0,0,0
PURE_024,proposed_method,FR-030,functional_requirement,The system shall support route selection from a simple dashboard or search screen so staff can pick a child or family and complete a task without navigating many menus.,not_observable,not_observable,not_observable,not_observable,not_observable,0,0,0,,0,0,0
PURE_024,proposed_method,FR-031,functional_requirement,The system shall support quick access to routine items such as attendance and immunization checks during the normal day.,not_observable,not_observable,not_observable,not_observable,not_observable,0,0,0,,0,0,0
PURE_024,proposed_method,FR-032,functional_requirement,The system shall support phased rollout with training and a parallel running period before full cutover.,not_observable,not_observable,not_observable,not_observable,not_observable,0,0,0,,0,0,0
PURE_024,proposed_method,FR-033,functional_requirement,"The system shall support temporary access for designated backups when an authorized staff member is out, and that access shall be limited to the duties being covered and shall end automatically or be easy to remove when the person returns.",not_observable,not_observable,not_observable,not_observable,not_observable,0,0,0,,0,0,0
PURE_024,proposed_method,FR-034,functional_requirement,The system shall support quick login and easy switching between users for shared workstations.,not_observable,not_observable,not_observable,not_observable,not_observable,0,0,0,,0,0,0
PURE_024,proposed_method,FR-035,functional_requirement,The system shall support use on shared desktop computers and tablets.,not_observable,not_observable,not_observable,not_observable,not_observable,0,0,0,,0,0,0
PURE_024,proposed_method,FR-036,functional_requirement,"The system shall support migration of active family accounts, enrolled children, classroom assignments, immunization status, outstanding invoices or balances, current waiting list entries, contact history, and authorized pickup lists at go-live.",not_observable,not_observable,not_observable,not_observable,not_observable,0,0,0,,0,0,0
PURE_024,proposed_method,FR-037,functional_requirement,The system shall support site-based access so staff can only see and manage records for their own site unless they have a higher-level cross-site role.,not_observable,not_observable,not_observable,not_observable,not_observable,0,0,0,,0,0,0
PURE_024,proposed_method,FR-038,functional_requirement,The system shall support family accounts with children at more than one site while keeping contact information and billing unified under one family account.,not_observable,not_observable,not_observable,not_observable,not_observable,0,0,0,,0,0,0
PURE_024,proposed_method,FR-039,functional_requirement,The system shall support siblings and reports rolling up across locations for authorized users.,not_observable,not_observable,not_observable,not_observable,not_observable,0,0,0,,0,0,0
PURE_024,proposed_method,FR-040,functional_requirement,The system shall support exports and imports in CSV format and may also support Excel and PDF where appropriate.,observed_partial,observed_partial,not_observable,not_observable,not_observable,2,1,1,observed_partial,0,0,0
PURE_024,proposed_method,FR-041,functional_requirement,"The system shall validate import files field by field and reject only the affected row or record when values are missing, mismatched, or out of range, leaving existing data unchanged.",not_observable,not_observable,not_observable,not_observable,not_observable,0,0,0,,0,0,0
PURE_024,proposed_method,FR-042,functional_requirement,The system shall support exports and imports for sensitive family or child data only with strict permission controls and field restrictions.,observed_partial,observed_unsatisfied,not_observable,not_observable,not_observable,2,1,0,,0,0,0
PURE_024,proposed_method,FR-043,functional_requirement,The system shall support billing adjustments as invoice adjustments rather than silently changing the original charge.,not_observable,not_observable,not_observable,not_observable,not_observable,0,0,0,,0,0,0
PURE_024,proposed_method,FR-044,functional_requirement,The system shall keep disputed charges visible with a status for billing staff review.,not_observable,not_observable,not_observable,not_observable,not_observable,0,0,0,,0,0,0
PURE_024,proposed_method,FR-045,functional_requirement,The system shall record credits and refunds with a reason and link them to the original invoice.,not_observable,not_observable,not_observable,not_observable,not_observable,0,0,0,,0,0,0
PURE_024,proposed_method,FR-046,functional_requirement,"The system shall maintain an audit trail for invoice adjustments, credits, refunds, and reversals so it is clear who made the change and why.",not_observable,not_observable,not_observable,not_observable,not_observable,0,0,0,,0,0,0
PURE_024,proposed_method,FR-047,functional_requirement,"The system shall support sibling discounts on eligible tuition charges when two or more enrolled children belong to the same family account, according to the policy configured by staff.",not_observable,not_observable,not_observable,not_observable,not_observable,0,0,0,,0,0,0
PURE_024,proposed_method,FR-048,functional_requirement,The system shall support late fees when payment is overdue after a configured grace period.,not_observable,not_observable,not_observable,not_observable,not_observable,0,0,0,,0,0,0
PURE_024,proposed_method,FR-049,functional_requirement,The system shall support prorating when a child starts or leaves partway through a billing period or when enrollment changes mid-cycle.,not_observable,not_observable,not_observable,not_observable,not_observable,0,0,0,,0,0,0
PURE_024,proposed_method,FR-050,functional_requirement,The system shall allow absences to affect tuition only according to configurable policy rather than hardcoded rules.,not_observable,not_observable,not_observable,not_observable,not_observable,0,0,0,,0,0,0
PURE_024,proposed_method,FR-051,functional_requirement,"The system shall allow authorized users to review, approve, or override sensitive changes and exceptions including enrollment exceptions, capacity overrides, payment reversals, and temporary access grants.",not_observable,not_observable,not_observable,not_observable,not_observable,0,0,0,,0,0,0
PURE_024,proposed_method,FR-052,functional_requirement,"The system shall support keeping a child enrolled but clearly marked as not compliant when immunization records are incomplete, overdue, or missing at go-live.",not_observable,not_observable,not_observable,not_observable,observed_partial,1,0,0,,0,0,0
PURE_024,proposed_method,FR-053,functional_requirement,The system shall support a clear workflow for staff to follow up on missing or noncompliant immunization records until the record is verified or updated.,not_observable,not_observable,not_observable,not_observable,observed_partial,1,0,0,,0,0,0
PURE_024,proposed_method,FR-054,functional_requirement,The system shall support a central dashboard or search screen for staff to access common daily tasks.,not_observable,not_observable,not_observable,not_observable,not_observable,0,0,0,,0,0,0
PURE_024,proposed_method,FR-055,functional_requirement,"The system shall support training administrators and office staff first, followed by classroom staff and other users who need to view child or family information.",not_observable,not_observable,not_observable,not_observable,not_observable,0,0,0,,0,0,0
PURE_024,proposed_method,FR-056,functional_requirement,The system shall support go-live only after core data is loaded and staff can complete the main workflows reliably.,not_observable,not_observable,not_observable,not_observable,not_observable,0,0,0,,0,0,0
PURE_024,proposed_method,FR-057,functional_requirement,"The system shall support keeping reports, billing, and attendance information consistent with expected center outputs before full cutover.",not_observable,not_observable,not_observable,not_observable,not_observable,0,0,0,,0,0,0
PURE_024,proposed_method,FR-058,functional_requirement,"The system shall support moving children in and out of classrooms only when classroom capacity allows, unless an authorized override is used.",not_observable,not_observable,observed_partial,not_observable,not_observable,1,0,0,,0,0,0
PURE_024,proposed_method,FR-059,functional_requirement,"The system shall support staff review before any change that affects custody, safety, immunization compliance, fees, billing arrangements, or who is allowed to pick up a child.",not_observable,not_observable,not_observable,not_observable,not_observable,0,0,0,,0,0,0
PURE_024,proposed_method,FR-060,functional_requirement,The system shall support immediate visibility of allergy alerts and restricted pickup lists before a child is released.,not_observable,observed_partial,not_observable,not_observable,not_observable,1,0,0,,0,0,0
PURE_024,proposed_method,FR-061,functional_requirement,"The system shall support queued or delayed handling of non-urgent tasks such as end-of-day reporting, invoice review, routine record updates, routine edits, reporting, and billing tasks during peak periods.",not_observable,not_observable,not_observable,not_observable,not_observable,0,0,0,,0,0,0
PURE_024,proposed_method,FR-062,functional_requirement,"The system shall support at-a-glance visibility of whether an item is current, due soon, overdue, exempt, or missing so staff can determine the needed follow-up action without opening detailed records.",not_observable,observed_partial,not_observable,not_observable,observed_partial,2,1,1,observed_partial,0,0,0
PURE_024,proposed_method,BR-001,business_rule_constraint,"Only administrators and authorized staff shall handle enrollment, capacity, billing, and most record management.",not_observable,not_observable,not_observable,not_observable,not_observable,0,0,0,,0,0,0
PURE_024,proposed_method,BR-002,business_rule_constraint,Teaching and support staff shall be restricted from sensitive billing information and full administrative settings.,not_observable,observed_unsatisfied,not_observable,not_observable,not_observable,1,0,0,,0,0,0
PURE_024,proposed_method,BR-003,business_rule_constraint,"System administrators shall be the only users who can change security settings, user permissions, and other system-wide configuration.",not_observable,not_observable,not_observable,not_observable,not_observable,0,0,0,,0,0,0
PURE_024,proposed_method,BR-004,business_rule_constraint,"System administrators, senior administrators, or authorized supervisors shall be among the only users who can see unmasked sensitive export details.",observed_unsatisfied,observed_unsatisfied,not_observable,not_observable,not_observable,2,1,1,observed_unsatisfied,0,0,0
PURE_024,proposed_method,BR-005,business_rule_constraint,Routine operational exports shall exclude or mask sensitive fields unless there is a clear business need and the user has the right permission.,observed_unsatisfied,observed_unsatisfied,not_observable,not_observable,not_observable,2,1,1,observed_unsatisfied,0,0,0
PURE_024,proposed_method,BR-006,business_rule_constraint,"Sensitive exports shall exclude or mask full custody details, emergency contacts, full payment information, health or immunization notes, notes about a child's special needs, custody restrictions, and other staff-inappropriate fields by default.",not_observable,not_observable,not_observable,not_observable,not_observable,0,0,0,,0,0,0
PURE_024,proposed_method,BR-007,business_rule_constraint,"If a classroom reaches capacity, additional enrollments shall be blocked by default.",not_observable,not_observable,not_observable,observed_satisfied,not_observable,1,0,0,,0,0,0
PURE_024,proposed_method,BR-008,business_rule_constraint,Sibling discounts shall not stack with other discounts unless the policy explicitly allows it.,not_observable,not_observable,not_observable,not_observable,not_observable,0,0,0,,0,0,0
PURE_024,proposed_method,BR-009,business_rule_constraint,Payments shall be restricted so random staff cannot make or change payments without permission.,not_observable,not_observable,not_observable,not_observable,not_observable,0,0,0,,0,0,0
PURE_024,proposed_method,BR-010,business_rule_constraint,Temporary access for exceptional payment or billing cases shall be time-limited and tied to a reason.,not_observable,not_observable,not_observable,not_observable,not_observable,0,0,0,,0,0,0
PURE_024,proposed_method,BR-011,business_rule_constraint,"The system shall hold payments for review when they are unusually large, made right after a dispute, come from an account with failed payments, involve an inactive payer, have overdue balances beyond a certain point, or appear suspicious.",observed_unsatisfied,not_observable,not_observable,observed_unsatisfied,observed_unsatisfied,3,1,1,observed_unsatisfied,0,0,0
PURE_024,proposed_method,BR-012,business_rule_constraint,Normal recurring tuition payments shall go through right away unless there is a clear problem.,not_observable,observed_satisfied,not_observable,not_observable,not_observable,1,0,0,,0,0,0
PURE_024,proposed_method,BR-013,business_rule_constraint,Attendance actions shall remain fast and reliable during peak periods.,not_observable,not_observable,not_observable,not_observable,not_observable,0,0,0,,0,0,0
PURE_024,proposed_method,BR-014,business_rule_constraint,"The system shall not overwrite source or existing records silently during migration or import when data is missing, inconsistent, mismatched, or conflicting.",not_observable,not_observable,not_observable,not_observable,not_observable,0,0,0,,0,0,0
PURE_024,proposed_method,DI-001,data_external_interface,The system shall import and export data in CSV format.,observed_partial,observed_partial,not_observable,not_observable,not_observable,2,1,1,observed_partial,0,0,0
PURE_024,proposed_method,DI-002,data_external_interface,The system may import and export data in Excel format.,not_observable,not_observable,not_observable,not_observable,not_observable,0,0,0,,0,0,0
PURE_024,proposed_method,DI-003,data_external_interface,The system may export PDF reports or records for read-only use.,not_observable,not_observable,not_observable,not_observable,not_observable,0,0,0,,0,0,0
PURE_024,proposed_method,DI-004,data_external_interface,"Import files shall support field validation for required names, dates, phone numbers, emails, and immunization dates.",not_observable,not_observable,not_observable,not_observable,not_observable,0,0,0,,0,0,0
PURE_024,proposed_method,DI-005,data_external_interface,"For imports, the system shall reject only the affected row or record when a value is missing, mismatched, or out of range, and shall preserve the current data for that record.",not_observable,not_observable,not_observable,not_observable,not_observable,0,0,0,,0,0,0
PURE_024,proposed_method,QR-001,quality_requirement,"The system shall improve accuracy, speed, and consistency for staff operations.",not_observable,not_observable,not_observable,not_observable,not_observable,0,0,0,,0,0,0
PURE_024,proposed_method,QR-002,quality_requirement,The system shall reduce duplicate data entry and manual coordination.,not_observable,not_observable,not_observable,not_observable,not_observable,0,0,0,,0,0,0
PURE_024,proposed_method,QR-003,quality_requirement,The system shall be easy to read and simple to navigate.,not_observable,not_observable,not_observable,not_observable,not_observable,0,0,0,,0,0,0
PURE_024,proposed_method,QR-004,quality_requirement,The system shall not rely on tiny controls.,not_observable,observed_unsatisfied,not_observable,not_observable,not_observable,1,0,0,,0,0,0
PURE_024,proposed_method,QR-005,quality_requirement,"The system shall remain responsive during arrival, pickup, and meal-time peak periods and shall not slow down or time out even with many users entering information at the same time.",not_observable,not_observable,not_observable,not_observable,not_observable,0,0,0,,0,0,0
PURE_024,proposed_method,QR-006,quality_requirement,The system shall provide simple updates and good support when issues come up.,not_observable,not_observable,not_observable,not_observable,not_observable,0,0,0,,0,0,0
PURE_024,proposed_method,QR-007,quality_requirement,The system shall be built so future enhancements and added classrooms or sites do not require starting over.,not_observable,observed_partial,observed_partial,observed_partial,observed_partial,4,1,1,observed_partial,0,0,0
PURE_024,proposed_method,QR-008,quality_requirement,The system shall be flexible enough to add more classrooms or additional sites if the center grows.,not_observable,observed_satisfied,observed_partial,observed_partial,observed_partial,4,1,0,,0,0,0
PURE_024,proposed_method,QR-009,quality_requirement,"The system shall work well on the devices staff actually use, including shared desktop computers and tablets.",not_observable,not_observable,not_observable,not_observable,not_observable,0,0,0,,0,0,0
PURE_024,proposed_method,QR-010,quality_requirement,The system shall support quick login for shared workstations.,not_observable,not_observable,not_observable,not_observable,not_observable,0,0,0,,0,0,0
PURE_024,proposed_method,QR-011,quality_requirement,The system shall make critical attendance actions fast and reliable even if other tasks are queued or delayed.,not_observable,observed_partial,not_observable,not_observable,not_observable,1,0,0,,0,0,0
PURE_024,proposed_method,QR-012,quality_requirement,The system shall support clear at-a-glance status display for immunization records and classroom capacity.,not_observable,observed_satisfied,not_observable,not_observable,not_observable,1,0,0,,0,0,0
PURE_024,proposed_method,EX-001,exception_boundary,"The system shall handle major holidays, school breaks, and staff training days as scheduling exceptions without requiring staff to work around them manually.",not_observable,not_observable,not_observable,not_observable,not_observable,0,0,0,,0,0,0
PURE_024,proposed_method,EX-002,exception_boundary,The system shall allow reduced or special scheduling during school breaks or staff training days.,not_observable,not_observable,not_observable,not_observable,not_observable,0,0,0,,0,0,0
PURE_024,proposed_method,EX-003,exception_boundary,"The system shall allow a manager or administrator to override classroom capacity only in exceptional cases, and the override shall be logged.",not_observable,not_observable,not_observable,not_observable,not_observable,0,0,0,,0,0,0
PURE_024,proposed_method,EX-004,exception_boundary,"The system shall hold a child release for review when allergy information, pickup authority, or other safety information is incomplete or conflicting.",not_observable,not_observable,not_observable,not_observable,not_observable,0,0,0,,0,0,0
PURE_024,proposed_method,EX-005,exception_boundary,The system shall allow temporary exceptions for immunization noncompliance only if the center has a policy for them.,not_observable,not_observable,not_observable,not_observable,not_observable,0,0,0,,0,0,0
PURE_024,proposed_method,EX-006,exception_boundary,"The system shall allow payment reversals to require approval or a second review depending on the amount, and unusual or large reversals shall need extra approval or manager review.",observed_unsatisfied,not_observable,not_observable,not_observable,not_observable,1,0,0,,0,0,0
PURE_057,llmrei-long,FR-001,functional_requirement,"The system shall allow users to capture goals, scenarios, policies, requirements, and legal-compliance information in one place.",not_observable,observed_partial,observed_satisfied,observed_satisfied,observed_satisfied,4,1,0,,0,0,0
PURE_057,llmrei-long,FR-002,functional_requirement,The system shall allow users to store goals as high-level artifacts.,observed_satisfied,observed_satisfied,observed_satisfied,observed_satisfied,observed_satisfied,5,1,1,observed_satisfied,1,1,1
PURE_057,llmrei-long,FR-003,functional_requirement,The system shall allow users to store scenarios or use cases that explain how goals are realized.,observed_partial,observed_satisfied,observed_satisfied,observed_satisfied,not_observable,4,1,0,,0,0,0
PURE_057,llmrei-long,FR-004,functional_requirement,The system shall allow users to store security and privacy requirements.,observed_partial,observed_partial,observed_partial,observed_satisfied,observed_partial,5,1,0,,1,0,0
PURE_057,llmrei-long,FR-005,functional_requirement,The system shall allow users to store policies or legal sources from which requirements originate.,observed_satisfied,observed_satisfied,observed_satisfied,observed_satisfied,observed_satisfied,5,1,1,observed_satisfied,1,1,1
PURE_057,llmrei-long,FR-006,functional_requirement,The system shall allow users to store compliance notes or rationale that explain why a requirement exists.,observed_satisfied,observed_satisfied,observed_satisfied,observed_satisfied,observed_satisfied,5,1,1,observed_satisfied,1,1,1
PURE_057,llmrei-long,FR-007,functional_requirement,The system shall support explicit and navigable links between artifacts.,not_observable,not_observable,observed_satisfied,observed_partial,observed_partial,3,1,0,,0,0,0
PURE_057,llmrei-long,FR-008,functional_requirement,"The system shall allow a user to view, from a requirement, the policy, regulation, or internal rule that justified it.",not_observable,not_observable,not_observable,observed_satisfied,not_observable,1,0,0,,0,0,0
PURE_057,llmrei-long,FR-009,functional_requirement,"The system shall allow a user to view, from a policy or legal reference, all requirements that came from it.",not_observable,not_observable,observed_unsatisfied,observed_unsatisfied,observed_unsatisfied,3,1,1,observed_unsatisfied,0,0,0
PURE_057,llmrei-long,FR-010,functional_requirement,The system shall support requirements with multiple source policies or legal references.,not_observable,not_observable,observed_satisfied,observed_satisfied,observed_satisfied,3,1,1,observed_satisfied,0,0,0
PURE_057,llmrei-long,FR-011,functional_requirement,The system shall keep the full set of sources for a requirement when multiple source policies or legal references apply.,not_observable,not_observable,observed_satisfied,observed_satisfied,observed_satisfied,3,1,1,observed_satisfied,0,0,0
PURE_057,llmrei-long,FR-012,functional_requirement,The system shall allow users to mark one source as primary for convenience or reporting when a requirement has multiple sources.,not_observable,not_observable,observed_satisfied,observed_satisfied,observed_satisfied,3,1,1,observed_satisfied,0,0,0
PURE_057,llmrei-long,FR-013,functional_requirement,The system shall allow users to compare analyses produced by different people.,not_observable,not_observable,observed_unsatisfied,observed_unsatisfied,observed_satisfied,3,1,0,,0,0,0
PURE_057,llmrei-long,FR-014,functional_requirement,The system shall allow users to organize artifacts with flexible classifications.,observed_satisfied,observed_satisfied,observed_satisfied,observed_partial,observed_satisfied,5,1,0,,1,0,0
PURE_057,llmrei-long,FR-015,functional_requirement,"The system shall provide role-based access control so that administrators, project managers, analysts, and guests do not all see or edit the same things.",not_observable,not_observable,not_observable,not_observable,observed_partial,1,0,0,,0,0,0
PURE_057,llmrei-long,FR-016,functional_requirement,The system shall support collaboration without users overwriting each other’s work.,not_observable,not_observable,not_observable,observed_partial,not_observable,1,0,0,,0,0,0
PURE_057,llmrei-long,FR-017,functional_requirement,The system shall record who changed what and when.,not_observable,observed_partial,observed_satisfied,observed_partial,observed_satisfied,4,1,0,,0,0,0
PURE_057,llmrei-long,FR-018,functional_requirement,The system shall allow users to go back if something was entered incorrectly or replaced by mistake.,not_observable,not_observable,not_observable,observed_partial,not_observable,1,0,0,,0,0,0
PURE_057,llmrei-long,BR-001,business_rule_constraint,The trace between artifacts shall work both ways between requirements and their source policies or legal references.,not_observable,not_observable,observed_partial,observed_partial,observed_satisfied,3,1,0,,0,0,0
PURE_057,llmrei-long,QR-001,quality_requirement,The system shall make traceability and comparison easier than the current manual process.,not_observable,not_observable,not_observable,not_observable,observed_partial,1,0,0,,0,0,0
PURE_057,llmrei-long,QR-002,quality_requirement,The system shall make collaboration safer and easier to review through versioning and change history.,observed_partial,observed_partial,observed_satisfied,observed_partial,observed_satisfied,5,1,0,,1,0,0
PURE_057,hashimoto,FR-001,functional_requirement,"The system shall allow users to capture goals, scenarios, policies, requirements, and legal-compliance information.",observed_partial,observed_partial,observed_partial,observed_partial,observed_partial,5,1,1,observed_partial,1,1,0
PURE_057,hashimoto,FR-002,functional_requirement,The system shall trace goals back to their source policies.,not_observable,not_observable,not_observable,not_observable,not_observable,0,0,0,,0,0,0
PURE_057,hashimoto,FR-003,functional_requirement,The system shall provide flexible classifications for organizing analysis items.,not_observable,not_observable,not_observable,not_observable,observed_satisfied,1,0,0,,0,0,0
PURE_057,hashimoto,FR-004,functional_requirement,The system shall allow users to compare analyses produced by different people.,not_observable,not_observable,not_observable,not_observable,not_observable,0,0,0,,0,0,0
PURE_057,hashimoto,FR-005,functional_requirement,The system shall make it easier to connect security and privacy requirements back to the policies and legal obligations they came from without losing traceability.,not_observable,not_observable,not_observable,not_observable,not_observable,0,0,0,,0,0,0
PURE_057,hashimoto,FR-006,functional_requirement,"The system shall support collaboration so different people can work on the same analysis, compare their results, and spot gaps or inconsistencies quickly.",not_observable,not_observable,observed_partial,not_observable,not_observable,1,0,0,,0,0,0
PURE_057,hashimoto,QR-001,quality_requirement,The system shall support producing more complete and consistent analyses in less time.,not_observable,not_observable,not_observable,not_observable,not_observable,0,0,0,,0,0,0
PURE_057,hashimoto,FR-007,functional_requirement,The system shall provide clear evidence of how each requirement was derived.,not_observable,not_observable,observed_unsatisfied,observed_unsatisfied,observed_unsatisfied,3,1,1,observed_unsatisfied,0,0,0
PURE_057,hashimoto,FR-008,functional_requirement,The system shall control access so that people with different roles can use it appropriately while protecting sensitive information.,not_observable,not_observable,not_observable,not_observable,not_observable,0,0,0,,0,0,0
PURE_057,hashimoto,EX-001,exception_boundary,"If a source policy is incomplete or a legal obligation is missing, the system shall let the analyst flag the gap, record assumptions, and mark the item as unresolved so it is visible in the analysis.",not_observable,observed_partial,observed_partial,not_observable,observed_partial,3,1,1,observed_partial,0,0,0
PURE_057,hashimoto,EX-002,exception_boundary,"For conflicting policies or requirements, the system shall allow both versions to be captured and highlight the conflict for later resolution.",observed_partial,not_observable,not_observable,observed_partial,observed_partial,3,1,1,observed_partial,0,0,0
PURE_057,hashimoto,EX-003,exception_boundary,"If traceability cannot be established for an item, the system shall treat it as a documented exception rather than silently ignoring it, so partial analyses remain usable and clearly labeled as partial.",not_observable,not_observable,not_observable,not_observable,observed_partial,1,0,0,,0,0,0
PURE_057,hashimoto,FR-009,functional_requirement,The system shall keep a full history of changes.,not_observable,not_observable,not_observable,not_observable,not_observable,0,0,0,,0,0,0
PURE_057,hashimoto,FR-010,functional_requirement,The system shall identify the user who made each change and the timestamp of the change.,not_observable,not_observable,not_observable,observed_partial,observed_satisfied,2,1,0,,0,0,0
PURE_057,hashimoto,FR-011,functional_requirement,The system shall record the reason for a change when the user provides one.,not_observable,not_observable,not_observable,not_observable,observed_satisfied,1,0,0,,0,0,0
PURE_057,hashimoto,FR-012,functional_requirement,"The system shall support side-by-side comparison of earlier versions, especially for differences in goals, requirements, or trace links.",not_observable,not_observable,not_observable,not_observable,not_observable,0,0,0,,0,0,0
PURE_057,hashimoto,FR-013,functional_requirement,The system shall save changes immediately when an analyst edits an item.,not_observable,not_observable,not_observable,not_observable,not_observable,0,0,0,,0,0,0
PURE_057,hashimoto,FR-014,functional_requirement,"For most edits, the system shall place the item in a draft or pending state until review occurs, especially when the change affects traceability, policy interpretation, or legal compliance.",not_observable,not_observable,not_observable,not_observable,not_observable,0,0,0,,0,0,0
PURE_057,hashimoto,FR-015,functional_requirement,"The system shall use peer review as the normal review path, with project managers stepping in for higher-risk or contentious changes and administrators handling access or system-level issues.",not_observable,observed_partial,not_observable,not_observable,observed_partial,2,1,1,observed_partial,0,0,0
PURE_057,hashimoto,FR-016,functional_requirement,"While an item is in draft or pending, the analyst who created it shall be able to keep editing it.",observed_partial,not_observable,not_observable,observed_partial,observed_partial,3,1,1,observed_partial,0,0,0
PURE_057,hashimoto,FR-017,functional_requirement,"While an item is in draft or pending, the analyst who created it shall be able to withdraw or revise it before review.",not_observable,not_observable,not_observable,observed_partial,observed_partial,2,1,1,observed_partial,0,0,0
PURE_057,hashimoto,FR-018,functional_requirement,Other analysts and project managers shall be able to see that a draft exists.,not_observable,not_observable,not_observable,not_observable,observed_partial,1,0,0,,0,0,0
PURE_057,hashimoto,FR-019,functional_requirement,The system shall limit visibility of draft items when they contain sensitive material or have not been approved yet.,observed_partial,not_observable,not_observable,not_observable,not_observable,1,0,0,,0,0,0
PURE_057,hashimoto,FR-020,functional_requirement,An item shall move to reviewed or final only after the required reviewer signs off.,not_observable,not_observable,not_observable,not_observable,observed_partial,1,0,0,,0,0,0
PURE_057,hashimoto,FR-021,functional_requirement,The system shall record approval in the history when an item is reviewed or finalized.,not_observable,not_observable,not_observable,not_observable,observed_partial,1,0,0,,0,0,0
PURE_057,hashimoto,FR-022,functional_requirement,"Once an item is final, edits shall create a new revision rather than overwriting the approved version.",not_observable,not_observable,not_observable,not_observable,not_observable,0,0,0,,0,0,0
PURE_057,hashimoto,FR-023,functional_requirement,The system shall keep the approved version intact for audit and comparison after finalization.,not_observable,not_observable,not_observable,not_observable,not_observable,0,0,0,,0,0,0
PURE_057,hashimoto,FR-024,functional_requirement,"For draft items, other roles shall usually be able to see that a draft exists, who owns it, what it is roughly about, and its review status.",not_observable,not_observable,not_observable,not_observable,observed_satisfied,1,0,0,,0,0,0
PURE_057,hashimoto,FR-025,functional_requirement,The system shall hide the full content of a draft item when it is sensitive or still under discussion.,observed_partial,not_observable,not_observable,not_observable,observed_unsatisfied,2,1,0,,0,0,0
PURE_057,hashimoto,FR-026,functional_requirement,Project managers and assigned reviewers shall see more detail than general analysts for draft items.,not_observable,not_observable,not_observable,not_observable,not_observable,0,0,0,,0,0,0
PURE_057,hashimoto,FR-027,functional_requirement,Guests shall not see anything about drafts unless a project explicitly allows it.,not_observable,not_observable,not_observable,not_observable,not_observable,0,0,0,,0,0,0
PURE_057,hashimoto,FR-028,functional_requirement,"For users with the right project access, the system shall make an item's existence and basic metadata visible, but keep the content hidden until the item is approved or explicitly shared.",observed_satisfied,not_observable,not_observable,observed_partial,observed_partial,3,1,0,,0,0,0
PURE_057,hashimoto,FR-029,functional_requirement,"If an item is marked sensitive, the system shall limit even the metadata to the author, reviewers, and administrators.",not_observable,not_observable,not_observable,not_observable,not_observable,0,0,0,,0,0,0
PURE_057,hashimoto,DI-001,data_external_interface,The system shall import from common document sources.,not_observable,not_observable,not_observable,not_observable,observed_partial,1,0,0,,0,0,0
PURE_057,hashimoto,DI-002,data_external_interface,The system shall import from spreadsheets or structured exports from other requirements tools.,not_observable,not_observable,not_observable,not_observable,not_observable,0,0,0,,0,0,0
PURE_057,hashimoto,DI-003,data_external_interface,The system shall support importing policy or compliance references from upstream repositories.,observed_satisfied,not_observable,not_observable,observed_satisfied,not_observable,2,1,1,observed_satisfied,0,0,0
PURE_057,hashimoto,FR-030,functional_requirement,"During import, the system shall preserve the structure of the analysis, including goals, scenarios, requirements, policy links, and traceability.",not_observable,not_observable,not_observable,not_observable,not_observable,0,0,0,,0,0,0
PURE_057,hashimoto,FR-031,functional_requirement,"During import, the system shall retain classifications, tags, and version references where possible.",not_observable,not_observable,not_observable,not_observable,not_observable,0,0,0,,0,0,0
PURE_057,sparkme,FR-001,functional_requirement,"The system shall support capturing goals, scenarios, policies, requirements, and compliance references.",not_observable,not_observable,observed_partial,not_observable,observed_partial,2,1,1,observed_partial,0,0,0
PURE_057,sparkme,FR-002,functional_requirement,The system shall support tracing goals back to their source policies.,not_observable,not_observable,not_observable,not_observable,not_observable,0,0,0,,0,0,0
PURE_057,sparkme,FR-003,functional_requirement,The system shall support comparing analyses produced by different analysts.,not_observable,not_observable,not_observable,not_observable,not_observable,0,0,0,,0,0,0
PURE_057,sparkme,FR-004,functional_requirement,The system shall support side-by-side comparison of analyses.,not_observable,not_observable,not_observable,not_observable,not_observable,0,0,0,,0,0,0
PURE_057,sparkme,FR-005,functional_requirement,The system shall show when two analysts traced the same goal to different policies or produced different requirements.,not_observable,not_observable,not_observable,not_observable,not_observable,0,0,0,,0,0,0
PURE_057,sparkme,FR-006,functional_requirement,The system shall support comments or discussion notes tied directly to a disputed item.,not_observable,not_observable,not_observable,not_observable,not_observable,0,0,0,,0,0,0
PURE_057,sparkme,FR-007,functional_requirement,The system shall support a controlled vocabulary or shared glossary.,observed_satisfied,observed_satisfied,not_observable,observed_satisfied,observed_satisfied,4,1,1,observed_satisfied,0,0,0
PURE_057,sparkme,FR-008,functional_requirement,The system shall show accepted definitions when a user enters a term.,not_observable,observed_satisfied,not_observable,observed_satisfied,observed_satisfied,3,1,1,observed_satisfied,0,0,0
PURE_057,sparkme,FR-009,functional_requirement,The system shall warn when a new term is too close to an existing one or is being used inconsistently.,observed_partial,not_observable,not_observable,observed_partial,not_observable,2,1,1,observed_partial,0,0,0
PURE_057,sparkme,FR-010,functional_requirement,"The system shall check terms as they are entered and flag likely duplicates, near matches, or uses that do not fit the approved definition.",observed_partial,not_observable,not_observable,not_observable,observed_partial,2,1,1,observed_partial,0,0,0
PURE_057,sparkme,FR-011,functional_requirement,The system shall provide immediate but non-disruptive term-entry warnings.,observed_partial,observed_partial,not_observable,observed_partial,not_observable,3,1,1,observed_partial,0,0,0
PURE_057,sparkme,FR-012,functional_requirement,"The system shall allow analysts to reuse a term, revise it, or add a clarification in response to a term-entry warning.",not_observable,not_observable,not_observable,not_observable,not_observable,0,0,0,,0,0,0
PURE_057,sparkme,FR-013,functional_requirement,The system shall show the existing context for a term during entry.,not_observable,not_observable,not_observable,observed_satisfied,observed_satisfied,2,1,1,observed_satisfied,0,0,0
PURE_057,sparkme,FR-014,functional_requirement,The system shall provide hard errors only when something is clearly invalid or not allowed.,not_observable,not_observable,not_observable,not_observable,not_observable,0,0,0,,0,0,0
PURE_057,sparkme,FR-015,functional_requirement,"The system shall provide softer warnings for possible duplicates, ambiguous wording, or terms that do not exactly match the glossary.",observed_partial,observed_partial,not_observable,observed_partial,not_observable,3,1,1,observed_partial,0,0,0
PURE_057,sparkme,FR-016,functional_requirement,The system shall provide suggestions for approved alternative terms and examples of prior usage.,observed_partial,observed_partial,not_observable,not_observable,not_observable,2,1,1,observed_partial,0,0,0
PURE_057,sparkme,FR-017,functional_requirement,The system shall allow analysts to accept a suggested term with one click.,not_observable,not_observable,not_observable,not_observable,not_observable,0,0,0,,0,0,0
PURE_057,sparkme,FR-018,functional_requirement,"The system shall capture rationale, source notes, assumptions, and status for artifacts.",not_observable,not_observable,observed_partial,not_observable,observed_partial,2,1,1,observed_partial,0,0,0
PURE_057,sparkme,FR-019,functional_requirement,The system shall organize artifacts by project or analysis case.,not_observable,not_observable,not_observable,not_observable,not_observable,0,0,0,,0,0,0
PURE_057,sparkme,FR-020,functional_requirement,"The system shall support organizing artifacts by system, stakeholder, or policy source.",not_observable,not_observable,not_observable,not_observable,not_observable,0,0,0,,0,0,0
PURE_057,sparkme,FR-021,functional_requirement,"The system shall support artifact lifecycle states including draft, review, approved or accepted, and archived.",not_observable,not_observable,observed_partial,not_observable,observed_partial,2,1,1,observed_partial,0,0,0
PURE_057,sparkme,FR-022,functional_requirement,The system shall support versioning so that older versions remain traceable for audit and comparison.,not_observable,not_observable,not_observable,not_observable,not_observable,0,0,0,,0,0,0
PURE_057,sparkme,FR-023,functional_requirement,The system shall keep archived items searchable and traceable.,not_observable,observed_unsatisfied,not_observable,not_observable,not_observable,1,0,0,,0,0,0
PURE_057,sparkme,FR-025,functional_requirement,The system shall allow reviewers to comment and suggest changes without silently altering the approved record.,not_observable,not_observable,not_observable,not_observable,not_observable,0,0,0,,0,0,0
PURE_057,sparkme,FR-026,functional_requirement,The system shall allow guests to have read-only access.,not_observable,observed_partial,observed_partial,observed_partial,observed_unsatisfied,4,1,0,,0,0,0
PURE_057,sparkme,FR-027,functional_requirement,The system shall detect overlapping edits and warn the user before changes are finalized.,not_observable,not_observable,not_observable,not_observable,not_observable,0,0,0,,0,0,0
PURE_057,sparkme,FR-028,functional_requirement,The system shall flag broken trace links and records that point to deleted policies.,not_observable,not_observable,not_observable,not_observable,not_observable,0,0,0,,0,0,0
PURE_057,sparkme,FR-029,functional_requirement,The system shall keep records recoverable when a consistency issue is detected.,not_observable,not_observable,not_observable,not_observable,not_observable,0,0,0,,0,0,0
PURE_057,sparkme,FR-030,functional_requirement,The system shall show who made the last change and what changed for conflict resolution.,not_observable,not_observable,not_observable,not_observable,not_observable,0,0,0,,0,0,0
PURE_057,sparkme,FR-031,functional_requirement,The system shall provide a guided resolution workflow for conflicts.,not_observable,not_observable,not_observable,not_observable,not_observable,0,0,0,,0,0,0
PURE_057,sparkme,FR-032,functional_requirement,The system shall show conflicting versions side by side and highlight exactly what changed.,not_observable,observed_unsatisfied,not_observable,not_observable,not_observable,1,0,0,,0,0,0
PURE_057,sparkme,FR-033,functional_requirement,The system shall send notifications to the people involved in a conflict.,not_observable,not_observable,not_observable,not_observable,not_observable,0,0,0,,0,0,0
PURE_057,sparkme,FR-034,functional_requirement,The system shall provide a comment thread or notes area for conflict resolution.,not_observable,not_observable,not_observable,not_observable,not_observable,0,0,0,,0,0,0
PURE_057,sparkme,FR-035,functional_requirement,"The system shall allow the user to merge conflicting content, keep one version, or reopen the item for further review depending on the situation.",not_observable,not_observable,not_observable,not_observable,not_observable,0,0,0,,0,0,0
PURE_057,sparkme,FR-036,functional_requirement,The system shall support importing source policies and supporting files from document repositories.,not_observable,not_observable,not_observable,not_observable,not_observable,0,0,0,,0,0,0
PURE_057,sparkme,FR-039,functional_requirement,"The system shall preserve source, timestamps, ownership, and existing trace links or classifications during migration when they can be mapped cleanly.",not_observable,not_observable,not_observable,not_observable,not_observable,0,0,0,,0,0,0
PURE_057,sparkme,FR-040,functional_requirement,The system shall preserve the original value and mark it for review when a link or field cannot be resolved automatically during import.,not_observable,not_observable,not_observable,not_observable,observed_partial,1,0,0,,0,0,0
PURE_057,sparkme,FR-041,functional_requirement,"The system shall support a guided import process that lets a user match fields, preview incoming data, and catch missing links before data is committed.",not_observable,not_observable,not_observable,not_observable,observed_partial,1,0,0,,0,0,0
PURE_057,sparkme,FR-042,functional_requirement,The system shall import data into a staging area before publishing it into the live project.,not_observable,not_observable,observed_partial,not_observable,observed_partial,2,1,1,observed_partial,0,0,0
PURE_057,sparkme,FR-043,functional_requirement,The system shall keep unmatched items or broken links visible in a review queue until someone confirms them.,not_observable,not_observable,not_observable,not_observable,not_observable,0,0,0,,0,0,0
PURE_057,sparkme,FR-044,functional_requirement,"The system shall support notifications or watch alerts when a related policy, requirement, or trace link is updated and needs review.",not_observable,not_observable,not_observable,not_observable,not_observable,0,0,0,,0,0,0
PURE_057,sparkme,FR-045,functional_requirement,The system shall keep old link history and show what was updated when a mapping changes.,not_observable,not_observable,not_observable,not_observable,not_observable,0,0,0,,0,0,0
PURE_057,sparkme,FR-046,functional_requirement,The system shall allow analysts to compare before and after values when a mapping changes.,not_observable,not_observable,not_observable,not_observable,not_observable,0,0,0,,0,0,0
PURE_057,sparkme,FR-047,functional_requirement,The system shall distinguish items still inherited from import from items that have been manually corrected.,not_observable,not_observable,not_observable,not_observable,not_observable,0,0,0,,0,0,0
PURE_057,sparkme,FR-048,functional_requirement,The system shall stop automation and flag a set for human review when automatic mapping is incorrect in context or when a source file changes structure after import.,not_observable,not_observable,not_observable,not_observable,not_observable,0,0,0,,0,0,0
PURE_057,sparkme,FR-049,functional_requirement,The system shall preserve original data when automatic mapping or batch updates fail unexpectedly.,not_observable,not_observable,not_observable,not_observable,not_observable,0,0,0,,0,0,0
PURE_057,sparkme,FR-050,functional_requirement,"The system shall surface high-priority updates first, especially when they are tied to legal compliance, a security control, or a policy that affects multiple requirements.",not_observable,not_observable,not_observable,not_observable,not_observable,0,0,0,,0,0,0
PURE_057,sparkme,FR-051,functional_requirement,"The system shall show impact counts, urgency, and whether a change breaks existing traceability to help analysts prioritize updates.",not_observable,not_observable,not_observable,not_observable,not_observable,0,0,0,,0,0,0
PURE_057,sparkme,FR-052,functional_requirement,"The system shall make flagged items visible in the workspace with a status such as needs review, conflicting mapping, or unresolved import.",not_observable,not_observable,not_observable,not_observable,not_observable,0,0,0,,0,0,0
PURE_057,sparkme,FR-053,functional_requirement,"The system shall show the original source value, the suggested mapping if one exists, and the reason a mapping was rejected or left ambiguous.",not_observable,not_observable,not_observable,not_observable,not_observable,0,0,0,,0,0,0
PURE_057,sparkme,FR-054,functional_requirement,"The system shall allow analysts to open a flagged item, compare competing values, choose the correct mapping or mark it for escalation, and record the decision.",not_observable,not_observable,not_observable,not_observable,not_observable,0,0,0,,0,0,0
PURE_057,sparkme,FR-055,functional_requirement,"The system shall log who made a conflict or import resolution decision, when it was made, and what evidence or reasoning was used.",not_observable,not_observable,not_observable,not_observable,not_observable,0,0,0,,0,0,0
PURE_057,sparkme,FR-056,functional_requirement,The system shall update related trace links and mark the item as resolved after a resolution.,not_observable,not_observable,not_observable,not_observable,not_observable,0,0,0,,0,0,0
PURE_057,sparkme,FR-057,functional_requirement,The system shall keep the previous state available for audit after a resolution.,not_observable,not_observable,not_observable,not_observable,not_observable,0,0,0,,0,0,0
PURE_057,sparkme,FR-058,functional_requirement,The system shall provide a notification or activity feed entry when a conflict has been handled and when downstream items are affected.,not_observable,not_observable,not_observable,not_observable,not_observable,0,0,0,,0,0,0
PURE_057,sparkme,FR-059,functional_requirement,"The system shall support a dashboard-style interface with quick access to the current project, recent items, unresolved conflicts, and review tasks.",observed_partial,not_observable,observed_partial,observed_partial,observed_partial,4,1,1,observed_partial,0,0,0
PURE_057,sparkme,FR-060,functional_requirement,"The system shall provide fast search and filtering across goals, requirements, policies, and trace links.",not_observable,not_observable,not_observable,observed_partial,not_observable,1,0,0,,0,0,0
PURE_057,sparkme,FR-061,functional_requirement,"The system shall support templates, autocomplete, and inline editing to reduce repetitive data entry.",not_observable,not_observable,not_observable,not_observable,not_observable,0,0,0,,0,0,0
PURE_057,sparkme,FR-062,functional_requirement,The system shall save changes automatically and give clear feedback when something has not synced yet.,not_observable,not_observable,not_observable,not_observable,not_observable,0,0,0,,0,0,0
PURE_057,sparkme,FR-063,functional_requirement,"The system shall provide a clear indicator for saved, pending sync, and failed sync states.",not_observable,not_observable,observed_unsatisfied,not_observable,not_observable,1,0,0,,0,0,0
PURE_057,sparkme,FR-064,functional_requirement,The system shall support easy recovery from interrupted sessions.,not_observable,not_observable,not_observable,not_observable,not_observable,0,0,0,,0,0,0
PURE_057,sparkme,FR-065,quality_requirement,The system shall be lightweight and responsive and avoid heavy pages or long full-page refreshes.,not_observable,not_observable,not_observable,not_observable,not_observable,0,0,0,,0,0,0
PURE_057,sparkme,FR-066,functional_requirement,The system shall update small parts of the screen instead of requiring long full-page refreshes.,not_observable,not_observable,observed_unsatisfied,not_observable,not_observable,1,0,0,,0,0,0
PURE_057,sparkme,FR-067,quality_requirement,The system shall keep the most important project information accessible when the connection is slow.,not_observable,not_observable,not_observable,not_observable,not_observable,0,0,0,,0,0,0
PURE_057,sparkme,FR-068,functional_requirement,The system shall provide a guided first-use walkthrough.,not_observable,not_observable,not_observable,not_observable,not_observable,0,0,0,,0,0,0
PURE_057,sparkme,FR-069,functional_requirement,"The walkthrough shall cover how goals, policies, and requirements connect, and it shall include the main workflow of creating or opening a project, adding a goal or requirement, linking it back to a policy, and reviewing traceability.",not_observable,not_observable,not_observable,not_observable,not_observable,0,0,0,,0,0,0
PURE_057,sparkme,FR-070,functional_requirement,The system shall provide short contextual help inside the screens.,observed_satisfied,not_observable,observed_satisfied,not_observable,not_observable,2,1,1,observed_satisfied,0,0,0
PURE_057,sparkme,FR-071,functional_requirement,The system shall provide sample projects or templates for new users.,not_observable,not_observable,not_observable,not_observable,not_observable,0,0,0,,0,0,0
PURE_057,sparkme,FR-072,functional_requirement,"The walkthrough shall be interactive enough for a user to complete one small example, but not so long that the user feels trapped in a tutorial.",not_observable,not_observable,not_observable,not_observable,not_observable,0,0,0,,0,0,0
PURE_057,sparkme,FR-073,functional_requirement,"The system shall provide plain-language explanations for classifications, compliance fields, and comparison views when users first encounter them.",not_observable,not_observable,not_observable,not_observable,not_observable,0,0,0,,0,0,0
PURE_057,sparkme,FR-074,functional_requirement,The system shall explain autosave and sync status early in onboarding.,not_observable,not_observable,not_observable,not_observable,not_observable,0,0,0,,0,0,0
PURE_057,sparkme,FR-075,functional_requirement,The system shall provide a clear recovery message if the connection drops.,not_observable,not_observable,not_observable,not_observable,not_observable,0,0,0,,0,0,0
PURE_057,sparkme,FR-076,functional_requirement,The system shall avoid vague warnings and technical jargon when reporting sync or recovery problems.,not_observable,not_observable,not_observable,not_observable,not_observable,0,0,0,,0,0,0
PURE_057,sparkme,FR-077,functional_requirement,The system shall support collaboration changes that are easy to review without reloading everything.,not_observable,not_observable,not_observable,not_observable,not_observable,0,0,0,,0,0,0
PURE_057,sparkme,FR-078,functional_requirement,The system shall support incremental loading of data rather than rendering everything at once in large projects.,not_observable,not_observable,not_observable,not_observable,not_observable,0,0,0,,0,0,0
PURE_057,sparkme,FR-079,functional_requirement,The system shall avoid locking people out while others are editing and shall support concurrent work being visible and reconciled cleanly.,not_observable,not_observable,not_observable,not_observable,not_observable,0,0,0,,0,0,0
PURE_057,sparkme,FR-080,functional_requirement,The system shall support keeping projects isolated enough that one large project does not slow down other projects.,not_observable,not_observable,not_observable,not_observable,not_observable,0,0,0,,0,0,0
PURE_057,sparkme,FR-081,functional_requirement,The system shall support loading commonly used views quickly without waiting for the entire project to load.,not_observable,not_observable,not_observable,not_observable,not_observable,0,0,0,,0,0,0
PURE_057,sparkme,FR-082,functional_requirement,The system shall support graceful handling of disconnects.,not_observable,not_observable,not_observable,not_observable,not_observable,0,0,0,,0,0,0
PURE_057,sparkme,FR-083,functional_requirement,The system shall prevent users from losing work if the connection drops temporarily.,not_observable,not_observable,not_observable,not_observable,not_observable,0,0,0,,0,0,0
PURE_057,sparkme,FR-084,functional_requirement,The system shall run in the organization’s managed environment unless public cloud deployment is specifically approved.,not_observable,not_observable,not_observable,not_observable,not_observable,0,0,0,,0,0,0
PURE_057,sparkme,BR-001,business_rule_constraint,The system shall use role-based permissions so only the right people can edit sensitive analysis content or view work that is not meant to be shared broadly.,not_observable,not_observable,not_observable,not_observable,not_observable,0,0,0,,0,0,0
PURE_057,sparkme,BR-002,business_rule_constraint,The system shall restrict editing once an artifact is approved unless a user creates a new version or has admin-level permission to reopen it.,not_observable,not_observable,not_observable,not_observable,not_observable,0,0,0,,0,0,0
PURE_057,sparkme,BR-003,business_rule_constraint,Hard errors shall be used only when something is clearly invalid or not allowed.,not_observable,not_observable,not_observable,not_observable,not_observable,0,0,0,,0,0,0
PURE_057,sparkme,BR-004,business_rule_constraint,Approved older versions shall remain accessible for audit purposes and shall not be overwritten.,not_observable,not_observable,not_observable,not_observable,not_observable,0,0,0,,0,0,0
PURE_057,sparkme,BR-005,business_rule_constraint,Imported data shall be reviewed before publication to the live project.,not_observable,not_observable,not_observable,not_observable,not_observable,0,0,0,,0,0,0
PURE_057,sparkme,BR-006,business_rule_constraint,The system shall stop automation and require human review when an import mapping is ambiguous or contextually incorrect.,not_observable,not_observable,not_observable,not_observable,observed_partial,1,0,0,,0,0,0
PURE_057,sparkme,BR-007,business_rule_constraint,The system shall prioritize items with higher compliance or project risk over lower-risk items.,not_observable,not_observable,not_observable,not_observable,not_observable,0,0,0,,0,0,0
PURE_057,sparkme,DI-001,data_external_interface,The system shall support import and export in common formats.,not_observable,not_observable,not_observable,not_observable,not_observable,0,0,0,,0,0,0
PURE_057,sparkme,DI-002,data_external_interface,The system shall support importing from document repositories.,not_observable,not_observable,not_observable,not_observable,not_observable,0,0,0,,0,0,0
PURE_057,sparkme,DI-003,data_external_interface,The system shall support linking to issue-tracking items or syncing basic status with issue-tracking systems.,not_observable,not_observable,not_observable,not_observable,not_observable,0,0,0,,0,0,0
PURE_057,sparkme,DI-004,data_external_interface,"The system shall support migration input from structured documents such as spreadsheets, Word files, and exported requirement databases.",not_observable,not_observable,not_observable,not_observable,not_observable,0,0,0,,0,0,0
PURE_057,sparkme,DI-005,data_external_interface,"The system shall support import of legacy documents, analyses, and traceability information into a staging area.",not_observable,not_observable,not_observable,not_observable,not_observable,0,0,0,,0,0,0
PURE_057,sparkme,DI-006,data_external_interface,The system shall preserve and display the original source value when an imported item cannot be mapped automatically.,not_observable,not_observable,not_observable,not_observable,observed_partial,1,0,0,,0,0,0
PURE_057,sparkme,DI-007,data_external_interface,The system shall support showing the suggested mapping for an imported item when one exists.,not_observable,not_observable,not_observable,not_observable,not_observable,0,0,0,,0,0,0
PURE_057,sparkme,QR-001,quality_requirement,The system shall reduce the time required to complete an analysis.,not_observable,not_observable,not_observable,not_observable,not_observable,0,0,0,,0,0,0
PURE_057,sparkme,QR-002,quality_requirement,The system shall reduce missing traces between requirements and source policies.,not_observable,not_observable,not_observable,not_observable,not_observable,0,0,0,,0,0,0
PURE_057,sparkme,QR-003,quality_requirement,The system shall reduce issues found later during review or compliance checking.,not_observable,not_observable,not_observable,not_observable,not_observable,0,0,0,,0,0,0
PURE_057,sparkme,QR-004,quality_requirement,The system shall improve consistency between analysts.,not_observable,not_observable,not_observable,not_observable,not_observable,0,0,0,,0,0,0
PURE_057,sparkme,QR-005,quality_requirement,"The system shall be responsive as projects grow and shall not feel sluggish as the number of users, projects, artifacts, or trace links increases.",not_observable,not_observable,not_observable,not_observable,not_observable,0,0,0,,0,0,0
PURE_057,sparkme,QR-006,quality_requirement,The system shall remain usable over slow or unstable connections and through VPN or secured remote access.,not_observable,not_observable,not_observable,not_observable,not_observable,0,0,0,,0,0,0
PURE_057,sparkme,QR-007,quality_requirement,The system shall comply with internal security policies including single sign-on and role-based access.,not_observable,not_observable,not_observable,not_observable,not_observable,0,0,0,,0,0,0
PURE_057,sparkme,QR-008,quality_requirement,"The system shall provide access control, audit logging, and secure storage because it is treated as a sensitive internal system.",not_observable,not_observable,observed_unsatisfied,not_observable,observed_partial,2,1,0,,0,0,0
PURE_057,sparkme,QR-009,quality_requirement,The system shall be resilient to slow connections and session timeouts.,not_observable,not_observable,not_observable,not_observable,not_observable,0,0,0,,0,0,0
PURE_057,sparkme,QR-010,quality_requirement,The system shall keep users from losing work when a connection drops temporarily.,not_observable,not_observable,not_observable,not_observable,not_observable,0,0,0,,0,0,0
PURE_057,sparkme,QR-011,quality_requirement,"The interface shall be clean, lightweight, and responsive.",not_observable,not_observable,not_observable,not_observable,not_observable,0,0,0,,0,0,0
PURE_057,sparkme,QR-012,quality_requirement,The system shall be forgiving and low-friction for analysts to use.,not_observable,not_observable,observed_partial,not_observable,observed_partial,2,1,1,observed_partial,0,0,0
PURE_057,sparkme,QR-013,quality_requirement,The system shall minimize repetitive data entry.,not_observable,not_observable,observed_satisfied,not_observable,not_observable,1,0,0,,0,0,0
PURE_057,sparkme,QR-014,quality_requirement,"The system shall make comparison, search, filtering, and cross-references fast even with large datasets and many trace links.",not_observable,not_observable,not_observable,not_observable,not_observable,0,0,0,,0,0,0
PURE_057,sparkme,QR-015,quality_requirement,The system shall keep the interface usable and avoid clutter when artifact counts are high.,not_observable,not_observable,not_observable,not_observable,not_observable,0,0,0,,0,0,0
PURE_057,sparkme,QR-016,quality_requirement,The system shall provide clear status labels and plain-language messages for sync and recovery problems.,not_observable,not_observable,not_observable,not_observable,not_observable,0,0,0,,0,0,0
PURE_057,sparkme,QR-017,quality_requirement,The system shall provide a notification digest or summary view for minor flagged items instead of excessive alerts.,not_observable,not_observable,not_observable,not_observable,not_observable,0,0,0,,0,0,0
PURE_057,sparkme,QR-018,quality_requirement,The system shall allow analysts to manage collaboration without having to switch to email.,not_observable,not_observable,not_observable,not_observable,not_observable,0,0,0,,0,0,0
PURE_057,sparkme,EX-001,exception_boundary,"When multiple analysts edit related items at the same time, the system shall detect overlapping edits and warn the user before changes are finalized.",not_observable,not_observable,not_observable,not_observable,not_observable,0,0,0,,0,0,0
PURE_057,sparkme,EX-002,exception_boundary,"When a requirement points to a deleted policy or a trace link is broken, the system shall flag the problem and keep the record recoverable.",not_observable,not_observable,not_observable,not_observable,not_observable,0,0,0,,0,0,0
PURE_057,sparkme,EX-003,exception_boundary,"When a connection drops or a session is interrupted, the system shall preserve the user’s work and provide recovery guidance.",not_observable,not_observable,not_observable,not_observable,not_observable,0,0,0,,0,0,0
PURE_057,sparkme,EX-004,exception_boundary,"When automatic mapping or batch updates fail unexpectedly, the system shall preserve the original data and flag the affected set for human review rather than forcing a best guess.",not_observable,not_observable,not_observable,not_observable,not_observable,0,0,0,,0,0,0
PURE_057,sparkme,EX-005,exception_boundary,"When imported items or mappings are ambiguous, the system shall keep them visible in a review queue until someone confirms them.",not_observable,not_observable,not_observable,not_observable,observed_partial,1,0,0,,0,0,0
PURE_057,sparkme,EX-006,exception_boundary,"When an artifact is archived, the system shall allow it to be viewed and traced, and it shall clearly mark it so users do not mistake it for current requirements.",not_observable,not_observable,not_observable,not_observable,not_observable,0,0,0,,0,0,0
PURE_057,proposed_method,FR-001,functional_requirement,"The system shall allow users to capture goals, scenarios, policies, requirements, and legal-compliance information.",observed_satisfied,observed_partial,observed_partial,observed_partial,observed_partial,5,1,0,,1,0,0
PURE_057,proposed_method,FR-002,functional_requirement,"The system shall allow users to link requirements, goals, policies, scenarios, and derived analyses so that the rationale is traceable.",observed_partial,observed_partial,not_observable,not_observable,observed_partial,3,1,1,observed_partial,0,0,0
PURE_057,proposed_method,FR-003,functional_requirement,The system shall support tracing a requirement or goal back to its source policy or legal rule.,observed_partial,not_observable,not_observable,not_observable,observed_satisfied,2,1,0,,0,0,0
PURE_057,proposed_method,FR-004,functional_requirement,"The system shall record the source policy reference, the exact part of the policy that justifies the goal or requirement, and a short rationale for the trace.",observed_satisfied,not_observable,not_observable,not_observable,observed_partial,2,1,0,,0,0,0
PURE_057,proposed_method,FR-005,functional_requirement,The system shall show which requirement supports which goal and which policy or legal source justified that goal or requirement.,observed_satisfied,not_observable,not_observable,not_observable,observed_partial,2,1,0,,0,0,0
PURE_057,proposed_method,FR-006,functional_requirement,"The system shall represent many-to-many relationships among requirements, goals, and policies.",observed_partial,not_observable,not_observable,not_observable,not_observable,1,0,0,,0,0,0
PURE_057,proposed_method,FR-007,functional_requirement,The system shall make overlaps and shared dependencies visible rather than hiding them under a single path.,observed_satisfied,not_observable,not_observable,not_observable,not_observable,1,0,0,,0,0,0
PURE_057,proposed_method,FR-008,functional_requirement,"The system shall show all relevant links when an item belongs to multiple paths and, if the team has designated one, clearly indicate which link is primary.",observed_partial,not_observable,not_observable,not_observable,not_observable,1,0,0,,0,0,0
PURE_057,proposed_method,FR-009,functional_requirement,The system shall allow users to compare two analyses side by side.,not_observable,observed_satisfied,not_observable,not_observable,not_observable,1,0,0,,0,0,0
PURE_057,proposed_method,FR-010,functional_requirement,"When comparing analyses, the system shall show where goals, policies, and requirements match, differ, or exist in one analysis but not the other.",not_observable,observed_partial,not_observable,not_observable,not_observable,1,0,0,,0,0,0
PURE_057,proposed_method,FR-011,functional_requirement,"When comparing analyses, the system shall make visible when two people traced the same requirement back to different source policies.",not_observable,not_observable,not_observable,not_observable,not_observable,0,0,0,,0,0,0
PURE_057,proposed_method,FR-012,functional_requirement,The system shall allow analysts to independently build analyses and then compare them without losing the reasoning behind decisions.,not_observable,observed_partial,observed_partial,observed_partial,not_observable,3,1,1,observed_partial,0,0,0
PURE_057,proposed_method,FR-013,functional_requirement,"The system shall support review, comment, compare-analysis, and traceability-check activities for project managers.",not_observable,not_observable,not_observable,observed_partial,not_observable,1,0,0,,0,0,0
PURE_057,proposed_method,FR-014,functional_requirement,"The system shall allow guests to view approved materials and, if allowed, compare published analyses.",observed_partial,not_observable,not_observable,not_observable,not_observable,1,0,0,,0,0,0
PURE_057,proposed_method,FR-015,functional_requirement,The system shall allow users to organize analysis items with flexible classifications.,not_observable,observed_satisfied,not_observable,observed_satisfied,observed_partial,3,1,0,,0,0,0
PURE_057,proposed_method,FR-016,functional_requirement,The system shall allow an artifact to have multiple classifications when it naturally belongs in more than one view.,not_observable,observed_satisfied,not_observable,observed_partial,not_observable,2,1,0,,0,0,0
PURE_057,proposed_method,FR-017,functional_requirement,"The system shall allow reclassification later when an analyst is refining the analysis or correcting an early placeholder, provided the history is preserved.",not_observable,not_observable,not_observable,observed_satisfied,not_observable,1,0,0,,0,0,0
PURE_057,proposed_method,FR-018,functional_requirement,The system shall allow derived-from links to remain visible even if the source item is later revised or marked inactive.,not_observable,not_observable,not_observable,not_observable,not_observable,0,0,0,,0,0,0
PURE_057,proposed_method,FR-019,functional_requirement,"The system shall allow derived-from links to chain through multiple levels when that history matters, while keeping the direct parent clear.",observed_satisfied,not_observable,not_observable,not_observable,not_observable,1,0,0,,0,0,0
PURE_057,proposed_method,FR-020,functional_requirement,"The system shall preserve intermediate goals or policy versions in a requirement trace when they help explain the justification path, while keeping the direct policy link prominent.",observed_satisfied,not_observable,not_observable,not_observable,observed_partial,2,1,0,,0,0,0
PURE_057,proposed_method,FR-021,functional_requirement,The system shall support a gradual migration of existing analysis work into SPRAT.,not_observable,not_observable,not_observable,not_observable,not_observable,0,0,0,,0,0,0
PURE_057,proposed_method,FR-022,functional_requirement,The system shall allow migrated work to preserve traceability and context so it remains trustworthy and reviewable.,not_observable,not_observable,not_observable,not_observable,not_observable,0,0,0,,0,0,0
PURE_057,proposed_method,FR-023,functional_requirement,"During migration, the system shall bring over the core content and links needed for active work, while leaving formatting or historical clutter behind if necessary.",not_observable,not_observable,not_observable,not_observable,not_observable,0,0,0,,0,0,0
PURE_057,proposed_method,FR-024,functional_requirement,"The system shall migrate active projects, authoritative source documents, and items needed to maintain traceability for current work first.",not_observable,not_observable,not_observable,not_observable,not_observable,0,0,0,,0,0,0
PURE_057,proposed_method,FR-025,functional_requirement,"The system shall include any linked policy source, specific obligation reference, and current supporting notes or evidence needed to prove or understand an active trace link.",observed_partial,not_observable,not_observable,not_observable,not_observable,1,0,0,,0,0,0
PURE_057,proposed_method,FR-026,functional_requirement,The system shall support review-only use for project managers and read-only use for guests.,observed_partial,not_observable,not_observable,observed_partial,not_observable,2,1,1,observed_partial,0,0,0
PURE_057,proposed_method,FR-027,functional_requirement,The system shall restrict guests from changing anything or viewing restricted details.,observed_partial,not_observable,observed_partial,not_observable,not_observable,2,1,1,observed_partial,0,0,0
PURE_057,proposed_method,FR-028,functional_requirement,"The system shall block guests from viewing sensitive notes, draft legal-compliance information, and unapproved trace links unless the project owner explicitly grants access.",observed_unsatisfied,not_observable,not_observable,not_observable,not_observable,1,0,0,,0,0,0
PURE_057,proposed_method,FR-029,functional_requirement,The system shall support web access for office and remote working setups.,not_observable,not_observable,not_observable,not_observable,not_observable,0,0,0,,0,0,0
PURE_057,proposed_method,FR-030,functional_requirement,"For sensitive projects, the system shall allow access only from approved corporate networks or trusted devices, and remote access shall require stronger authentication and, for especially sensitive work, explicit approval.",not_observable,not_observable,not_observable,not_observable,not_observable,0,0,0,,0,0,0
PURE_057,proposed_method,FR-031,functional_requirement,"The system shall support an exception process for urgent access in sensitive projects, and the exception shall be logged and time-limited.",not_observable,not_observable,not_observable,not_observable,not_observable,0,0,0,,0,0,0
PURE_057,proposed_method,FR-032,functional_requirement,The system shall support basic capture and trace tasks with minimal guidance for new analysts.,observed_partial,observed_partial,observed_partial,observed_partial,observed_partial,5,1,1,observed_partial,1,1,0
PURE_057,proposed_method,FR-033,functional_requirement,"The system shall allow new analysts in low-risk projects to perform simple editing, reclassifying, and linking to ordinary source types without heavy approval friction once they have learned the workflow.",not_observable,not_observable,not_observable,not_observable,not_observable,0,0,0,,0,0,0
PURE_057,proposed_method,FR-034,functional_requirement,The system shall require project manager or more experienced analyst review before a new analyst can finalize or publish traces in sensitive projects.,not_observable,not_observable,not_observable,not_observable,not_observable,0,0,0,,0,0,0
PURE_057,proposed_method,FR-035,functional_requirement,"The system shall support guided setup, examples of acceptable classifications, and a short administrator or project manager review for very sensitive projects or complex policy sets.",not_observable,not_observable,not_observable,not_observable,not_observable,0,0,0,,0,0,0
PURE_057,proposed_method,FR-036,functional_requirement,The system shall provide inline explanations for how comparisons are interpreted.,not_observable,observed_unsatisfied,not_observable,observed_unsatisfied,observed_unsatisfied,3,1,1,observed_unsatisfied,0,0,0
PURE_057,proposed_method,FR-037,functional_requirement,The system shall support capturing a clear title or name and a description for each analysis item.,not_observable,observed_satisfied,not_observable,observed_satisfied,observed_satisfied,3,1,1,observed_satisfied,0,0,0
PURE_057,proposed_method,FR-038,functional_requirement,"The system shall capture actor, trigger, and outcome for scenarios.",not_observable,not_observable,not_observable,observed_satisfied,observed_satisfied,2,1,1,observed_satisfied,0,0,0
PURE_057,proposed_method,FR-039,functional_requirement,The system shall require trace links when a requirement claims to come from a policy.,not_observable,observed_satisfied,observed_satisfied,observed_unsatisfied,observed_unsatisfied,4,1,0,,0,0,0
PURE_057,proposed_method,FR-040,functional_requirement,The system shall flag missing or inconsistent classifications rather than silently accepting them.,not_observable,not_observable,observed_unsatisfied,not_observable,not_observable,1,0,0,,0,0,0
PURE_057,proposed_method,FR-041,functional_requirement,"The system shall check structural consistency of the analysis, including whether links exist, whether classifications are used properly, and whether obvious trace gaps are present.",not_observable,not_observable,not_observable,not_observable,not_observable,0,0,0,,0,0,0
PURE_057,proposed_method,FR-042,functional_requirement,The system shall flag questionable analysis content clearly and leave semantic judgment to the analyst or reviewer.,not_observable,not_observable,not_observable,not_observable,not_observable,0,0,0,,0,0,0
PURE_057,proposed_method,FR-043,functional_requirement,The system shall record who made a trace and when it was added.,not_observable,observed_satisfied,not_observable,not_observable,observed_satisfied,2,1,1,observed_satisfied,0,0,0
PURE_057,proposed_method,FR-044,functional_requirement,"The system shall allow a goal to be supported by several policies together, and it shall allow a trace to be indirect through a requirement or scenario when the relationship is still explainable.",not_observable,not_observable,not_observable,not_observable,not_observable,0,0,0,,0,0,0
PURE_057,proposed_method,FR-045,functional_requirement,"The system shall allow analysts to derive requirements from other requirements or from scenarios, and derived-from links shall remain visible even if the source item changes.",not_observable,not_observable,not_observable,not_observable,not_observable,0,0,0,,0,0,0
PURE_057,proposed_method,FR-046,functional_requirement,The system shall show the direct parent in a derived-from chain so the trail is not ambiguous.,not_observable,not_observable,not_observable,not_observable,not_observable,0,0,0,,0,0,0
PURE_057,proposed_method,FR-047,functional_requirement,"The system shall preserve a basic audit trail that shows what changed, who changed it, and when it changed.",not_observable,not_observable,not_observable,observed_satisfied,not_observable,1,0,0,,0,0,0
PURE_057,proposed_method,FR-048,functional_requirement,"The system shall record the previous version or enough detail to reconstruct the earlier state for goals, requirements, policies, and traces.",not_observable,not_observable,not_observable,observed_partial,not_observable,1,0,0,,0,0,0
PURE_057,proposed_method,FR-049,functional_requirement,The system shall show which downstream items were derived from or reviewed against a changed artifact.,not_observable,not_observable,not_observable,not_observable,not_observable,0,0,0,,0,0,0
PURE_057,proposed_method,FR-050,functional_requirement,The system shall support exports in at least one structured machine-readable format such as CSV or JSON and one human-readable format such as PDF or Word.,observed_partial,observed_partial,observed_partial,observed_partial,observed_partial,5,1,1,observed_partial,1,1,0
PURE_057,proposed_method,FR-051,functional_requirement,Exports shall preserve trace links and audit metadata.,observed_satisfied,not_observable,observed_partial,not_observable,observed_satisfied,3,1,0,,0,0,0
PURE_057,proposed_method,FR-052,functional_requirement,The system shall restrict raw exports to authorized roles.,not_observable,not_observable,not_observable,observed_unsatisfied,not_observable,1,0,0,,0,0,0
PURE_057,proposed_method,FR-053,functional_requirement,"For external sharing, the system shall require a redacted or approved version rather than an unfiltered export.",not_observable,not_observable,not_observable,not_observable,not_observable,0,0,0,,0,0,0
PURE_057,proposed_method,FR-054,functional_requirement,"The system shall allow exports to be redacted or blocked when they include personal data, legal interpretations, unresolved disputes, or security weaknesses, depending on sensitivity.",not_observable,not_observable,not_observable,not_observable,not_observable,0,0,0,,0,0,0
PURE_057,proposed_method,FR-055,functional_requirement,"The system shall require explicit approval before release when an export could identify individuals or expose a control gap, even if the export can be shared at all.",not_observable,not_observable,not_observable,not_observable,not_observable,0,0,0,,0,0,0
PURE_057,proposed_method,FR-056,functional_requirement,"The system shall automatically reduce export detail for lower roles by excluding draft comments, sensitive source links, and personal data.",not_observable,not_observable,not_observable,not_observable,not_observable,0,0,0,,0,0,0
PURE_057,proposed_method,FR-057,functional_requirement,The system shall block export when the user is trying to pull information classified above their clearance or outside their project scope.,not_observable,not_observable,not_observable,not_observable,not_observable,0,0,0,,0,0,0
PURE_057,proposed_method,FR-058,functional_requirement,The system shall provide a mechanism to flag ownership-unclear changes for review and keep the request pending until someone with authority confirms it.,not_observable,not_observable,not_observable,not_observable,not_observable,0,0,0,,0,0,0
PURE_057,proposed_method,FR-059,functional_requirement,"The system shall support a fallback process when the responsible person is temporarily unavailable, and the fallback shall be explicit and auditable.",not_observable,not_observable,not_observable,not_observable,not_observable,0,0,0,,0,0,0
PURE_057,proposed_method,FR-060,functional_requirement,"The system shall store classifications, rules, and permissions in a way that preserves versioned history or clear provenance instead of rewriting old decisions.",not_observable,not_observable,not_observable,observed_partial,not_observable,1,0,0,,0,0,0
PURE_057,proposed_method,FR-061,functional_requirement,"The system shall show what changed, when it changed, and which analyses were affected when classifications, rules, or permissions change.",not_observable,not_observable,not_observable,not_observable,not_observable,0,0,0,,0,0,0
PURE_057,proposed_method,FR-062,functional_requirement,The system shall support a strong validation role for the analysis by catching mistakes that would undermine review confidence.,not_observable,not_observable,not_observable,not_observable,not_observable,0,0,0,,0,0,0
PURE_057,proposed_method,FR-063,functional_requirement,"The system shall keep a trace link visible when a requirement is traced back to its source policy, and the trace shall preserve intermediate goals or policy versions when that helps explain the justification path.",observed_satisfied,not_observable,not_observable,not_observable,observed_partial,2,1,0,,0,0,0
PURE_057,proposed_method,BR-001,business_rule_constraint,"A requirement may be traced to several goals, and one policy may drive many requirements.",observed_partial,not_observable,not_observable,not_observable,not_observable,1,0,0,,0,0,0
PURE_057,proposed_method,BR-002,business_rule_constraint,"If a requirement was derived through another requirement or scenario, that connection should be visible.",observed_partial,not_observable,not_observable,not_observable,not_observable,1,0,0,,0,0,0
PURE_057,proposed_method,BR-003,business_rule_constraint,Nothing should be lost just because it appears in more than one analysis route.,observed_satisfied,not_observable,not_observable,not_observable,not_observable,1,0,0,,0,0,0
PURE_057,proposed_method,BR-004,business_rule_constraint,"When an item belongs to multiple paths, the system shall show all relevant links.",observed_satisfied,not_observable,not_observable,not_observable,not_observable,1,0,0,,0,0,0
PURE_057,proposed_method,BR-005,business_rule_constraint,"For sensitive projects, tighter access controls apply, especially for guests and analysts who are not assigned to that project.",observed_partial,not_observable,not_observable,not_observable,not_observable,1,0,0,,0,0,0
PURE_057,proposed_method,BR-006,business_rule_constraint,"If location or device restrictions are used, they shall be driven by project sensitivity and the administrator’s policy.",not_observable,not_observable,not_observable,not_observable,not_observable,0,0,0,,0,0,0
PURE_057,proposed_method,BR-007,business_rule_constraint,"One requirement may map to several goals, and one policy may drive many requirements.",observed_partial,not_observable,not_observable,not_observable,not_observable,1,0,0,,0,0,0
PURE_057,proposed_method,BR-008,business_rule_constraint,"A classification may be locked when changing it would break established trace links, access rules, or compliance reporting.",not_observable,not_observable,not_observable,not_observable,not_observable,0,0,0,,0,0,0
PURE_057,proposed_method,BR-009,business_rule_constraint,"A classification change that could alter traceability, access, or compliance evidence shall go through review first unless it is an obvious correction that does not change meaning or visibility.",not_observable,not_observable,not_observable,observed_unsatisfied,not_observable,1,0,0,,0,0,0
PURE_057,proposed_method,BR-010,business_rule_constraint,"Obvious corrections may be applied immediately, but the system shall still log the before and after values and who made the change.",not_observable,not_observable,not_observable,observed_satisfied,not_observable,1,0,0,,0,0,0
PURE_057,proposed_method,BR-011,business_rule_constraint,The first release should include core collaboration and traceability functions and basic role-based access control.,not_observable,not_observable,observed_partial,not_observable,observed_partial,2,1,1,observed_partial,0,0,0
PURE_057,proposed_method,BR-012,business_rule_constraint,"Deep workflow automation, advanced analytics dashboards, and tight integration with every possible document repository are excluded from the first release unless they are essential for a pilot customer or an unmet compliance obligation.",not_observable,not_observable,not_observable,not_observable,not_observable,0,0,0,,0,0,0
PURE_057,proposed_method,BR-013,business_rule_constraint,"If a deferred capability is essential for a pilot customer or compliance obligation, the smallest acceptable version shall do only the one necessary thing and must fit inside the same capture, trace, and compare flow without breaking access control, redaction, or the ability to review and revise analyses.",not_observable,not_observable,not_observable,not_observable,not_observable,0,0,0,,0,0,0
PURE_057,proposed_method,BR-014,business_rule_constraint,"An exception workaround shall be owned by the person accountable for the pilot or compliance outcome, usually the project manager or lead analyst.",not_observable,not_observable,not_observable,not_observable,not_observable,0,0,0,,0,0,0
PURE_057,proposed_method,BR-015,business_rule_constraint,"A workaround shall be tracked in SPRAT as a time-bounded exception with the reason, the workaround used, and the target date or condition for closing it.",not_observable,not_observable,not_observable,not_observable,not_observable,0,0,0,,0,0,0
PURE_057,proposed_method,BR-016,business_rule_constraint,"A workaround shall stop when the deadline is met, the required integration becomes available, or the compliance evidence has been formally accepted and archived.",not_observable,not_observable,not_observable,not_observable,not_observable,0,0,0,,0,0,0
PURE_057,proposed_method,BR-017,business_rule_constraint,A feature may be considered essential only when the pilot or compliance need cannot be met without it using the normal SPRAT workflow and a real deadline or contractual expectation exists.,not_observable,not_observable,not_observable,not_observable,not_observable,0,0,0,,0,0,0
PURE_057,proposed_method,BR-018,business_rule_constraint,"When a feature is treated as essential, it shall remain limited to the smallest path that directly supports the specific pilot or compliance outcome and does not expand to broader teams, extra document types, or broader reporting.",not_observable,not_observable,not_observable,not_observable,not_observable,0,0,0,,0,0,0
PURE_057,proposed_method,BR-019,business_rule_constraint,"If the action is routine, low risk, and based on an approved template or previously validated pattern, the system may allow a fast path while still capturing who did it, what changed, when it happened, and which source policy or requirement it came from.",not_observable,not_observable,not_observable,not_observable,not_observable,0,0,0,,0,0,0
PURE_057,proposed_method,BR-020,business_rule_constraint,"If the action affects sensitive classifications, legal compliance, access permissions, or a new trace link, the system shall not allow the user to skip extra steps.",not_observable,not_observable,not_observable,not_observable,not_observable,0,0,0,,0,0,0
PURE_057,proposed_method,BR-021,business_rule_constraint,"For sensitive projects, location and device restrictions shall allow access only from approved corporate networks or trusted devices, with stronger authentication for remote access and explicit approval for especially sensitive work.",not_observable,not_observable,not_observable,not_observable,not_observable,0,0,0,,0,0,0
PURE_057,proposed_method,BR-022,business_rule_constraint,An urgent-access exception for sensitive projects shall be logged and time-limited.,not_observable,not_observable,not_observable,not_observable,not_observable,0,0,0,,0,0,0
PURE_057,proposed_method,QR-001,quality_requirement,The system shall be available during normal working hours at minimum and should be close to always on.,not_observable,not_observable,not_observable,not_observable,not_observable,0,0,0,,0,0,0
PURE_057,proposed_method,QR-002,quality_requirement,"If the system goes down briefly, users shall not lose current work and shall be able to pick up again quickly.",not_observable,not_observable,not_observable,not_observable,not_observable,0,0,0,,0,0,0
PURE_057,proposed_method,QR-003,quality_requirement,"The system shall remain responsive for search, trace navigation, saving analyses, loading dense analyses, tracing links, comparing outputs, large imports, and bulk updates.",not_observable,observed_partial,not_observable,observed_partial,observed_partial,3,1,1,observed_partial,0,0,0
PURE_057,proposed_method,QR-004,quality_requirement,"Minor slowdowns are acceptable, but noticeable sluggishness in search, trace navigation, or saving analyses is not acceptable for day-to-day workflow.",not_observable,not_observable,not_observable,not_observable,not_observable,0,0,0,,0,0,0
PURE_057,proposed_method,QR-005,quality_requirement,"The system shall support a modest but steady level of concurrent use, approximately a few dozen people at once, while keeping responsiveness acceptable.",not_observable,not_observable,not_observable,not_observable,not_observable,0,0,0,,0,0,0
PURE_057,proposed_method,QR-006,quality_requirement,"The system shall handle bursts such as heavy collaborative sessions, large imports, bulk updates, and cross-project reviews without unacceptable slowdown.",not_observable,not_observable,not_observable,not_observable,not_observable,0,0,0,,0,0,0
PURE_057,proposed_method,QR-007,quality_requirement,The system shall be usable from a normal office or remote working setup through the web without special tooling.,not_observable,not_observable,not_observable,not_observable,not_observable,0,0,0,,0,0,0
PURE_057,proposed_method,QR-008,quality_requirement,New analysts should be able to start basic capture and trace tasks with minimal guidance.,not_observable,not_observable,observed_partial,observed_partial,not_observable,2,1,1,observed_partial,0,0,0
PURE_057,proposed_method,QR-009,quality_requirement,Advanced classification and comparison features should require more onboarding than basic capture and trace tasks.,not_observable,not_observable,not_observable,observed_unsatisfied,not_observable,1,0,0,,0,0,0
PURE_057,proposed_method,QR-010,quality_requirement,"For very sensitive projects or complex policy sets, the system shall provide guided setup, examples of acceptable classifications, and inline explanations for comparison interpretation.",not_observable,not_observable,not_observable,not_observable,not_observable,0,0,0,,0,0,0
PURE_057,proposed_method,QR-011,quality_requirement,The system shall preserve the original context of migrated and changed analysis work rather than overwriting it.,not_observable,not_observable,not_observable,observed_partial,not_observable,1,0,0,,0,0,0
PURE_057,proposed_method,QR-012,quality_requirement,The system shall preserve audit trail information and traceability during migration and export.,observed_partial,not_observable,observed_partial,not_observable,observed_partial,3,1,1,observed_partial,0,0,0
PURE_057,proposed_method,EX-001,exception_boundary,Comparing analyses is intended to make sense within the same project or at least the same policy context; comparing unrelated analyses is probably not useful.,not_observable,observed_partial,observed_partial,not_observable,not_observable,2,1,1,observed_partial,0,0,0
PURE_057,proposed_method,EX-002,exception_boundary,"For low-risk projects, basic capture tasks should mostly remain self-service once the workflow is learned, except that final approval or changes to official compliance wording remain behind a more senior role.",not_observable,not_observable,not_observable,not_observable,not_observable,0,0,0,,0,0,0
PURE_057,proposed_method,EX-003,exception_boundary,"A source type that is especially sensitive, such as a legal interpretation or a policy exception, may still require a review step even in a low-risk project.",not_observable,not_observable,not_observable,not_observable,not_observable,0,0,0,,0,0,0
PURE_057,proposed_method,EX-004,exception_boundary,The system shall allow an immediate classification change only for obvious corrections that do not change meaning or visibility.,not_observable,not_observable,not_observable,observed_unsatisfied,not_observable,1,0,0,,0,0,0
PURE_057,proposed_method,EX-005,exception_boundary,"If there is any doubt about the impact of a classification change on traceability, access, or compliance evidence, the change shall be treated as review required.",not_observable,not_observable,not_observable,not_observable,not_observable,0,0,0,,0,0,0
PURE_057,proposed_method,EX-006,exception_boundary,"A minimal essential capability shall stay out of scope if it starts serving additional teams, extra document types, broader reporting, or future-proofing beyond the specific pilot or compliance need.",not_observable,not_observable,not_observable,not_observable,not_observable,0,0,0,,0,0,0
PURE_069,llmrei-long,FR-001,functional_requirement,The system shall support splitting PDF documents.,not_observable,observed_satisfied,observed_satisfied,not_observable,observed_satisfied,3,1,1,observed_satisfied,0,0,0
PURE_069,llmrei-long,FR-002,functional_requirement,The system shall support merging selected files or sections.,not_observable,observed_satisfied,observed_satisfied,not_observable,observed_satisfied,3,1,1,observed_satisfied,0,0,0
PURE_069,llmrei-long,FR-003,functional_requirement,The system shall support extracting selected pages from PDF documents.,not_observable,observed_satisfied,observed_satisfied,not_observable,observed_satisfied,3,1,1,observed_satisfied,0,0,0
PURE_069,llmrei-long,FR-004,functional_requirement,The system shall support rotating pages.,not_observable,observed_satisfied,observed_satisfied,not_observable,observed_satisfied,3,1,1,observed_satisfied,0,0,0
PURE_069,llmrei-long,FR-005,functional_requirement,The system shall support reordering pages.,not_observable,observed_satisfied,observed_satisfied,not_observable,observed_satisfied,3,1,1,observed_satisfied,0,0,0
PURE_069,llmrei-long,FR-006,functional_requirement,The system shall support alternating pages from different documents.,not_observable,observed_satisfied,observed_satisfied,not_observable,observed_satisfied,3,1,1,observed_satisfied,0,0,0
PURE_069,llmrei-long,FR-007,functional_requirement,The system shall support visually composing new documents.,not_observable,not_observable,not_observable,not_observable,not_observable,0,0,0,,0,0,0
PURE_069,llmrei-long,FR-008,functional_requirement,The system shall allow users to save reusable work environments or setups.,not_observable,observed_satisfied,observed_satisfied,observed_partial,observed_satisfied,4,1,0,,0,0,0
PURE_069,llmrei-long,FR-009,functional_requirement,The system shall provide a command-line path for recurring or automated operations.,not_observable,observed_satisfied,observed_satisfied,observed_satisfied,observed_satisfied,4,1,1,observed_satisfied,0,0,0
PURE_069,hashimoto,FR-001,functional_requirement,The tool shall support splitting PDF documents.,observed_satisfied,observed_satisfied,observed_satisfied,observed_satisfied,observed_satisfied,5,1,1,observed_satisfied,1,1,1
PURE_069,hashimoto,FR-002,functional_requirement,The tool shall support merging selected files or sections.,observed_satisfied,observed_satisfied,observed_satisfied,observed_satisfied,observed_satisfied,5,1,1,observed_satisfied,1,1,1
PURE_069,hashimoto,FR-003,functional_requirement,The tool shall support extracting pages from PDF documents.,observed_satisfied,observed_satisfied,observed_satisfied,observed_satisfied,observed_satisfied,5,1,1,observed_satisfied,1,1,1
PURE_069,hashimoto,FR-004,functional_requirement,The tool shall support rotating pages.,not_observable,observed_satisfied,not_observable,not_observable,observed_satisfied,2,1,1,observed_satisfied,0,0,0
PURE_069,hashimoto,FR-005,functional_requirement,The tool shall support reordering pages.,observed_satisfied,observed_satisfied,not_observable,not_observable,observed_satisfied,3,1,1,observed_satisfied,0,0,0
PURE_069,hashimoto,FR-006,functional_requirement,The tool shall support alternating pages from different documents.,not_observable,observed_satisfied,not_observable,not_observable,observed_satisfied,2,1,1,observed_satisfied,0,0,0
PURE_069,hashimoto,FR-007,functional_requirement,The tool shall support visually composing new documents.,not_observable,not_observable,not_observable,not_observable,observed_satisfied,1,0,0,,0,0,0
PURE_069,hashimoto,FR-008,functional_requirement,The tool shall provide a command-line option for repeatable or automated tasks.,observed_satisfied,observed_partial,observed_satisfied,observed_satisfied,observed_satisfied,5,1,0,,1,0,0
PURE_069,hashimoto,FR-009,functional_requirement,The tool shall allow users to save and reuse their setup or work environment.,not_observable,observed_satisfied,not_observable,not_observable,not_observable,1,0,0,,0,0,0
PURE_069,hashimoto,FR-010,functional_requirement,The tool shall perform PDF manipulation quickly.,not_observable,not_observable,not_observable,not_observable,not_observable,0,0,0,,0,0,0
PURE_069,hashimoto,FR-011,functional_requirement,The graphical tool shall support a simple visual interface with minimal setup for one-off PDF tasks.,not_observable,not_observable,not_observable,not_observable,not_observable,0,0,0,,0,0,0
PURE_069,hashimoto,FR-012,functional_requirement,The tool shall support careful page-level control with a clear preview of the result.,observed_partial,observed_partial,observed_partial,observed_partial,observed_partial,5,1,1,observed_partial,1,1,0
PURE_069,hashimoto,BR-001,business_rule_constraint,The tool shall avoid overwriting the original files by default.,not_observable,not_observable,not_observable,not_observable,not_observable,0,0,0,,0,0,0
PURE_069,hashimoto,FR-013,functional_requirement,The tool shall write output as a new file unless the user explicitly chooses otherwise.,observed_satisfied,observed_satisfied,observed_satisfied,observed_satisfied,observed_satisfied,5,1,1,observed_satisfied,1,1,1
PURE_069,hashimoto,FR-014,functional_requirement,The tool shall support a default output folder for simple workflows.,not_observable,observed_satisfied,not_observable,not_observable,not_observable,1,0,0,,0,0,0
PURE_069,hashimoto,FR-015,functional_requirement,The tool shall allow users to save output alongside the source when that makes sense for the workflow.,observed_satisfied,observed_satisfied,observed_satisfied,observed_satisfied,observed_satisfied,5,1,1,observed_satisfied,1,1,1
PURE_069,hashimoto,FR-016,functional_requirement,The tool shall support naming rules or a saved destination in the reusable workspace for repeated jobs.,not_observable,not_observable,not_observable,observed_partial,not_observable,1,0,0,,0,0,0
PURE_069,hashimoto,FR-017,functional_requirement,The graphical tool shall provide a clear confirmation before writing if there is any chance of replacing an existing file.,not_observable,not_observable,not_observable,not_observable,not_observable,0,0,0,,0,0,0
PURE_069,hashimoto,FR-018,functional_requirement,The graphical tool shall provide a clear confirmation before writing if the chosen operation would produce multiple outputs.,not_observable,not_observable,not_observable,not_observable,not_observable,0,0,0,,0,0,0
PURE_069,hashimoto,FR-019,functional_requirement,The command-line interface shall require the destination to be explicit in the command or configurable through the saved setup.,observed_satisfied,not_observable,observed_satisfied,observed_satisfied,observed_satisfied,4,1,1,observed_satisfied,0,0,0
PURE_069,hashimoto,FR-020,functional_requirement,The graphical tool shall let users review the full set of outputs before anything is saved.,not_observable,not_observable,not_observable,not_observable,not_observable,0,0,0,,0,0,0
PURE_069,hashimoto,FR-021,functional_requirement,"When one operation creates multiple files, the tool shall support a consistent naming pattern or bulk destination assignment.",observed_satisfied,observed_satisfied,observed_satisfied,observed_satisfied,observed_satisfied,5,1,1,observed_satisfied,1,1,1
PURE_069,hashimoto,FR-022,functional_requirement,"In command-line mode, the output behavior shall be fully defined up front.",not_observable,not_observable,not_observable,observed_satisfied,not_observable,1,0,0,,0,0,0
PURE_069,hashimoto,FR-023,functional_requirement,"In command-line mode, naming patterns or destination rules shall be passed in as part of the command or saved configuration.",observed_satisfied,observed_satisfied,observed_satisfied,observed_satisfied,observed_satisfied,5,1,1,observed_satisfied,1,1,1
PURE_069,hashimoto,FR-024,exception_boundary,"In automated command-line runs, the tool shall fail safely or require explicit overwrite options instead of stopping for interactive confirmation.",observed_satisfied,observed_satisfied,observed_satisfied,observed_satisfied,observed_unsatisfied,5,1,0,,1,0,0
PURE_069,sparkme,FR-001,functional_requirement,The system shall support splitting PDF documents.,observed_satisfied,observed_satisfied,observed_satisfied,observed_satisfied,observed_satisfied,5,1,1,observed_satisfied,1,1,1
PURE_069,sparkme,FR-002,functional_requirement,The system shall support merging selected PDF files or sections.,observed_satisfied,observed_satisfied,observed_satisfied,observed_satisfied,observed_satisfied,5,1,1,observed_satisfied,1,1,1
PURE_069,sparkme,FR-003,functional_requirement,The system shall support extracting pages from PDF documents.,observed_satisfied,observed_satisfied,observed_satisfied,observed_satisfied,observed_satisfied,5,1,1,observed_satisfied,1,1,1
PURE_069,sparkme,FR-004,functional_requirement,The system shall support rotating PDF pages.,observed_satisfied,observed_satisfied,observed_satisfied,observed_satisfied,observed_satisfied,5,1,1,observed_satisfied,1,1,1
PURE_069,sparkme,FR-005,functional_requirement,The system shall support reordering PDF pages.,observed_satisfied,observed_satisfied,observed_satisfied,observed_satisfied,observed_satisfied,5,1,1,observed_satisfied,1,1,1
PURE_069,sparkme,FR-006,functional_requirement,The system shall support alternating pages from different PDF documents.,observed_satisfied,observed_satisfied,observed_satisfied,observed_satisfied,not_observable,4,1,1,observed_satisfied,0,0,0
PURE_069,sparkme,FR-007,functional_requirement,The system shall support visually composing a new PDF document.,not_observable,not_observable,not_observable,not_observable,not_observable,0,0,0,,0,0,0
PURE_069,sparkme,FR-008,functional_requirement,The system shall preserve original PDF input files untouched during normal use and after errors.,not_observable,not_observable,not_observable,not_observable,not_observable,0,0,0,,0,0,0
PURE_069,sparkme,FR-009,functional_requirement,"The system shall allow users to save reusable workspaces, setups, or job configurations for repeat use.",not_observable,observed_satisfied,observed_satisfied,not_observable,not_observable,2,1,1,observed_satisfied,0,0,0
PURE_069,sparkme,FR-010,functional_requirement,"The system shall provide a command-line interface for recurring, automated, or scripted operations.",observed_satisfied,observed_satisfied,observed_satisfied,observed_satisfied,observed_satisfied,5,1,1,observed_satisfied,1,1,1
PURE_069,sparkme,FR-011,functional_requirement,The system shall allow users to load PDF files and perform document operations in a single workflow without switching among multiple tools.,observed_satisfied,observed_satisfied,observed_satisfied,observed_satisfied,observed_satisfied,5,1,1,observed_satisfied,1,1,1
PURE_069,sparkme,FR-012,functional_requirement,The system shall generate a new output PDF after document manipulation.,observed_satisfied,observed_satisfied,observed_satisfied,observed_satisfied,observed_satisfied,5,1,1,observed_satisfied,1,1,1
PURE_069,sparkme,FR-013,functional_requirement,The system shall support saving the final PDF output without modifying the original files.,observed_partial,observed_partial,observed_partial,observed_partial,observed_partial,5,1,1,observed_partial,1,1,0
PURE_069,sparkme,FR-014,functional_requirement,The system shall provide batch processing that can continue with valid files when that is safe.,not_observable,observed_satisfied,not_observable,not_observable,not_observable,1,0,0,,0,0,0
PURE_069,sparkme,FR-015,functional_requirement,The system shall allow the user to rerun only failed batch items after fixing the issue.,not_observable,not_observable,not_observable,not_observable,not_observable,0,0,0,,0,0,0
PURE_069,sparkme,FR-016,functional_requirement,The system shall preserve the current workspace or document arrangement so the user can correct an error and retry without rebuilding the setup.,not_observable,not_observable,not_observable,not_observable,not_observable,0,0,0,,0,0,0
PURE_069,sparkme,FR-017,functional_requirement,"The system shall provide an import wizard for bringing in saved workspaces, presets, or job files.",not_observable,not_observable,not_observable,not_observable,not_observable,0,0,0,,0,0,0
PURE_069,sparkme,FR-018,functional_requirement,The import wizard shall validate imported workflow or settings files before finalizing the import.,not_observable,not_observable,not_observable,not_observable,not_observable,0,0,0,,0,0,0
PURE_069,sparkme,FR-019,functional_requirement,The import wizard shall provide a preview or side-by-side view of imported workflows before finalizing them.,not_observable,not_observable,not_observable,not_observable,not_observable,0,0,0,,0,0,0
PURE_069,sparkme,FR-020,functional_requirement,The system shall allow users to edit imported jobs or configurations before saving them.,not_observable,not_observable,not_observable,not_observable,not_observable,0,0,0,,0,0,0
PURE_069,sparkme,FR-021,functional_requirement,The system shall support an import process that completes the parts it can understand and reports unsupported items without failing silently.,not_observable,not_observable,observed_partial,not_observable,not_observable,1,0,0,,0,0,0
PURE_069,sparkme,FR-022,functional_requirement,The system shall support mapping terminology from older tools to the new tool during migration.,not_observable,not_observable,not_observable,not_observable,not_observable,0,0,0,,0,0,0
PURE_069,sparkme,FR-023,functional_requirement,The system shall provide inline guidance during import when issues are detected.,not_observable,observed_unsatisfied,observed_satisfied,not_observable,not_observable,2,1,0,,0,0,0
PURE_069,sparkme,FR-024,functional_requirement,The system shall support plain-language help for migration and common import scenarios.,not_observable,not_observable,not_observable,not_observable,not_observable,0,0,0,,0,0,0
PURE_069,sparkme,FR-025,functional_requirement,The system shall support local file-system-based input and output operations.,observed_satisfied,observed_satisfied,observed_satisfied,observed_satisfied,observed_satisfied,5,1,1,observed_satisfied,1,1,1
PURE_069,sparkme,FR-026,functional_requirement,The system shall support keyboard navigation in the graphical interface.,not_observable,not_observable,not_observable,not_observable,not_observable,0,0,0,,0,0,0
PURE_069,sparkme,FR-027,functional_requirement,The system shall support screen reader use in the graphical interface.,not_observable,not_observable,not_observable,not_observable,not_observable,0,0,0,,0,0,0
PURE_069,sparkme,FR-028,functional_requirement,The system shall provide good visual contrast and clear labels in the graphical interface.,not_observable,not_observable,not_observable,not_observable,not_observable,0,0,0,,0,0,0
PURE_069,sparkme,FR-029,functional_requirement,The system shall remain usable with larger text and simpler layouts when needed.,not_observable,not_observable,not_observable,not_observable,not_observable,0,0,0,,0,0,0
PURE_069,sparkme,FR-030,functional_requirement,The system shall display error messages inline when an error is tied to a specific file or page.,observed_unsatisfied,not_observable,observed_unsatisfied,observed_unsatisfied,observed_unsatisfied,4,1,1,observed_unsatisfied,0,0,0
PURE_069,sparkme,FR-031,functional_requirement,"The system shall display pop-up messages for blocking issues, in addition to inline messages when appropriate.",not_observable,not_observable,not_observable,not_observable,not_observable,0,0,0,,0,0,0
PURE_069,sparkme,FR-032,functional_requirement,The system shall keep the current workspace intact after an error so the user can fix the problem and retry.,not_observable,not_observable,not_observable,not_observable,not_observable,0,0,0,,0,0,0
PURE_069,sparkme,FR-033,functional_requirement,The system shall show processing progress for long-running jobs.,not_observable,not_observable,not_observable,not_observable,not_observable,0,0,0,,0,0,0
PURE_069,sparkme,FR-034,functional_requirement,The system shall allow separate jobs to be queued or run in the background without making the interface feel unresponsive.,not_observable,not_observable,not_observable,not_observable,not_observable,0,0,0,,0,0,0
PURE_069,sparkme,FR-035,functional_requirement,"The system shall support pausing, resuming, or reordering queued jobs.",not_observable,not_observable,not_observable,not_observable,not_observable,0,0,0,,0,0,0
PURE_069,sparkme,FR-036,functional_requirement,The system shall support importing saved workspaces or presets from existing tools when possible.,not_observable,not_observable,not_observable,not_observable,not_observable,0,0,0,,0,0,0
PURE_069,sparkme,BR-001,business_rule_constraint,The system shall not be a full editing suite.,observed_partial,not_observable,not_observable,observed_satisfied,observed_satisfied,3,1,0,,0,0,0
PURE_069,sparkme,BR-002,business_rule_constraint,The system shall not modify original files during error handling.,not_observable,not_observable,not_observable,not_observable,not_observable,0,0,0,,0,0,0
PURE_069,sparkme,BR-003,business_rule_constraint,The system shall avoid forcing a special filing structure and shall rely on existing team naming and folder conventions for outputs.,not_observable,observed_partial,observed_partial,observed_partial,observed_partial,4,1,1,observed_partial,0,0,0
PURE_069,sparkme,BR-004,business_rule_constraint,The system shall allow users to choose whether batch processing stops on the first error or continues.,not_observable,not_observable,not_observable,not_observable,not_observable,0,0,0,,0,0,0
PURE_069,sparkme,BR-005,business_rule_constraint,"The system shall support local, offline processing by default.",not_observable,observed_partial,observed_partial,observed_partial,observed_partial,4,1,1,observed_partial,0,0,0
PURE_069,sparkme,BR-006,business_rule_constraint,The system shall automatically clean up temporary files when a job finishes or is canceled.,not_observable,not_observable,not_observable,not_observable,not_observable,0,0,0,,0,0,0
PURE_069,sparkme,BR-007,business_rule_constraint,Encryption for saved workspaces or output files shall be optional for regular users and may be mandatory in managed or enterprise settings through policy.,not_observable,observed_partial,observed_partial,observed_partial,observed_partial,4,1,1,observed_partial,0,0,0
PURE_069,sparkme,BR-008,business_rule_constraint,The system shall protect saved workspaces at least as carefully as output files because they can contain file paths and workflow details.,not_observable,not_observable,not_observable,not_observable,not_observable,0,0,0,,0,0,0
PURE_069,sparkme,BR-009,business_rule_constraint,"The system shall support modern, widely accepted encryption and password protection for sensitive work.",not_observable,not_observable,not_observable,not_observable,not_observable,0,0,0,,0,0,0
PURE_069,sparkme,BR-010,business_rule_constraint,The system shall support audit trails in team or regulated environments.,not_observable,not_observable,not_observable,not_observable,not_observable,0,0,0,,0,0,0
PURE_069,sparkme,BR-011,business_rule_constraint,"Audit trails shall capture user identity, timestamp, source and output files, operation type, and success or failure.",not_observable,not_observable,not_observable,not_observable,not_observable,0,0,0,,0,0,0
PURE_069,sparkme,BR-012,business_rule_constraint,The system shall handle temporary files with stronger protections as an advanced option for high-security environments.,not_observable,not_observable,not_observable,not_observable,not_observable,0,0,0,,0,0,0
PURE_069,sparkme,BR-013,business_rule_constraint,"The system shall allow users to adjust selection, replace a bad file, or rerun an operation after a failure.",not_observable,not_observable,not_observable,not_observable,not_observable,0,0,0,,0,0,0
PURE_069,sparkme,BR-014,business_rule_constraint,The system shall communicate practical limits before processing when practical limits exist.,not_observable,not_observable,not_observable,not_observable,not_observable,0,0,0,,0,0,0
PURE_069,sparkme,DI-001,data_external_interface,The system shall interact with the local file system for reading and writing PDF files.,observed_satisfied,observed_satisfied,observed_satisfied,observed_satisfied,observed_satisfied,5,1,1,observed_satisfied,1,1,1
PURE_069,sparkme,DI-002,data_external_interface,The system shall provide a command-line interface for automation and scripts.,observed_satisfied,observed_satisfied,observed_satisfied,observed_satisfied,observed_satisfied,5,1,1,observed_satisfied,1,1,1
PURE_069,sparkme,DI-003,data_external_interface,The system shall support importing workflow or settings files in an import process.,not_observable,observed_satisfied,observed_satisfied,not_observable,not_observable,2,1,1,observed_satisfied,0,0,0
PURE_069,sparkme,DI-004,data_external_interface,The system shall support output files and saved workspaces as generated artifacts.,observed_partial,observed_partial,observed_partial,observed_partial,observed_partial,5,1,1,observed_partial,1,1,0
PURE_069,sparkme,QR-001,quality_requirement,The system shall be simple and easy enough for casual users to use without training on complex software.,not_observable,not_observable,not_observable,not_observable,not_observable,0,0,0,,0,0,0
PURE_069,sparkme,QR-002,quality_requirement,The system shall feel simpler than current alternatives.,not_observable,not_observable,not_observable,not_observable,not_observable,0,0,0,,0,0,0
PURE_069,sparkme,QR-003,quality_requirement,The system shall improve routine PDF cleanup and assembly time.,not_observable,not_observable,not_observable,not_observable,not_observable,0,0,0,,0,0,0
PURE_069,sparkme,QR-004,quality_requirement,The system shall reduce manual rework errors such as incorrect page order or accidental source-file changes.,observed_partial,observed_partial,observed_partial,observed_partial,observed_partial,5,1,1,observed_partial,1,1,0
PURE_069,sparkme,QR-005,quality_requirement,"The system shall fail gracefully and provide clear, specific error information rather than generic errors.",observed_partial,observed_partial,observed_satisfied,observed_satisfied,observed_satisfied,5,1,0,,1,0,0
PURE_069,sparkme,QR-006,quality_requirement,"The system shall provide detailed diagnostic logs, especially for command-line, batch, and automated runs.",not_observable,observed_unsatisfied,observed_unsatisfied,not_observable,not_observable,2,1,1,observed_unsatisfied,0,0,0
PURE_069,sparkme,QR-007,quality_requirement,The system shall keep the interface responsive during large jobs.,not_observable,not_observable,not_observable,not_observable,not_observable,0,0,0,,0,0,0
PURE_069,sparkme,QR-008,quality_requirement,The system shall support typical batch jobs completing in a few seconds to about a minute when possible.,not_observable,not_observable,not_observable,not_observable,not_observable,0,0,0,,0,0,0
PURE_069,sparkme,QR-009,quality_requirement,The system shall degrade gracefully and remain usable when processing large PDFs or large batches.,not_observable,not_observable,not_observable,not_observable,observed_partial,1,0,0,,0,0,0
PURE_069,sparkme,QR-010,quality_requirement,The system shall scale smoothly for moderate batches and larger jobs without freezing.,not_observable,not_observable,not_observable,not_observable,observed_partial,1,0,0,,0,0,0
PURE_069,sparkme,QR-011,quality_requirement,"The system shall support visibility into which files failed, what operation was running, and the cause category in diagnostics.",observed_partial,observed_partial,observed_partial,observed_partial,observed_satisfied,5,1,0,,1,0,0
PURE_069,sparkme,QR-012,quality_requirement,"The system shall be usable with accessibility features such as keyboard navigation, screen reader support, high contrast, clear labels, and larger text.",not_observable,not_observable,not_observable,not_observable,not_observable,0,0,0,,0,0,0
PURE_069,sparkme,QR-013,quality_requirement,"The system shall provide plain, specific error messages and next-step guidance.",observed_unsatisfied,observed_unsatisfied,observed_partial,observed_partial,observed_partial,5,1,0,,1,0,0
PURE_069,sparkme,QR-014,quality_requirement,The system shall provide a visual workflow arrangement interface for composing and adjusting document order.,not_observable,not_observable,not_observable,not_observable,not_observable,0,0,0,,0,0,0
PURE_069,sparkme,QR-015,quality_requirement,The system shall keep users informed of progress during long-running or large processing tasks.,not_observable,not_observable,not_observable,not_observable,not_observable,0,0,0,,0,0,0
PURE_069,sparkme,QR-016,quality_requirement,The system shall support transparent migration by explaining what was preserved and what was not during import.,not_observable,observed_unsatisfied,observed_unsatisfied,not_observable,not_observable,2,1,1,observed_unsatisfied,0,0,0
PURE_069,sparkme,QR-017,quality_requirement,"The system shall support easy deployment, maintenance, and troubleshooting for IT or desktop support.",not_observable,not_observable,not_observable,not_observable,not_observable,0,0,0,,0,0,0
PURE_069,sparkme,EX-001,exception_boundary,"If one file in a batch is bad, the system should keep the rest of the job intact where possible.",observed_unsatisfied,observed_satisfied,observed_unsatisfied,observed_unsatisfied,observed_unsatisfied,5,1,0,,1,0,0
PURE_069,sparkme,EX-002,exception_boundary,"If processing multiple inputs, the system should continue with valid files when that is safe.",observed_unsatisfied,observed_satisfied,observed_unsatisfied,observed_unsatisfied,observed_unsatisfied,5,1,0,,1,0,0
PURE_069,sparkme,EX-003,exception_boundary,"If an import contains unsupported items, the system should continue with the rest of the import and report the unsupported items.",not_observable,not_observable,observed_partial,not_observable,not_observable,1,0,0,,0,0,0
PURE_069,proposed_method,FR-001,functional_requirement,The system shall support splitting PDF documents.,observed_satisfied,not_observable,not_observable,not_observable,observed_satisfied,2,1,1,observed_satisfied,0,0,0
PURE_069,proposed_method,FR-002,functional_requirement,The system shall support merging selected files or sections into a new PDF.,observed_satisfied,observed_satisfied,observed_partial,observed_satisfied,observed_satisfied,5,1,0,,1,0,0
PURE_069,proposed_method,FR-003,functional_requirement,The system shall support extracting pages from PDF documents.,observed_satisfied,observed_satisfied,observed_satisfied,observed_satisfied,observed_satisfied,5,1,1,observed_satisfied,1,1,1
PURE_069,proposed_method,FR-004,functional_requirement,The system shall support rotating pages in 90-degree left or right steps.,observed_unsatisfied,observed_satisfied,observed_satisfied,observed_satisfied,observed_satisfied,5,1,0,,1,0,0
PURE_069,proposed_method,FR-005,functional_requirement,The system shall support reordering pages.,observed_satisfied,observed_satisfied,not_observable,observed_satisfied,observed_satisfied,4,1,1,observed_satisfied,0,0,0
PURE_069,proposed_method,FR-006,functional_requirement,The system shall support alternating pages from different documents.,observed_satisfied,observed_satisfied,observed_satisfied,observed_satisfied,observed_unsatisfied,5,1,0,,1,0,0
PURE_069,proposed_method,FR-007,functional_requirement,The system shall support visually composing new PDF documents from selected pages and sections.,not_observable,not_observable,not_observable,not_observable,observed_unsatisfied,1,0,0,,0,0,0
PURE_069,proposed_method,FR-008,functional_requirement,The system shall allow users to preview assembled or split results before saving or exporting.,observed_partial,not_observable,not_observable,not_observable,observed_partial,2,1,1,observed_partial,0,0,0
PURE_069,proposed_method,FR-009,quality_requirement,"The system shall allow users to make lightweight adjustments during preview, including rotating, rearranging, or removing items, when those changes are obvious during review.",not_observable,not_observable,not_observable,observed_partial,observed_partial,2,1,1,observed_partial,0,0,0
PURE_069,proposed_method,FR-010,functional_requirement,"The system shall allow users to add PDFs, remove items, and reorder pages or whole files in the graphical workflow.",not_observable,not_observable,not_observable,not_observable,not_observable,0,0,0,,0,0,0
PURE_069,proposed_method,FR-011,functional_requirement,The system shall provide a visual composition preview that shows the final page sequence page by page before saving.,observed_unsatisfied,not_observable,not_observable,not_observable,not_observable,1,0,0,,0,0,0
PURE_069,proposed_method,FR-012,functional_requirement,The system shall show which source file each page came from in the composition preview.,observed_satisfied,not_observable,not_observable,not_observable,observed_satisfied,2,1,1,observed_satisfied,0,0,0
PURE_069,proposed_method,FR-013,functional_requirement,The system shall show which pages are included or left out in preview.,not_observable,not_observable,not_observable,not_observable,not_observable,0,0,0,,0,0,0
PURE_069,proposed_method,FR-014,functional_requirement,The system shall allow users to rearrange or remove items directly in the preview before saving.,not_observable,not_observable,not_observable,not_observable,not_observable,0,0,0,,0,0,0
PURE_069,proposed_method,FR-015,functional_requirement,The system shall support zooming in on pages during preview or inspection.,not_observable,not_observable,not_observable,not_observable,not_observable,0,0,0,,0,0,0
PURE_069,proposed_method,FR-016,functional_requirement,The system shall support stepping through pages one by one during inspection.,not_observable,not_observable,not_observable,not_observable,not_observable,0,0,0,,0,0,0
PURE_069,proposed_method,FR-017,functional_requirement,The system shall support opening a page in a larger view for closer inspection.,not_observable,not_observable,not_observable,not_observable,not_observable,0,0,0,,0,0,0
PURE_069,proposed_method,FR-018,functional_requirement,"The system shall support page-range based splitting, including splitting after certain pages and extracting specific sections into separate files.",observed_partial,not_observable,not_observable,not_observable,observed_satisfied,2,1,0,,0,0,0
PURE_069,proposed_method,FR-019,functional_requirement,The system shall allow users to adjust split boundaries in the preview before creating output.,not_observable,not_observable,not_observable,observed_partial,observed_partial,2,1,1,observed_partial,0,0,0
PURE_069,proposed_method,FR-020,functional_requirement,"The system shall support previewing the resulting split output documents in the order they will be created, with clear page ranges and included pages for each file.",not_observable,not_observable,not_observable,not_observable,not_observable,0,0,0,,0,0,0
PURE_069,proposed_method,FR-021,functional_requirement,The system shall support visually building a new output from selected sections while preserving the intended order before export.,observed_partial,observed_partial,not_observable,observed_partial,observed_partial,4,1,1,observed_partial,0,0,0
PURE_069,proposed_method,FR-022,functional_requirement,The system shall support alternating page sequences from multiple source documents according to a user-chosen pattern.,observed_partial,observed_partial,observed_partial,observed_partial,not_observable,4,1,1,observed_partial,0,0,0
PURE_069,proposed_method,FR-023,functional_requirement,The system shall keep the original order within each source document during interleaving.,observed_satisfied,observed_satisfied,observed_satisfied,observed_satisfied,observed_satisfied,5,1,1,observed_satisfied,1,1,1
PURE_069,proposed_method,FR-024,functional_requirement,"The system shall continue alternating pages until one source runs out, then follow the chosen mode to stop or continue with the remaining pages.",observed_partial,observed_partial,observed_partial,observed_partial,observed_unsatisfied,5,1,0,,1,0,0
PURE_069,proposed_method,FR-025,functional_requirement,The system shall preserve available pages and flag gaps when a source page is missing during interleaving.,not_observable,observed_partial,not_observable,observed_unsatisfied,observed_partial,3,1,0,,0,0,0
PURE_069,proposed_method,FR-026,functional_requirement,The system shall allow an explicit option for a source to repeat more than once during interleaving or assembly.,observed_satisfied,observed_satisfied,observed_satisfied,observed_satisfied,observed_satisfied,5,1,1,observed_satisfied,1,1,1
PURE_069,proposed_method,FR-027,functional_requirement,The system shall flag mismatches or possible accidental duplication in the preview instead of automatically correcting them.,not_observable,not_observable,not_observable,observed_unsatisfied,not_observable,1,0,0,,0,0,0
PURE_069,proposed_method,FR-028,functional_requirement,The system shall steer users away from interleaving when incompatible page sizes or booklet-like layouts would clearly break the document.,not_observable,observed_unsatisfied,not_observable,observed_unsatisfied,not_observable,2,1,1,observed_unsatisfied,0,0,0
PURE_069,proposed_method,FR-029,functional_requirement,The system shall allow a controlled interleaving or merge with warning and strong preview when the mismatch is a risk rather than a hard blocker.,observed_partial,observed_partial,observed_partial,observed_partial,observed_partial,5,1,1,observed_partial,1,1,0
PURE_069,proposed_method,FR-030,functional_requirement,The system shall let users load source documents and preview the resulting page sequence before saving when alternating pages.,observed_partial,observed_partial,observed_partial,observed_partial,observed_partial,5,1,1,observed_partial,1,1,0
PURE_069,proposed_method,FR-031,functional_requirement,"The system shall allow users to confirm page order, included sections, and rotations in a preview before saving the final PDF.",not_observable,not_observable,not_observable,not_observable,not_observable,0,0,0,,0,0,0
PURE_069,proposed_method,FR-032,functional_requirement,"The system shall allow users to perform split-related corrections, such as adjusting a wrong boundary or restoring an omitted page, directly in the split preview.",not_observable,not_observable,not_observable,not_observable,not_observable,0,0,0,,0,0,0
PURE_069,proposed_method,FR-033,functional_requirement,"The system shall allow users to relink a missing, moved, renamed, or replaced source file before export.",not_observable,not_observable,not_observable,not_observable,not_observable,0,0,0,,0,0,0
PURE_069,proposed_method,FR-034,functional_requirement,The system shall let users browse for a new file when a source item needs to be relinked.,not_observable,not_observable,not_observable,not_observable,not_observable,0,0,0,,0,0,0
PURE_069,proposed_method,FR-035,functional_requirement,The system shall keep the assembly usable for unaffected parts when a saved project is reopened and one source file is broken.,not_observable,not_observable,not_observable,not_observable,not_observable,0,0,0,,0,0,0
PURE_069,proposed_method,FR-036,functional_requirement,"The system shall let users remap affected pages, reorder them, or remove and re-add a problematic section after a relinked file has changed page count or page order.",not_observable,not_observable,not_observable,not_observable,not_observable,0,0,0,,0,0,0
PURE_069,proposed_method,FR-037,functional_requirement,The system shall preserve each repeated instance as independently editable in the workspace.,observed_partial,not_observable,not_observable,not_observable,not_observable,1,0,0,,0,0,0
PURE_069,proposed_method,FR-038,functional_requirement,"The system shall let users change just one repeated instance's position, rotation, or inclusion without forcing the same change on every repetition.",not_observable,not_observable,not_observable,not_observable,not_observable,0,0,0,,0,0,0
PURE_069,proposed_method,FR-039,functional_requirement,The system shall make broken links obvious in the workspace.,not_observable,observed_satisfied,not_observable,not_observable,observed_satisfied,2,1,1,observed_satisfied,0,0,0
PURE_069,proposed_method,FR-040,functional_requirement,The system shall preserve source references or enough information to let the user replace or reselect an item that was already added to an assembly.,not_observable,not_observable,not_observable,not_observable,not_observable,0,0,0,,0,0,0
PURE_069,proposed_method,FR-041,functional_requirement,The system shall allow users to choose exactly which pages repeat and how many times they repeat in the assembly.,observed_satisfied,observed_satisfied,not_observable,observed_unsatisfied,observed_satisfied,4,1,0,,0,0,0
PURE_069,proposed_method,FR-042,functional_requirement,The system shall let users visually duplicate a page or page range and adjust the sequence in the workspace before export.,not_observable,observed_partial,not_observable,not_observable,observed_partial,2,1,1,observed_partial,0,0,0
PURE_069,proposed_method,FR-043,functional_requirement,The system shall allow users to save reusable workspaces or project files for later restoration.,observed_partial,observed_partial,not_observable,not_observable,observed_partial,3,1,1,observed_partial,0,0,0
PURE_069,proposed_method,FR-044,functional_requirement,"The system shall restore the full working context from a saved workspace as much as possible, including layout, file selections, page order, split or merge structure, page ranges, rotations, repetitions, merge settings, and other layout choices.",observed_partial,observed_partial,not_observable,not_observable,observed_partial,3,1,1,observed_partial,0,0,0
PURE_069,proposed_method,FR-045,functional_requirement,The system shall restore document list and output settings from a saved workspace or project file.,observed_partial,observed_satisfied,not_observable,not_observable,observed_partial,3,1,0,,0,0,0
PURE_069,proposed_method,FR-046,functional_requirement,"The system shall keep file references as paths and detect when a source has moved, changed, or gone missing when reopening a saved project.",not_observable,observed_partial,not_observable,not_observable,not_observable,1,0,0,,0,0,0
PURE_069,proposed_method,FR-047,functional_requirement,"The system shall warn the user clearly when a saved workflow includes a missing, changed, or unavailable setting or source, and preserve the saved file intact.",observed_partial,observed_partial,not_observable,not_observable,observed_partial,3,1,1,observed_partial,0,0,0
PURE_069,proposed_method,FR-048,functional_requirement,The system shall open a saved project with broken sources marked as broken and ready to relink.,not_observable,not_observable,not_observable,not_observable,not_observable,0,0,0,,0,0,0
PURE_069,proposed_method,FR-049,functional_requirement,The system shall allow users to save the final output to a user-chosen location and name by default.,observed_satisfied,observed_partial,observed_satisfied,observed_partial,observed_partial,5,1,0,,1,0,0
PURE_069,proposed_method,FR-050,functional_requirement,The system shall remember the last folder used for saving.,not_observable,not_observable,not_observable,not_observable,not_observable,0,0,0,,0,0,0
PURE_069,proposed_method,FR-051,functional_requirement,"The system shall help avoid overwriting existing files by prompting, auto-numbering, or using a naming pattern when creating multiple versions or running batch jobs.",observed_unsatisfied,observed_unsatisfied,observed_satisfied,observed_unsatisfied,observed_unsatisfied,5,1,0,,1,0,0
PURE_069,proposed_method,FR-052,functional_requirement,The system shall use a sensible default naming pattern for multiple split outputs based on the original file name and split sequence.,observed_satisfied,observed_satisfied,not_observable,observed_satisfied,observed_satisfied,4,1,1,observed_satisfied,0,0,0
PURE_069,proposed_method,FR-053,functional_requirement,The system shall allow users to rename split outputs manually.,not_observable,not_observable,not_observable,not_observable,not_observable,0,0,0,,0,0,0
PURE_069,proposed_method,FR-054,functional_requirement,"The system shall derive a safe, predictable default output name from the input when the user does not specify an output.",observed_satisfied,observed_satisfied,not_observable,observed_satisfied,observed_satisfied,4,1,1,observed_satisfied,0,0,0
PURE_069,proposed_method,FR-055,functional_requirement,The system shall place the default output in the same folder as the input or in a clearly defined output folder if one was set in the profile.,observed_unsatisfied,observed_partial,not_observable,not_observable,observed_partial,3,1,0,,0,0,0
PURE_069,proposed_method,FR-056,functional_requirement,"The system shall reflect the operation type in the default output filename, such as split, merged, or extracted.",observed_satisfied,observed_partial,not_observable,observed_partial,not_observable,3,1,0,,0,0,0
PURE_069,proposed_method,FR-057,functional_requirement,The system shall support command-line operation without requiring the graphical interface.,observed_satisfied,observed_satisfied,observed_satisfied,observed_satisfied,observed_satisfied,5,1,1,observed_satisfied,1,1,1
PURE_069,proposed_method,FR-058,functional_requirement,"The system shall allow command-line users to define inputs, output paths, split and merge options, selected pages or ranges, ordering, naming pattern, and overwrite behavior through parameters or a saved job profile.",observed_partial,observed_partial,not_observable,observed_partial,observed_partial,4,1,1,observed_partial,0,0,0
PURE_069,proposed_method,FR-059,functional_requirement,The system shall allow reusable profile settings to be overridden at runtime from the command line.,observed_satisfied,not_observable,not_observable,not_observable,not_observable,1,0,0,,0,0,0
PURE_069,proposed_method,FR-060,functional_requirement,The system shall fail fast with a clear error message when a required command-line or job-profile parameter is missing.,observed_partial,observed_partial,observed_partial,observed_partial,observed_satisfied,5,1,0,,1,0,0
PURE_069,proposed_method,FR-061,functional_requirement,The system shall reject invalid combinations when an explicit command-line value conflicts with a default behavior.,not_observable,not_observable,not_observable,not_observable,not_observable,0,0,0,,0,0,0
PURE_069,proposed_method,FR-062,functional_requirement,The system shall keep command-line behavior explicit and reproducible for recurring or automated operations.,observed_satisfied,observed_satisfied,observed_satisfied,observed_satisfied,observed_satisfied,5,1,1,observed_satisfied,1,1,1
PURE_069,proposed_method,FR-063,functional_requirement,The system shall provide command-line runs with stable option names and ordering so scripts behave the same across runs and platforms.,observed_partial,observed_partial,observed_partial,not_observable,not_observable,3,1,1,observed_partial,0,0,0
PURE_069,proposed_method,FR-064,functional_requirement,"The system shall handle multiple input files, explicit page ranges, output paths, and options predictably on the command line.",observed_partial,observed_partial,not_observable,observed_partial,observed_partial,4,1,1,observed_partial,0,0,0
PURE_069,proposed_method,FR-065,functional_requirement,The system shall support quoting of command-line paths that contain spaces.,observed_satisfied,observed_satisfied,observed_satisfied,observed_satisfied,observed_satisfied,5,1,1,observed_satisfied,1,1,1
PURE_069,proposed_method,FR-066,functional_requirement,"The system shall be usable from standard shells and batch files on Windows, macOS, and Linux.",observed_partial,observed_partial,observed_partial,observed_partial,observed_partial,5,1,1,observed_partial,1,1,0
PURE_069,proposed_method,FR-067,functional_requirement,The system shall be installable so that the command is available on the PATH.,not_observable,not_observable,not_observable,not_observable,not_observable,0,0,0,,0,0,0
PURE_069,proposed_method,FR-068,functional_requirement,The system shall support offline operation for local documents.,not_observable,not_observable,not_observable,observed_satisfied,observed_satisfied,2,1,1,observed_satisfied,0,0,0
PURE_069,proposed_method,FR-069,functional_requirement,The system shall not require network access for core PDF operations.,not_observable,not_observable,not_observable,observed_partial,not_observable,1,0,0,,0,0,0
PURE_069,proposed_method,FR-070,functional_requirement,The system shall keep files local by default and not upload them anywhere.,not_observable,not_observable,observed_partial,not_observable,observed_partial,2,1,1,observed_partial,0,0,0
PURE_069,proposed_method,FR-071,functional_requirement,The system shall clean up temporary copies automatically when they are no longer needed to complete the operation.,not_observable,not_observable,not_observable,not_observable,not_observable,0,0,0,,0,0,0
PURE_069,proposed_method,FR-072,functional_requirement,The system shall prevent source PDFs from being modified in place by default and shall write changes only to new output files or separate working copies.,observed_partial,observed_satisfied,observed_partial,observed_partial,observed_partial,5,1,0,,1,0,0
PURE_069,proposed_method,FR-073,functional_requirement,The system shall not edit the source PDF in place at all.,not_observable,not_observable,not_observable,observed_unsatisfied,observed_unsatisfied,2,1,1,observed_unsatisfied,0,0,0
PURE_069,proposed_method,FR-074,functional_requirement,The system shall allow an advanced mode that works directly on originals only if it is explicit and opt-in.,not_observable,not_observable,not_observable,not_observable,not_observable,0,0,0,,0,0,0
PURE_069,proposed_method,FR-075,functional_requirement,"The system shall run on Windows, macOS, and Linux.",not_observable,not_observable,not_observable,not_observable,not_observable,0,0,0,,0,0,0
PURE_069,proposed_method,FR-076,functional_requirement,The system shall be easy to download and install locally without needing a server or cloud account.,not_observable,not_observable,observed_partial,not_observable,not_observable,1,0,0,,0,0,0
PURE_069,proposed_method,FR-077,functional_requirement,The system shall be open source.,not_observable,not_observable,not_observable,not_observable,not_observable,0,0,0,,0,0,0
PURE_069,proposed_method,FR-078,functional_requirement,The system shall avoid dependencies or bundled components that force a cloud service dependency.,not_observable,not_observable,not_observable,observed_partial,not_observable,1,0,0,,0,0,0
PURE_069,proposed_method,FR-079,functional_requirement,The system shall avoid bundled components with unclear licensing or non-commercial restrictions.,not_observable,not_observable,not_observable,not_observable,not_observable,0,0,0,,0,0,0
PURE_069,proposed_method,FR-080,functional_requirement,The system shall provide a clear statement that it does not inspect or share content beyond what is needed to perform PDF operations.,not_observable,not_observable,not_observable,not_observable,not_observable,0,0,0,,0,0,0
PURE_069,proposed_method,FR-081,functional_requirement,The system shall show progress for longer-running operations and allow the user to know the job has not stalled.,not_observable,not_observable,not_observable,not_observable,not_observable,0,0,0,,0,0,0
PURE_069,proposed_method,FR-082,functional_requirement,The system shall warn the user if a normal-sized file takes unusually long to process.,not_observable,not_observable,not_observable,not_observable,not_observable,0,0,0,,0,0,0
PURE_069,proposed_method,FR-083,functional_requirement,The system shall stop cleanly and explain why if it cannot proceed with a job.,observed_satisfied,observed_satisfied,observed_satisfied,observed_satisfied,observed_partial,5,1,0,,1,0,0
PURE_069,proposed_method,FR-084,functional_requirement,The system shall display a simple progress bar plus the current page or file being processed during long jobs.,not_observable,not_observable,not_observable,not_observable,not_observable,0,0,0,,0,0,0
PURE_069,proposed_method,FR-085,functional_requirement,The system shall allow the user to cancel a running job most of the time.,not_observable,not_observable,not_observable,not_observable,not_observable,0,0,0,,0,0,0
PURE_069,proposed_method,FR-086,functional_requirement,The system shall handle cancellation carefully while writing a single output file so it does not leave a corrupted result.,not_observable,not_observable,not_observable,not_observable,not_observable,0,0,0,,0,0,0
PURE_069,proposed_method,FR-087,functional_requirement,The system shall prompt clearly before closing or discarding unsaved changes or open layouts.,not_observable,not_observable,not_observable,not_observable,not_observable,0,0,0,,0,0,0
PURE_069,proposed_method,FR-088,functional_requirement,The system shall handle multiple open layouts separately when prompting about unsaved changes.,not_observable,not_observable,not_observable,not_observable,not_observable,0,0,0,,0,0,0
PURE_069,proposed_method,FR-089,functional_requirement,The system shall let the user save some open layouts and discard only the ones they choose when multiple layouts are open.,not_observable,not_observable,not_observable,not_observable,observed_partial,1,0,0,,0,0,0
PURE_069,proposed_method,FR-090,functional_requirement,The system shall show the user which settings are affected when a saved workflow opens with missing or changed options.,not_observable,not_observable,not_observable,not_observable,observed_partial,1,0,0,,0,0,0
PURE_069,proposed_method,FR-091,functional_requirement,The system shall fall back to a sensible default or leave a changed setting disabled until the user fixes it.,not_observable,not_observable,not_observable,not_observable,not_observable,0,0,0,,0,0,0
PURE_069,proposed_method,FR-092,functional_requirement,The system shall preserve the saved project state so nothing else is lost when a source file cannot be recovered immediately.,not_observable,not_observable,not_observable,not_observable,not_observable,0,0,0,,0,0,0
PURE_069,proposed_method,FR-093,functional_requirement,The system shall support a workspace save format that is a simple project file or profile file rather than a heavy packaged archive.,observed_satisfied,not_observable,not_observable,not_observable,observed_satisfied,2,1,1,observed_satisfied,0,0,0
PURE_069,proposed_method,FR-094,functional_requirement,The system shall support referencing saved workspace files by path and optionally validating that the files still exist.,not_observable,observed_partial,observed_partial,not_observable,not_observable,2,1,1,observed_partial,0,0,0
PURE_069,proposed_method,FR-095,functional_requirement,The system shall let users override whether overwriting is allowed on the command line.,observed_partial,observed_partial,observed_partial,not_observable,not_observable,3,1,1,observed_partial,0,0,0
PURE_069,proposed_method,FR-096,functional_requirement,The system shall ensure explicit user values win over defaults unless the resulting combination is invalid.,not_observable,observed_satisfied,not_observable,observed_partial,observed_partial,3,1,0,,0,0,0
PURE_069,proposed_method,FR-097,functional_requirement,"The system shall support predictable default naming conventions for automated or recurring runs, and those defaults may vary by job profile but remain consistent for the same inputs and settings.",not_observable,not_observable,not_observable,not_observable,not_observable,0,0,0,,0,0,0
PURE_069,proposed_method,FR-098,functional_requirement,The system shall support script-friendly input of split and merge options from the command line.,observed_partial,observed_partial,not_observable,observed_partial,observed_partial,4,1,1,observed_partial,0,0,0
PURE_069,proposed_method,FR-099,functional_requirement,The system shall support operation on local desktop machines as a standalone desktop app and in scripts or batch jobs on the user's own machines.,observed_partial,observed_partial,observed_partial,observed_partial,observed_partial,5,1,1,observed_partial,1,1,0
PURE_069,proposed_method,BR-001,business_rule_constraint,The original PDF files shall remain untouched at all times and shall not be modified in place by default.,observed_satisfied,observed_satisfied,observed_satisfied,observed_satisfied,observed_satisfied,5,1,1,observed_satisfied,1,1,1
PURE_069,proposed_method,BR-002,business_rule_constraint,All document processing shall remain local by default and shall not upload files to any remote service.,not_observable,not_observable,not_observable,observed_partial,observed_partial,2,1,1,observed_partial,0,0,0
PURE_069,proposed_method,BR-003,business_rule_constraint,Temporary data shall be retained only as long as needed to complete the operation.,not_observable,not_observable,not_observable,not_observable,not_observable,0,0,0,,0,0,0
PURE_069,proposed_method,BR-004,business_rule_constraint,"If a protected or unreadable PDF is encountered, the tool shall not fail silently.",observed_satisfied,observed_partial,observed_partial,observed_partial,observed_satisfied,5,1,0,,1,0,0
PURE_069,proposed_method,BR-005,business_rule_constraint,"For protected or unreadable PDFs, the default command-line behavior shall stop on serious read errors and warn on protected files if some parts can still be inspected.",observed_partial,observed_partial,observed_partial,observed_partial,observed_partial,5,1,1,observed_partial,1,1,0
PURE_069,proposed_method,BR-006,business_rule_constraint,"When a command-line run or saved job profile has a conflict between an explicit user value and a default behavior, the explicit user value shall prevail unless it creates an invalid combination.",observed_satisfied,observed_partial,observed_partial,not_observable,not_observable,3,1,0,,0,0,0
PURE_069,proposed_method,BR-007,business_rule_constraint,"If the tool cannot proceed, it shall stop cleanly and explain why.",observed_satisfied,observed_satisfied,observed_satisfied,observed_satisfied,observed_partial,5,1,0,,1,0,0
PURE_069,proposed_method,BR-008,business_rule_constraint,The system shall avoid interleaving when the document mismatch would clearly break the document.,observed_unsatisfied,not_observable,observed_unsatisfied,not_observable,not_observable,2,1,1,observed_unsatisfied,0,0,0
PURE_069,proposed_method,BR-009,business_rule_constraint,"If a source is repeated more than once in interleaving, that repetition shall be an explicit user choice.",observed_satisfied,observed_satisfied,observed_satisfied,observed_satisfied,observed_satisfied,5,1,1,observed_satisfied,1,1,1
PURE_069,proposed_method,BR-010,business_rule_constraint,The system shall preserve intentional repeats exactly as chosen by the user and shall not automatically collapse duplicates if that would change intended order or content.,observed_satisfied,observed_satisfied,observed_satisfied,observed_satisfied,observed_satisfied,5,1,1,observed_satisfied,1,1,1
PURE_069,proposed_method,BR-011,business_rule_constraint,"The system shall not bundle components with unclear licensing, non-commercial restrictions, or cloud-service dependencies.",not_observable,not_observable,not_observable,not_observable,not_observable,0,0,0,,0,0,0
PURE_069,proposed_method,BR-012,business_rule_constraint,The system shall prefer clearly permissive dependencies and packaging that does not impose extra legal burden on users.,not_observable,not_observable,not_observable,not_observable,not_observable,0,0,0,,0,0,0
PURE_069,proposed_method,DI-001,data_external_interface,"The command-line interface shall accept multiple input files, explicit page ranges, output paths, and options.",observed_partial,observed_partial,observed_unsatisfied,observed_partial,observed_partial,5,1,0,,1,0,0
PURE_069,proposed_method,DI-002,data_external_interface,The command-line interface shall support command availability on the PATH.,not_observable,observed_unsatisfied,not_observable,not_observable,observed_unsatisfied,2,1,1,observed_unsatisfied,0,0,0
PURE_069,proposed_method,DI-003,data_external_interface,"The command-line interface shall behave consistently across Windows, macOS, and Linux while respecting each platform's path and quoting rules.",observed_partial,observed_partial,observed_partial,not_observable,observed_partial,4,1,1,observed_partial,0,0,0
PURE_069,proposed_method,DI-004,data_external_interface,"The saved workspace shall store document lists, page operations, output settings, and layout or composition choices for later reloading.",observed_partial,observed_partial,not_observable,not_observable,observed_partial,3,1,1,observed_partial,0,0,0
PURE_069,proposed_method,DI-005,data_external_interface,The saved project shall store file references as paths and may validate whether referenced files still exist.,not_observable,not_observable,observed_partial,not_observable,observed_satisfied,2,1,0,,0,0,0
PURE_069,proposed_method,DI-006,data_external_interface,The preview shall support a side-by-side or thumbnail comparison when a source file has been relinked after replacement.,not_observable,not_observable,not_observable,not_observable,not_observable,0,0,0,,0,0,0
PURE_069,proposed_method,QR-001,quality_requirement,"A typical split or merge job for a normal-sized file should feel near-instant or complete within a few seconds, and should not generally exceed about ten to fifteen seconds before being considered unusually slow.",not_observable,not_observable,not_observable,not_observable,not_observable,0,0,0,,0,0,0
PURE_069,proposed_method,QR-002,quality_requirement,The system shall show visible progress for longer runs so the user knows the operation has not stalled.,not_observable,not_observable,not_observable,not_observable,not_observable,0,0,0,,0,0,0
PURE_069,proposed_method,QR-003,quality_requirement,The system shall be reasonably capable of handling occasional larger scans or combined documents.,observed_partial,not_observable,not_observable,observed_satisfied,observed_satisfied,3,1,0,,0,0,0
PURE_069,proposed_method,QR-004,quality_requirement,"The system shall support visual verification of page order, included or omitted pages, rotations, margins, alignment, and text clarity where visually accuracy matters.",not_observable,not_observable,not_observable,not_observable,not_observable,0,0,0,,0,0,0
PURE_069,proposed_method,QR-005,quality_requirement,"The system shall provide enough resolution for visual inspection of scanned documents, forms, or layout-sensitive pages.",not_observable,not_observable,not_observable,not_observable,not_observable,0,0,0,,0,0,0
PURE_069,proposed_method,QR-006,quality_requirement,The system shall make assembly easy to verify before saving so users can trust the final document without repeated correction cycles.,observed_partial,not_observable,observed_partial,not_observable,observed_unsatisfied,3,1,0,,0,0,0
PURE_069,proposed_method,QR-007,quality_requirement,The system shall remain usable and predictable for automated or repeatable runs.,observed_satisfied,observed_satisfied,observed_partial,observed_satisfied,observed_satisfied,5,1,0,,1,0,0
PURE_069,proposed_method,QR-008,quality_requirement,The system shall behave predictably and safely so users do not accidentally replace a source file or a previously generated PDF.,observed_partial,observed_partial,observed_partial,not_observable,observed_unsatisfied,4,1,0,,0,0,0
PURE_069,proposed_method,QR-009,quality_requirement,The system shall not lose work unexpectedly and shall prompt before discarding unsaved layouts.,observed_partial,observed_partial,not_observable,not_observable,observed_partial,3,1,1,observed_partial,0,0,0
PURE_069,proposed_method,QR-010,quality_requirement,The system shall keep scripts stable across runs and platforms by maintaining consistent option names and ordering.,not_observable,observed_partial,not_observable,observed_partial,not_observable,2,1,1,observed_partial,0,0,0
PURE_069,proposed_method,QR-011,quality_requirement,"The system shall support a clear progress indicator during longer operations, including the current page or file and the number of pages or outputs completed out of the total.",not_observable,not_observable,not_observable,not_observable,not_observable,0,0,0,,0,0,0
PURE_069,proposed_method,EX-001,exception_boundary,"Protected or unreadable PDFs may be skipped or reported as unprocessable, depending on user choice or command-line configuration.",observed_partial,observed_unsatisfied,observed_partial,observed_satisfied,observed_partial,5,1,0,,1,0,0
PURE_069,proposed_method,EX-002,exception_boundary,The system shall stop automatically if a required command-line input or other required parameter is missing.,observed_satisfied,observed_satisfied,observed_satisfied,observed_satisfied,observed_satisfied,5,1,1,observed_satisfied,1,1,1
PURE_069,proposed_method,EX-003,exception_boundary,The system shall reject malformed arguments or arguments that point to non-existent files on the command line.,observed_partial,observed_partial,observed_partial,observed_partial,observed_partial,5,1,1,observed_partial,1,1,0
PURE_069,proposed_method,EX-004,exception_boundary,"If a split or merge job runs unusually long on a normal-sized file, the system shall warn the user instead of remaining silent.",not_observable,not_observable,not_observable,not_observable,not_observable,0,0,0,,0,0,0
PURE_069,proposed_method,EX-005,exception_boundary,"If a cancellation occurs while writing a single output file, the system shall handle the interruption carefully to avoid a corrupted result.",not_observable,not_observable,not_observable,not_observable,not_observable,0,0,0,,0,0,0
PURE_069,proposed_method,EX-006,exception_boundary,"When a saved workflow includes an option or output setting that is no longer available or has changed, the system shall preserve the rest of the workflow and disable or default the affected part until the user fixes it.",not_observable,not_observable,not_observable,not_observable,observed_unsatisfied,1,0,0,,0,0,0
PURE_069,proposed_method,EX-007,exception_boundary,"If source documents differ in page sizes or have booklet-like structures that would clearly break interleaving, the system shall steer the user to a different workflow rather than proceeding normally.",observed_unsatisfied,observed_unsatisfied,observed_unsatisfied,observed_unsatisfied,observed_unsatisfied,5,1,1,observed_unsatisfied,1,1,0
PURE_069,proposed_method,EX-008,exception_boundary,"If a source file is missing, changed, or unreadable in a saved project, the system shall mark it broken and allow the user to relink it before export.",not_observable,not_observable,not_observable,not_observable,observed_unsatisfied,1,0,0,,0,0,0
PURE_069,proposed_method,EX-009,exception_boundary,"If a source file has been replaced with a different version, the system shall warn the user when page counts or page order have changed and let the user adjust the selection before export.",not_observable,not_observable,not_observable,observed_unsatisfied,not_observable,1,0,0,,0,0,0
PURE_069,proposed_method,EX-010,exception_boundary,"If a source file cannot be processed, the system shall tell the user exactly which file failed and why.",observed_satisfied,observed_satisfied,observed_partial,observed_satisfied,observed_satisfied,5,1,0,,1,0,0
