requirement_id,run_index,status,evidence_ids,rationale,limitation,decision,revised_status,revised_evidence_ids,revised_rationale,revised_limitation,notes
FR-001,1,observed_partial,EV-01-SCEN-FR-001-02-01,"The product-creation request succeeded with fully captured headers and no acting-role protocol, demonstrating that adding a product is publicly available and therefore available to both store owners and sales personnel.","No change to an existing product was recorded, so product maintenance remains untested.",accept,,,,,
FR-002,1,observed_partial,EV-01-SCEN-FR-002-03-01,"The complete request and response show that customer-account creation succeeded through a public endpoint, making that operation available to store owners and sales personnel. The response returned the created account's ID and details.","No change to an existing customer account was observed, so ongoing account management remains untested.",accept,,,,,
FR-003,1,observed_satisfied,EV-01-SCEN-FR-003-04-05; EV-01-SCEN-FR-003-04-01,"An available, active product was created and then returned by the public GET /products request. This demonstrates that customers can browse available products.",,accept,,,,,
FR-004,1,observed_partial,EV-01-SCEN-FR-004-05-01; EV-01-SCEN-FR-004-05-05; EV-01-SCEN-FR-004-05-06,The system added two units of a prepared product to the prepared customer's cart and returned the cart containing that item. This establishes an add-to-cart operation.,"No change to existing cart contents, such as a quantity update or removal, was observed, so ongoing cart maintenance remains untested.",accept,,,,,
FR-005,1,observed_satisfied,EV-01-SCEN-FR-005-06-05; EV-01-SCEN-FR-005-06-06; EV-01-SCEN-FR-005-06-07; EV-01-SCEN-FR-005-06-01,"A customer record and product were created, the product was added to that customer's cart, and checkout returned HTTP 201 with a new order containing the customer ID and cart item. This establishes that customers can place orders through the recorded store interface.",,accept,,,,,
FR-006,1,not_observable,EV-01-SCEN-FR-006-07-01,No observation was recorded for the scenarios of this requirement.,"This delivered JSON API has no replay for the requested edit, authentication, authorization, return, or graphical interaction. Missing observation: The system authenticates each staff member into their own account and presents access according to their signed-in identity, without sharing credentials between users. The target action was not executed; this is an observation limitation, not a software failure.",accept,,,,,
FR-007,1,not_observable,EV-01-SCEN-FR-007-08-01,No observation was recorded for the scenarios of this requirement.,"This delivered JSON API has no replay for the requested edit, authentication, authorization, return, or graphical interaction. Missing observation: The system signs the customer into a separate customer account and unlocks order checkout and account history views only after successful customer authentication. The target action was not executed; this is an observation limitation, not a software failure.",accept,,,,,
BR-001,1,not_observable,EV-01-SCEN-BR-001-09-01,No observation was recorded for the scenarios of this requirement.,"This delivered JSON API has no replay for the requested edit, authentication, authorization, return, or graphical interaction. Missing observation: The system blocks create and edit actions for the inactive product and only permits maintenance actions on products that are marked active in the catalog. The target action was not executed; this is an observation limitation, not a software failure.",accept,,,,,
BR-002,1,observed_satisfied,EV-01-SCEN-BR-002-10-06; EV-01-SCEN-BR-002-10-01,"The created product had stock of 3, and a request to add 5 to the cart was rejected as product_unavailable. The recorded over-stock attempt was blocked before sale.",No other stock levels or later purchase steps were tested.,accept,,,,,
BR-003,1,observed_satisfied,EV-01-SCEN-BR-003-11-01; EV-01-SCEN-BR-003-11-05; EV-01-SCEN-BR-003-11-06,"A complete customer account was created. An account with empty name and email was rejected as missing customer details, and a second account using the existing email was rejected as a duplicate. Both required validation branches were observed.",,accept,,,,,
BR-004,1,not_observable,EV-01-SCEN-BR-004-12-01,No observation was recorded for the scenarios of this requirement.,Missing observation: checkout with an existing customer's required profile details missing. The delivered interface rejects incomplete customer creation and exposes no profile-edit operation to construct that condition through normal requests. Shipping-address rejection does not exercise this customer-details rule.,accept,,,,,
BR-005,1,observed_satisfied,EV-01-SCEN-BR-005-13-01; EV-01-SCEN-BR-005-13-05; EV-01-SCEN-BR-005-13-06; EV-01-SCEN-BR-005-13-07,"A customer and product were created, and the product was added to the customer's cart. Checkout with missing shipping-address details was rejected with HTTP 400 and an invalid_shipping_address error, demonstrating the required prevention.",,accept,,,,,
BR-006,1,not_observable,EV-01-SCEN-BR-006-14-01; EV-01-SCEN-BR-006-14-06; EV-01-SCEN-BR-006-14-07,"An order was placed after two units were added to a cart, and the product had been created with stock of ten. No complete required branch is established: the evidence does not show whether the cart was confirmed when the order was placed, so the order neither demonstrates compliance with nor a violation of the combined prerequisite.",Cart confirmation was not observed. No order attempt with an unconfirmed cart or unavailable items was recorded.,accept,,,,,
BR-007,1,not_observable,EV-01-SCEN-BR-007-15-01,No observation was recorded for the scenarios of this requirement.,"This delivered JSON API has no replay for the requested edit, authentication, authorization, return, or graphical interaction. Missing observation: The system restricts the modification, prevents changes to the processed order, and only allows updates permitted by the order's processed state. The target action was not executed; this is an observation limitation, not a software failure.",accept,,,,,
BR-008,1,not_observable,EV-01-SCEN-BR-008-16-01,No observation was recorded for the scenarios of this requirement.,"This delivered JSON API has no replay for the requested edit, authentication, authorization, return, or graphical interaction. Missing observation: The owner can view, create, edit, and delete products and customer accounts, and can access all store configuration options including payment, tax, and checkout settings. The target action was not executed; this is an observation limitation, not a software failure.",accept,,,,,
BR-009,1,not_observable,EV-01-SCEN-BR-009-17-01,No observation was recorded for the scenarios of this requirement.,"This delivered JSON API has no replay for the requested edit, authentication, authorization, return, or graphical interaction. Missing observation: The staff member can manage products, customer records, and order handling tasks, but administrative settings are hidden or access is denied with a permission message. The target action was not executed; this is an observation limitation, not a software failure.",accept,,,,,
BR-010,1,not_observable,EV-01-SCEN-BR-010-18-01,No observation was recorded for the scenarios of this requirement.,"This delivered JSON API has no replay for the requested edit, authentication, authorization, return, or graphical interaction. Missing observation: Customer A can only view and change their own profile, cart, and orders, and any attempt to access Customer B's personal data or order history is blocked or redirected with an access denied message. The target action was not executed; this is an observation limitation, not a software failure.",accept,,,,,
BR-011,1,not_observable,EV-01-SCEN-BR-011-19-01,No observation was recorded for the scenarios of this requirement.,"This delivered JSON API has no replay for the requested edit, authentication, authorization, return, or graphical interaction. Missing observation: The system applies tighter restrictions by requiring elevated authorization, such as owner approval or additional confirmation, and blocks the action when the staff user lacks sufficient privilege. The target action was not executed; this is an observation limitation, not a software failure.",accept,,,,,
QR-001,1,not_observable,EV-01-SCEN-QR-001-20-01,No observation was recorded for the scenarios of this requirement.,"This delivered JSON API has no replay for the requested edit, authentication, authorization, return, or graphical interaction. Missing observation: The system presents a straightforward, easy-to-use interface with clear labels and simple workflows that allow these tasks to be completed without technical assistance or complex setup steps. The target action was not executed; this is an observation limitation, not a software failure.",accept,,,,,
BR-012,1,observed_satisfied,EV-01-SCEN-BR-012-21-01; EV-01-SCEN-BR-012-21-06,"The checkout response shows each item's quantity and unit price, plus a total of 19.98 for two items priced at 9.99 each. This establishes clear pricing in the recorded checkout output.",,accept,,,,,
BR-013,1,not_observable,EV-01-SCEN-BR-013-23-01,"No required pricing-display branch was established. The setup request specified pre-tax pricing, but the response only acknowledged the request; it did not show that the setting was applied or display a price.",No displayed price was observed for a default region or a region expecting tax-inclusive display.,accept,,,,,
BR-014,1,not_observable,EV-01-SCEN-BR-014-24-01; EV-01-SCEN-BR-014-24-04,"No required tax-calculation behaviour is established. The checkout response records a German shipping address and a total of 19.98, but shows no tax calculation. The setup response only acknowledges a requested tax setting; it does not show that the setting was applied.","There is no observed location-based tax result or comparison showing that location, rather than the product alone, determines tax. The evidence also does not establish whether the conditional requirement was confirmed.",accept,,,,,
BR-015,1,observed_partial,EV-01-SCEN-BR-015-26-01; EV-01-SCEN-BR-015-26-06; EV-01-SCEN-BR-015-26-07,"The checkout response clearly shows a final total of 19.98 for two items priced at 9.99, satisfying total visibility on the recorded interface.","This calculation does not require fractional-cent rounding, so consistent rounding at checkout remains untested.",accept,,,,,
FR-008,1,observed_partial,EV-01-SCEN-FR-008-27-01; EV-01-SCEN-FR-008-27-04,"Checkout accepted card as the selected payment method and recorded it on the new order. This establishes card selection at checkout, but not completed card payment processing.","No payment operation or processing result was recorded. The setup response did not confirm that card was applied as the standard option, and no default-selection behaviour was observed.",accept,,,,,
FR-009,1,not_observable,EV-01-SCEN-FR-009-28-01; EV-01-SCEN-FR-009-28-04,"No complete required branch is established. Checkout rejected PayPal as unsupported, but the setup request specified only card, and its generic acknowledgement does not establish which options were applied.",The evidence does not establish whether including PayPal was practical or whether PayPal works when configured.,accept,,,,,
BR-016,1,not_observable,EV-01-SCEN-BR-016-31-01,"No required obligation was established. The setup request specified only card payments, but the generic acknowledgement does not show that this option was applied or that the store's launch payment options were limited.",No readback or recorded use shows which payment options were available at launch.,accept,,,,,
BR-017,1,observed_partial,EV-01-SCEN-BR-017-32-01; EV-01-SCEN-BR-017-32-05; EV-01-SCEN-BR-017-32-07,Checkout for a prepared customer and cart rejected an entirely blank shipping address with an invalid_shipping_address error. This establishes rejection of the fully empty-address case.,"Because every address field was blank in the same request, the evidence does not establish that each named field is individually required or that either phone or email satisfies the contact requirement.",accept,,,,,
BR-018,1,not_observable,EV-01-SCEN-BR-018-33-01,"No address-format validation branch was established. Checkout accepted an address with a plausibly formatted Japanese postal code, but accepting a valid-looking example does not demonstrate format validation.",No malformed country-specific shipping address was tested.,accept,,,,,
BR-019,1,observed_partial,EV-01-SCEN-BR-019-34-01,"Checkout accepted and retained a German shipping address, establishing acceptance of one international address.","Only one address format was tested, so flexibility across materially different international formats remains untested.",accept,,,,,
BR-020,1,observed_partial,EV-01-SCEN-BR-020-35-01; EV-01-SCEN-BR-020-35-07; EV-01-SCEN-BR-020-35-09; EV-01-SCEN-BR-020-35-10; EV-01-SCEN-BR-020-35-13,"Checkout was blocked with an invalid-shipping-address error when the street and postal code were empty, satisfying the incomplete-address branch. But checkout created an order using the clearly invalid postal code '!!!', violating the invalid-address branch.",Other invalid-address forms were not tested.,accept,,,,,
FR-010,1,observed_partial,EV-01-SCEN-FR-010-37-08; EV-01-SCEN-FR-010-37-01,"The created order has status new, and a subsequent status update returns that order with status packed. These establish support for two of the required statuses.","Support for paid, shipped, completed, and cancelled was not exercised.",accept,,,,,
BR-021,1,observed_satisfied,EV-01-SCEN-BR-021-38-08; EV-01-SCEN-BR-021-38-01,"A created order with status 'new' was successfully moved to 'shipped'. The fully captured status-change request used no authentication or acting-role protocol, demonstrating that the operation was publicly available and therefore available to both sales personnel and owners.",,accept,,,,,
BR-022,1,observed_partial,EV-01-SCEN-BR-022-39-08; EV-01-SCEN-BR-022-39-01; EV-01-SCEN-BR-022-39-10; EV-01-SCEN-BR-022-39-11; EV-01-SCEN-BR-022-39-12,"Cancellation succeeded for an order with status 'new', establishing the before-shipping ability. A second order was changed to 'shipped' and then successfully changed to 'cancelled', violating the after-shipping restriction. The complete cancellation requests show no authentication or acting-role protocol, so the operation was publicly available.",The evidence does not establish customer-specific authorization for cancellation.,accept,,,,,
BR-023,1,not_observable,EV-01-SCEN-BR-023-40-01,No observation was recorded for the scenarios of this requirement.,"This delivered JSON API has no replay for the requested edit, authentication, authorization, return, or graphical interaction. Missing observation: The system allows the return request to be submitted through the supported returns flow and records the request against the order. The target action was not executed; this is an observation limitation, not a software failure.",accept,,,,,
BR-024,1,not_observable,EV-01-SCEN-BR-024-41-01,No observation was recorded for the scenarios of this requirement.,"This delivered JSON API has no replay for the requested edit, authentication, authorization, return, or graphical interaction. Missing observation: The system prevents the changes and shows that post-shipment order modifications are restricted to controlled staff actions. The target action was not executed; this is an observation limitation, not a software failure.",accept,,,,,
BR-025,1,observed_unsatisfied,EV-01-SCEN-BR-025-42-09; EV-01-SCEN-BR-025-42-01,"The order was marked shipped, but a subsequent cancellation request succeeded and returned its status as cancelled. This violates the post-shipping restriction; no special exception was recorded. No required branch was positively established.",,accept,,,,,
FR-011,1,observed_satisfied,EV-01-SCEN-FR-011-43-05; EV-01-SCEN-FR-011-43-01,"The system listed a product with stock 3 and a low-stock threshold of 5 in its low-stock warnings response, demonstrating a low-stock warning.",,accept,,,,,
BR-026,1,observed_satisfied,EV-01-SCEN-BR-026-45-01,"The product was created with a low-stock threshold of 10, and the response shows that value on the product. This establishes per-product configuration of the threshold.","Changing an existing threshold and category-level configuration were not tested; category-level configuration is described as a possibility, not a required obligation.",accept,,,,,
FR-012,1,not_observable,EV-01-SCEN-FR-012-46-05; EV-01-SCEN-FR-012-46-01,"None of the required warning deliveries is established. A product with stock below its threshold was created and appeared in a low-stock list, but the recorded response does not show a warning sent to anyone.",Whether warnings were sent to store owners or to staff responsible for purchasing or inventory remains unobserved.,accept,,,,,
FR-013,1,not_observable,EV-01-SCEN-FR-013-47-01,"No required obligation was established. The setup request asked for standard shipping, but the response only acknowledged the request and did not show that the option was configured or available.",No readback or recorded use shows that standard delivery shipping was supported at launch.,accept,,,,,
FR-014,1,not_observable,EV-01-SCEN-FR-014-48-01,"No required obligation or condition branch was established. The setup request included express shipping, but the generic acknowledgement does not show that the option was applied or available.","Whether express shipping could be supported at launch, and whether the launched system offered it, remain unknown.",accept,,,,,
BR-027,1,not_observable,EV-01-SCEN-BR-027-49-01,"No required checkout behavior was observed. The setup request named shipping methods, but its generic acknowledgement does not show that they were configured or displayed to a customer.",No checkout response shows which shipping methods are available for a customer's destination.,accept,,,,,
BR-028,1,not_observable,EV-01-SCEN-BR-028-50-01,"No required shipping-cost calculation was observed. The setup request received only a generic acknowledgement, with no shipping rule or calculated cost shown.","No shipping-cost result or readback demonstrates calculation based on region, weight, or order total.",accept,,,,,
BR-029,1,not_observable,EV-01-SCEN-BR-029-51-01,No required branch was established. The setup request received only a generic acknowledgement; it did not show whether a shipping method could serve an address or which options a customer could pick.,No address-specific eligibility result or customer-facing shipping options were observed.,accept,,,,,
FR-015,1,observed_partial,EV-01-SCEN-FR-015-52-01,Self-service customer registration succeeded: the unauthenticated POST created a customer record with an active status.,Active status alone does not establish immediate usable access; no post-registration customer-specific operation was recorded.,accept,,,,,
BR-030,1,observed_satisfied,EV-01-SCEN-BR-030-53-01,"An ordinary customer account was created with status ""active"" immediately, with no recorded manual approval step required for activation.",,accept,,,,,
BR-031,1,not_observable,EV-01-SCEN-BR-031-54-01,"No required condition branch was established. The system created a customer account with the requested status of ""pending"", but the response does not show that the account was held because of suspicious activity or failed verification.","Neither suspicious activity nor failed verification was recorded, and no resulting account hold was demonstrated.",accept,,,,,
FR-016,1,observed_partial,EV-01-SCEN-FR-016-55-01,"Creating a customer with status 'blocked' succeeded, and the response returned that status. This establishes support for the blocked status.",Support for the pending status was not tested.,accept,,,,,
FR-017,1,not_observable,EV-01-SCEN-FR-017-56-01,"None of the required settings is shown to have been applied. The setup request supplied values for all six settings, but the response only acknowledged the request with {""ok"": true}.","No response, readback, or recorded use shows the store name, contact details, currency, tax settings, shipping methods, or payment options as configured.",accept,,,,,
BR-032,1,observed_partial,EV-01-SCEN-BR-032-57-04; EV-01-SCEN-BR-032-57-05; EV-01-SCEN-BR-032-57-01,"After the setup request, a product was created and appeared in the subsequent product listing. This establishes one post-setup product-management operation.",Changes to an existing product and customer account management were not tested. The setup acknowledgement does not independently show that the requested settings were applied.,accept,,,,,
BR-033,1,not_observable,EV-01-SCEN-BR-033-58-01,"No go-live restriction was established. The response shows that an incomplete setup request was rejected, but does not show that the store was prevented from going live.",No go-live attempt or recorded link between setup validation and publication was observed.,accept,,,,,
BR-034,1,not_observable,EV-01-SCEN-BR-034-59-01,"No required obligation or condition branch was established. Setup returned a generic acknowledgement without business address or legal details, but the evidence does not show whether those details were needed for checkout or invoices.",No checkout or invoice workflow established that the details were needed or tested whether the storefront then required them.,accept,,,,,
FR-001,2,not_observable,EV-02-SCEN-FR-001-02-01; EV-02-SCEN-FR-001-02-04,No required obligation was exercised. The recorded requests register a customer and attempt to add an item to a cart; they do not show a store owner or sales personnel adding or maintaining a product.,Product addition and maintenance remain untested for both store owners and sales personnel.,accept,,,,,
FR-002,2,observed_partial,EV-02-SCEN-FR-002-03-01,"The public registration request returned a session identifying a new customer account, establishing account creation as one management operation available without a role-specific protocol.","No operation managing an existing customer account was observed, so ongoing account management by store owners and sales personnel remains untested.",accept,,,,,
FR-003,2,observed_satisfied,EV-02-SCEN-FR-003-04-01,"A public GET request returned a page listing an available product with its price and stock, demonstrating that customers can browse available products.",,accept,,,,,
FR-004,2,observed_unsatisfied,EV-02-SCEN-FR-004-05-01; EV-02-SCEN-FR-004-05-04,"The registered customer attempted to add the displayed product. Although the response set a cookie containing the item, the immediately following cart page showed an empty cart. The recorded add operation therefore did not establish a usable cart item; no complete cart-maintenance operation was positively established.",Changing or removing existing cart contents was not tested.,accept,,,,,
FR-005,2,observed_unsatisfied,EV-02-SCEN-FR-005-06-04; EV-02-SCEN-FR-005-06-05; EV-02-SCEN-FR-005-06-01,"The recorded registration issued a customer session, but adding a product replaced it with a cart-only session. Checkout then rejected the request with “Customer login required.” This failed workflow did not allow the customer to place an order; no complete required capability was established.",No other order-placement workflow was tested.,accept,,,,,
FR-006,2,not_observable,EV-02-SCEN-FR-006-07-01,No observation was recorded for the scenarios of this requirement.,"The previous GET /admin read a generic dashboard or state dump without exercising this requirement: Store owners and sales personnel shall sign in with their own accounts. No replay of its target action or specific observation is defined. This is an observation limitation, not evidence that the delivered feature failed.",accept,,,,,
FR-007,2,not_observable,EV-02-SCEN-FR-007-08-01,"No required obligation was established. Registration issued a customer-ID cookie, but the only subsequent response was a public store page; it does not demonstrate a usable customer login.","The evidence does not show a customer login used to place an order or view account history, or establish that customer logins are separate.",accept,,,,,
BR-001,2,not_observable,,"None of the required product-creation or product-editing behaviour was observed. The recorded requests concern customer registration and cart activity, not staff actions on catalog products.","Whether staff can create or edit inactive products, or create or edit active products, remains untested.",accept,,,,,
BR-002,2,not_observable,EV-02-SCEN-BR-002-10-04; EV-02-SCEN-BR-002-10-01,"None of the stock-limit restriction was exercised. The store displayed stock of 10, but the recorded request added only one item, and the subsequent cart was empty. No sale exceeding stock was attempted or completed.",Whether the store prevents sales exceeding available stock remains untested.,accept,,,,,
BR-003,2,observed_partial,EV-02-SCEN-BR-003-11-01; EV-02-SCEN-BR-003-11-04,"The registration request with an empty name was rejected as invalid customer details, while the otherwise matching request with a name was accepted. This establishes validation against an incomplete customer record.",Duplicate-account validation was not exercised.,accept,,,,,
BR-004,2,not_observable,EV-02-SCEN-BR-004-12-01,No observation was recorded for the scenarios of this requirement.,Missing observation: checkout with an existing customer's required profile details missing. The delivered interface rejects incomplete customer creation and exposes no profile-edit operation to construct that condition through normal requests. Shipping-address rejection does not exercise this customer-details rule.,accept,,,,,
BR-005,2,not_observable,EV-02-SCEN-BR-005-13-01; EV-02-SCEN-BR-005-13-04; EV-02-SCEN-BR-005-13-05,"No required shipping-detail branch was established. The empty checkout request was rejected with “Customer login required,” so the rejection does not show that missing shipping details prevent checkout.",Checkout validation for missing required shipping details was not reached.,accept,,,,,
BR-006,2,not_observable,EV-02-SCEN-BR-006-14-04; EV-02-SCEN-BR-006-14-05; EV-02-SCEN-BR-006-14-01,"None of the required prerequisite branches was established. The product was shown with stock, but checkout was rejected because customer login was required; no order was placed and the response did not test cart confirmation or item availability.","The evidence does not show whether a confirmed cart with available items can be placed, or whether placement is blocked when either prerequisite is false.",accept,,,,,
BR-007,2,not_observable,EV-02-SCEN-BR-007-15-01,No observation was recorded for the scenarios of this requirement.,"The previous GET /admin read a generic dashboard or state dump without exercising this requirement: If an order has already been processed, changing it shall be restricted. No replay of its target action or specific observation is defined. This is an observation limitation, not evidence that the delivered feature failed.",accept,,,,,
BR-008,2,not_observable,EV-02-SCEN-BR-008-16-01,No observation was recorded for the scenarios of this requirement.,"The previous GET /admin read a generic dashboard or state dump without exercising this requirement: Store owners shall have full access to manage products, customer accounts, and overall store settings. No replay of its target action or specific observation is defined. This is an observation limitation, not evidence that the delivered feature failed.",accept,,,,,
BR-009,2,not_observable,EV-02-SCEN-BR-009-17-01,No observation was recorded for the scenarios of this requirement.,"The previous GET /admin read a generic dashboard or state dump without exercising this requirement: Sales personnel shall have limited access mainly to products, customers, and order handling, but not to administrative settings. No replay of its target action or specific observation is defined. This is an observation limitation, not evidence that the delivered feature failed.",accept,,,,,
BR-010,2,not_observable,EV-02-SCEN-BR-010-18-04; EV-02-SCEN-BR-010-18-05; EV-02-SCEN-BR-010-18-01,"No complete own-record or other-record branch was established. Registration issued a customer ID, but after the cart-add request, the recorded cart page was empty. The responses show neither successful access to that customer's cart contents nor access to another customer's private records.","Viewing and changing customers' own profiles, carts, and orders, and restricting access to other customers' records, remain untested.",accept,,,,,
BR-011,2,not_observable,EV-02-SCEN-BR-011-19-01,No observation was recorded for the scenarios of this requirement.,"The previous GET /admin read a generic dashboard or state dump without exercising this requirement: For sensitive actions such as deleting records, changing order status, or making major account changes, tighter restrictions shall apply for staff. No replay of its target action or specific observation is defined. This is an observation limitation, not evidence that the delivered feature failed.",accept,,,,,
QR-001,2,not_observable,EV-02-SCEN-QR-001-20-01,No observation was recorded for the scenarios of this requirement.,"The previous GET /admin read a generic dashboard or state dump without exercising this requirement: The system shall provide a simple interface that allows store owners and sales staff to manage products, customer accounts, and order processing with minimal technical help. No replay of its target action or specific observation is defined. This is an observation limitation, not evidence that the delivered feature failed.",accept,,,,,
BR-012,2,not_observable,EV-02-SCEN-BR-012-21-04; EV-02-SCEN-BR-012-21-05; EV-02-SCEN-BR-012-21-01,"No checkout-pricing obligation was established positively or negatively. The product price appeared on the store page, but the checkout request stopped at “Customer login required” without showing checkout pricing.",Pricing at checkout was not observed.,accept,,,,,
BR-013,2,not_observable,EV-02-SCEN-BR-013-23-01,No observation was recorded for the scenarios of this requirement.,"The existing GET / only opens a generic page or health endpoint; no scenario-specific setup or target interaction was defined. Missing observation: In the pre-tax region, prices are shown before tax with tax added separately at checkout; in the tax-inclusive region, prices are displayed inclusive of tax according to the regional expectation. The target action was not executed; this is an observation limitation, not a software failure.",accept,,,,,
BR-014,2,not_observable,EV-02-SCEN-BR-014-24-01; EV-02-SCEN-BR-014-24-04; EV-02-SCEN-BR-014-24-05,No required tax-calculation behaviour was observed. Checkout stopped at a customer-login check before any location-based tax calculation or tax output.,"Whether tax is calculated from location rather than the product, and what confirmation is required, remains untested.",accept,,,,,
BR-015,2,not_observable,EV-02-SCEN-BR-015-26-01; EV-02-SCEN-BR-015-26-04; EV-02-SCEN-BR-015-26-05,"No required obligation was established. After registration and an attempted cart addition, checkout returned “Customer login required” before showing a final total or performing an observable rounding calculation.",Consistent checkout rounding and clear display of the final total remain untested.,accept,,,,,
FR-008,2,not_observable,EV-02-SCEN-FR-008-27-04; EV-02-SCEN-FR-008-27-05; EV-02-SCEN-FR-008-27-01,"No card-payment obligation was established positively or negatively. Registration and cart preparation were recorded, but checkout stopped at a customer-login rejection before any payment option was shown or used.",Whether card is the standard checkout option and whether card payments can be processed remain untested.,accept,,,,,
FR-009,2,not_observable,EV-02-SCEN-FR-009-28-04; EV-02-SCEN-FR-009-28-05; EV-02-SCEN-FR-009-28-01,"No PayPal obligation was established as met or violated. Registration issued a customer session cookie, but adding an item replaced it with a cart-only cookie; checkout then stopped at a customer-login check, before any payment option or PayPal operation was reached.",The evidence does not establish whether PayPal was practical to include or whether the system supports PayPal.,accept,,,,,
BR-016,2,not_observable,EV-02-SCEN-BR-016-31-01,No observation was recorded for the scenarios of this requirement.,"The previous GET /admin read a generic dashboard or state dump without exercising this requirement: The store should keep payment options simple at launch rather than support everything at once. No replay of its target action or specific observation is defined. This is an observation limitation, not evidence that the delivered feature failed.",accept,,,,,
BR-017,2,not_observable,EV-02-SCEN-BR-017-32-01; EV-02-SCEN-BR-017-32-04; EV-02-SCEN-BR-017-32-05,"None of the required shipping-address fields was shown to be enforced. Checkout rejected the empty request because customer login was required, not because shipping-address fields were missing.","The recorded checkout did not reach shipping-address validation, so enforcement of name, street address, city, postal code, country, and phone or email remains untested.",accept,,,,,
BR-018,2,not_observable,EV-02-SCEN-BR-018-33-01; EV-02-SCEN-BR-018-33-04; EV-02-SCEN-BR-018-33-05,No shipping-address format validation was exercised. The checkout request contained no address or selected country or region and was rejected because customer login was required.,It remains unknown whether the system validates shipping-address formats based on the selected country or region.,accept,,,,,
BR-019,2,not_observable,EV-02-SCEN-BR-019-34-01; EV-02-SCEN-BR-019-34-04; EV-02-SCEN-BR-019-34-05,No required address-acceptance or format-flexibility behaviour was observed. The checkout request contained no address and was rejected because customer login was required.,Acceptance of an international address and flexibility across materially different address formats remain untested.,accept,,,,,
BR-020,2,not_observable,EV-02-SCEN-BR-020-35-01; EV-02-SCEN-BR-020-35-04; EV-02-SCEN-BR-020-35-05,"Neither address branch was exercised. Registration issued a customer session, but adding an item replaced that session with a cart-only session; checkout then returned “Customer login required.” The rejection does not establish that checkout was blocked because of an incomplete shipping address.",Blocking for an incomplete address and blocking for a clearly invalid address both remain untested.,accept,,,,,
FR-010,2,not_observable,EV-02-SCEN-FR-010-37-01,No observation was recorded for the scenarios of this requirement.,"The previous GET /admin read a generic dashboard or state dump without exercising this requirement: The system shall support at least the order statuses new, paid, packed, shipped, completed, and cancelled. No replay of its target action or specific observation is defined. This is an observation limitation, not evidence that the delivered feature failed.",accept,,,,,
BR-021,2,not_observable,EV-02-SCEN-BR-021-38-01,No observation was recorded for the scenarios of this requirement.,"The previous GET /admin read a generic dashboard or state dump without exercising this requirement: Sales personnel or owners shall be able to move orders forward as work is done. No replay of its target action or specific observation is defined. This is an observation limitation, not evidence that the delivered feature failed.",accept,,,,,
BR-022,2,not_observable,EV-02-SCEN-BR-022-39-01,No observation was recorded for the scenarios of this requirement.,"The previous GET /admin read a generic dashboard or state dump without exercising this requirement: Customers shall probably only be able to cancel an order before shipping. No replay of its target action or specific observation is defined. This is an observation limitation, not evidence that the delivered feature failed.",accept,,,,,
BR-023,2,not_observable,EV-02-SCEN-BR-023-40-01,No observation was recorded for the scenarios of this requirement.,"The previous GET /admin read a generic dashboard or state dump without exercising this requirement: Customers may be able to request a return after delivery if that process is supported. No replay of its target action or specific observation is defined. This is an observation limitation, not evidence that the delivered feature failed.",accept,,,,,
BR-024,2,not_observable,EV-02-SCEN-BR-024-41-01,No observation was recorded for the scenarios of this requirement.,"The previous GET /admin read a generic dashboard or state dump without exercising this requirement: Once an order is marked shipped, changes shall be limited and controlled by staff. No replay of its target action or specific observation is defined. This is an observation limitation, not evidence that the delivered feature failed.",accept,,,,,
BR-025,2,not_observable,EV-02-SCEN-BR-025-42-01,No observation was recorded for the scenarios of this requirement.,"The previous GET /admin read a generic dashboard or state dump without exercising this requirement: Cancellation should usually no longer be allowed once an order is marked shipped unless there is a special exception. No replay of its target action or specific observation is defined. This is an observation limitation, not evidence that the delivered feature failed.",accept,,,,,
FR-011,2,not_observable,EV-02-SCEN-FR-011-43-01,No observation was recorded for the scenarios of this requirement.,"The previous GET /admin read a generic dashboard or state dump without exercising this requirement: The system shall provide low-stock warnings. No replay of its target action or specific observation is defined. This is an observation limitation, not evidence that the delivered feature failed.",accept,,,,,
BR-026,2,not_observable,EV-02-SCEN-BR-026-45-01,No observation was recorded for the scenarios of this requirement.,"The previous GET /admin read a generic dashboard or state dump without exercising this requirement: The low-stock threshold shall be configurable, ideally per product and possibly by category. No replay of its target action or specific observation is defined. This is an observation limitation, not evidence that the delivered feature failed.",accept,,,,,
FR-012,2,not_observable,EV-02-SCEN-FR-012-46-01,No observation was recorded for the scenarios of this requirement.,"The previous GET /admin read a generic dashboard or state dump without exercising this requirement: Low-stock warnings shall be sent to store owners and the staff responsible for purchasing or inventory. No replay of its target action or specific observation is defined. This is an observation limitation, not evidence that the delivered feature failed.",accept,,,,,
FR-013,2,not_observable,EV-02-SCEN-FR-013-47-01; EV-02-SCEN-FR-013-47-04; EV-02-SCEN-FR-013-47-05,"No required obligation was established positively or negatively. Registration and cart preparation were recorded, but checkout stopped at a customer-login check before any shipping option was shown or used.",Whether the system supports a standard delivery shipping option at launch remains untested.,accept,,,,,
FR-014,2,not_observable,EV-02-SCEN-FR-014-48-01; EV-02-SCEN-FR-014-48-04; EV-02-SCEN-FR-014-48-05,No required branch was established. Checkout stopped at a customer-login check before any shipping options were shown or selected.,The evidence does not establish whether express shipping could be supported at launch or whether the system offers it when supportable.,accept,,,,,
BR-027,2,not_observable,EV-02-SCEN-BR-027-49-01; EV-02-SCEN-BR-027-49-04; EV-02-SCEN-BR-027-49-05,No required obligation was observed: checkout stopped at a customer-login rejection before any destination-based shipping methods were shown.,"The recorded requests do not reach checkout with a destination, so shipping-method availability and its dependence on destination remain untested.",accept,,,,,
BR-028,2,not_observable,EV-02-SCEN-BR-028-50-01; EV-02-SCEN-BR-028-50-04; EV-02-SCEN-BR-028-50-05,"No shipping-cost calculation was observed. Registration and cart preparation were recorded, but checkout stopped with a customer-login-required response before any shipping cost was shown or calculated.","Whether shipping cost is calculated using region, weight, or order total remains untested.",accept,,,,,
BR-029,2,not_observable,EV-02-SCEN-BR-029-51-01; EV-02-SCEN-BR-029-51-04; EV-02-SCEN-BR-029-51-05,No required branch was exercised. Checkout stopped at a customer-login rejection before any address-specific shipping options were shown.,The evidence does not establish an address that a shipping method cannot serve or show whether that method was hidden or selectable.,accept,,,,,
FR-015,2,observed_partial,EV-02-SCEN-FR-015-52-01,"The unauthenticated registration request was accepted and issued a session cookie containing a customer ID, supporting self-service registration. The redirected page was a public storefront, so it does not establish immediate customer-specific access.",No successful account-specific operation after registration was recorded.,accept,,,,,
BR-030,2,not_observable,EV-02-SCEN-BR-030-53-01,"No complete required obligation was established. Registration redirected to a public storefront and issued a customer session cookie, but this does not show whether an ordinary customer can use the account without manual approval.",No account-specific action or account status was observed after registration to establish whether manual approval is required.,accept,,,,,
BR-031,2,not_observable,EV-02-SCEN-BR-031-54-01,No observation was recorded for the scenarios of this requirement.,"The previous GET /admin read a generic dashboard or state dump without exercising this requirement: The system may hold a customer account if something looks suspicious or if verification fails. No replay of its target action or specific observation is defined. This is an observation limitation, not evidence that the delivered feature failed.",accept,,,,,
FR-016,2,not_observable,EV-02-SCEN-FR-016-55-01,No observation was recorded for the scenarios of this requirement.,"The previous GET /admin read a generic dashboard or state dump without exercising this requirement: The system shall support pending and blocked customer account statuses. No replay of its target action or specific observation is defined. This is an observation limitation, not evidence that the delivered feature failed.",accept,,,,,
FR-017,2,not_observable,EV-02-SCEN-FR-017-56-01,No observation was recorded for the scenarios of this requirement.,"The previous GET /admin read a generic dashboard or state dump without exercising this requirement: At launch, the store owner shall be able to set store name, contact details, currency, tax settings, shipping methods, and payment options during initial setup. No replay of its target action or specific observation is defined. This is an observation limitation, not evidence that the delivered feature failed.",accept,,,,,
BR-032,2,not_observable,EV-02-SCEN-BR-032-57-01,No observation was recorded for the scenarios of this requirement.,"The previous GET /admin read a generic dashboard or state dump without exercising this requirement: Product management and customer account management may occur after initial setup in normal administration. No replay of its target action or specific observation is defined. This is an observation limitation, not evidence that the delivered feature failed.",accept,,,,,
BR-033,2,not_observable,EV-02-SCEN-BR-033-58-01,No observation was recorded for the scenarios of this requirement.,"The previous GET /admin read a generic dashboard or state dump without exercising this requirement: The store shall not go live until the core settings are complete. No replay of its target action or specific observation is defined. This is an observation limitation, not evidence that the delivered feature failed.",accept,,,,,
BR-034,2,not_observable,EV-02-SCEN-BR-034-59-01,No observation was recorded for the scenarios of this requirement.,"The previous GET /admin read a generic dashboard or state dump without exercising this requirement: The storefront shall require business address or legal details if those are needed for checkout and invoices. No replay of its target action or specific observation is defined. This is an observation limitation, not evidence that the delivered feature failed.",accept,,,,,
FR-001,3,not_observable,EV-03-SCEN-FR-001-02-01,No observation was recorded for the scenarios of this requirement.,"Listing products does not perform this scenario's target action. Missing observation: The new product is saved to the catalog, the updated product details are persisted, and both products are visible with the latest information in the product list. The target action was not executed; this is an observation limitation, not a software failure.",accept,,,,,
FR-002,3,not_observable,EV-03-SCEN-FR-002-03-01,No observation was recorded for the scenarios of this requirement.,"Listing products does not perform this scenario's target action. Missing observation: The new customer record is created successfully, the edited customer information is saved, and the customer list reflects the updated account details. The target action was not executed; this is an observation limitation, not a software failure.",accept,,,,,
FR-003,3,not_observable,EV-03-SCEN-FR-003-04-01,"The public products endpoint returned an empty list. No available product was shown, so none of the required browsing capability was established or refuted.",Browsing when products are available was not observed.,accept,,,,,
FR-004,3,not_observable,EV-03-SCEN-FR-004-05-01,No observation was recorded for the scenarios of this requirement.,"Listing products does not perform this scenario's target action. Missing observation: The cart reflects each change immediately, shows the current items and quantities, and retains the customer's selections while they continue shopping. The target action was not executed; this is an observation limitation, not a software failure.",accept,,,,,
FR-005,3,not_observable,EV-03-SCEN-FR-005-06-01,No observation was recorded for the scenarios of this requirement.,"Listing products does not perform this scenario's target action. Missing observation: The store accepts the order, creates an order record, and displays an order confirmation with the order number and summary of purchased items. The target action was not executed; this is an observation limitation, not a software failure.",accept,,,,,
FR-006,3,not_observable,EV-03-SCEN-FR-006-07-01,No observation was recorded for the scenarios of this requirement.,"Listing products does not perform this scenario's target action. Missing observation: The system authenticates each staff member into their own account and presents access according to their signed-in identity, without sharing credentials between users. The target action was not executed; this is an observation limitation, not a software failure.",accept,,,,,
FR-007,3,not_observable,EV-03-SCEN-FR-007-08-01,No observation was recorded for the scenarios of this requirement.,"Listing products does not perform this scenario's target action. Missing observation: The system signs the customer into a separate customer account and unlocks order checkout and account history views only after successful customer authentication. The target action was not executed; this is an observation limitation, not a software failure.",accept,,,,,
BR-001,3,not_observable,EV-03-SCEN-BR-001-09-01,No observation was recorded for the scenarios of this requirement.,"Listing products does not perform this scenario's target action. Missing observation: The system blocks create and edit actions for the inactive product and only permits maintenance actions on products that are marked active in the catalog. The target action was not executed; this is an observation limitation, not a software failure.",accept,,,,,
BR-002,3,not_observable,EV-03-SCEN-BR-002-10-01,No observation was recorded for the scenarios of this requirement.,"Listing products does not perform this scenario's target action. Missing observation: The system refuses the order quantity, shows that the requested amount exceeds available stock, and does not allow checkout to complete for more than the on-hand quantity. The target action was not executed; this is an observation limitation, not a software failure.",accept,,,,,
BR-003,3,not_observable,EV-03-SCEN-BR-003-11-01,No observation was recorded for the scenarios of this requirement.,"Listing products does not perform this scenario's target action. Missing observation: The system rejects the save request, flags the duplicate and missing fields, and prevents creation of an incomplete or duplicate customer record. The target action was not executed; this is an observation limitation, not a software failure.",accept,,,,,
BR-004,3,not_observable,EV-03-SCEN-BR-004-12-01,No observation was recorded for the scenarios of this requirement.,"Listing products does not perform this scenario's target action. Missing observation: The system blocks checkout, identifies the missing required customer details, and keeps the order in a non-submitted state until the information is provided. The target action was not executed; this is an observation limitation, not a software failure.",accept,,,,,
BR-005,3,not_observable,EV-03-SCEN-BR-005-13-01,No observation was recorded for the scenarios of this requirement.,"Listing products does not perform this scenario's target action. Missing observation: The system prevents order submission, highlights the missing shipping details, and requires a complete shipping address before checkout can proceed. The target action was not executed; this is an observation limitation, not a software failure.",accept,,,,,
BR-006,3,not_observable,EV-03-SCEN-BR-006-14-01,No observation was recorded for the scenarios of this requirement.,"Listing products does not perform this scenario's target action. Missing observation: The system places the order only after confirming the cart and verifying item availability, then records the order successfully. The target action was not executed; this is an observation limitation, not a software failure.",accept,,,,,
BR-007,3,not_observable,EV-03-SCEN-BR-007-15-01,No observation was recorded for the scenarios of this requirement.,"Listing products does not perform this scenario's target action. Missing observation: The system restricts the modification, prevents changes to the processed order, and only allows updates permitted by the order's processed state. The target action was not executed; this is an observation limitation, not a software failure.",accept,,,,,
BR-008,3,not_observable,EV-03-SCEN-BR-008-16-01,No observation was recorded for the scenarios of this requirement.,"Listing products does not perform this scenario's target action. Missing observation: The owner can view, create, edit, and delete products and customer accounts, and can access all store configuration options including payment, tax, and checkout settings. The target action was not executed; this is an observation limitation, not a software failure.",accept,,,,,
BR-009,3,not_observable,EV-03-SCEN-BR-009-17-01,No observation was recorded for the scenarios of this requirement.,"Listing products does not perform this scenario's target action. Missing observation: The staff member can manage products, customer records, and order handling tasks, but administrative settings are hidden or access is denied with a permission message. The target action was not executed; this is an observation limitation, not a software failure.",accept,,,,,
BR-010,3,not_observable,EV-03-SCEN-BR-010-18-01,No observation was recorded for the scenarios of this requirement.,"Listing products does not perform this scenario's target action. Missing observation: Customer A can only view and change their own profile, cart, and orders, and any attempt to access Customer B's personal data or order history is blocked or redirected with an access denied message. The target action was not executed; this is an observation limitation, not a software failure.",accept,,,,,
BR-011,3,not_observable,EV-03-SCEN-BR-011-19-01,No observation was recorded for the scenarios of this requirement.,"Listing products does not perform this scenario's target action. Missing observation: The system applies tighter restrictions by requiring elevated authorization, such as owner approval or additional confirmation, and blocks the action when the staff user lacks sufficient privilege. The target action was not executed; this is an observation limitation, not a software failure.",accept,,,,,
QR-001,3,not_observable,EV-03-SCEN-QR-001-20-01,No observation was recorded for the scenarios of this requirement.,"Listing products does not perform this scenario's target action. Missing observation: The system presents a straightforward, easy-to-use interface with clear labels and simple workflows that allow these tasks to be completed without technical assistance or complex setup steps. The target action was not executed; this is an observation limitation, not a software failure.",accept,,,,,
BR-012,3,not_observable,EV-03-SCEN-BR-012-21-01,No observation was recorded for the scenarios of this requirement.,"Listing products does not perform this scenario's target action. Missing observation: The checkout screen clearly shows item prices, subtotal, tax if applicable, shipping, and the final amount to be paid, with the total presented in a transparent and understandable way. The target action was not executed; this is an observation limitation, not a software failure.",accept,,,,,
BR-013,3,not_observable,EV-03-SCEN-BR-013-23-01,No observation was recorded for the scenarios of this requirement.,"Listing products does not perform this scenario's target action. Missing observation: In the pre-tax region, prices are shown before tax with tax added separately at checkout; in the tax-inclusive region, prices are displayed inclusive of tax according to the regional expectation. The target action was not executed; this is an observation limitation, not a software failure.",accept,,,,,
BR-014,3,not_observable,EV-03-SCEN-BR-014-24-01,No observation was recorded for the scenarios of this requirement.,"Listing products does not perform this scenario's target action. Missing observation: The calculated tax amount differs according to the customer's location rather than being determined solely by the product, and the order summary reflects the location-based tax calculation. The target action was not executed; this is an observation limitation, not a software failure.",accept,,,,,
BR-015,3,not_observable,EV-03-SCEN-BR-015-26-01,No observation was recorded for the scenarios of this requirement.,"Listing products does not perform this scenario's target action. Missing observation: The system rounds amounts consistently across subtotal, tax, and grand total so the customer sees a clear final payable amount with no inconsistent cents or confusing discrepancies. The target action was not executed; this is an observation limitation, not a software failure.",accept,,,,,
FR-008,3,not_observable,EV-03-SCEN-FR-008-27-01,No observation was recorded for the scenarios of this requirement.,"Listing products does not perform this scenario's target action. Missing observation: The checkout flow offers card payment as a supported standard option, accepts valid card details, and continues to order confirmation after successful authorization. The target action was not executed; this is an observation limitation, not a software failure.",accept,,,,,
FR-009,3,not_observable,EV-03-SCEN-FR-009-28-01,No observation was recorded for the scenarios of this requirement.,"Listing products does not perform this scenario's target action. Missing observation: PayPal is shown as a usable payment option only when enabled for the release, and selecting it starts the PayPal payment flow and returns the customer to the store with the payment result. The target action was not executed; this is an observation limitation, not a software failure.",accept,,,,,
BR-016,3,not_observable,EV-03-SCEN-BR-016-31-01,No observation was recorded for the scenarios of this requirement.,"Listing products does not perform this scenario's target action. Missing observation: Only the launch-approved payment options are shown, and unsupported payment methods are not offered in the checkout flow. The target action was not executed; this is an observation limitation, not a software failure.",accept,,,,,
BR-017,3,not_observable,EV-03-SCEN-BR-017-32-01,No observation was recorded for the scenarios of this requirement.,"Listing products does not perform this scenario's target action. Missing observation: Checkout is blocked and the form highlights each missing core shipping field, including the missing contact phone or email requirement. The target action was not executed; this is an observation limitation, not a software failure.",accept,,,,,
BR-018,3,not_observable,EV-03-SCEN-BR-018-33-01,No observation was recorded for the scenarios of this requirement.,"Listing products does not perform this scenario's target action. Missing observation: The address is accepted when it is valid for the selected country or region, and any country-specific format issues are flagged only when they conflict with the chosen destination rules. The target action was not executed; this is an observation limitation, not a software failure.",accept,,,,,
BR-019,3,not_observable,EV-03-SCEN-BR-019-34-01,No observation was recorded for the scenarios of this requirement.,"Listing products does not perform this scenario's target action. Missing observation: The system accepts the international address without forcing a rigid local-only format, as long as the required delivery details are present and intelligible. The target action was not executed; this is an observation limitation, not a software failure.",accept,,,,,
BR-020,3,not_observable,EV-03-SCEN-BR-020-35-01,No observation was recorded for the scenarios of this requirement.,"Listing products does not perform this scenario's target action. Missing observation: The order cannot be submitted, checkout remains blocked, and the system shows validation messages explaining that the shipping address is incomplete or clearly invalid. The target action was not executed; this is an observation limitation, not a software failure.",accept,,,,,
FR-010,3,not_observable,EV-03-SCEN-FR-010-37-01,No observation was recorded for the scenarios of this requirement.,"Listing products does not perform this scenario's target action. Missing observation: The system supports the statuses new, paid, packed, shipped, completed, and cancelled as valid order states. The target action was not executed; this is an observation limitation, not a software failure.",accept,,,,,
BR-021,3,not_observable,EV-03-SCEN-BR-021-38-01,No observation was recorded for the scenarios of this requirement.,"Listing products does not perform this scenario's target action. Missing observation: The order status advances successfully, and the updated status is reflected in the order record and order list. The target action was not executed; this is an observation limitation, not a software failure.",accept,,,,,
BR-022,3,not_observable,EV-03-SCEN-BR-022-39-01,No observation was recorded for the scenarios of this requirement.,"Listing products does not perform this scenario's target action. Missing observation: The cancellation is accepted, the order status changes to cancelled, and the order is no longer treated as active for fulfillment. The target action was not executed; this is an observation limitation, not a software failure.",accept,,,,,
BR-023,3,not_observable,EV-03-SCEN-BR-023-40-01,No observation was recorded for the scenarios of this requirement.,"Listing products does not perform this scenario's target action. Missing observation: The system allows the return request to be submitted through the supported returns flow and records the request against the order. The target action was not executed; this is an observation limitation, not a software failure.",accept,,,,,
BR-024,3,not_observable,EV-03-SCEN-BR-024-41-01,No observation was recorded for the scenarios of this requirement.,"Listing products does not perform this scenario's target action. Missing observation: The system prevents the changes and shows that post-shipment order modifications are restricted to controlled staff actions. The target action was not executed; this is an observation limitation, not a software failure.",accept,,,,,
BR-025,3,not_observable,EV-03-SCEN-BR-025-42-01,No observation was recorded for the scenarios of this requirement.,"Listing products does not perform this scenario's target action. Missing observation: The cancellation request is refused and the system indicates that shipped orders are no longer cancellable unless an authorized exception applies. The target action was not executed; this is an observation limitation, not a software failure.",accept,,,,,
FR-011,3,not_observable,EV-03-SCEN-FR-011-43-01,No low-stock warning was observed. The endpoint returned an empty warnings list; the listed recipients do not establish that a warning was provided.,"No item was shown to be low on stock, so warning behavior under that condition remains untested.",accept,,,,,
BR-026,3,not_observable,EV-03-SCEN-BR-026-45-01,No observation was recorded for the scenarios of this requirement.,"Listing products does not perform this scenario's target action. Missing observation: The new threshold is saved and used for warning generation, allowing low-stock alerts to follow the configured per-product or category rule. The target action was not executed; this is an observation limitation, not a software failure.",accept,,,,,
FR-012,3,not_observable,EV-03-SCEN-FR-012-46-01,"No required warning delivery was observed. The response listed owner and inventory as recipients, but its warnings list was empty.",No low-stock condition or warning sent to store owners and responsible purchasing or inventory staff was recorded.,accept,,,,,
FR-013,3,observed_satisfied,EV-03-SCEN-FR-013-47-01,"The live shipping-options endpoint returned a standard delivery method, demonstrating that the option is available at launch.",,accept,,,,,
FR-014,3,observed_satisfied,EV-03-SCEN-FR-014-48-01,"The shipping-options response lists express as an available shipping option, establishing that the delivered system offers the requested option.",Express selection during checkout and shipment fulfillment were not tested; the requirement does not explicitly require those outcomes.,accept,,,,,
BR-027,3,not_observable,EV-03-SCEN-BR-027-49-01,"None of the required behaviour was established. The response lists shipping methods, but it does not show methods presented at checkout or selected based on a customer's destination.",No checkout request or destination-specific shipping-method result was recorded.,accept,,,,,
BR-028,3,not_observable,EV-03-SCEN-BR-028-50-01,"The response lists standard and express shipping methods, but shows no calculated cost or pricing rule. No required shipping-cost calculation is established.","No shipping cost was observed for any region, weight, or order total, so the calculation rule remains untested.",accept,,,,,
BR-029,3,not_observable,EV-03-SCEN-BR-029-51-01,"No required branch was established. The response lists shipping methods, but the request supplies no address and does not show whether either method can serve a particular address.","No address-specific eligibility result or coverage policy establishes an unserviceable method, so the evidence cannot show whether that option is hidden.",accept,,,,,
FR-015,3,not_observable,EV-03-SCEN-FR-015-52-01,No observation was recorded for the scenarios of this requirement.,"Listing products does not perform this scenario's target action. Missing observation: The account is created successfully and the customer gains immediate access to the storefront without waiting for approval. The target action was not executed; this is an observation limitation, not a software failure.",accept,,,,,
BR-030,3,not_observable,EV-03-SCEN-BR-030-53-01,No observation was recorded for the scenarios of this requirement.,"Listing products does not perform this scenario's target action. Missing observation: The system completes registration and signs the customer in or activates the account immediately, with no manual approval screen or pending-review delay. The target action was not executed; this is an observation limitation, not a software failure.",accept,,,,,
BR-031,3,not_observable,EV-03-SCEN-BR-031-54-01,No observation was recorded for the scenarios of this requirement.,"Listing products does not perform this scenario's target action. Missing observation: The account is held in a non-active state, and the customer is informed that additional verification or review is required before access is granted. The target action was not executed; this is an observation limitation, not a software failure.",accept,,,,,
FR-016,3,not_observable,EV-03-SCEN-FR-016-55-01,No observation was recorded for the scenarios of this requirement.,"Listing products does not perform this scenario's target action. Missing observation: The account is shown with either pending or blocked status, and the status is reflected consistently in the customer management view. The target action was not executed; this is an observation limitation, not a software failure.",accept,,,,,
FR-017,3,not_observable,EV-03-SCEN-FR-017-56-01,No observation was recorded for the scenarios of this requirement.,"Listing products does not perform this scenario's target action. Missing observation: The system accepts and stores the initial setup information and confirms that the store configuration has been completed. The target action was not executed; this is an observation limitation, not a software failure.",accept,,,,,
BR-032,3,not_observable,EV-03-SCEN-BR-032-57-01,No observation was recorded for the scenarios of this requirement.,"Listing products does not perform this scenario's target action. Missing observation: The relevant management screens are accessible in normal administration, allowing product updates and customer account administration without reopening initial setup. The target action was not executed; this is an observation limitation, not a software failure.",accept,,,,,
BR-033,3,not_observable,EV-03-SCEN-BR-033-58-01,No observation was recorded for the scenarios of this requirement.,"The existing GET / only opens a generic page or health endpoint; no scenario-specific setup or target interaction was defined. Missing observation: The store remains offline and the system prevents go-live status until all required core settings are complete. The target action was not executed; this is an observation limitation, not a software failure.",accept,,,,,
BR-034,3,not_observable,EV-03-SCEN-BR-034-59-01,No observation was recorded for the scenarios of this requirement.,"Listing products does not perform this scenario's target action. Missing observation: The system blocks completion of the storefront setup and highlights the missing business address or legal details as required before checkout and invoices can be enabled. The target action was not executed; this is an observation limitation, not a software failure.",accept,,,,,
FR-001,4,observed_partial,EV-04-SCEN-FR-001-02-01; EV-04-SCEN-FR-001-02-05,"An owner account with ID 1 was created, and a product-add request using actor_id 1 succeeded. This establishes that an owner can add a product.","No change to an existing product was recorded, so product maintenance is untested. Product addition and maintenance by sales personnel are also untested.",accept,,,,,
FR-002,4,observed_partial,EV-04-SCEN-FR-002-03-01,"The unauthenticated POST successfully created a customer account. This demonstrates a publicly available account-creation operation, accessible to store owners and sales personnel, but does not establish who initiated this request.","Managing an existing customer account was not tested. The response's customer role describes the new account, not the acting user.",accept,,,,,
FR-003,4,observed_satisfied,EV-04-SCEN-FR-003-04-01; EV-04-SCEN-FR-003-04-06,"A product was created as active and in stock, and the public GET /products request returned it in a browsable product list. This establishes that customers can browse available products.",,accept,,,,,
FR-004,4,observed_partial,EV-04-SCEN-FR-004-05-01; EV-04-SCEN-FR-004-05-06; EV-04-SCEN-FR-004-05-07,The system added a product to the cart for the created customer and returned the item with the requested quantity. This establishes an add-to-cart operation.,"No change to existing cart contents, such as a quantity update or removal, was observed, so ongoing cart maintenance remains untested.",accept,,,,,
FR-005,4,observed_satisfied,EV-04-SCEN-FR-005-06-06; EV-04-SCEN-FR-005-06-08; EV-04-SCEN-FR-005-06-01,"A customer account was created, an item was added to that customer's cart, and checkout returned a new order for that customer. This establishes the ability to place an order through the store.",,accept,,,,,
FR-006,4,not_observable,EV-04-SCEN-FR-006-07-01,"A sales account was created with active status, but no sign-in was recorded. Neither the sales-personnel nor the store-owner sign-in obligation was established.",Sign-in with a sales person's own account and sign-in with a store owner's own account remain untested.,accept,,,,,
FR-007,4,not_observable,EV-04-SCEN-FR-007-08-01,No required login or account-access behaviour was established. The response shows only creation of a customer record with pending status.,"The evidence does not show a customer login, an order placed through one, or account history viewed through one.",accept,,,,,
BR-001,4,observed_partial,EV-04-SCEN-BR-001-09-01; EV-04-SCEN-BR-001-09-05,"An owner account was created as actor_id 1. Its attempt to create an inactive product was rejected with the rule-specific error “Products must be active in catalog,” establishing the inactive-product creation restriction.",Creation of an active product and editing of active or inactive products were not tested.,accept,,,,,
BR-002,4,observed_satisfied,EV-04-SCEN-BR-002-10-07; EV-04-SCEN-BR-002-10-01,"The product was created with stock of 3. A request to add 5 units to the cart was rejected with “Insufficient stock,” enforcing the restriction before a sale could proceed.",,accept,,,,,
BR-003,4,observed_satisfied,EV-04-SCEN-BR-003-11-01; EV-04-SCEN-BR-003-11-04; EV-04-SCEN-BR-003-11-05,"The service rejected an incomplete customer account with an “Incomplete user” error. After creating a customer account, it rejected a second account with the same email as a duplicate. Both stated validation purposes were demonstrated.",,accept,,,,,
BR-004,4,not_observable,EV-04-SCEN-BR-004-12-01,No observation was recorded for the scenarios of this requirement.,Missing observation: checkout with an existing customer's required profile details missing. The delivered interface rejects incomplete customer creation and exposes no profile-edit operation to construct that condition through normal requests. Shipping-address rejection does not exercise this customer-details rule.,accept,,,,,
BR-005,4,observed_satisfied,EV-04-SCEN-BR-005-13-06; EV-04-SCEN-BR-005-13-08; EV-04-SCEN-BR-005-13-01; EV-04-SCEN-BR-005-13-09,"Customer 2 had an item in the cart. Checkout with blank required shipping-address fields was rejected with HTTP 400 and an 'Incomplete shipping address' error. A follow-up checkout with those fields supplied succeeded, supporting that missing shipping details prevented checkout.",,accept,,,,,
BR-006,4,not_observable,EV-04-SCEN-BR-006-14-01; EV-04-SCEN-BR-006-14-07; EV-04-SCEN-BR-006-14-08,An order was placed for one item after a product with stock of three was created and the item was added to the cart. No complete required branch is established: the evidence does not show whether the cart was confirmed when the order was placed.,Cart confirmation is unknown. Placement with unavailable items and attempts to place an unconfirmed cart were not exercised.,accept,,,,,
BR-007,4,not_observable,EV-04-SCEN-BR-007-15-09; EV-04-SCEN-BR-007-15-10; EV-04-SCEN-BR-007-15-01,"No required restriction is established. The order was created as new, then changed to shipped. A subsequent attempt by the same owner to change it to packed returned a generic 403, which does not show why the change was refused.",No explicit policy or matched comparison links the refusal to the order having already been processed.,accept,,,,,
BR-008,4,not_observable,EV-04-SCEN-BR-008-16-01,No observation was recorded for the scenarios of this requirement.,"The delivered administrative state endpoint does not exercise this scenario: The store owner opens the product catalog, customer accounts, and store settings pages from the admin menu.",accept,,,,,
BR-009,4,not_observable,EV-04-SCEN-BR-009-17-01; EV-04-SCEN-BR-009-17-04; EV-04-SCEN-BR-009-17-05,"No required branch was established. The recorded product creation used actor_id 1, which belongs to the created owner account. The setup request does not establish sales personnel access to administrative settings.","Sales personnel access to products, customers, and order handling, and their exclusion from administrative settings, were not tested.",accept,,,,,
BR-010,4,observed_unsatisfied,EV-04-SCEN-BR-010-18-06; EV-04-SCEN-BR-010-18-08; EV-04-SCEN-BR-010-18-01,"Customer 2 was created, and an item was added to that customer's cart. A subsequent GET returned the cart contents with no authentication or acting identity in the complete recorded request. The target customer ID selected the record but did not establish that the requester owned it, so this violates the own-cart viewing restriction. No required branch is positively established.","Own-record access, profile and order access, and ownership restrictions on changes were not established by these observations.",accept,,,,,
BR-011,4,not_observable,EV-04-SCEN-BR-011-19-01; EV-04-SCEN-BR-011-19-05; EV-04-SCEN-BR-011-19-09,"None of the required tighter staff restrictions is established. The recorded order-status change succeeded with actor_id 1, an owner; that does not show what restrictions apply to staff.","No staff attempt, relevant comparison, or explicit permission policy was recorded for a sensitive action.",accept,,,,,
QR-001,4,not_observable,EV-04-SCEN-QR-001-20-01,No observation was recorded for the scenarios of this requirement.,"The delivered administrative state endpoint does not exercise this scenario: The user navigates through the interface to create or edit a product, update a customer account, and process an order using the standard screens and form controls.",accept,,,,,
BR-012,4,observed_satisfied,EV-04-SCEN-BR-012-21-01; EV-04-SCEN-BR-012-21-07,"The checkout response shows the item's line total and the order total, both $9.99, matching the recorded product price. This establishes clear pricing in the recorded checkout.",,accept,,,,,
BR-013,4,not_observable,EV-04-SCEN-BR-013-23-01,"The setup response confirms a pre-tax setting, but no price display was observed. No required display branch was established.",Whether prices are shown before tax in the default case or tax-inclusive in a region that expects it remains untested.,accept,,,,,
BR-014,4,not_observable,EV-04-SCEN-BR-014-24-01; EV-04-SCEN-BR-014-24-04; EV-04-SCEN-BR-014-24-07,"No location-based tax calculation was established or violated. The recorded checkout used one shipping location and showed a total equal to the product price, but no tax amount, rate, or location-based calculation was shown.",There is no confirmed tax policy or comparison across locations to determine whether tax depends on location rather than the product alone.,accept,,,,,
BR-015,4,observed_partial,EV-04-SCEN-BR-015-26-01; EV-04-SCEN-BR-015-26-07,"The checkout response clearly shows a final total of 9.99 for one item priced at 9.99, satisfying total visibility.","This transaction required no rounding, so consistent rounding at checkout remains untested.",accept,,,,,
FR-008,4,observed_partial,EV-04-SCEN-FR-008-27-04; EV-04-SCEN-FR-008-27-01,"The setup response lists card as a payment option, and checkout successfully created an order with payment_method='card'. This establishes card selection at checkout.",No card payment operation or processing result was observed; the order was returned with status='new'.,accept,,,,,
FR-009,4,observed_partial,EV-04-SCEN-FR-009-28-01,"Checkout created an order with PayPal selected as its payment method. This establishes PayPal selection, but not PayPal payment processing.",No PayPal payment operation or processing result was observed. The evidence also does not establish whether including PayPal was practical.,accept,,,,,
BR-016,4,observed_satisfied,EV-04-SCEN-BR-016-31-01,"The setup response shows the store live with only one configured payment option, card. This establishes a simple set of payment options at launch.",,accept,,,,,
BR-017,4,observed_partial,EV-04-SCEN-BR-017-32-01; EV-04-SCEN-BR-017-32-09,"Checkout rejected an address with all core fields blank and no contact information as incomplete, while accepting an address containing all five named fields and an email. This establishes rejection of the recorded incomplete address and acceptance of the complete email-contact example.","Because the rejected address omitted everything at once, the evidence does not establish that each named field is individually required. An address using a phone instead of an email was not tested.",accept,,,,,
BR-018,4,not_observable,EV-04-SCEN-BR-018-33-01,"No address-format validation obligation was established positively or negatively. Checkout accepted a Japanese shipping address with a plausibly formatted postal code, but acceptance of a valid-looking address does not show that the system validates formats by country or region.","No malformed address was tested against a matching valid control, and no country- or region-specific format rule was observed.",accept,,,,,
BR-019,4,observed_partial,EV-04-SCEN-BR-019-34-01; EV-04-SCEN-BR-019-34-06; EV-04-SCEN-BR-019-34-08,"Checkout accepted an address with country DE and a five-digit postal code for the prepared customer and cart, establishing acceptance of one international-address example.","Only one address format was tested, so the requirement not to force one rigid format remains untested.",accept,,,,,
BR-020,4,observed_partial,EV-04-SCEN-BR-020-35-01; EV-04-SCEN-BR-020-35-08; EV-04-SCEN-BR-020-35-10; EV-04-SCEN-BR-020-35-11,"Checkout was blocked with an 'Incomplete shipping address' error when the postal code was empty. However, checkout succeeded for a prepared cart with the clearly invalid postal code '!!!', violating the invalid-address branch.",,accept,,,,,
FR-010,4,observed_partial,EV-04-SCEN-FR-010-37-09; EV-04-SCEN-FR-010-37-10; EV-04-SCEN-FR-010-37-01; EV-04-SCEN-FR-010-37-12; EV-04-SCEN-FR-010-37-13; EV-04-SCEN-FR-010-37-14,"Order responses show support for new, paid, packed, shipped, and completed. The attempt to set cancelled was rejected after the order had reached completed; that rejection does not establish that cancelled is unsupported in other circumstances.",Support for the cancelled status remains untested in a context where cancellation is allowed.,accept,,,,,
BR-021,4,observed_partial,EV-04-SCEN-BR-021-38-05; EV-04-SCEN-BR-021-38-09; EV-04-SCEN-BR-021-38-01,"An owner account was created with ID 1, and an order was created with status 'new'. A PATCH using actor_id 1 returned that order with status 'shipped', establishing that an owner could move an order forward.","No sales-personnel actor was shown moving an order forward, so that actor branch remains untested.",accept,,,,,
BR-022,4,observed_satisfied,EV-04-SCEN-BR-022-39-06; EV-04-SCEN-BR-022-39-09; EV-04-SCEN-BR-022-39-01; EV-04-SCEN-BR-022-39-11; EV-04-SCEN-BR-022-39-12; EV-04-SCEN-BR-022-39-13,"Customer 2 successfully cancelled their new order before shipping. A comparable order belonging to the same customer was then marked shipped, and that customer's cancellation request was rejected. Both the allowed and prohibited branches are demonstrated.",,accept,,,,,
BR-023,4,not_observable,EV-04-SCEN-BR-023-40-01,No observation was recorded for the scenarios of this requirement.,The delivered administrative state endpoint does not exercise this scenario: The customer opens the delivered order and requests a return.,accept,,,,,
BR-024,4,not_observable,EV-04-SCEN-BR-024-41-05; EV-04-SCEN-BR-024-41-09; EV-04-SCEN-BR-024-41-10; EV-04-SCEN-BR-024-41-01,"None of the required post-shipment controls is established. The order was marked shipped, and a subsequent owner request to change its status to new received a generic 403. The response does not show whether the rejection resulted from a post-shipment restriction or another cause.","No explicit change policy, rule-specific rejection, or matched control establishes how staff changes to shipped orders are limited and controlled.",accept,,,,,
BR-025,4,observed_satisfied,EV-04-SCEN-BR-025-42-09; EV-04-SCEN-BR-025-42-10; EV-04-SCEN-BR-025-42-01; EV-04-SCEN-BR-025-42-12; EV-04-SCEN-BR-025-42-13,"Order 1 was marked shipped, then customer 2's cancellation request was rejected. A matching cancellation request by the same customer succeeded for order 2 while it was new, linking the rejection to the shipped condition. This establishes the default post-shipping restriction.",No special exception was granted or exercised; the requirement does not require one to exist.,accept,,,,,
FR-011,4,not_observable,EV-04-SCEN-FR-011-43-01,No observation was recorded for the scenarios of this requirement.,"The previous GET /admin/state read a generic dashboard or state dump without exercising this requirement: The system shall provide low-stock warnings. No replay of its target action or specific observation is defined. This is an observation limitation, not evidence that the delivered feature failed.",accept,,,,,
BR-026,4,observed_satisfied,EV-04-SCEN-BR-026-45-01,"The product creation request set a low-stock threshold of 10, and the created product response returned that value. This establishes per-product threshold configuration.",,accept,,,,,
FR-012,4,not_observable,EV-04-SCEN-FR-012-46-01,No observation was recorded for the scenarios of this requirement.,The delivered administrative state endpoint does not exercise this scenario: A product quantity drops below its configured low-stock threshold after an order is placed or stock is adjusted.,accept,,,,,
FR-013,4,observed_satisfied,EV-04-SCEN-FR-013-47-04; EV-04-SCEN-FR-013-47-01,"The launch setup response lists standard as a shipping method and shows go_live=true. A subsequent checkout succeeds and creates an order with shipping_method='standard', establishing support for the standard delivery option at launch.",,accept,,,,,
FR-014,4,observed_satisfied,EV-04-SCEN-FR-014-48-04; EV-04-SCEN-FR-014-48-01,"The setup response shows the store live, and checkout successfully created an order with shipping_method set to express. This demonstrates that the launched system supports selecting express shipping.",,accept,,,,,
BR-027,4,not_observable,EV-04-SCEN-BR-027-49-04; EV-04-SCEN-BR-027-49-01,"None of the required behaviour was established. Setup returned a configured shipping-method list, and checkout accepted a requested method for a US address, but neither response shows customers the shipping methods available for that destination.",No destination-specific method list or eligibility result was observed at checkout. The configured list alone does not establish which methods are available for the address.,accept,,,,,
BR-028,4,not_observable,EV-04-SCEN-BR-028-50-01,No shipping-cost calculation was observed. Checkout returned 403 Forbidden without a shipping cost or an explanation linking the rejection to shipping rules.,"Calculation from region, weight, or order total remains untested.",accept,,,,,
BR-029,4,not_observable,EV-04-SCEN-BR-029-51-04; EV-04-SCEN-BR-029-51-01,"No required branch was established. Setup listed only standard shipping, and checkout accepted drone, but the evidence does not establish that drone could not serve the submitted address. Being absent from the configured list is not an address-specific eligibility result.","No coverage policy, address-specific eligibility result, or shipping-option display shows whether an unserviceable method was hidden.",accept,,,,,
FR-015,4,observed_partial,EV-04-SCEN-FR-015-52-01,"The unauthenticated request created a customer account, establishing self-service registration. The response marked the account as pending and did not demonstrate immediate usable access.",No account-specific operation after registration was recorded to establish immediate access.,accept,,,,,
BR-030,4,not_observable,EV-04-SCEN-BR-030-53-01,"No required behaviour was established. An ordinary customer account was created with status ""pending"", but that status does not show whether manual approval is required.",The evidence does not show how the pending account becomes active or whether that process includes manual approval.,accept,,,,,
BR-031,4,not_observable,EV-04-SCEN-BR-031-54-01,"The response shows a customer account created with the requested status of pending. No suspicious activity or failed verification was observed, and the response does not establish that the system placed the account on hold. No required condition branch was established.",Whether the system can hold an account when something looks suspicious or verification fails remains untested.,accept,,,,,
FR-016,4,observed_partial,EV-04-SCEN-FR-016-55-01,"The system created a customer account and returned its status as blocked, establishing support for the blocked status.",Support for the pending customer account status was not tested.,accept,,,,,
FR-017,4,observed_satisfied,EV-04-SCEN-FR-017-56-01,"The initial setup request succeeded, and the response shows the configured store name, contact details, currency, tax settings, shipping methods, and payment options.",,accept,,,,,
BR-032,4,not_observable,EV-04-SCEN-BR-032-57-01,No observation was recorded for the scenarios of this requirement.,The delivered administrative state endpoint does not exercise this scenario: An administrator opens product management or customer account management after setup completion.,accept,,,,,
BR-033,4,not_observable,EV-04-SCEN-BR-033-58-01,"No go-live restriction was established. The setup request was rejected for missing contact details, but the response does not show whether the store could go live with incomplete core settings.","No publication attempt, publication state, or explicit link between setup validation and go-live was recorded.",accept,,,,,
BR-034,4,not_observable,EV-04-SCEN-BR-034-59-01,"No required branch was established. Setup went live with legal_details set to null, but the record does not show whether business address or legal details were needed for checkout or invoices.","The condition that would require those details, and the storefront's behaviour when that condition holds, remain untested.",accept,,,,,
FR-001,5,observed_partial,EV-05-SCEN-FR-001-02-01,A request using the demonstrated owner role added a product and received a 201 response containing the created product. This establishes the owner product-addition branch.,Product addition by sales personnel and maintenance of an existing product by either role were not tested.,accept,,,,,
FR-002,5,observed_partial,EV-05-SCEN-FR-002-03-01,"The public request successfully created a customer account, establishing one account-management operation available to owners and sales personnel.",Managing an existing customer account was not tested.,accept,,,,,
FR-003,5,observed_satisfied,EV-05-SCEN-FR-003-04-01; EV-05-SCEN-FR-003-04-05,The product created as active and in stock was returned with its details by the public GET /products request. This demonstrates that customers can browse an available product.,,accept,,,,,
FR-004,5,observed_partial,EV-05-SCEN-FR-004-05-05; EV-05-SCEN-FR-004-05-06; EV-05-SCEN-FR-004-05-01,The system accepted a request to add two units of an existing product to a created customer's cart and returned the item and quantity. This establishes the add-to-cart operation.,"No change to or removal of existing cart contents was observed, so ongoing cart maintenance remains untested.",accept,,,,,
FR-005,5,observed_satisfied,EV-05-SCEN-FR-005-06-04; EV-05-SCEN-FR-005-06-05; EV-05-SCEN-FR-005-06-06; EV-05-SCEN-FR-005-06-07; EV-05-SCEN-FR-005-06-01,"A customer record and product were created, the product was added to that customer's cart, and the store accepted an order for that customer. The 201 response included an order ID, the cart item, and the customer ID, establishing the ability to place an order through the store.",,accept,,,,,
FR-006,5,not_observable,EV-05-SCEN-FR-006-07-01,No observation was recorded for the scenarios of this requirement.,No delivered route matching the required action was identified for GET /settings,accept,,,,,
FR-007,5,not_observable,EV-05-SCEN-FR-007-08-01,"A customer account was created with active status, but no required login capability was demonstrated. No complete obligation was established.","The evidence does not show a customer logging in to place an order or view account history, or whether customer logins are separate.",accept,,,,,
BR-001,5,not_observable,EV-05-SCEN-BR-001-09-01,"No required branch was established. The attempted creation of an inactive product returned a generic forbidden response, which does not show that its inactive status caused the rejection.","Creation or editing of an active product was not tested, nor was editing an inactive product. No matched active-product request establishes that the rejection was condition-dependent.",accept,,,,,
BR-002,5,observed_satisfied,EV-05-SCEN-BR-002-10-06; EV-05-SCEN-BR-002-10-01,"A product with stock of 3 was created. Adding 5 to the cart was rejected with an “insufficient stock” error, enforcing the restriction before a sale could occur.",,accept,,,,,
BR-003,5,observed_satisfied,EV-05-SCEN-BR-003-11-01; EV-05-SCEN-BR-003-11-04; EV-05-SCEN-BR-003-11-05,"The service rejected an account with empty customer details as incomplete. After creating a customer account, it rejected an identical registration as a duplicate. Both required validation behaviours were observed.",,accept,,,,,
BR-004,5,not_observable,EV-05-SCEN-BR-004-12-01,No observation was recorded for the scenarios of this requirement.,Missing observation: checkout with an existing customer's required profile details missing. The delivered interface rejects incomplete customer creation and exposes no profile-edit operation to construct that condition through normal requests. Shipping-address rejection does not exercise this customer-details rule.,accept,,,,,
BR-005,5,observed_satisfied,EV-05-SCEN-BR-005-13-05; EV-05-SCEN-BR-005-13-07; EV-05-SCEN-BR-005-13-01; EV-05-SCEN-BR-005-13-08,"For a created customer with an item in the cart, checkout with blank required shipping-address fields was rejected with an 'incomplete shipping address' error. A follow-up checkout with those details supplied created an order. The required missing-details restriction was observed.",,accept,,,,,
BR-006,5,not_observable,EV-05-SCEN-BR-006-14-01; EV-05-SCEN-BR-006-14-06; EV-05-SCEN-BR-006-14-07,"An order was placed for one item after a product with stock of three was created and the item was added to the cart. Cart confirmation was not established, so no complete allowed or prohibited branch of the placement rule was observed.",The evidence does not show whether the cart was confirmed or whether placement is blocked for an unconfirmed cart or unavailable items.,accept,,,,,
BR-007,5,not_observable,EV-05-SCEN-BR-007-15-08; EV-05-SCEN-BR-007-15-09; EV-05-SCEN-BR-007-15-01,"The order was created as paid, then an owner changed its status to shipped and back to packed. These changes establish that the order could be changed, but no required restriction is established or violated: the requirement does not unconditionally ban changes to processed orders, and the evidence states no policy governing them. No complete required obligation or branch was demonstrated.",No explicit change policy or condition-dependent comparison shows whether changes to processed orders are restricted.,accept,,,,,
BR-008,5,not_observable,EV-05-SCEN-BR-008-16-01,No observation was recorded for the scenarios of this requirement.,No delivered route matching the required action was identified for GET /settings,accept,,,,,
BR-009,5,observed_partial,EV-05-SCEN-BR-009-17-01; EV-05-SCEN-BR-009-17-04,"A request using the demonstrated sales role successfully created a product, establishing sales access to a product operation. The initial setup request does not establish that sales personnel can access administrative settings.","Sales access to customer and order handling, and the restriction on sales access to administrative settings, remain untested.",accept,,,,,
BR-010,5,observed_unsatisfied,EV-05-SCEN-BR-010-18-05; EV-05-SCEN-BR-010-18-07; EV-05-SCEN-BR-010-18-01,The created customer’s cart was changed and then its contents were returned by complete requests that supplied the customer ID but no authentication or acting identity. The ID selected the target record; it did not establish that the requester owned it. This violates the own-cart restriction. No authorized own-record branch was established.,"Viewing or changing profiles and orders, and authorized access to a customer’s own records, were not tested.",accept,,,,,
BR-011,5,not_observable,EV-05-SCEN-BR-011-19-01; EV-05-SCEN-BR-011-19-08,A request specifying the sales role changed an existing order from paid to completed. No complete tighter-restriction obligation is established as met or violated: the successful change alone does not show whether staff faced tighter restrictions.,No restriction policy or relevant comparison was recorded. Restrictions on deleting records and making major account changes were not tested.,accept,,,,,
QR-001,5,not_observable,EV-05-SCEN-QR-001-20-01,No observation was recorded for the scenarios of this requirement.,No delivered route matching the required action was identified for GET /settings,accept,,,,,
BR-012,5,observed_satisfied,EV-05-SCEN-BR-012-21-01; EV-05-SCEN-BR-012-21-04; EV-05-SCEN-BR-012-21-06; EV-05-SCEN-BR-012-21-07,"The checkout order response shows a total of 9.99 for one item. The recorded product price is 9.99, the cart contains one of that product, and the store currency is USD. This establishes clear pricing for the recorded checkout.",,accept,,,,,
BR-013,5,not_observable,EV-05-SCEN-BR-013-23-01,"No required price-display branch was observed. The setup response confirms a pre-tax setting, but shows no prices.","Whether displayed prices exclude tax by default, or include it for a region that expects tax-inclusive display, remains untested.",accept,,,,,
BR-014,5,not_observable,EV-05-SCEN-BR-014-24-01; EV-05-SCEN-BR-014-24-04; EV-05-SCEN-BR-014-24-06,"No required tax-calculation behaviour is established. The recorded order has a German shipping address and a total of 9.99, matching the product price, but shows no tax amount or calculation. The setup response confirms a pre_tax setting, not a location-based tax rule.","Only one location was exercised, and no tax calculation or confirmation of the location-based rule was observed.",accept,,,,,
BR-015,5,observed_partial,EV-05-SCEN-BR-015-26-01; EV-05-SCEN-BR-015-26-06,"The completed order response clearly shows a final total of 9.99 for one product priced at 9.99, satisfying the total-visibility obligation.","This transaction required no rounding, so consistent rounding at checkout remains untested.",accept,,,,,
FR-008,5,observed_partial,EV-05-SCEN-FR-008-27-04; EV-05-SCEN-FR-008-27-01,"Card was returned as a configured payment option, and a checkout order was created with payment_method='card'. This establishes card-option selection at checkout, but the order's 'paid' status alone does not establish card payment processing.",No card payment operation or processing result was recorded.,accept,,,,,
FR-009,5,not_observable,EV-05-SCEN-FR-009-28-04; EV-05-SCEN-FR-009-28-01,"No PayPal-support obligation was established as met or violated. The store was configured with card as its only payment option, and a subsequent PayPal order was rejected as unavailable. That rejection does not show whether PayPal could be supported when configured.",The evidence does not establish whether including PayPal was practical or whether a PayPal-configured payment could be processed.,accept,,,,,
BR-016,5,observed_satisfied,EV-05-SCEN-BR-016-31-01,"The setup response shows the store live with only card listed as a payment option, demonstrating a simple payment selection at launch rather than all options at once.",,accept,,,,,
BR-017,5,observed_partial,EV-05-SCEN-BR-017-32-01; EV-05-SCEN-BR-017-32-08,"The system rejected an order with all core shipping-address fields empty or absent as an incomplete shipping address, and accepted an order with those fields populated and an email contact.","Because the rejected request omitted multiple fields at once, the evidence does not establish that each field is individually required. It also does not test whether a phone can be used instead of an email or whether an address without either contact is rejected.",accept,,,,,
BR-018,5,not_observable,EV-05-SCEN-BR-018-33-01,The order accepted an address with a plausibly formatted Japanese postal code. No country- or region-specific format validation was established or violated by this acceptance alone.,No malformed address was tested to show whether its format would be rejected based on the selected country or region.,accept,,,,,
BR-019,5,observed_partial,EV-05-SCEN-BR-019-34-01,"The system accepted an order with a German shipping address, establishing acceptance of one international address.","Only one address format was tested, so the requirement not to force one rigid format remains untested.",accept,,,,,
BR-020,5,observed_partial,EV-05-SCEN-BR-020-35-01; EV-05-SCEN-BR-020-35-10,"Checkout was blocked with an explicit incomplete-shipping-address error when the postal code was empty. However, checkout created an order with the clearly invalid postal code ""!!!"", violating the invalid-address branch.",,accept,,,,,
FR-010,5,observed_partial,EV-05-SCEN-FR-010-37-08; EV-05-SCEN-FR-010-37-01; EV-05-SCEN-FR-010-37-11; EV-05-SCEN-FR-010-37-12; EV-05-SCEN-FR-010-37-13,"Order responses demonstrate support for paid, packed, shipped, completed, and cancelled statuses.",No recorded order response demonstrates support for the new status.,accept,,,,,
BR-021,5,observed_partial,EV-05-SCEN-BR-021-38-08; EV-05-SCEN-BR-021-38-01,"An existing order was created with status 'paid', and a request specifying the owner role successfully moved it to 'shipped'. This establishes the owner branch of the ability to move orders forward.",No sales-personnel request to move an order forward was recorded.,accept,,,,,
BR-022,5,observed_unsatisfied,EV-05-SCEN-BR-022-39-08; EV-05-SCEN-BR-022-39-01; EV-05-SCEN-BR-022-39-10; EV-05-SCEN-BR-022-39-11; EV-05-SCEN-BR-022-39-12,"Customer cancellation of the newly created, unshipped order was rejected with 403, refuting the required ability to cancel before shipping. A second order was changed to shipped and its customer cancellation request was also rejected, but the generic rejection does not establish that shipping was the reason.",Enforcement of the after-shipping restriction remains unconfirmed because the same cancellation request was rejected before shipping.,accept,,,,,
BR-023,5,not_observable,EV-05-SCEN-BR-023-40-01,No observation was recorded for the scenarios of this requirement.,No delivered route matching the required action was identified for GET /settings,accept,,,,,
BR-024,5,not_observable,EV-05-SCEN-BR-024-41-09; EV-05-SCEN-BR-024-41-01,"The order was marked shipped, then an owner changed its status to new. No required restriction or staff control was established or violated: the statement does not unconditionally prohibit that change.","No explicit post-shipping change policy or comparison with a disallowed change was recorded, so whether changes are limited and controlled by staff remains unknown.",accept,,,,,
BR-025,5,not_observable,EV-05-SCEN-BR-025-42-09; EV-05-SCEN-BR-025-42-01; EV-05-SCEN-BR-025-42-11; EV-05-SCEN-BR-025-42-12,"No complete required branch was established. Cancellation of the shipped order returned a generic 403, but cancellation of a separate, unshipped paid order returned the same response. The evidence does not link the shipped-order rejection to its shipped status.",Whether shipment specifically prevents cancellation in the absence of a special exception remains unknown.,accept,,,,,
FR-011,5,observed_satisfied,EV-05-SCEN-FR-011-43-05; EV-05-SCEN-FR-011-43-01,"The system created a product with stock 3 and a low-stock threshold of 5, then returned that product from the low-stock endpoint. This demonstrates a low-stock warning.",,accept,,,,,
BR-026,5,observed_satisfied,EV-05-SCEN-BR-026-45-05; EV-05-SCEN-BR-026-45-01; EV-05-SCEN-BR-026-45-06,"The product was created with a low-stock threshold of 5, then updated to 10. The follow-up product listing shows the new value, establishing that the threshold is configurable per product.",Category-level configuration was not tested; the requirement presents it as optional.,accept,,,,,
FR-012,5,not_observable,EV-05-SCEN-FR-012-46-05; EV-05-SCEN-FR-012-46-01,"None of the required warning deliveries is established. A product was created with stock below its low-stock threshold and appeared in the low-stock listing, but the listing does not show that a warning was sent.",Whether warnings were sent to the store owner or staff responsible for purchasing or inventory remains unobserved.,accept,,,,,
FR-013,5,observed_satisfied,EV-05-SCEN-FR-013-47-04; EV-05-SCEN-FR-013-47-01,"The live setup lists standard as a shipping method, and a created order records standard as its shipping method. This establishes support for the standard delivery option at launch.",,accept,,,,,
FR-014,5,not_observable,EV-05-SCEN-FR-014-48-04; EV-05-SCEN-FR-014-48-01,"None of the conditional requirement is established. The setup response shows a live store configured with standard shipping only, and an express order request was rejected as unavailable. The evidence does not establish whether express shipping could be supported at launch.","Express-shipping feasibility is unknown, so the rejection cannot establish a violation of the conditional requirement.",accept,,,,,
BR-027,5,not_observable,EV-05-SCEN-BR-027-49-04; EV-05-SCEN-BR-027-49-01,"None of the required behaviour was established. Setup showed standard as a configured method, and an order request using express for a US address was rejected. Neither response shows customers the available shipping methods at checkout.","No checkout output listing methods available for a destination, or evidence that the displayed methods depend on the destination, was captured.",accept,,,,,
BR-028,5,not_observable,EV-05-SCEN-BR-028-50-01; EV-05-SCEN-BR-028-50-04,"No shipping-cost calculation was observed. Although standard shipping was configured, the order request returned 403 before any shipping cost was shown.","Whether shipping cost is calculated using region, weight, or order-total rules remains untested.",accept,,,,,
BR-029,5,not_observable,EV-05-SCEN-BR-029-51-04; EV-05-SCEN-BR-029-51-01,"No required branch was established. Setup configured only standard shipping, and an order request specifying drone was rejected as unavailable. This does not show that drone was an option that could not serve the address, or whether such an option was hidden from the customer.",No address-specific shipping eligibility result or customer-visible option list was captured.,accept,,,,,
FR-015,5,observed_partial,EV-05-SCEN-FR-015-52-01,"A request without authentication or an acting-role protocol created a customer account, establishing self-service registration. The response reported the new account as active, but no account-specific operation demonstrated usable access.",Immediate access after registration remains untested.,accept,,,,,
BR-030,5,observed_satisfied,EV-05-SCEN-BR-030-53-01,"An ordinary customer account was created directly with status ""active"", with no manual approval step shown. This supports the requirement that ordinary customers do not need manual approval.",,accept,,,,,
BR-031,5,not_observable,EV-05-SCEN-BR-031-54-01,"None of the required behaviour was established. The account was created with the requested status of ""pending"", but the response does not show that the system held it because of suspicious activity or failed verification.","No suspicious condition, verification failure, or resulting account hold was observed.",accept,,,,,
FR-016,5,observed_partial,EV-05-SCEN-FR-016-55-01,"Customer account creation with status ""blocked"" succeeded, and the response confirmed the blocked status. This establishes support for the blocked status.",Support for the pending status was not tested.,accept,,,,,
FR-017,5,observed_satisfied,EV-05-SCEN-FR-017-56-01,"The initial setup response confirms the submitted store name, contact details, currency, tax settings, shipping methods, and payment options. The setup request used a public interface, which supports the owner's ability to configure the store before accounts exist.",,accept,,,,,
BR-032,5,not_observable,EV-05-SCEN-BR-032-57-01,No observation was recorded for the scenarios of this requirement.,No delivered route matching the required action was identified for GET /settings,accept,,,,,
BR-033,5,not_observable,EV-05-SCEN-BR-033-58-01,No observation was recorded for the scenarios of this requirement.,No delivered route matching the required action was identified for GET /settings,accept,,,,,
BR-034,5,not_observable,EV-05-SCEN-BR-034-59-01,"None of the required behaviour was established. Setup succeeded with empty legal details, but the evidence does not establish that business address or legal details were needed for checkout or invoices.","No checkout or invoice operation, or recorded rule establishing when those details are needed, was observed.",accept,,,,,
