requirement_id,run_index,status,evidence_ids,rationale,limitation,decision,revised_status,revised_evidence_ids,revised_rationale,revised_limitation,notes
FR-001,1,not_observable,EV-01-SCEN-FR-001-07-01,"The response reports that the catalog is ready, but no storefront setup action or result was observed. No required obligation was established.",Whether store operators can set up a storefront remains untested.,accept,,,,,
FR-002,1,observed_partial,EV-01-SCEN-FR-002-08-01,"A user-facing request successfully created a product, establishing one product-management operation.","Changes to an existing product were not observed, so ongoing product management remains untested.",accept,,,,,
FR-003,1,observed_satisfied,EV-01-SCEN-FR-003-09-01,"A standard retail product was created, and the response shows its name, description, price, and available quantity.",,accept,,,,,
FR-004,1,not_observable,EV-01-SCEN-FR-004-10-01,"Neither obligation was established. The product-update request returned 404, but the evidence does not establish that product 1 existed or that the request was made as staff.","Staff product addition was not exercised, and the update response does not establish whether staff can update an existing product.",accept,,,,,
FR-005,1,observed_partial,EV-01-SCEN-FR-005-11-01,"The recorded request successfully created a customer account. Because the complete request shows a public operation, it establishes an account-creation capability available to staff, but not staff-specific permissions.",Managing an existing customer account was not tested.,accept,,,,,
FR-006,1,not_observable,EV-01-SCEN-FR-006-12-01,No required browsing or filtering branch was established. The public category request returned an empty product list with catalog_ready set to false.,"With no catalog products available, the response does not show whether customers can browse products through clear categories or filter them.",accept,,,,,
FR-007,1,not_observable,EV-01-SCEN-FR-007-13-01,"No cart-maintenance obligation was established as met or violated. The add-item request returned “Customer not found,” and the evidence does not establish that customer-1 existed.",Adding an item to an existing customer's cart and changing or removing existing cart contents remain untested.,accept,,,,,
FR-008,1,not_observable,EV-01-SCEN-FR-008-14-01,No order-placement obligation was established as met or violated. The checkout request was rejected because the specified customer was not found; the evidence does not establish an existing customer attempting to place an order.,Order placement for an existing customer remains untested.,accept,,,,,
FR-009,1,observed_satisfied,EV-01-SCEN-FR-009-15-01,A manual product entry succeeded: the POST returned 201 and a product record with the submitted details. This establishes catalog onboarding by manual entry.,"File-import support was not established, so the conditional import branch was not assessed.",accept,,,,,
FR-010,1,not_observable,EV-01-SCEN-FR-010-16-01,"A product was created, but no complete required obligation was established: the record does not show that an initial catalog was loaded before the site went live.",The site's go-live state at the time of loading is unknown.,accept,,,,,
FR-011,1,not_observable,EV-01-SCEN-FR-011-17-01,"No required obligation was established. The response shows an empty product list and catalog_ready set to false, but does not show staff reviewing loaded listings or marking the catalog ready.","Review of loaded listings for correctness, images, pricing, and availability, and the subsequent ready action, remain untested.",accept,,,,,
FR-012,1,not_observable,EV-01-SCEN-FR-012-18-01,"The request returned catalog_ready=true, showing that the recorded operation marked the catalog ready. No complete after-review branch is established because the evidence does not show that a review occurred.",Whether staff can mark the catalog ready after review remains untested.,accept,,,,,
FR-013,1,not_observable,EV-01-SCEN-FR-013-19-01,No required browsing or filtering capability was established. The search request returned an empty product list with catalog_ready set to false.,"Browsing populated categories, finding products by search, and narrowing results by price or other filters remain untested.",accept,,,,,
FR-014,1,not_observable,EV-01-SCEN-FR-014-20-01,None of the required obligations was exercised. The recorded request retrieved a product catalog; it did not test login or password reset.,Secure login and password-reset behaviour remain untested.,accept,,,,,
FR-015,1,not_observable,EV-01-SCEN-FR-015-21-01,No required behavior was established. The recorded request for an order returned only a generic 404; it did not exercise an established instance of obviously suspicious activity or show a flag.,No suspicious activity or resulting flag was observed.,accept,,,,,
FR-016,1,not_observable,EV-01-SCEN-FR-016-22-01,"No required obligation was established. The payment request returned 404 for an order not shown to exist, so it does not demonstrate payment-provider use or storage of card details.",Neither reliance on a trusted payment provider nor non-storage of sensitive card details was observed.,accept,,,,,
FR-017,1,not_observable,EV-01-SCEN-FR-017-23-01,"No part of the data-minimization requirement was established. Checkout stopped because the customer was not found, so the response does not show what personal data the system collects to fulfill an order.",The personal data collected during an order and whether each item is needed remain untested.,accept,,,,,
FR-018,1,not_observable,EV-01-SCEN-FR-018-24-01,"No required obligation was established. The payment request returned a generic 404, which does not show a transaction identified as risky or a risk-based block or review.","The record does not establish an existing order or exercise a transaction shown to be risky, so risk handling remains unknown.",accept,,,,,
FR-019,1,not_observable,EV-01-SCEN-FR-019-25-01,"No required obligation was established. The attempted product change returned 404, so the evidence does not show an administrative change to record.",No completed administrative change or corresponding audit-log entry was observed.,accept,,,,,
FR-020,1,not_observable,EV-01-SCEN-FR-020-26-01,"No required audit-log obligation was established. The audit endpoint returned an empty entries list, with no recorded change to inspect.","Whether a change produces an entry identifying who changed it, what changed, when it happened, and the before-and-after values of important fields remains untested.",accept,,,,,
FR-021,1,not_observable,EV-01-SCEN-FR-021-27-01,The audit endpoint returned an empty entries list. No required before-and-after recording was established or violated.,"No changes to product price, stock, order status, or customer account status were recorded in the evidence, so their audit entries could not be assessed.",accept,,,,,
FR-022,1,not_observable,EV-01-SCEN-FR-022-28-01,"A single product-browsing request returned HTTP 200, but no complete required obligation was exercised under increased or suddenly rising demand.",Responsiveness under increased browsing demand and graceful slowdown or queuing instead of failure during a demand spike remain untested.,accept,,,,,
FR-023,1,not_observable,EV-01-SCEN-FR-023-29-01,An empty cart was returned while the service responded normally. No required preservation behaviour was observed.,"No cart or order progress, service unavailability, or recovery was recorded, so preservation under those conditions remains untested.",accept,,,,,
FR-024,1,observed_satisfied,EV-01-SCEN-FR-024-30-01,"The response tells users that the catalog is not ready and shows that no products are available, identifying the affected part of the service.",,accept,,,,,
FR-025,1,not_observable,EV-01-SCEN-FR-025-31-01,No required behaviour was established. The checkout request was rejected because the specified customer was not found; it does not show whether an important sales function remains available when admin features are reduced.,"No existing customer or temporary reduction of admin features was observed, so sales-function availability under that condition remains untested.",accept,,,,,
FR-026,1,not_observable,EV-01-SCEN-FR-026-32-01,"The product was created with one main-image filename and two additional-image filenames, but the recorded request sent only JSON filenames. No image upload was observed, so no complete required capability was established.",Whether the system accepts uploaded image files as one main image and a small number of additional images remains untested.,accept,,,,,
FR-027,1,observed_satisfied,EV-01-SCEN-FR-027-33-01,"Product creation succeeded with a JPG main-image reference and PNG additional-image references, and the response retained both formats.",The record does not show image-file upload or content validation; the demonstrated support is for image references.,accept,,,,,
FR-028,1,observed_partial,EV-01-SCEN-FR-028-34-01,The invalid image format was clearly rejected with HTTP 400 and an explicit error message.,"No retry or product-record readback was recorded, so the ability to try again and the absence of a saved broken record remain unverified. Upload-failure handling was not exercised.",accept,,,,,
FR-029,1,not_observable,EV-01-SCEN-FR-029-35-01,"No required branch was established. The request for product 1 returned 404, but the evidence does not establish that this product existed or had a missing image.",Whether an existing product with a missing image remains available and shows a default placeholder was not tested.,accept,,,,,
FR-030,1,not_observable,EV-01-SCEN-FR-030-36-01,"No required branch was established. The cart request was rejected because the customer was not found, so the response does not show whether the product was active, available for sale, or purchasable.","Neither purchase of an active, available product nor rejection of a product lacking either required condition was exercised.",accept,,,,,
FR-031,1,not_observable,EV-01-SCEN-FR-031-37-01,"No required branch was established. The cart request was rejected because the customer was not found, before stock validity or purchasability could be assessed.","The evidence does not establish whether stock control was in use, whether the product had valid stock, or whether a prepared customer could purchase it.",accept,,,,,
FR-032,1,not_observable,EV-01-SCEN-FR-032-38-01,"None of the required price-change behaviours was established. The attempted product update returned 404, with no evidence that product 1 existed.","No successful price change or comparison of new carts, new orders, and an already-placed order was observed.",accept,,,,,
FR-033,1,not_observable,EV-01-SCEN-FR-033-39-01,"None of the required behaviours was established. The request for product 1 returned 404, but the evidence does not establish that it was an existing product that was out of stock or not yet available.",The unavailable-product display and prevention of checkout for an out-of-stock or not-yet-available product were not tested.,accept,,,,,
FR-034,1,not_observable,EV-01-SCEN-FR-034-40-01,"No minimum- or maximum-quantity obligation was exercised. The cart request was rejected because the customer was not found, before any product quantity limit could be evaluated.","No existing customer or product with configured minimum and maximum quantities was established, and neither limit was tested.",accept,,,,,
FR-035,1,not_observable,EV-01-SCEN-FR-035-41-01,None of the required behaviour was established. The response shows only an empty cart with a zero total; it does not show support for a maximum order quantity or value.,"No business need, maximum setting, or order at or beyond a maximum was observed.",accept,,,,,
FR-036,1,not_observable,EV-01-SCEN-FR-036-42-01,"None of the required behaviour was exercised. The observed cart was empty, with a total of 0.0, so it did not establish an exceeded quantity or value limit.",No over-limit cart was observed before checkout; whether the system flags one and specifies what the customer must adjust remains unknown.,accept,,,,,
FR-037,1,not_observable,EV-01-SCEN-FR-037-43-01,"No required branch was established. The recorded action created a product from JSON, not from an existing file.","The evidence does not establish whether file import is supported or, if supported, whether it can import the initial product catalog.",accept,,,,,
FR-038,1,not_observable,EV-01-SCEN-FR-038-44-01,No required migration behavior was observed. The recorded request created a product; it did not exercise migration or an ambiguous record mapping.,Whether the system reports records that do not map cleanly for manual review instead of guessing remains untested.,accept,,,,,
FR-039,1,not_observable,EV-01-SCEN-FR-039-45-01,"The recorded request created a complete product. No incomplete legacy product record was observed, so no required branch was established.",It remains unknown whether the system skips an incomplete legacy record or marks it as needing attention until corrected.,accept,,,,,
FR-040,1,not_observable,EV-01-SCEN-FR-040-46-01,"None of the required review capability was established. The recorded request returned an empty audit list, not a legacy product record or a manual review outcome.",No manual review of a legacy product record by a store admin or designated catalog owner was exercised.,accept,,,,,
FR-041,1,not_observable,EV-01-SCEN-FR-041-47-01,None of the required manual-review behavior was observed. The recorded request attempted to update a product and received a 404; it did not exercise review-record tracking or notes.,"Tracking manual review records as pending or in review, and recording notes about missing or inconsistent information, remain untested.",accept,,,,,
FR-042,1,not_observable,EV-01-SCEN-FR-042-48-01,"No required obligation was established. The public catalog was empty, but no record was shown to be under manual review, so this does not demonstrate that such records remain hidden.","Customer visibility and publishability of a record under manual review were not tested, including whether publication remains blocked until required fields are fixed and someone approves it.",accept,,,,,
FR-043,1,not_observable,EV-01-SCEN-FR-043-49-01,None of the required browsing or search-guidance behaviours was established. The search request returned an empty product list with catalog_ready set to false.,"Category browsing, search results, descriptions, and filtering were not observed.",accept,,,,,
FR-044,1,not_observable,EV-01-SCEN-FR-044-50-01,"Only customer account creation was observed. No request to suspend or delete an account was exercised, so no required obligation was established.",Processing of customer suspension and deletion requests remains untested.,accept,,,,,
FR-045,1,not_observable,EV-01-SCEN-FR-045-51-01,"A customer account was created as active, but no suspension was attempted or observed. No required suspension behaviour was established.",Whether suspension takes effect immediately remains untested.,accept,,,,,
FR-046,1,not_observable,EV-01-SCEN-FR-046-52-01,"A customer account was created, but no account-deletion attempt or required reason for delaying deletion was observed. No required branch was established.","Deletion behavior remains untested for active orders, payment issues, legal recordkeeping needs, return or refund cases, unresolved support cases, and necessary order history.",accept,,,,,
FR-047,1,not_observable,EV-01-SCEN-FR-047-53-01,None of the required behaviour was observed. The audit request returned an empty entries list; it does not show a customer account deletion request that encountered an exception or an admin handling one.,No qualifying deletion exception or admin response was recorded.,accept,,,,,
FR-048,1,not_observable,EV-01-SCEN-FR-048-54-01,"The audit endpoint returned an empty entries list. No customer account request was observed, so no required routing or suspension/deletion branch was established.",It remains untested whether a request that is not straightforward or cannot confidently be determined safe enters an admin review queue before suspension or deletion proceeds.,accept,,,,,
FR-049,1,not_observable,EV-01-SCEN-FR-049-55-01,"No required branch was established. The recorded customer was created as active with an email and name, but the evidence does not show missing required fields or inconsistent data.","It remains untested whether a customer record stays in review while required fields are incomplete or data is inconsistent, and whether it leaves review after correction.",accept,,,,,
FR-050,1,not_observable,EV-01-SCEN-FR-050-56-01,"No required branch was established. The request created a record with a name and email and received its details, but the evidence does not establish that the record was incomplete in a way that could cause the stated problems or that it was visible to the customer.",Hiding or exposing a qualifying incomplete record to the customer remains untested.,accept,,,,,
FR-051,1,observed_unsatisfied,EV-01-SCEN-FR-051-57-01,"The customer record was created with status ""active"" in response to a public request that contained no admin or authorized-staff approval. It therefore went live without the required approval.",The evidence does not establish whether the submitted data met the applicable requirements.,accept,,,,,
FR-052,1,not_observable,EV-01-SCEN-FR-052-58-01,"No required branch was exercised: the recorded cart was empty, so it does not show a shopper exceeding a customer-specific limit.",Whether an over-limit cart clearly flags the issue and blocks checkout until the quantity is reduced or the item is removed remains untested.,accept,,,,,
FR-053,1,not_observable,EV-01-SCEN-FR-053-59-01,No required post-checkout information was observed. The only captured request returned 404 for an order ID with no recorded checkout or order creation.,"Whether the system shows the order number, purchased items, quantities, totals, applicable taxes or fees, shipping details, and payment status after checkout remains untested.",accept,,,,,
FR-054,1,not_observable,EV-01-SCEN-FR-054-60-01,"No order confirmation or email delivery was observed. Checkout stopped because the customer was not found, so no required obligation was exercised.",Whether an order confirmation is sent by email after an order is placed remains untested.,accept,,,,,
FR-055,1,not_observable,EV-01-SCEN-FR-055-61-01,"No required branch was established. The request for product 1 returned 404, but the evidence does not establish that this product exists or has a missing or invalid price or unavailable inventory.",Visibility and purchase blocking remain untested for products under each stated condition.,accept,,,,,
FR-056,1,not_observable,EV-01-SCEN-FR-056-62-01,"No required branch was established. The add-to-cart request was rejected because the customer was not found, not because the product was shown to be unpurchasable.","The product's purchasability was not established. Blocking add-to-cart and checkout for an unpurchasable product, and showing a clear explanation, remain untested.",accept,,,,,
FR-057,1,not_observable,EV-01-SCEN-FR-057-63-01,"No address-validation obligation was established. The checkout request contained missing address components, but the response was ""Customer not found,"" so it did not show whether the address was validated.",Validation of missing and invalid shipping-address components remains untested with an existing customer.,accept,,,,,
FR-058,1,not_observable,EV-01-SCEN-FR-058-64-01,"No delivery-option obligation was established or violated. The checkout request stopped because the specified customer was not found, before any location-dependent delivery options were shown.",Delivery options for customers in different locations remain untested.,accept,,,,,
FR-059,1,not_observable,EV-01-SCEN-FR-059-65-01,"No required branch was established. Checkout stopped because the customer was not found, not because no delivery method was available.","Delivery-method availability was not established, so neither the required checkout stop nor the instruction to change the address or contact support was exercised.",accept,,,,,
FR-060,1,not_observable,EV-01-SCEN-FR-060-66-01,"No required obligation was established. The payment request returned 404, but the evidence does not establish that order-1 existed, so the response does not show whether a customer could choose a method or confirm an amount.",Payment-method choice and amount confirmation before finalization remain untested for an established order.,accept,,,,,
FR-061,1,not_observable,EV-01-SCEN-FR-061-67-01,"No required branch was established. The payment request returned 404 for an order with no recorded preparation, so the response does not show a success or failure message after payment submission.","No payment submission for an established order, or its immediate success or failure message, was observed.",accept,,,,,
FR-062,1,not_observable,EV-01-SCEN-FR-062-68-01,"No required branch was established. The payment request returned 404 Not found, but the evidence does not establish that order-1 existed or that a payment failed.","The response to an actual payment failure, including next-step guidance and whether the customer can continue without starting over unnecessarily, remains untested.",accept,,,,,
FR-063,1,not_observable,EV-01-SCEN-FR-063-69-01,"No required branch was established. The payment request for order-1 returned 404, but the record does not establish that order-1 existed or that a payment succeeded.","The order’s move to confirmation after successful payment, its immediacy, and the customer’s knowledge that the purchase is complete remain untested.",accept,,,,,
FR-064,1,not_observable,EV-01-SCEN-FR-064-70-01,"None of the required recovery options was observed. The payment request for order-1 returned 404, with no evidence that the order existed or that a payment had failed.","Retrying payment, choosing a different method, and returning to review the order after a failed payment remain untested.",accept,,,,,
FR-065,1,not_observable,EV-01-SCEN-FR-065-71-01,No required branch was established. The payment request returned 404 Not found; the record does not show that a partial payment completed or that the order reached a confirmation decision.,"Whether an order remains unconfirmed after partial payment, and what happens when the full amount is resolved, remain untested.",accept,,,,,
FR-066,1,not_observable,EV-01-SCEN-FR-066-72-01,"No required behaviour was established. The request for order-1 returned 404, so it shows neither an order starting as pending nor payment and availability being checked.",No order creation or initial order status was observed.,accept,,,,,
FR-067,1,not_observable,EV-01-SCEN-FR-067-73-01,"No required branch was established. The order lookup returned 404, so the evidence does not show an eligible order or an attempt to move one into fulfillment.","Payment acceptance, review status, item availability, and the outcome of a fulfillment transition remain untested.",accept,,,,,
FR-068,1,not_observable,EV-01-SCEN-FR-068-74-01,"No required branch was established. The request returned 404, so it did not show an existing order waiting or advancing to picking and packing.","The out-of-stock, unresolved-payment, and open-staff-review conditions, and the order's handling under each, remain untested.",accept,,,,,
FR-069,1,not_observable,EV-01-SCEN-FR-069-75-01,"No manual-review obligation was established positively or negatively. The only recorded request returned 404 for an order not shown to exist, so it did not exercise review of an order with any stated trigger.","Manual review remains untested for suspicious payment activity, mismatched customer and shipping details, unusual order size, and policy exceptions.",accept,,,,,
FR-070,1,not_observable,EV-01-SCEN-FR-070-76-01,No required obligation was exercised. The recorded request returned 404 for order-1; it does not establish that an order was approved after manual review or that a customer was told it was confirmed and moving ahead.,Approval after manual review and the resulting customer communication remain untested.,accept,,,,,
FR-071,1,not_observable,EV-01-SCEN-FR-071-77-01,"No required obligation was established. The request for order-1 returned 404, but the evidence does not establish that this order existed or remained on hold after manual review.","No qualifying order or customer-facing message was observed, so neither the under-review notice nor the no-action-needed-yet guidance was tested.",accept,,,,,
FR-072,1,not_observable,EV-01-SCEN-FR-072-78-01,No required obligation was established. The request returned “Not found”; it did not identify an order rejected after manual review or show a customer-facing rejection message.,"Whether a customer is told that a manually rejected order cannot be completed, and given appropriate retry or support guidance, remains untested.",accept,,,,,
FR-073,1,not_observable,EV-01-SCEN-FR-073-79-01,"No required branch was established. The requested order returned 404, so the response shows neither an issue that staff could not quickly verify nor an order remaining on hold.","There is no observed existing order, staff verification attempt, or subsequent order status.",accept,,,,,
FR-074,1,not_observable,EV-01-SCEN-FR-074-80-01,"No required obligation or branch was observed. The request returned 404 for an order not shown to exist, so it did not exercise manual review or a need for customer-provided information.",Whether the system sends an order back for customer action with clear instructions under the stated condition remains untested.,accept,,,,,
FR-075,1,not_observable,EV-01-SCEN-FR-075-81-01,"No required branch was established. The request for order-1 returned 404, so it did not show an existing order with an internal manual-review issue needing investigation.",The evidence does not show whether such an order stays on hold until staff can approve or reject it.,accept,,,,,
FR-076,1,not_observable,EV-01-SCEN-FR-076-82-01,No required branch was established. The only recorded request returned 404 for an order lookup; it did not attempt an order status change.,"No existing order, real order state, or attempted status change was observed, so whether the interface permits only matching changes remains unknown.",accept,,,,,
FR-077,1,not_observable,EV-01-SCEN-FR-077-83-01,"No required behavior was established. The recorded GET returned 404 for an order, but did not attempt an order status transition.",Whether the web interface blocks invalid status transitions and explains the reason in plain language remains untested.,accept,,,,,
FR-078,1,not_observable,EV-01-SCEN-FR-078-84-01,"No required obligation or branch was established. The request returned 404, so it did not establish an unpaid order or exercise a move into fulfillment.",Whether the implementation blocks fulfillment of an unpaid order remains untested.,accept,,,,,
FR-079,1,not_observable,EV-01-SCEN-FR-079-85-01,"No required branch was established. The requested order returned 404, so the evidence does not establish that it was canceled or that any status transition was attempted.",Whether a canceled order can return to normal processing without a deliberate reopen action remains untested.,accept,,,,,
FR-080,1,not_observable,EV-01-SCEN-FR-080-86-01,"The response shows that the catalog was marked ready. It does not establish that a frequent, low-risk change was configured through a configuration or business setting; no required behaviour is established.",The evidence does not identify the change as frequent and low-risk or show a configuration or business setting being applied.,accept,,,,,
FR-081,1,not_observable,EV-01-SCEN-FR-081-87-01,"No required obligation was observed. The catalog-ready response does not show a change to the core checkout flow, security, or a major capability, or whether such a change required code changes and a new release.",The required change-and-release behavior remains untested.,accept,,,,,
FR-082,1,not_observable,EV-01-SCEN-FR-082-88-01,No required import capability was established. The recorded request created one product from JSON; it did not import a file through the web interface.,Importing a CSV or Excel file through the web interface was not tested.,accept,,,,,
FR-083,1,not_observable,EV-01-SCEN-FR-083-89-01,"None of the requirement is established. The recorded request created a product, but it does not show an imported row being validated before going live.","No import, row-validation result, or linked go-live outcome was observed.",accept,,,,,
FR-084,1,not_observable,EV-01-SCEN-FR-084-90-01,None of the required conflict-handling behavior was observed. The recorded request created a product; it did not import a conflicting row.,"No conflicting import row or resulting stop, review flag, or overwrite was recorded.",accept,,,,,
FR-085,1,not_observable,EV-01-SCEN-FR-085-91-01,"Only product creation was observed. No complete obligation was established: the record does not show an automatic sync, validation before changes go live, or mismatch reporting.","Whether unexpected synced changes are prevented from going live without validation, and whether mismatches are clearly reported, remains untested.",accept,,,,,
FR-086,1,not_observable,EV-01-SCEN-FR-086-92-01,No required obligation was exercised. The recorded request created a single product; it did not attempt an import that failed partway through.,There is no observation of how a partial import failure affects rows or whether the system reports failures or leaves a critical data set unchanged.,accept,,,,,
FR-087,1,not_observable,EV-01-SCEN-FR-087-93-01,No required obligation was established. The only captured request was a GET for an order ID not shown to exist; it returned 404 and did not exercise an order status change.,"No status change through the web interface was attempted on an established order, so support for new store operators remains unknown.",accept,,,,,
FR-088,1,not_observable,EV-01-SCEN-FR-088-94-01,"No required capability was established or refuted. The request for order-1 returned 404, but the evidence does not establish that this order existed or was being prepared for delivery.",Viewing the current status of an existing order being prepared for delivery remains untested.,accept,,,,,
FR-089,1,not_observable,EV-01-SCEN-FR-089-95-01,No required behaviour was observed. The attempt to add an item stopped because the customer was not found; it did not establish an unavailable item in a cart or exercise a pre-checkout prompt.,It remains unknown whether the system prompts customers to remove or update cart items that become unavailable before checkout.,accept,,,,,
BR-001,1,not_observable,EV-01-SCEN-BR-001-96-01,"No required branch was established. The request returned 404, but the evidence does not establish that product 1 existed or had a missing or invalid price or unavailable inventory under stock control.",Visibility and purchase prevention remain untested for products in each stated condition.,accept,,,,,
BR-002,1,not_observable,EV-01-SCEN-BR-002-97-01,"No required stock-control behavior was established. The cart request was rejected because the customer was not found, before stock validity could be assessed.",Whether stock control was enabled and whether a purchase with invalid stock would be blocked remain untested.,accept,,,,,
BR-003,1,not_observable,EV-01-SCEN-BR-003-98-01,"No required branch was established. The cart request was rejected because the customer was not found, not because the product was out of stock or unavailable.","The product's stock and availability were not established, and checkout prevention under either condition was not exercised.",accept,,,,,
BR-004,1,not_observable,EV-01-SCEN-BR-004-99-01,"No required branch was established. The add-to-cart request was rejected because the customer was not found, not because the product was shown as unavailable.","The product's displayed availability was not observed, and neither an unavailable-product add-to-cart block nor a checkout block was exercised.",accept,,,,,
BR-005,1,not_observable,EV-01-SCEN-BR-005-100-01,No required behaviour was established. The payment request contained only a payment method and returned 404; it provides no evidence about whether the system stores full card details.,No card-details submission or storage observation was recorded.,accept,,,,,
BR-006,1,not_observable,EV-01-SCEN-BR-006-101-01,"No required obligation was established. The unauthenticated audit request returned an empty entries list, not sensitive customer data.",Access to sensitive customer data by authorized staff and by callers without authorization or a need to know was not tested.,accept,,,,,
BR-007,1,not_observable,EV-01-SCEN-BR-007-102-01,The only recorded response is an empty audit listing. It establishes none of the required access permissions or restrictions.,Untested: sales staff access to normal contact and order details; sales staff exclusion from sensitive information; and sensitive-information access limited to support or admins assigned to the case.,accept,,,,,
BR-008,1,not_observable,EV-01-SCEN-BR-008-103-01,"No required obligation was established. Checkout stopped because the customer was not found, so the response does not show what contact or shipping information the system keeps.",No completed order or retained-information record was observed; whether the system keeps only the minimum needed remains unknown.,accept,,,,,
BR-009,1,not_observable,EV-01-SCEN-BR-009-104-01,"No required access restriction was established or violated. The unauthenticated request returned an empty audit list, not sensitive data.","The evidence does not establish an access policy, a comparison with normal store data, or access to sensitive data.",accept,,,,,
BR-010,1,not_observable,EV-01-SCEN-BR-010-105-01,"A customer account was created, but no deletion request or listed blocking condition was observed. No required branch was established.",Whether deletion is delayed when any of the listed conditions exists remains untested.,accept,,,,,
BR-011,1,not_observable,EV-01-SCEN-BR-011-106-01,No required obligation or condition branch was established. The audit response contained no entries and did not show a customer account request or an admin-approval decision.,"Account requests involving unresolved disputes, suspicious activity, or conflicts with an open order or refund, and any resulting approval requirement, were not observed.",accept,,,,,
BR-012,1,not_observable,EV-01-SCEN-BR-012-107-01,"No required branch was established. The recorded audit response shows an empty entries list, but no customer account request or uncertain safety determination was observed.",Whether an account request is routed to admin review when the system cannot confidently determine its safety remains untested.,accept,,,,,
BR-013,1,not_observable,EV-01-SCEN-BR-013-108-01,"No required branch was established. The cart request was rejected because the customer was not found, not because the product was inactive or unavailable for sale.","The product's active and sale-availability status was not established, and no purchase outcome under either condition was observed.",accept,,,,,
BR-014,1,not_observable,EV-01-SCEN-BR-014-109-01,"No required branch was established. The request for order-1 returned 404, with no evidence that the order existed.","No price change, new cart, new order, or existing placed order was observed, so its effect on any of them cannot be assessed.",accept,,,,,
BR-015,1,not_observable,EV-01-SCEN-BR-015-110-01,"No required branch was established. The recorded cart was empty, so it did not demonstrate a cart exceeding a quantity or value limit.","No limit-exceeding cart, checkout attempt, or adjustment followed by checkout was observed.",accept,,,,,
BR-016,1,not_observable,EV-01-SCEN-BR-016-111-01,"No required branch was exercised. The request used an incomplete shipping address and stopped at a customer-not-found response, so it did not test a technically valid address conflicting with a shipping rule.",Whether the system warns the customer about such a conflict and allows a different shipping option or address remains unknown.,accept,,,,,
BR-017,1,not_observable,EV-01-SCEN-BR-017-112-01,"No shipping-address validation obligation was established. The checkout request contained missing address fields, but it was rejected because the customer was not found, before address validation was shown.","Validation of missing street, city, postal code, and country remains untested with an existing customer.",accept,,,,,
BR-018,1,not_observable,EV-01-SCEN-BR-018-113-01,"No required obligation was established. The recorded response is a not-found error, not a customer-facing manual review message.","No manual review message was observed, so whether such messages expose internal fraud or security details remains unknown.",accept,,,,,
BR-019,1,not_observable,EV-01-SCEN-BR-019-114-01,"None of the required logging behaviours is established. The audit endpoint returned an empty entries list, but no administrative action, sensitive access, or record view was captured for comparison.","Whether those actions are logged when practical, including who viewed what and why, remains untested.",accept,,,,,
BR-020,1,observed_satisfied,EV-01-SCEN-BR-020-115-01,"The product-save request supplied an invalid image value, and the service rejected it with HTTP 400 and ""Invalid image format"". The recorded save attempt therefore did not succeed.",The record does not show a file upload or an independent check of stored product records.,accept,,,,,
DI-001,1,not_observable,EV-01-SCEN-DI-001-116-01,"No payment processing or use of a trusted payment provider was observed. The payment request for order-1 returned 404, but the evidence does not establish that order-1 existed.","Payment processing for an established order, including the provider used, remains untested.",accept,,,,,
DI-002,1,not_observable,EV-01-SCEN-DI-002-117-01,No order-confirmation email behaviour was observed. Checkout stopped because the customer was not found.,"No order was placed, so sending an order confirmation by email remains untested.",accept,,,,,
DI-003,1,not_observable,EV-01-SCEN-DI-003-118-01,None of the required import behavior was observed. The recorded request created one product from JSON; it did not upload or import a product-data file through the web interface.,Importing product data from a common file such as CSV or Excel through the web interface remains untested.,accept,,,,,
DI-004,1,not_observable,EV-01-SCEN-DI-004-119-01,None of the required migration behaviour was observed. The recorded request created a product through the admin API; it did not import product data from a legacy system.,The evidence does not establish whether legacy product data exists or test migration of such data.,accept,,,,,
QR-001,1,not_observable,EV-01-SCEN-QR-001-120-01,"A product was created through an API request, but this does not establish that a new store owner with little technical knowledge could operate the system. No complete part of the stated usability requirement was established.","The ease of use for new, nontechnical store owners was not assessed.",accept,,,,,
QR-002,1,not_observable,EV-01-SCEN-QR-002-121-01,"No core operation is shown to succeed or fail under valid conditions. The cart request used a customer ID with no recorded preparation, and the service returned “Customer not found”; this does not establish a reliability defect.",Reliability of core store operations with existing records remains untested.,accept,,,,,
QR-003,1,not_observable,EV-01-SCEN-QR-003-122-01,A single product-browsing request returned HTTP 200. No required concurrent-browsing responsiveness behaviour was established.,Responsiveness with more people browsing at once was not tested.,accept,,,,,
QR-004,1,not_observable,EV-01-SCEN-QR-004-123-01,None of the required behaviour was established. A single successful product request does not exercise a sudden rise in demand or show graceful slowing or queuing.,No demand surge or system response under increased load was observed.,accept,,,,,
QR-005,1,not_observable,EV-01-SCEN-QR-005-124-01,None of the required validation or feedback for import and data review activities was observed. The recorded response shows only successful product creation.,"No import or data review activity, or its validation and feedback, was exercised.",accept,,,,,
QR-006,1,not_observable,EV-01-SCEN-QR-006-125-01,No required error-message behavior was observed. The recorded response says only that an order was not found; it does not involve an invalid status transition or a blocked purchase.,Error messages for invalid status transitions and blocked purchases remain untested.,accept,,,,,
QR-007,1,not_observable,EV-01-SCEN-QR-007-126-01,"The products endpoint responded to a Python HTTP client, but no browser was exercised. None of the required browser-support branches was established.","Support for Chrome, Safari, Edge, and Firefox remains untested.",accept,,,,,
QR-008,1,not_observable,EV-01-SCEN-QR-008-127-01,"The products endpoint responded to a Python HTTP client, but no required device category was established. None of the desktop, mobile-device, phone, or tablet obligations was exercised.","Operation on desktop, mobile devices, phones, and tablets remains untested.",accept,,,,,
QR-009,1,not_observable,EV-01-SCEN-QR-009-128-01,"No required availability behaviour was established. The products endpoint returned an empty catalog, but the response does not establish partial service unavailability or show that an important sales function remained usable during it.",Availability of important sales functions during partial service unavailability remains untested.,accept,,,,,
QR-010,1,not_observable,EV-01-SCEN-QR-010-129-01,"No required obligation was established. The payment request returned 404 Not found, but the record does not establish that order-1 existed or that a payment was submitted.",The message immediately following an actual payment submission remains untested.,accept,,,,,
QR-011,1,not_observable,EV-01-SCEN-QR-011-130-01,No required payment-failure message behavior was established. The request returned 404 with “Not found”; the evidence does not establish that order-1 existed or that a payment failure occurred.,"Messages for card issues, declined transactions, and system issues remain untested.",accept,,,,,
QR-012,1,not_observable,EV-01-SCEN-QR-012-131-01,No required obligation was established. The only recorded request looked up an order ID and received a 404; it did not exercise checkout or a post-checkout confirmation.,No completed checkout or immediately following customer-facing confirmation response was observed.,accept,,,,,
QR-013,1,not_observable,EV-01-SCEN-QR-013-132-01,"No required messaging branch was established. The cart request returned “Customer not found,” so it did not reach an unavailable-product condition or demonstrate messaging for a cart or checkout block under that condition.",The evidence does not show messaging when a product is unavailable or when a cart or checkout action is blocked.,accept,,,,,
QR-014,1,not_observable,EV-01-SCEN-QR-014-133-01,"A product was created, but no complete required obligation was established. The response does not show whether the live catalog remained undisturbed or whether a failed import could be rolled back safely.",The effect of onboarding changes on the live catalog and rollback after a failed import remain untested.,accept,,,,,
QR-015,1,not_observable,EV-01-SCEN-QR-015-134-01,"A product was created, but no complete required obligation was established. The response does not show whether new onboarding rules were applied.",Consistent application across new loads and continued operation of products already in the system were not tested.,accept,,,,,
QR-016,1,not_observable,EV-01-SCEN-QR-016-135-01,"No required obligation was established. The recorded request returned an empty audit response, but did not show a new store operator performing an administrative task from the web interface.",The ability to perform basic administrative tasks through the web interface without technical setup was not exercised.,accept,,,,,
EX-001,1,not_observable,EV-01-SCEN-EX-001-136-01,"No required branch was established. The attempted failed-payment request returned a generic 404, with no evidence that order-1 existed or that payment was attempted. It therefore does not show whether an order confirmed after failed payment.",Order confirmation after a failed or partially completed payment remains untested.,accept,,,,,
EX-002,1,observed_partial,EV-01-SCEN-EX-002-137-01,The product request with an invalid image value was rejected with HTTP 400 and an explicit “Invalid image format” error. This establishes the invalid-image rejection branch.,"No failed-upload case or product readback was recorded, so the evidence does not independently confirm that no broken image record was saved.",accept,,,,,
EX-003,1,not_observable,EV-01-SCEN-EX-003-138-01,"No required branch was established. Checkout stopped because the customer was not found, not because no delivery method was available for the address.",The evidence does not establish delivery-method availability for the address or exercise checkout with an existing customer under the stated condition.,accept,,,,,
EX-004,1,not_observable,EV-01-SCEN-EX-004-139-01,"No required branch was exercised. The recorded cart was empty, so it was not shown to exceed a limit, and no checkout was attempted.",Whether checkout is blocked for an over-limit cart until the cart is corrected remains untested.,accept,,,,,
EX-005,1,not_observable,EV-01-SCEN-EX-005-140-01,No required branch was established. The only recorded request returned 404 for an order not shown to exist; it did not exercise manual review or an order-hold decision.,"No existing order, unverified manual review, staff decision or customer action, or resulting hold status was observed.",accept,,,,,
EX-006,1,not_observable,EV-01-SCEN-EX-006-141-01,No required branch was established. The recorded GET returned 404 for an order; it did not attempt a transition to fulfillment.,Whether the system blocks an invalid transition to fulfillment remains untested.,accept,,,,,
FR-001,2,not_observable,EV-02-SCEN-FR-001-07-01,"The recorded request marked a catalog ready, but no complete storefront setup was observed. No complete required obligation was established.",The evidence does not show a store operator setting up a storefront or the resulting storefront.,accept,,,,,
FR-002,2,observed_partial,EV-02-SCEN-FR-002-08-01,"Adding a product is demonstrated: the response says “Product added,” and the new Linen Shirt appears in the product list.","Managing an existing product, such as changing or removing it, was not tested.",accept,,,,,
FR-003,2,observed_partial,EV-02-SCEN-FR-003-09-01,"The product submission succeeded, and the resulting admin list shows the new Linen Shirt by name. This establishes support for adding a named product.","The description, price, and available quantity were submitted but were not shown in a response or readback, so support for those product attributes remains unverified.",accept,,,,,
FR-004,2,observed_partial,EV-02-SCEN-FR-004-10-01,The product-add request succeeded: the response says “Product added” and lists the new Linen Shirt. This establishes the add-product capability.,No update to an existing product was recorded.,accept,,,,,
FR-005,2,not_observable,EV-02-SCEN-FR-005-11-01,No observation was recorded for the scenarios of this requirement.,"The previous GET /admin read a generic dashboard or state dump without exercising this requirement: The system shall allow staff to manage customer accounts. No replay of its target action or specific observation is defined. This is an observation limitation, not evidence that the delivered feature failed.",accept,,,,,
FR-006,2,not_observable,EV-02-SCEN-FR-006-12-01,No observation was recorded for the scenarios of this requirement.,"The existing GET / only opens a generic page or health endpoint; no scenario-specific setup or target interaction was defined. Missing observation: The system displays the matching products only, using clear categories and simple filters that narrow the visible catalog. The target action was not executed; this is an observation limitation, not a software failure.",accept,,,,,
FR-007,2,observed_partial,EV-02-SCEN-FR-007-13-01,"The cart accepted an item and displayed it with the requested quantity, establishing one customer cart operation.","Changing or removing existing cart contents was not tested, so ongoing cart maintenance is not established.",accept,,,,,
FR-008,2,not_observable,EV-02-SCEN-FR-008-14-01,"No required order-placement capability was established or refuted. The checkout request was redirected with a 'Cart is empty' message, so it did not reach an order-placement attempt with items in the cart.",No prepared cart or completed order was observed; whether customers can place orders remains untested.,accept,,,,,
FR-009,2,observed_satisfied,EV-02-SCEN-FR-009-15-01,Manual catalog onboarding succeeded: the submitted Linen Shirt appeared in the admin product list with a “Product added” confirmation. This satisfies the manual-entry route.,"File-import support was not established, so the conditional import route was not assessed.",accept,,,,,
FR-010,2,observed_satisfied,EV-02-SCEN-FR-010-16-01,The product was added and appeared in the admin catalog while the page stated that the catalog was not yet marked ready for customers. This establishes that products can be loaded before the site goes live.,,accept,,,,,
FR-011,2,not_observable,EV-02-SCEN-FR-011-17-01,No observation was recorded for the scenarios of this requirement.,"The existing GET / only opens a generic page or health endpoint; no scenario-specific setup or target interaction was defined. Missing observation: The system shows the product listings in a review view where staff can verify correctness of images, prices, and availability before approval. The target action was not executed; this is an observation limitation, not a software failure.",accept,,,,,
FR-012,2,not_observable,EV-02-SCEN-FR-012-18-01,"The response says the catalog was marked ready and records a staff mark_catalog_ready action. However, no review is shown, so the ability to mark it ready after review is not established.",Whether staff reviewed the catalog before marking it ready is unknown.,accept,,,,,
FR-013,2,not_observable,EV-02-SCEN-FR-013-19-01,No observation was recorded for the scenarios of this requirement.,"The existing GET / only opens a generic page or health endpoint; no scenario-specific setup or target interaction was defined. Missing observation: The system returns only products matching the selected category, search text, and filter criteria, and updates the visible results accordingly. The target action was not executed; this is an observation limitation, not a software failure.",accept,,,,,
FR-014,2,not_observable,EV-02-SCEN-FR-014-20-01,No observation was recorded for the scenarios of this requirement.,"The existing GET / only opens a generic page or health endpoint; no scenario-specific setup or target interaction was defined. Missing observation: The system authenticates the customer securely and sends a password reset path through the supported reset flow without exposing the current password. The target action was not executed; this is an observation limitation, not a software failure.",accept,,,,,
FR-015,2,not_observable,EV-02-SCEN-FR-015-21-01,"No required behavior was established. The attempted order-status request returned a generic 404, which does not show suspicious activity being flagged.",The evidence does not establish an obviously suspicious activity condition or show how the system responds to one.,accept,,,,,
FR-016,2,not_observable,EV-02-SCEN-FR-016-22-01,"No required obligation was established. Checkout stopped because the cart was empty, so the recorded request did not exercise payment processing or show how card details are handled.",Use of a trusted payment provider and non-storage of sensitive card details remain untested.,accept,,,,,
FR-017,2,not_observable,EV-02-SCEN-FR-017-23-01,"No required behavior was established. The checkout request stopped because the cart was empty, so it does not show what personal data the system collects to fulfill an order.","The personal data collected during a completed order, and whether each item is needed to fulfill it, remain untested.",accept,,,,,
FR-018,2,not_observable,EV-02-SCEN-FR-018-24-01,"No required obligation was observed. Checkout stopped because the cart was empty, not because a transaction was assessed as risky.","No transaction was shown to look risky, and no risk-based block or review was exercised.",accept,,,,,
FR-019,2,observed_satisfied,EV-02-SCEN-FR-019-25-01,"The product was added through the admin interface, and the resulting admin page displayed a timestamped “staff add_product” entry in the audit log. This demonstrates that an administrative change was recorded.",,accept,,,,,
FR-020,2,not_observable,EV-02-SCEN-FR-020-26-01,No observation was recorded for the scenarios of this requirement.,"The previous GET /admin read a generic dashboard or state dump without exercising this requirement: The audit log shall record who made the change, what changed, when it happened, and the before-and-after values for important fields. No replay of its target action or specific observation is defined. This is an observation limitation, not evidence that the delivered feature failed.",accept,,,,,
FR-021,2,not_observable,EV-02-SCEN-FR-021-27-01,No observation was recorded for the scenarios of this requirement.,"The previous GET /admin read a generic dashboard or state dump without exercising this requirement: The system shall record before-and-after values for important fields such as product price, stock, order status, and customer account status. No replay of its target action or specific observation is defined. This is an observation limitation, not evidence that the delivered feature failed.",accept,,,,,
FR-022,2,not_observable,EV-02-SCEN-FR-022-28-01,No observation was recorded for the scenarios of this requirement.,"The existing GET / only opens a generic page or health endpoint; no scenario-specific setup or target interaction was defined. Missing observation: The site remains responsive for browsing, and non-urgent actions are slowed down or queued rather than causing the store to fail outright. The target action was not executed; this is an observation limitation, not a software failure.",accept,,,,,
FR-023,2,not_observable,EV-02-SCEN-FR-023-29-01,No required preservation behaviour was established. The recorded request shows only an empty cart while the service responded normally.,"No cart or order progress, partial service unavailability, or preservation of progress during unavailability was observed.",accept,,,,,
FR-024,2,not_observable,EV-02-SCEN-FR-024-30-01,No observation was recorded for the scenarios of this requirement.,"The existing GET / only opens a generic page or health endpoint; no scenario-specific setup or target interaction was defined. Missing observation: The system clearly states which feature is unavailable and which parts of the store remain usable, instead of showing a generic failure message. The target action was not executed; this is an observation limitation, not a software failure.",accept,,,,,
FR-025,2,not_observable,EV-02-SCEN-FR-025-31-01,"No required behaviour was established. The catalog was visible, but the checkout request was redirected because the cart was empty; the evidence does not show an important sales function continuing to work while admin features were reduced.",No temporary reduction of admin features or prepared sales transaction was observed.,accept,,,,,
FR-026,2,not_observable,EV-02-SCEN-FR-026-32-01,"None of the image-upload obligations was exercised. The recorded request added a product without images, and the response confirms only that the product was added.",No upload of a main image or additional images was attempted or observed; the captured form alone does not establish whether another upload interface exists.,accept,,,,,
FR-027,2,not_observable,EV-02-SCEN-FR-027-33-01,No image-format obligation was exercised. The recorded product creation submitted text fields only; it did not submit a JPG or PNG image.,Whether the system allows JPG and PNG images remains untested.,accept,,,,,
FR-028,2,not_observable,EV-02-SCEN-FR-028-34-01,No required branch was exercised. The recorded request added a product without attempting an image upload; it does not establish how the system handles a failed upload or an invalid file.,"Clear rejection, the ability to try again, and prevention of a broken product record remain untested for both conditions.",accept,,,,,
FR-029,2,not_observable,EV-02-SCEN-FR-029-35-01,"The product page shows that a product exists, but no complete obligation is established: the response does not establish whether that product's image is missing.","The missing-image condition is unverified. The captured page contains no placeholder, but without that condition it cannot establish a violation of the conditional requirement.",accept,,,,,
FR-030,2,not_observable,EV-02-SCEN-FR-030-36-01,"None of the required condition branches was established. The product was added to a cart, but the evidence does not show whether it was marked active and available for sale, or whether a purchase completed.",Purchasing an eligible product and blocking purchase when either required condition is false remain untested.,accept,,,,,
FR-031,2,observed_satisfied,EV-02-SCEN-FR-031-37-01,"The product was shown as out of stock, and an attempt to add it to the cart was rejected with an out-of-stock message. This establishes the restriction for a product without valid stock.",,accept,,,,,
FR-032,2,not_observable,EV-02-SCEN-FR-032-38-01,None of the required price-change behaviours was established. The recorded request added a product at 29.99; it did not change an existing product price.,"No price change, new cart, new order, or previously placed order was observed, so neither application of an updated price nor preservation of an existing order price can be assessed.",accept,,,,,
FR-033,2,not_observable,EV-02-SCEN-FR-033-39-01,No required branch was established. The page labels the product “Purchasable”; the notice that the catalog is not yet ready does not establish that this product is out of stock or not yet available.,"No qualifying product condition or checkout attempt was recorded, so neither the unavailable display nor checkout prevention was tested.",accept,,,,,
FR-034,2,not_observable,EV-02-SCEN-FR-034-40-01,"The cart accepted 50 units of one product, but no minimum or maximum quantity for that product was established. No required quantity-limit behaviour was positively or negatively demonstrated.","Per-product minimum and maximum settings, and behaviour at quantities outside those limits, remain untested.",accept,,,,,
FR-035,2,not_observable,EV-02-SCEN-FR-035-41-01,No required obligation was exercised. The recorded response shows only an empty cart; it does not show a configurable maximum total quantity or value per order.,"No business need for a limit, configured limit, or order tested against one was recorded.",accept,,,,,
FR-036,2,not_observable,EV-02-SCEN-FR-036-42-01,"No required branch was exercised: the observed cart was empty, so it did not exceed a quantity or value limit.",Neither an over-limit cart nor a pre-checkout flag specifying what the customer must adjust was observed.,accept,,,,,
FR-037,2,not_observable,EV-02-SCEN-FR-037-43-01,No required obligation was exercised. The recorded request added a product through a form; it did not import an initial catalog from an existing file.,"The evidence does not establish whether file import is supported or, if it is, whether an initial catalog can be imported.",accept,,,,,
FR-038,2,not_observable,EV-02-SCEN-FR-038-44-01,No required migration behaviour was observed. The recorded request added a product; it did not exercise migration of a record that fails to map cleanly.,Whether the system reports unmappable migration records for manual review instead of guessing remains untested.,accept,,,,,
FR-039,2,not_observable,EV-02-SCEN-FR-039-45-01,None of the required behaviour was observed. The recorded request added a product with all submitted fields populated; it did not exercise an incomplete legacy product record.,No incomplete legacy product was observed to determine whether the system skips it or marks it as needing attention until corrected.,accept,,,,,
FR-040,2,not_observable,EV-02-SCEN-FR-040-46-01,No observation was recorded for the scenarios of this requirement.,"The previous GET /admin read a generic dashboard or state dump without exercising this requirement: The system shall allow manual review of legacy product records by a store admin or designated catalog owner. No replay of its target action or specific observation is defined. This is an observation limitation, not evidence that the delivered feature failed.",accept,,,,,
FR-041,2,not_observable,EV-02-SCEN-FR-041-47-01,"The recorded action adds a product and displays the admin page. No manual review record was exercised, so none of the required tracking or note-taking obligations is established or refuted.","Tracking records as pending or in review, and recording notes about missing or inconsistent information, remain untested.",accept,,,,,
FR-042,2,not_observable,EV-02-SCEN-FR-042-48-01,No observation was recorded for the scenarios of this requirement.,"The existing GET / only opens a generic page or health endpoint; no scenario-specific setup or target interaction was defined. Missing observation: The product does not appear in customer-facing search or category listings, and the system blocks publishing until the required fields are corrected and approval is completed. The target action was not executed; this is an observation limitation, not a software failure.",accept,,,,,
FR-043,2,not_observable,EV-02-SCEN-FR-043-49-01,No observation was recorded for the scenarios of this requirement.,"The existing GET / only opens a generic page or health endpoint; no scenario-specific setup or target interaction was defined. Missing observation: The system presents category navigation and search results with clear product descriptions and relevant filters that help the shopper narrow to the correct items. The target action was not executed; this is an observation limitation, not a software failure.",accept,,,,,
FR-044,2,not_observable,EV-02-SCEN-FR-044-50-01,No observation was recorded for the scenarios of this requirement.,"The previous GET /admin read a generic dashboard or state dump without exercising this requirement: The system shall process customer requests to suspend or delete accounts. No replay of its target action or specific observation is defined. This is an observation limitation, not evidence that the delivered feature failed.",accept,,,,,
FR-045,2,not_observable,EV-02-SCEN-FR-045-51-01,No observation was recorded for the scenarios of this requirement.,"The previous GET /admin read a generic dashboard or state dump without exercising this requirement: Customer account suspension shall be immediate in most cases. No replay of its target action or specific observation is defined. This is an observation limitation, not evidence that the delivered feature failed.",accept,,,,,
FR-046,2,not_observable,EV-02-SCEN-FR-046-52-01,No observation was recorded for the scenarios of this requirement.,"The previous GET /admin read a generic dashboard or state dump without exercising this requirement: Customer account deletion shall be delayed when there are active orders, payment issues, legal recordkeeping needs, return cases, refund cases, unresolved support cases, or necessary order history for customer service or accounting. No replay of its target action or specific observation is defined. This is an observation limitation, not evidence that the delivered feature failed.",accept,,,,,
FR-047,2,not_observable,EV-02-SCEN-FR-047-53-01,No observation was recorded for the scenarios of this requirement.,"The previous GET /admin read a generic dashboard or state dump without exercising this requirement: If a customer account deletion request cannot be handled automatically because of an exception, an admin shall handle the exception. No replay of its target action or specific observation is defined. This is an observation limitation, not evidence that the delivered feature failed.",accept,,,,,
FR-048,2,not_observable,EV-02-SCEN-FR-048-54-01,No observation was recorded for the scenarios of this requirement.,"The previous GET /admin read a generic dashboard or state dump without exercising this requirement: If a customer account request is not straightforward or cannot be confidently determined as safe, the system shall route it to an admin review queue before suspension or deletion proceeds. No replay of its target action or specific observation is defined. This is an observation limitation, not evidence that the delivered feature failed.",accept,,,,,
FR-049,2,not_observable,EV-02-SCEN-FR-049-55-01,No observation was recorded for the scenarios of this requirement.,"The previous GET /admin read a generic dashboard or state dump without exercising this requirement: The system shall keep a customer record in review until required fields are complete and inconsistent data is corrected. No replay of its target action or specific observation is defined. This is an observation limitation, not evidence that the delivered feature failed.",accept,,,,,
FR-050,2,not_observable,EV-02-SCEN-FR-050-56-01,No observation was recorded for the scenarios of this requirement.,"The previous GET /admin read a generic dashboard or state dump without exercising this requirement: The system shall keep a customer record hidden from the customer if the incomplete record could cause problems with orders, shipping, or account access. No replay of its target action or specific observation is defined. This is an observation limitation, not evidence that the delivered feature failed.",accept,,,,,
FR-051,2,not_observable,EV-02-SCEN-FR-051-57-01,No observation was recorded for the scenarios of this requirement.,"The previous GET /admin read a generic dashboard or state dump without exercising this requirement: A customer record shall go live only after the data matches requirements and an admin or authorized staff member approves it. No replay of its target action or specific observation is defined. This is an observation limitation, not evidence that the delivered feature failed.",accept,,,,,
FR-052,2,not_observable,EV-02-SCEN-FR-052-58-01,"No required branch was exercised. The recorded cart was empty, so it did not show a shopper exceeding a customer-specific limit.",Whether an over-limit cart clearly flags the issue and blocks checkout until the quantity is reduced or the item is removed remains untested.,accept,,,,,
FR-053,2,not_observable,EV-02-SCEN-FR-053-59-01,No observation was recorded for the scenarios of this requirement.,"The previous GET /admin read a generic dashboard or state dump without exercising this requirement: After checkout, the system shall show the customer the order number, purchased items, quantities, totals, taxes or fees if applicable, shipping details, and payment status. No replay of its target action or specific observation is defined. This is an observation limitation, not evidence that the delivered feature failed.",accept,,,,,
FR-054,2,not_observable,EV-02-SCEN-FR-054-60-01,"No required obligation was established. The checkout request was redirected with a 'Cart is empty' message, so no order confirmation was reached.",No completed order or email sending was observed.,accept,,,,,
FR-055,2,not_observable,EV-02-SCEN-FR-055-61-01,The recorded product had a valid price and was marked purchasable. No required condition branch was exercised.,"Visibility and purchase blocking remain untested for products with a missing price, an invalid price, or unavailable inventory under stock control.",accept,,,,,
FR-056,2,observed_partial,EV-02-SCEN-FR-056-62-01,"The out-of-stock product was unavailable, and the add-to-cart attempt was blocked: the resulting page showed Cart (0) and the clear message “Cannot add product: Out of stock.”","No checkout attempt involving a non-purchasable product was recorded, so checkout blocking and its message remain untested.",accept,,,,,
FR-057,2,not_observable,EV-02-SCEN-FR-057-63-01,"No shipping-address validation branch was established. The checkout request supplied an obviously incomplete address, but the response rejected checkout because the cart was empty, not because of the address.",Whether checkout detects missing or invalid shipping-address components when the cart is ready for checkout remains untested.,accept,,,,,
FR-058,2,not_observable,EV-02-SCEN-FR-058-64-01,"No location-dependent delivery-option behaviour was observed. The checkout request was redirected because the cart was empty, before any delivery options were shown.",Delivery options for different customer locations remain untested.,accept,,,,,
FR-059,2,not_observable,EV-02-SCEN-FR-059-65-01,"No required branch was established. Checkout stopped because the cart was empty, not because no delivery method was available for the shipping address.","The evidence does not establish that the address had no available delivery method, or show whether checkout would stop and tell the customer to change the address or contact support under that condition.",accept,,,,,
FR-060,2,not_observable,EV-02-SCEN-FR-060-66-01,"No required payment-step obligation was observed. The checkout request was redirected because the cart was empty, before a customer could choose a payment method or confirm an amount.","Payment-method choice, amount confirmation, and their occurrence before payment finalization remain untested.",accept,,,,,
FR-061,2,not_observable,EV-02-SCEN-FR-061-67-01,"No required branch was exercised. The checkout request was stopped because the cart was empty, and the redirected page showed “Cart is empty,” not a message about a submitted payment’s success or failure.",Whether the system shows a clear message right away after an actual payment submission remains untested.,accept,,,,,
FR-062,2,not_observable,EV-02-SCEN-FR-062-68-01,"No required branch was established. The checkout request was redirected because the cart was empty, so it did not reach a payment failure despite submitting payment_result=fail.","The response to an actual payment failure, the guidance given to the customer, and whether they can continue without unnecessarily starting over remain untested.",accept,,,,,
FR-063,2,not_observable,EV-02-SCEN-FR-063-69-01,"No required branch was established. Although the request stated payment_result=success, checkout redirected to the catalog with a 'Cart is empty' message; the record does not show a successful payment or an order.",Whether a successfully paid order moves immediately to confirmation and tells the customer the purchase is complete remains untested.,accept,,,,,
FR-064,2,not_observable,EV-02-SCEN-FR-064-70-01,"None of the required payment-failure options was exercised. The checkout request was redirected because the cart was empty, so it did not reach a failed payment.","Whether a customer can retry payment, choose another payment method, or return to review the order after a payment failure remains untested.",accept,,,,,
FR-065,2,not_observable,EV-02-SCEN-FR-065-71-01,"No required branch was established. Checkout stopped because the cart was empty, before any partial payment or order-confirmation decision was observed.","Whether an order remains unconfirmed after a partial payment, until the full amount is resolved, was not tested.",accept,,,,,
FR-066,2,not_observable,EV-02-SCEN-FR-066-72-01,No observation was recorded for the scenarios of this requirement.,"The previous GET /admin read a generic dashboard or state dump without exercising this requirement: An order shall start as pending while payment and availability are checked. No replay of its target action or specific observation is defined. This is an observation limitation, not evidence that the delivered feature failed.",accept,,,,,
FR-067,2,not_observable,EV-02-SCEN-FR-067-73-01,"No required branch was established. The status request returned 404, but the record does not establish an existing order, accepted payment, completion of review, or confirmed item availability.",The eligible conditions and an attempted move into fulfillment remain untested.,accept,,,,,
FR-068,2,not_observable,EV-02-SCEN-FR-068-74-01,"No required condition branch was established. The request to change order 1 to shipped returned 404, but the evidence does not establish that the order existed or that any item was out of stock, payment was unresolved, or staff review was open.",Whether an order waits and is kept out of picking and packing under each of the three stated conditions remains untested.,accept,,,,,
FR-069,2,not_observable,EV-02-SCEN-FR-069-75-01,"None of the required manual-review behaviours was established. The 404 response to a status-change request does not show that order 1 existed, had a stated review trigger, or was submitted for manual review.","Manual review of orders with suspicious payment activity, mismatched customer and shipping details, unusual order size, or policy exceptions remains untested.",accept,,,,,
FR-070,2,not_observable,EV-02-SCEN-FR-070-76-01,"No required branch was established. The attempted status update returned 404, but the evidence does not establish an order approved after manual review or show whether the customer was told it was confirmed and moving ahead.",Approval after manual review and the resulting customer communication remain untested.,accept,,,,,
FR-071,2,not_observable,EV-02-SCEN-FR-071-77-01,"No required branch was established. The recorded status-change request returned 404, but it does not show an order remaining on hold after manual review or what the customer was told.",Whether a customer is told that such an order is still under review and that no action may be needed yet remains untested.,accept,,,,,
FR-072,2,not_observable,EV-02-SCEN-FR-072-78-01,No required obligation was established. The recorded request returned 404; it did not show an order rejected after manual review or a message to the customer.,"No reviewed-and-rejected order or customer-facing response was observed, so neither the cannot-be-completed message nor any appropriate next-step guidance was tested.",accept,,,,,
FR-073,2,not_observable,EV-02-SCEN-FR-073-79-01,"No required branch was established. The recorded request returned 404; it does not show an order with a manual review issue that staff could not quickly verify, or whether that order remained on hold.","No prepared order, staff review outcome, or subsequent order status was observed.",accept,,,,,
FR-074,2,not_observable,EV-02-SCEN-FR-074-80-01,No observation was recorded for the scenarios of this requirement.,"The previous GET /admin read a generic dashboard or state dump without exercising this requirement: If missing information in manual review must come from the customer, the system shall send the order back for customer action with clear instructions. No replay of its target action or specific observation is defined. This is an observation limitation, not evidence that the delivered feature failed.",accept,,,,,
FR-075,2,not_observable,EV-02-SCEN-FR-075-81-01,"No required obligation or condition branch was established. The request returned 404, but the evidence does not establish an order with an internal manual-review issue still needing investigation.",Whether such an order stays on hold until staff can approve or reject it remains untested.,accept,,,,,
FR-076,2,not_observable,EV-02-SCEN-FR-076-82-01,"No required branch was established. The attempted status change returned 404, but the evidence does not establish an existing order, its real state, or that this URL is the delivered status-change interface.",Whether the web interface permits changes matching an order’s real state and blocks changes that do not remains untested.,accept,,,,,
FR-077,2,not_observable,EV-02-SCEN-FR-077-83-01,"No required obligation was established. The request returned a URL-not-found 404, not a response to a demonstrated invalid order status transition.","The evidence does not establish an existing order, its current status, a valid status-change interface, or whether an invalid transition is blocked with a plain-language explanation.",accept,,,,,
FR-078,2,not_observable,EV-02-SCEN-FR-078-84-01,"No required branch was established. The attempted status change returned 404, but the evidence does not establish that order 1 existed, was unpaid, or reached a fulfillment-status operation.",Whether an existing unpaid order is prevented from moving into fulfillment remains untested.,accept,,,,,
FR-079,2,not_observable,EV-02-SCEN-FR-079-85-01,"No required branch was established. The status-change request returned 404, but the evidence does not establish that order 1 existed or was canceled, or that this URL was the delivered status-change interface.",Whether a canceled order is blocked from normal processing without a deliberate reopen action remains untested.,accept,,,,,
FR-080,2,not_observable,EV-02-SCEN-FR-080-86-01,"The response reports that the catalog was marked ready, but this does not establish configuration of a frequent, low-risk change. No complete required capability was observed.",Configuring a change shown to be frequent and low-risk through configuration or business settings remains untested.,accept,,,,,
FR-081,2,not_observable,EV-02-SCEN-FR-081-87-01,"The recorded action marked a catalog ready. It does not establish whether changes to the core checkout flow, security, or major new capabilities require code changes and new releases. No required obligation was exercised.","No change in any of the three stated categories, or its code-change and release requirements, was observed.",accept,,,,,
FR-082,2,not_observable,EV-02-SCEN-FR-082-88-01,No import obligation was exercised. The recorded web action added one product through a form; it did not upload or import a CSV or Excel file.,The evidence does not test whether the web interface can import common files.,accept,,,,,
FR-083,2,not_observable,EV-02-SCEN-FR-083-89-01,No required obligation was established. The recorded action added a product through an admin form; it did not show an imported row being validated or going live.,Validation of imported rows before they go live remains untested.,accept,,,,,
FR-084,2,not_observable,EV-02-SCEN-FR-084-90-01,None of the required conflict-handling behaviour was observed. The recorded request added a product through the admin form; it did not import a row that conflicted with existing product data.,Whether a conflicting imported row is stopped or flagged for review rather than silently overwriting existing data remains untested.,accept,,,,,
FR-085,2,not_observable,EV-02-SCEN-FR-085-91-01,"The recorded action manually adds a product and shows that the catalog is not yet marked ready. Neither obligation is exercised: no automatic sync, unexpected change, validation decision, or mismatch report is observed.",Whether automatic syncing prevents unvalidated changes from going live and clearly reports mismatches remains untested.,accept,,,,,
FR-086,2,not_observable,EV-02-SCEN-FR-086-92-01,None of the required import-failure behaviours was observed. The recorded action added a single product; it did not exercise an import that failed partway through.,"No partial import failure, clean-row import with a clear failure report, or whole-import rollback for a critical data set was tested.",accept,,,,,
FR-087,2,not_observable,EV-02-SCEN-FR-087-93-01,"No required capability was established or refuted. A direct POST to an unverified URL returned 404, but the evidence does not establish that this URL is the delivered web interface for changing order status or that order 1 exists.",No web-interface status-change action on an established order was observed.,accept,,,,,
FR-088,2,not_observable,EV-02-SCEN-FR-088-94-01,No observation was recorded for the scenarios of this requirement.,"The previous GET /admin read a generic dashboard or state dump without exercising this requirement: The system shall allow customers to view the current status of an order that is already being prepared for delivery. No replay of its target action or specific observation is defined. This is an observation limitation, not evidence that the delivered feature failed.",accept,,,,,
FR-089,2,not_observable,EV-02-SCEN-FR-089-95-01,"No required obligation was exercised. The response warned that an out-of-stock product could not be added, but it did not show a customer being prompted to remove or update an item already in the cart.","No recorded cart contained an item that became unavailable, and no pre-checkout prompt for that condition was observed.",accept,,,,,
BR-001,2,not_observable,EV-02-SCEN-BR-001-96-01,"The response shows a visible, purchasable product priced at $19.99. None of the required missing-price, invalid-price, or stock-unavailable branches was exercised.",Visibility and purchase blocking under each stated condition remain untested.,accept,,,,,
BR-002,2,observed_satisfied,EV-02-SCEN-BR-002-97-01,"The product was marked out of stock, and the attempted addition of one unit was rejected with an explicit out-of-stock message. Blocking the item at cart entry enforces the requirement that valid stock be available for purchase.",,accept,,,,,
BR-003,2,observed_partial,EV-02-SCEN-BR-003-98-01,"The out-of-stock branch is met: an attempt to add the Coffee Mug was rejected with 'Cannot add product: Out of stock,' and the cart remained empty, preventing checkout of that product through the recorded workflow.","No product shown to be not yet available was tested, so that branch remains untested.",accept,,,,,
BR-004,2,observed_partial,EV-02-SCEN-BR-004-99-01,"The product page shows the Coffee Mug as unavailable, and the attempted add-to-cart action was rejected with an out-of-stock message; the cart remained empty. This establishes the add-to-cart block.",No checkout action involving an unavailable product was observed.,accept,,,,,
BR-005,2,not_observable,EV-02-SCEN-BR-005-100-01,"No evidence establishes whether the system stores full payment card details. The checkout request was rejected because the cart was empty, before any payment-card handling was observed.",No completed card-payment flow or inspection of stored payment data was recorded.,accept,,,,,
BR-006,2,not_observable,EV-02-SCEN-BR-006-101-01,No observation was recorded for the scenarios of this requirement.,"The previous GET /admin read a generic dashboard or state dump without exercising this requirement: Sensitive customer data shall be accessible only to authorized staff with a need to know. No replay of its target action or specific observation is defined. This is an observation limitation, not evidence that the delivered feature failed.",accept,,,,,
BR-007,2,not_observable,EV-02-SCEN-BR-007-102-01,No observation was recorded for the scenarios of this requirement.,"The previous GET /admin read a generic dashboard or state dump without exercising this requirement: Sales staff may see normal contact and order details, but only support or admins may see sensitive notes, refund references, or fraud-related flags, and only when assigned to the case. No replay of its target action or specific observation is defined. This is an observation limitation, not evidence that the delivered feature failed.",accept,,,,,
BR-008,2,not_observable,EV-02-SCEN-BR-008-103-01,"No required obligation was established. The checkout request was rejected because the cart was empty, so it did not show what contact or shipping information the system keeps for an order.",No completed order or retained order record was observed; whether the system keeps only the minimum necessary information remains unknown.,accept,,,,,
BR-009,2,not_observable,EV-02-SCEN-BR-009-104-01,No observation was recorded for the scenarios of this requirement.,"The previous GET /admin read a generic dashboard or state dump without exercising this requirement: Sensitive data shall be handled with tighter access than normal store data. No replay of its target action or specific observation is defined. This is an observation limitation, not evidence that the delivered feature failed.",accept,,,,,
BR-010,2,not_observable,EV-02-SCEN-BR-010-105-01,No observation was recorded for the scenarios of this requirement.,"The previous GET /admin read a generic dashboard or state dump without exercising this requirement: A customer account deletion request shall not proceed immediately when active orders, payment issues, legal recordkeeping, return cases, refund cases, unresolved support cases, or required order history exist. No replay of its target action or specific observation is defined. This is an observation limitation, not evidence that the delivered feature failed.",accept,,,,,
BR-011,2,not_observable,EV-02-SCEN-BR-011-106-01,No observation was recorded for the scenarios of this requirement.,"The previous GET /admin read a generic dashboard or state dump without exercising this requirement: A customer account request may require admin approval when it involves unresolved disputes, a suspicious activity flag, or a conflict with an open order or refund. No replay of its target action or specific observation is defined. This is an observation limitation, not evidence that the delivered feature failed.",accept,,,,,
BR-012,2,not_observable,EV-02-SCEN-BR-012-107-01,No observation was recorded for the scenarios of this requirement.,"The previous GET /admin read a generic dashboard or state dump without exercising this requirement: A customer account request shall be routed to admin review when the system cannot confidently determine whether it is safe to proceed. No replay of its target action or specific observation is defined. This is an observation limitation, not evidence that the delivered feature failed.",accept,,,,,
BR-013,2,observed_partial,EV-02-SCEN-BR-013-108-01,"The product was shown as unavailable (out of stock), and the attempt to add it to the cart was rejected with an out-of-stock message. This establishes the restriction for a product unavailable for sale.",The evidence does not test whether an inactive product is blocked or whether a product that is both active and available can be purchased.,accept,,,,,
BR-014,2,not_observable,EV-02-SCEN-BR-014-109-01,No observation was recorded for the scenarios of this requirement.,"The previous GET /admin read a generic dashboard or state dump without exercising this requirement: A price change shall apply to new carts and new orders only, not to an order already placed. No replay of its target action or specific observation is defined. This is an observation limitation, not evidence that the delivered feature failed.",accept,,,,,
BR-015,2,not_observable,EV-02-SCEN-BR-015-110-01,"No required branch was exercised. The observed cart was empty, so it did not exceed a quantity or value limit, and no checkout was attempted.",It remains unknown whether checkout is blocked for an over-limit cart and permitted after the customer adjusts it.,accept,,,,,
BR-016,2,not_observable,EV-02-SCEN-BR-016-111-01,"No required obligation was established. Checkout stopped because the cart was empty, so the response did not assess a technically valid address against a shipping method or carrier rule.",Whether the system warns the customer about such a conflict and allows a different option or address remains untested.,accept,,,,,
BR-017,2,not_observable,EV-02-SCEN-BR-017-112-01,"No shipping-address validation obligation was established. Checkout stopped because the cart was empty, so the response does not show whether the address was validated.","Validation of missing street, city, postal code, and country remains untested with a cart that can proceed to address validation.",accept,,,,,
BR-018,2,not_observable,EV-02-SCEN-BR-018-113-01,No observation was recorded for the scenarios of this requirement.,"The previous GET /admin read a generic dashboard or state dump without exercising this requirement: The system shall not expose internal fraud or security details in customer-facing manual review messages. No replay of its target action or specific observation is defined. This is an observation limitation, not evidence that the delivered feature failed.",accept,,,,,
BR-019,2,not_observable,EV-02-SCEN-BR-019-114-01,No observation was recorded for the scenarios of this requirement.,"The previous GET /admin read a generic dashboard or state dump without exercising this requirement: Administrative actions, sensitive access, and record views should be logged when practical to show who viewed what and why. No replay of its target action or specific observation is defined. This is an observation limitation, not evidence that the delivered feature failed.",accept,,,,,
BR-020,2,not_observable,EV-02-SCEN-BR-020-115-01,"None of the required behaviour was exercised. A product was saved, but the recorded request contained no image upload, so it does not show a product being saved with a broken upload.",Whether the application rejects a product save when its image upload is broken remains untested.,accept,,,,,
DI-001,2,not_observable,EV-02-SCEN-DI-001-116-01,No required obligation was exercised. The checkout request was redirected because the cart was empty; the submitted payment_method value does not show that a trusted provider processed a payment.,No payment processing or provider interaction was observed.,accept,,,,,
DI-002,2,not_observable,EV-02-SCEN-DI-002-117-01,No required obligation was established. Checkout redirected with a 'Cart is empty' message; no order was placed or confirmation email observed.,The ability to send an order confirmation by email remains untested.,accept,,,,,
DI-003,2,not_observable,EV-02-SCEN-DI-003-118-01,"No product-file import obligation was exercised. The recorded request added one product through a standard web form, not by importing a CSV or Excel file.",Importing product data from a common file through the web interface remains untested.,accept,,,,,
DI-004,2,not_observable,EV-02-SCEN-DI-004-119-01,"None of the required migration behavior was observed. The response shows a product added through an admin form, not product data migrated from a legacy system.",The evidence does not establish that legacy product data existed or show an attempt to migrate it.,accept,,,,,
QR-001,2,not_observable,EV-02-SCEN-QR-001-120-01,"The recorded request added a product, and the admin page shows a labeled form and confirmation. None of this establishes that a new store owner can operate the system without much technical knowledge.","No operation by a new, nontechnical store owner or other assessment of ease of use was recorded.",accept,,,,,
QR-002,2,observed_partial,EV-02-SCEN-QR-002-121-01,"A core cart operation completed: adding two items redirected to a cart that displayed those items and the expected total. This establishes reliable operation for that recorded action, but not for core store operations generally.",Other core operations and reliability across repeated use were not tested.,accept,,,,,
QR-003,2,not_observable,EV-02-SCEN-QR-003-122-01,No observation was recorded for the scenarios of this requirement.,"The existing GET / only opens a generic page or health endpoint; no scenario-specific setup or target interaction was defined. Missing observation: Pages continue to load within an acceptable time, navigation remains usable, and browsing interactions do not freeze, time out excessively, or return service unavailable errors. The target action was not executed; this is an observation limitation, not a software failure.",accept,,,,,
QR-004,2,not_observable,EV-02-SCEN-QR-004-123-01,No observation was recorded for the scenarios of this requirement.,"The existing GET / only opens a generic page or health endpoint; no scenario-specific setup or target interaction was defined. Missing observation: The store does not fail outright; non-urgent actions are delayed, queued, or shown as temporarily pending, while core browsing and shopping remain available or degrade gracefully with clear feedback. The target action was not executed; this is an observation limitation, not a software failure.",accept,,,,,
QR-005,2,not_observable,,"None of the required obligations was exercised. The recorded action adds a product and shows a success message, but it is not an import or data review activity.",Validation and feedback for import and data review activities remain untested.,accept,,,,,
QR-006,2,not_observable,EV-02-SCEN-QR-006-125-01,"No required error-message behavior was established. The status-change request returned a 404 saying the URL was not found, without establishing an existing order or an invalid status transition.",Plain-language errors for invalid status transitions and blocked purchases remain untested.,accept,,,,,
QR-007,2,not_observable,EV-02-SCEN-QR-007-126-01,No observation was recorded for the scenarios of this requirement.,"The existing GET / only opens a generic page or health endpoint; no scenario-specific setup or target interaction was defined. Missing observation: The store interface renders correctly and the core shopping flow works in each of the supported browsers without broken layouts or blocked functionality. The target action was not executed; this is an observation limitation, not a software failure.",accept,,,,,
QR-008,2,not_observable,EV-02-SCEN-QR-008-127-01,No observation was recorded for the scenarios of this requirement.,"The existing GET / only opens a generic page or health endpoint; no scenario-specific setup or target interaction was defined. Missing observation: The site adapts to the screen size and input method, remains usable on desktop, mobile, phone, and tablet, and core actions can be completed without horizontal overflow or unusable controls. The target action was not executed; this is an observation limitation, not a software failure.",accept,,,,,
QR-009,2,not_observable,EV-02-SCEN-QR-009-128-01,No observation was recorded for the scenarios of this requirement.,"The existing GET / only opens a generic page or health endpoint; no scenario-specific setup or target interaction was defined. Missing observation: Important sales functions remain available where possible, affected features show a graceful limitation or fallback, and the system does not completely shut down when only part of the service is unavailable. The target action was not executed; this is an observation limitation, not a software failure.",accept,,,,,
QR-010,2,not_observable,EV-02-SCEN-QR-010-129-01,"No required payment-message behavior was established. The checkout request was stopped because the cart was empty; the displayed message reports that condition, not a payment success or failure.",No payment submission or resulting success or failure message was observed.,accept,,,,,
QR-011,2,not_observable,EV-02-SCEN-QR-011-130-01,"No payment-failure message was exercised. Checkout redirected because the cart was empty, so the observed message does not establish whether customers can distinguish payment failure causes.","Messages for card issues, declined transactions, and system issues remain untested.",accept,,,,,
QR-012,2,not_observable,EV-02-SCEN-QR-012-131-01,No observation was recorded for the scenarios of this requirement.,"The previous GET /admin read a generic dashboard or state dump without exercising this requirement: The system shall provide customer-facing confirmation information immediately after checkout. No replay of its target action or specific observation is defined. This is an observation limitation, not evidence that the delivered feature failed.",accept,,,,,
QR-013,2,observed_satisfied,EV-02-SCEN-QR-013-132-01,"The product page clearly marks the Coffee Mug as unavailable and out of stock. When adding it to the cart was blocked, the page displayed the reason: “Cannot add product: Out of stock.” This covers messaging for an unavailable product and a cart block.",,accept,,,,,
QR-014,2,not_observable,EV-02-SCEN-QR-014-133-01,"No required obligation is established. The response shows a product added in the admin view and says the catalog is not yet marked ready, but it does not show whether onboarding changes left a live catalog undisturbed.",No live-catalog comparison or failed import followed by rollback was observed.,accept,,,,,
QR-015,2,observed_partial,EV-02-SCEN-QR-015-134-01,"After a new product was added, the admin product list still showed the two existing products. This establishes that they remained listed after the load.","The evidence does not show what the new onboarding rules are, whether they were applied consistently across new loads, or whether existing products continued to work beyond appearing in the list.",accept,,,,,
QR-016,2,not_observable,EV-02-SCEN-QR-016-135-01,No observation was recorded for the scenarios of this requirement.,"The previous GET /admin read a generic dashboard or state dump without exercising this requirement: The system shall allow a new store operator to perform basic administrative tasks from the web interface without technical setup. No replay of its target action or specific observation is defined. This is an observation limitation, not evidence that the delivered feature failed.",accept,,,,,
EX-001,2,not_observable,EV-02-SCEN-EX-001-136-01,"No required branch was exercised. Although the request specified payment_result=fail, checkout stopped because the cart was empty; the response does not show a payment attempt or a decision about confirming an order after payment failure.",Whether an order remains unconfirmed when payment fails or is only partially completed remains untested.,accept,,,,,
EX-002,2,not_observable,EV-02-SCEN-EX-002-137-01,"The recorded request created a product without submitting an image. No failed or invalid image upload was exercised, so no required branch was established.",It remains unknown whether a product is prevented from being saved with a broken image record when an image upload fails or is invalid.,accept,,,,,
EX-003,2,not_observable,EV-02-SCEN-EX-003-138-01,"No required branch was established. Checkout stopped because the cart was empty, not because no delivery method was available for the shipping address.",The evidence does not establish delivery-method availability for the address or exercise checkout with a nonempty cart under the no-method condition.,accept,,,,,
EX-004,2,not_observable,EV-02-SCEN-EX-004-139-01,"No required branch was exercised. The recorded cart was empty, so it does not show whether a customer with a cart exceeding limits would be blocked from checkout.","No over-limit cart, checkout attempt, or checkout outcome after correcting such a cart was recorded.",accept,,,,,
EX-005,2,not_observable,EV-02-SCEN-EX-005-140-01,"No required branch was established. The request returned 404, but the record does not establish an existing order or a manual review that could not be quickly verified.",Whether such an order remains on hold until staff decide or customer action is completed was not observed.,accept,,,,,
EX-006,2,not_observable,EV-02-SCEN-EX-006-141-01,"No required branch was established. The request to change order 1 to shipped returned a generic 404, which does not show that an invalid transition to fulfillment was identified and blocked.","The evidence does not establish that order 1 existed, that the requested change was an invalid transition to fulfillment, or that a transition rule caused the rejection.",accept,,,,,
FR-001,3,not_observable,EV-03-SCEN-FR-001-07-01,"The request added a product that appears in the admin catalog. This is a setup-related action, but it does not establish that a storefront was set up. No complete required capability was observed.",The recorded evidence does not show a configured storefront or the product appearing on a storefront.,accept,,,,,
FR-002,3,observed_partial,EV-03-SCEN-FR-002-08-01,"The product-creation request succeeded, and the new Linen Shirt appeared in the admin product list. This establishes one product-management operation.","No change to an existing product was recorded, so ongoing product management remains untested.",accept,,,,,
FR-003,3,observed_partial,EV-03-SCEN-FR-003-09-01,"The newly created product appears in the admin catalog with its name, price, and available quantity. The submitted description is not shown in the response.",Whether the product description was stored or can be displayed remains untested.,accept,,,,,
FR-004,3,observed_partial,EV-03-SCEN-FR-004-10-01,"The product update request completed, and the resulting admin listing shows product 1 with the submitted price and stock. The fully captured request used no acting-role protocol, so this demonstrates the update operation is publicly available, including to staff.",Adding a product was not exercised. The record does not show the product's prior values or establish staff-only access.,accept,,,,,
FR-005,3,not_observable,EV-03-SCEN-FR-005-11-01,No observation was recorded for the scenarios of this requirement.,"The previous GET /admin read a generic dashboard or state dump without exercising this requirement: The system shall allow staff to manage customer accounts. No replay of its target action or specific observation is defined. This is an observation limitation, not evidence that the delivered feature failed.",accept,,,,,
FR-006,3,not_observable,EV-03-SCEN-FR-006-12-01,No observation was recorded for the scenarios of this requirement.,"The existing GET / only opens a generic page or health endpoint; no scenario-specific setup or target interaction was defined. Missing observation: The system displays the matching products only, using clear categories and simple filters that narrow the visible catalog. The target action was not executed; this is an observation limitation, not a software failure.",accept,,,,,
FR-007,3,not_observable,EV-03-SCEN-FR-007-13-01,"None of the required cart-maintenance behavior is established. The add request returned 200 and a location of /cart, but the empty response does not show that the item was added.",No cart contents or follow-up response shows a successful add or a change to existing cart contents.,accept,,,,,
FR-008,3,not_observable,EV-03-SCEN-FR-008-14-01,No order-placement capability was established or refuted. The checkout request was rejected because the cart was empty.,Checkout with items in the cart and a completed order were not observed.,accept,,,,,
FR-009,3,observed_satisfied,EV-03-SCEN-FR-009-15-01,"The import response reports that one product row was imported with no errors, establishing catalog onboarding through the file-import alternative.","Manual entry was not tested, but the requirement permits file import as an alternative.",accept,,,,,
FR-010,3,not_observable,EV-03-SCEN-FR-010-16-01,"The import response reports that one catalog row was loaded. The record does not establish that the site was not yet live, so it does not establish the required pre-live loading capability.",The site's go-live state at the time of import is unknown.,accept,,,,,
FR-011,3,not_observable,EV-03-SCEN-FR-011-17-01,No observation was recorded for the scenarios of this requirement.,"The existing GET / only opens a generic page or health endpoint; no scenario-specific setup or target interaction was defined. Missing observation: The system shows the product listings in a review view where staff can verify correctness of images, prices, and availability before approval. The target action was not executed; this is an observation limitation, not a software failure.",accept,,,,,
FR-012,3,not_observable,EV-03-SCEN-FR-012-18-01,"No required obligation was established. The response shows a newly created product listed as active, but does not show staff marking the catalog ready after review.",A staff review and a catalog-ready action or resulting catalog-ready state were not observed.,accept,,,,,
FR-013,3,not_observable,EV-03-SCEN-FR-013-19-01,No observation was recorded for the scenarios of this requirement.,"The existing GET / only opens a generic page or health endpoint; no scenario-specific setup or target interaction was defined. Missing observation: The system returns only products matching the selected category, search text, and filter criteria, and updates the visible results accordingly. The target action was not executed; this is an observation limitation, not a software failure.",accept,,,,,
FR-014,3,not_observable,EV-03-SCEN-FR-014-20-01,No observation was recorded for the scenarios of this requirement.,"The existing GET / only opens a generic page or health endpoint; no scenario-specific setup or target interaction was defined. Missing observation: The system authenticates the customer securely and sends a password reset path through the supported reset flow without exposing the current password. The target action was not executed; this is an observation limitation, not a software failure.",accept,,,,,
FR-015,3,not_observable,EV-03-SCEN-FR-015-21-01,No observation was recorded for the scenarios of this requirement.,"The previous GET /admin read a generic dashboard or state dump without exercising this requirement: The system shall flag obviously suspicious activity rather than attempting to handle every edge case automatically. No replay of its target action or specific observation is defined. This is an observation limitation, not evidence that the delivered feature failed.",accept,,,,,
FR-016,3,not_observable,EV-03-SCEN-FR-016-22-01,"No required obligation was established. Checkout stopped at an empty-cart check, before any payment-provider interaction or handling of card details was observed.",Whether the system relies on a trusted payment provider and avoids storing sensitive card details remains untested.,accept,,,,,
FR-017,3,not_observable,EV-03-SCEN-FR-017-23-01,No required minimization behaviour was established. Checkout rejected an empty cart before the submitted personal data could be assessed as necessary for an order.,The evidence does not show what personal data the system requires or collects when fulfilling an order.,accept,,,,,
FR-018,3,not_observable,EV-03-SCEN-FR-018-24-01,"No required behaviour was established. Checkout was rejected because the cart was empty, not because a transaction was identified as risky.",No risky transaction reached a point where blocking or review could be observed.,accept,,,,,
FR-019,3,not_observable,EV-03-SCEN-FR-019-25-01,"An administrative product submission and the resulting admin page were observed, but no audit-log entry was shown. No required audit-recording behaviour was established.","The audit log was not read, so whether the product submission was recorded remains unknown.",accept,,,,,
FR-020,3,not_observable,EV-03-SCEN-FR-020-26-01,"None of the required audit-record contents was established. The audit page shows column headings for when, who, action, and before-and-after values, but no audit entry was observed.","No change and corresponding audit entry were captured, so whether the log records who made a change, what changed, when it happened, and important fields’ before-and-after values remains untested.",accept,,,,,
FR-021,3,not_observable,EV-03-SCEN-FR-021-27-01,None of the required before-and-after recording was observed. The audit page displayed column headings but no entries.,"No changes to product price, stock, order status, or customer account status were captured, so whether their before-and-after values are recorded remains unknown.",accept,,,,,
FR-022,3,not_observable,EV-03-SCEN-FR-022-28-01,No observation was recorded for the scenarios of this requirement.,"The existing GET / only opens a generic page or health endpoint; no scenario-specific setup or target interaction was defined. Missing observation: The site remains responsive for browsing, and non-urgent actions are slowed down or queued rather than causing the store to fail outright. The target action was not executed; this is an observation limitation, not a software failure.",accept,,,,,
FR-023,3,not_observable,EV-03-SCEN-FR-023-29-01,None of the required preservation behavior was established. The recorded request shows only an empty cart while the service was responding normally.,"No cart or order progress was recorded before a part of the service became unavailable, and no subsequent preservation check was observed.",accept,,,,,
FR-024,3,not_observable,EV-03-SCEN-FR-024-30-01,No observation was recorded for the scenarios of this requirement.,"The existing GET / only opens a generic page or health endpoint; no scenario-specific setup or target interaction was defined. Missing observation: The system clearly states which feature is unavailable and which parts of the store remain usable, instead of showing a generic failure message. The target action was not executed; this is an observation limitation, not a software failure.",accept,,,,,
FR-025,3,not_observable,EV-03-SCEN-FR-025-31-01,No required behaviour was established. The checkout request was rejected because the cart was empty; this does not show whether important sales functions remain available when admin features are reduced.,No temporary reduction of admin features or prepared sales transaction was observed.,accept,,,,,
FR-026,3,not_observable,EV-03-SCEN-FR-026-32-01,None of the required image-upload behavior was observed. The recorded request created a product without submitting any images.,Uploading a main image and a small number of additional images was not tested.,accept,,,,,
FR-027,3,not_observable,EV-03-SCEN-FR-027-33-01,"The recorded product creation request contained no image. No JPG or PNG acceptance was exercised, so no required format branch was established.",Whether the system allows JPG and PNG images remains untested.,accept,,,,,
FR-028,3,not_observable,EV-03-SCEN-FR-028-34-01,"No required branch was exercised: the recorded product submission contained no image upload, so it does not show a failed upload or an invalid file.","Clear rejection, the ability to retry, and avoidance of a broken product record remain untested for a failed or invalid image upload.",accept,,,,,
FR-029,3,not_observable,EV-03-SCEN-FR-029-35-01,"The response shows that product 1 exists and renders a detail page, but it does not establish that the product's image is missing. No complete obligation under the missing-image condition is established.","The product's image state is unknown. Although the captured page shows no placeholder, the required conditional behaviour cannot be judged without establishing that the image is missing.",accept,,,,,
FR-030,3,not_observable,EV-03-SCEN-FR-030-36-01,"No required branch was established. The cart-add response does not show whether product 1 was active and available for sale, whether it remained in the cart, or whether it was purchased.",Neither a purchase of a product meeting both conditions nor a refusal to purchase a product failing either condition was observed.,accept,,,,,
FR-031,3,observed_satisfied,EV-03-SCEN-FR-031-37-01,"The cart-add request was blocked with the explicit reason “Out of stock,” establishing that a purchase quantity lacking valid stock was refused at cart entry. This satisfies the stock-based purchase restriction exercised here.",,accept,,,,,
FR-032,3,not_observable,EV-03-SCEN-FR-032-38-01,"The admin listing shows the product price as 24.99 after the update, but no complete required branch was observed.","No new cart, new order, or previously placed order was inspected after the price change, so its effect on their prices is unknown.",accept,,,,,
FR-033,3,not_observable,EV-03-SCEN-FR-033-39-01,"None of the required branches was exercised. The recorded product had stock and was marked available, so its page does not establish how the system handles an out-of-stock or not-yet-available product.","No unavailable product was observed, and no checkout attempt for one was recorded.",accept,,,,,
FR-034,3,not_observable,EV-03-SCEN-FR-034-40-01,"No minimum- or maximum-quantity obligation was established. The recorded request submitted quantity 50, but the empty response does not show whether it was added or checked against a product-specific limit.","No product minimum or maximum, cart readback, or quantity-limit result was observed.",accept,,,,,
FR-035,3,not_observable,EV-03-SCEN-FR-035-41-01,"No complete obligation or condition branch was established. The evidence only shows an empty cart page and does not demonstrate configuration, enforcement, or handling of a maximum total quantity or value per order.","Whether the business needs this limit is unknown, and no order or cart exceeding a configured maximum was attempted or rejected. No evidence shows a maximum quantity/value setting or its enforcement.",accept,,,,,
FR-036,3,not_observable,EV-03-SCEN-FR-036-42-01,"Only an empty cart page was observed; no cart exceeding a quantity or value limit was exercised, and no limit warning or adjustment instruction was recorded.","The quantity-limit and value-limit condition branches, including pre-checkout flagging and exact adjustment guidance, remain untested.",accept,,,,,
FR-037,3,observed_satisfied,EV-03-SCEN-FR-037-43-01,"The file-import operation was exercised with an existing catalog CSV containing one product, and the system responded with ""Imported 1 rows."" and ""No errors,"" positively establishing support for importing the initial product catalog from a file.",,accept,,,,,
FR-038,3,not_observable,EV-03-SCEN-FR-038-44-01,The import returned “Imported 1 rows” and “No errors” for a clean catalog row. No complete obligation or branch concerning records that do not map cleanly was established positively or negatively.,"No malformed or unmappable migration record was exercised, so whether such records are reported for manual review instead of guessed automatically remains unknown.",accept,,,,,
FR-039,3,not_observable,EV-03-SCEN-FR-039-45-01; EV-03-SCEN-FR-039-45-02; EV-03-SCEN-FR-039-45-03,Only a successful import of one apparently complete product record was observed. No complete obligation or condition branch concerning an incomplete legacy product record was established positively or negatively.,The behavior when a legacy product record is incomplete remains untested: the evidence does not show that the system skips the record or marks it as needing attention until correction.,accept,,,,,
FR-040,3,not_observable,EV-03-SCEN-FR-040-46-01,No observation was recorded for the scenarios of this requirement.,"The previous GET /admin read a generic dashboard or state dump without exercising this requirement: The system shall allow manual review of legacy product records by a store admin or designated catalog owner. No replay of its target action or specific observation is defined. This is an observation limitation, not evidence that the delivered feature failed.",accept,,,,,
FR-041,3,not_observable,EV-03-SCEN-FR-041-47-01; EV-03-SCEN-FR-041-47-02; EV-03-SCEN-FR-041-47-03,"The evidence shows an administrative product update and redirect, but no manual review record, pending or in-review status, or notes describing missing or inconsistent information. No complete requirement obligation was positively or negatively established.","Tracking manual review records with a pending or in-review status remains untested, and inclusion of notes about what is missing or inconsistent remains untested.",accept,,,,,
FR-042,3,not_observable,EV-03-SCEN-FR-042-48-01,No observation was recorded for the scenarios of this requirement.,"The existing GET / only opens a generic page or health endpoint; no scenario-specific setup or target interaction was defined. Missing observation: The product does not appear in customer-facing search or category listings, and the system blocks publishing until the required fields are corrected and approval is completed. The target action was not executed; this is an observation limitation, not a software failure.",accept,,,,,
FR-043,3,not_observable,EV-03-SCEN-FR-043-49-01,No observation was recorded for the scenarios of this requirement.,"The existing GET / only opens a generic page or health endpoint; no scenario-specific setup or target interaction was defined. Missing observation: The system presents category navigation and search results with clear product descriptions and relevant filters that help the shopper narrow to the correct items. The target action was not executed; this is an observation limitation, not a software failure.",accept,,,,,
FR-044,3,not_observable,EV-03-SCEN-FR-044-50-01,No observation was recorded for the scenarios of this requirement.,"The previous GET /admin read a generic dashboard or state dump without exercising this requirement: The system shall process customer requests to suspend or delete accounts. No replay of its target action or specific observation is defined. This is an observation limitation, not evidence that the delivered feature failed.",accept,,,,,
FR-045,3,not_observable,EV-03-SCEN-FR-045-51-01,No observation was recorded for the scenarios of this requirement.,"The previous GET /admin read a generic dashboard or state dump without exercising this requirement: Customer account suspension shall be immediate in most cases. No replay of its target action or specific observation is defined. This is an observation limitation, not evidence that the delivered feature failed.",accept,,,,,
FR-046,3,not_observable,EV-03-SCEN-FR-046-52-01,No observation was recorded for the scenarios of this requirement.,"The previous GET /admin read a generic dashboard or state dump without exercising this requirement: Customer account deletion shall be delayed when there are active orders, payment issues, legal recordkeeping needs, return cases, refund cases, unresolved support cases, or necessary order history for customer service or accounting. No replay of its target action or specific observation is defined. This is an observation limitation, not evidence that the delivered feature failed.",accept,,,,,
FR-047,3,not_observable,EV-03-SCEN-FR-047-53-01,No observation was recorded for the scenarios of this requirement.,"The previous GET /admin read a generic dashboard or state dump without exercising this requirement: If a customer account deletion request cannot be handled automatically because of an exception, an admin shall handle the exception. No replay of its target action or specific observation is defined. This is an observation limitation, not evidence that the delivered feature failed.",accept,,,,,
FR-048,3,not_observable,EV-03-SCEN-FR-048-54-01,No observation was recorded for the scenarios of this requirement.,"The previous GET /admin read a generic dashboard or state dump without exercising this requirement: If a customer account request is not straightforward or cannot be confidently determined as safe, the system shall route it to an admin review queue before suspension or deletion proceeds. No replay of its target action or specific observation is defined. This is an observation limitation, not evidence that the delivered feature failed.",accept,,,,,
FR-049,3,not_observable,EV-03-SCEN-FR-049-55-01,No observation was recorded for the scenarios of this requirement.,"The previous GET /admin read a generic dashboard or state dump without exercising this requirement: The system shall keep a customer record in review until required fields are complete and inconsistent data is corrected. No replay of its target action or specific observation is defined. This is an observation limitation, not evidence that the delivered feature failed.",accept,,,,,
FR-050,3,not_observable,EV-03-SCEN-FR-050-56-01,No observation was recorded for the scenarios of this requirement.,"The previous GET /admin read a generic dashboard or state dump without exercising this requirement: The system shall keep a customer record hidden from the customer if the incomplete record could cause problems with orders, shipping, or account access. No replay of its target action or specific observation is defined. This is an observation limitation, not evidence that the delivered feature failed.",accept,,,,,
FR-051,3,not_observable,EV-03-SCEN-FR-051-57-01,No observation was recorded for the scenarios of this requirement.,"The previous GET /admin read a generic dashboard or state dump without exercising this requirement: A customer record shall go live only after the data matches requirements and an admin or authorized staff member approves it. No replay of its target action or specific observation is defined. This is an observation limitation, not evidence that the delivered feature failed.",accept,,,,,
FR-052,3,not_observable,EV-03-SCEN-FR-052-58-01,None of the required obligations or condition branches were established positively or negatively. The evidence only shows an empty cart page.,"No customer-specific limit, shopper identity, quantity exceeding the limit, clear cart flag, checkout attempt, checkout block, quantity reduction, or item removal was observed.",accept,,,,,
FR-053,3,not_observable,EV-03-SCEN-FR-053-59-01,No observation was recorded for the scenarios of this requirement.,"The previous GET /admin read a generic dashboard or state dump without exercising this requirement: After checkout, the system shall show the customer the order number, purchased items, quantities, totals, taxes or fees if applicable, shipping details, and payment status. No replay of its target action or specific observation is defined. This is an observation limitation, not evidence that the delivered feature failed.",accept,,,,,
FR-054,3,not_observable,EV-03-SCEN-FR-054-60-01,"No complete obligation was positively established or violated. The checkout request returned HTTP 400 because the cart was empty, so the order-confirmation flow was not reached; this does not establish whether an order confirmation would be sent by email.",Email delivery of an order confirmation remains untested because no order was successfully completed and no email-sending result or notification was recorded.,accept,,,,,
FR-055,3,not_observable,EV-03-SCEN-FR-055-61-01; EV-03-SCEN-FR-055-61-02; EV-03-SCEN-FR-055-61-03,"The evidence shows a product visible with a valid price and available stock, but this is only contextual setup and does not establish any required branch. No product with a missing or invalid price, or unavailable inventory under stock control, was exercised to verify that it remains visible and is not purchasable.","The missing-price branch, invalid-price branch, and unavailable-inventory-under-stock-control branch remain untested. No evidence shows purchase prevention for any of these conditions.",accept,,,,,
FR-056,3,observed_partial,EV-03-SCEN-FR-056-62-01,"For an out-of-stock product, the add-to-cart action was blocked with HTTP 400 and the response clearly explained the reason as ""Cannot add item: Out of stock.""","No checkout attempt for the non-purchasable product was recorded, so checkout blocking remains untested.",accept,,,,,
FR-057,3,not_observable,EV-03-SCEN-FR-057-63-01; EV-03-SCEN-FR-057-63-02,"No complete address-validation obligation or condition branch was established. The checkout request used the address value ""nowhere"", but the system rejected the request because the cart was empty, before shipping-address validation was observed.",Validation of missing address components and invalid address components remains untested; the recorded response does not link the rejection to the address.,accept,,,,,
FR-058,3,not_observable,EV-03-SCEN-FR-058-64-01,The checkout request was rejected because the cart was empty. No complete obligation or condition branch concerning delivery options depending on customer location was established.,Whether available delivery options vary based on the customer's location remains untested; checkout stopped at the empty-cart check.,accept,,,,,
FR-059,3,not_observable,EV-03-SCEN-FR-059-65-01; EV-03-SCEN-FR-059-65-02; EV-03-SCEN-FR-059-65-03,"Checkout returned HTTP 400, but the response states that the cart is empty. This does not establish that no delivery method was available for the shipping address, nor does it show the required instruction to change the address or contact support. No complete requirement branch was positively or negatively established.","The no-delivery-method condition was not established, and the required address-change or support message was not observed. The empty-cart rejection is unrelated to delivery-method availability.",accept,,,,,
FR-060,3,not_observable,EV-03-SCEN-FR-060-66-01; EV-03-SCEN-FR-060-66-02,"No complete required obligation was established. The checkout request included a payment_method value, but the request was rejected because the cart was empty before payment processing; no evidence shows that the customer could choose a method in the payment step or confirm the amount before payment was finalized.","The payment-method selection flow, amount confirmation, and payment finalization were not successfully exercised. The empty-cart rejection prevents assessing those behaviors.",accept,,,,,
FR-061,3,not_observable,EV-03-SCEN-FR-061-67-01; EV-03-SCEN-FR-061-67-02,No complete success or failure branch after payment submission was established. The checkout request was rejected because the cart was empty before payment processing or submission occurred; the 'Your cart is empty.' message is an unrelated prerequisite failure.,"The evidence does not show a payment submission reaching payment processing, nor an immediate clear success or payment-specific failure message afterward.",accept,,,,,
FR-062,3,not_observable,EV-03-SCEN-FR-062-68-01,"No required branch was exercised. Checkout stopped because the cart was empty, before any payment failure occurred.",The evidence does not show whether the system explains next steps after a failed payment or lets the customer continue without unnecessarily starting over.,accept,,,,,
FR-063,3,not_observable,EV-03-SCEN-FR-063-69-01,"No required branch was established. Checkout stopped because the cart was empty, so no successful payment occurred.",Whether a successful payment immediately moves the order to confirmation and informs the customer that the purchase is complete remains untested.,accept,,,,,
FR-064,3,not_observable,EV-03-SCEN-FR-064-70-01,"No required obligation was exercised. Checkout was rejected because the cart was empty, before any payment attempt or payment failure.","The evidence does not show whether a customer can retry payment, choose a different method, or return to review the order after payment fails.",accept,,,,,
FR-065,3,not_observable,EV-03-SCEN-FR-065-71-01,"No required branch was exercised. Checkout was rejected because the cart was empty, before any partial payment or order confirmation was observed.","Whether an order remains unconfirmed after a partial payment, until the full amount is resolved, remains untested.",accept,,,,,
FR-066,3,not_observable,EV-03-SCEN-FR-066-72-01,No observation was recorded for the scenarios of this requirement.,"The previous GET /admin read a generic dashboard or state dump without exercising this requirement: An order shall start as pending while payment and availability are checked. No replay of its target action or specific observation is defined. This is an observation limitation, not evidence that the delivered feature failed.",accept,,,,,
FR-067,3,not_observable,EV-03-SCEN-FR-067-73-01,No observation was recorded for the scenarios of this requirement.,"The previous GET /admin read a generic dashboard or state dump without exercising this requirement: If payment is fully accepted, the order is no longer under review, and items are confirmed available to ship, the order may move into fulfillment. No replay of its target action or specific observation is defined. This is an observation limitation, not evidence that the delivered feature failed.",accept,,,,,
FR-068,3,not_observable,EV-03-SCEN-FR-068-74-01,No observation was recorded for the scenarios of this requirement.,"The previous GET /admin read a generic dashboard or state dump without exercising this requirement: If any item is out of stock, payment is unresolved, or a staff review is still open, the order shall wait and shall not go to picking and packing. No replay of its target action or specific observation is defined. This is an observation limitation, not evidence that the delivered feature failed.",accept,,,,,
FR-069,3,not_observable,EV-03-SCEN-FR-069-75-01,No observation was recorded for the scenarios of this requirement.,"The previous GET /admin read a generic dashboard or state dump without exercising this requirement: The system shall support manual review of orders that have suspicious payment activity, mismatched customer and shipping details, unusual order size, or policy exceptions. No replay of its target action or specific observation is defined. This is an observation limitation, not evidence that the delivered feature failed.",accept,,,,,
FR-070,3,not_observable,EV-03-SCEN-FR-070-76-01,No observation was recorded for the scenarios of this requirement.,"The previous GET /admin read a generic dashboard or state dump without exercising this requirement: If an order is approved after manual review, the customer shall be told the order is confirmed and moving ahead. No replay of its target action or specific observation is defined. This is an observation limitation, not evidence that the delivered feature failed.",accept,,,,,
FR-071,3,not_observable,EV-03-SCEN-FR-071-77-01,No observation was recorded for the scenarios of this requirement.,"The previous GET /admin read a generic dashboard or state dump without exercising this requirement: If an order stays on hold after manual review, the customer shall be told it is still under review and no action may be needed yet. No replay of its target action or specific observation is defined. This is an observation limitation, not evidence that the delivered feature failed.",accept,,,,,
FR-072,3,not_observable,EV-03-SCEN-FR-072-78-01,No observation was recorded for the scenarios of this requirement.,"The previous GET /admin read a generic dashboard or state dump without exercising this requirement: If an order is rejected after manual review, the customer shall be told the order cannot be completed and, if appropriate, whether to try again or contact support. No replay of its target action or specific observation is defined. This is an observation limitation, not evidence that the delivered feature failed.",accept,,,,,
FR-073,3,not_observable,EV-03-SCEN-FR-073-79-01,No observation was recorded for the scenarios of this requirement.,"The previous GET /admin read a generic dashboard or state dump without exercising this requirement: If staff cannot quickly verify a manual review issue, the order shall remain on hold first. No replay of its target action or specific observation is defined. This is an observation limitation, not evidence that the delivered feature failed.",accept,,,,,
FR-074,3,not_observable,EV-03-SCEN-FR-074-80-01,No observation was recorded for the scenarios of this requirement.,"The previous GET /admin read a generic dashboard or state dump without exercising this requirement: If missing information in manual review must come from the customer, the system shall send the order back for customer action with clear instructions. No replay of its target action or specific observation is defined. This is an observation limitation, not evidence that the delivered feature failed.",accept,,,,,
FR-075,3,not_observable,EV-03-SCEN-FR-075-81-01,No observation was recorded for the scenarios of this requirement.,"The previous GET /admin read a generic dashboard or state dump without exercising this requirement: If a manual review issue is internal and still needs investigation, the order shall stay on hold until staff can approve or reject it. No replay of its target action or specific observation is defined. This is an observation limitation, not evidence that the delivered feature failed.",accept,,,,,
FR-076,3,not_observable,EV-03-SCEN-FR-076-82-01,No observation was recorded for the scenarios of this requirement.,"The previous GET /admin read a generic dashboard or state dump without exercising this requirement: The web interface shall allow only order status changes that match the real order state. No replay of its target action or specific observation is defined. This is an observation limitation, not evidence that the delivered feature failed.",accept,,,,,
FR-077,3,not_observable,EV-03-SCEN-FR-077-83-01,No observation was recorded for the scenarios of this requirement.,"The previous GET /admin read a generic dashboard or state dump without exercising this requirement: The web interface shall block invalid order status transitions and explain why in plain language. No replay of its target action or specific observation is defined. This is an observation limitation, not evidence that the delivered feature failed.",accept,,,,,
FR-078,3,not_observable,EV-03-SCEN-FR-078-84-01,No observation was recorded for the scenarios of this requirement.,"The previous GET /admin read a generic dashboard or state dump without exercising this requirement: An unpaid order shall not be moved into fulfillment. No replay of its target action or specific observation is defined. This is an observation limitation, not evidence that the delivered feature failed.",accept,,,,,
FR-079,3,not_observable,EV-03-SCEN-FR-079-85-01,No observation was recorded for the scenarios of this requirement.,"The previous GET /admin read a generic dashboard or state dump without exercising this requirement: A canceled order shall not be moved back into normal processing unless a deliberate reopen action is used. No replay of its target action or specific observation is defined. This is an observation limitation, not evidence that the delivered feature failed.",accept,,,,,
FR-080,3,not_observable,EV-03-SCEN-FR-080-86-01,The response shows that a product was added to the admin catalog. No configuration or business-setting change is established by that operation.,"The evidence does not exercise or show the result of configuring a frequent, low-risk change through configuration or business settings.",accept,,,,,
FR-081,3,not_observable,EV-03-SCEN-FR-081-87-01,"The recorded action created a product through the admin interface. No complete required obligation was exercised: the evidence does not show a change affecting the core checkout flow, security, or a major new capability.","No qualifying change, code change, or new release was observed, so the requirement for such changes cannot be assessed.",accept,,,,,
FR-082,3,observed_satisfied,EV-03-SCEN-FR-082-88-01,The web import endpoint accepted a CSV file and returned an HTML result reporting that one row was imported with no errors. CSV satisfies the stated common-file example.,"Excel import was not tested, but the requirement presents CSV or Excel as examples rather than requiring both.",accept,,,,,
FR-083,3,not_observable,EV-03-SCEN-FR-083-89-01,"No complete required obligation was established. The response reports one row imported with no errors, but does not show that the row was validated before going live.","No validation outcome or go-live state was observed, so the required ordering remains untested.",accept,,,,,
FR-084,3,not_observable,EV-03-SCEN-FR-084-90-01,"None of the required conflict-handling behaviour was established. The import response reports one row imported with no errors, but the record does not show that SKU-200 conflicted with existing product data.","Without evidence of an existing conflicting product, the response cannot show whether a conflicting row would be stopped, flagged for review, or silently overwritten.",accept,,,,,
FR-085,3,not_observable,EV-03-SCEN-FR-085-91-01,"None of the required obligations was established. The recorded manual import reported one imported row and no errors; it did not exercise automatic syncing, validation of an unexpected change before it goes live, or mismatch reporting.","No unexpected change, validation or go-live outcome, or mismatch was recorded during automatic syncing.",accept,,,,,
FR-086,3,not_observable,EV-03-SCEN-FR-086-92-01,"The recorded import contained one clean row and returned “Imported 1 rows” with “No errors.” No import that failed partway through was observed, so no required failure-handling branch was established.","It remains unknown whether a partial failure imports only clean rows with a clear failure report, or stops the import and leaves a critical data set unchanged.",accept,,,,,
FR-087,3,not_observable,EV-03-SCEN-FR-087-93-01,No observation was recorded for the scenarios of this requirement.,"The previous GET /admin read a generic dashboard or state dump without exercising this requirement: The system shall support basic order status changes through the web interface for new store operators. No replay of its target action or specific observation is defined. This is an observation limitation, not evidence that the delivered feature failed.",accept,,,,,
FR-088,3,not_observable,EV-03-SCEN-FR-088-94-01,No observation was recorded for the scenarios of this requirement.,"The previous GET /admin read a generic dashboard or state dump without exercising this requirement: The system shall allow customers to view the current status of an order that is already being prepared for delivery. No replay of its target action or specific observation is defined. This is an observation limitation, not evidence that the delivered feature failed.",accept,,,,,
FR-089,3,not_observable,EV-03-SCEN-FR-089-95-01,"No required obligation was established. The response blocks adding an out-of-stock item, but it does not show a customer being prompted to remove or update an item already in the cart.","No cart item was shown becoming unavailable, and no pre-checkout prompt was observed.",accept,,,,,
BR-001,3,not_observable,EV-03-SCEN-BR-001-96-01,"The product page shows a visible product with a valid price and available stock. None of the required missing-price, invalid-price, or unavailable-inventory branches was exercised.",Visibility and purchase blocking under each stated condition remain untested.,accept,,,,,
BR-002,3,observed_satisfied,EV-03-SCEN-BR-002-97-01,The attempt to add one item was blocked with an explicit “Out of stock” response. This demonstrates enforcement of the valid-stock requirement at cart entry.,,accept,,,,,
BR-003,3,observed_partial,EV-03-SCEN-BR-003-98-01,"The out-of-stock branch was met: the attempted cart addition was blocked with an explicit 'Out of stock' response, preventing that product from proceeding toward checkout.",No not-yet-available product was tested.,accept,,,,,
BR-004,3,observed_partial,EV-03-SCEN-BR-004-99-01,"The add-to-cart request was blocked with an explicit “Out of stock” message, establishing the add-to-cart restriction for an unavailable product.",No checkout action for an unavailable product was recorded.,accept,,,,,
BR-005,3,not_observable,EV-03-SCEN-BR-005-100-01,"No required obligation was established. Checkout stopped at an empty-cart check, and the request contained no payment card details.",The evidence does not show whether the system stores full payment card details.,accept,,,,,
BR-006,3,not_observable,EV-03-SCEN-BR-006-101-01,No observation was recorded for the scenarios of this requirement.,"The previous GET /admin read a generic dashboard or state dump without exercising this requirement: Sensitive customer data shall be accessible only to authorized staff with a need to know. No replay of its target action or specific observation is defined. This is an observation limitation, not evidence that the delivered feature failed.",accept,,,,,
BR-007,3,not_observable,EV-03-SCEN-BR-007-102-01,No observation was recorded for the scenarios of this requirement.,"The previous GET /admin read a generic dashboard or state dump without exercising this requirement: Sales staff may see normal contact and order details, but only support or admins may see sensitive notes, refund references, or fraud-related flags, and only when assigned to the case. No replay of its target action or specific observation is defined. This is an observation limitation, not evidence that the delivered feature failed.",accept,,,,,
BR-008,3,not_observable,EV-03-SCEN-BR-008-103-01,"No required obligation was established. Checkout stopped because the cart was empty, so the response does not show what contact or shipping information the system keeps for an order.",No completed order or retained order information was observed; whether the system keeps only the minimum needed remains unknown.,accept,,,,,
BR-009,3,not_observable,EV-03-SCEN-BR-009-104-01,No observation was recorded for the scenarios of this requirement.,"The previous GET /admin read a generic dashboard or state dump without exercising this requirement: Sensitive data shall be handled with tighter access than normal store data. No replay of its target action or specific observation is defined. This is an observation limitation, not evidence that the delivered feature failed.",accept,,,,,
BR-010,3,not_observable,EV-03-SCEN-BR-010-105-01,No observation was recorded for the scenarios of this requirement.,"The previous GET /admin read a generic dashboard or state dump without exercising this requirement: A customer account deletion request shall not proceed immediately when active orders, payment issues, legal recordkeeping, return cases, refund cases, unresolved support cases, or required order history exist. No replay of its target action or specific observation is defined. This is an observation limitation, not evidence that the delivered feature failed.",accept,,,,,
BR-011,3,not_observable,EV-03-SCEN-BR-011-106-01,No observation was recorded for the scenarios of this requirement.,"The previous GET /admin read a generic dashboard or state dump without exercising this requirement: A customer account request may require admin approval when it involves unresolved disputes, a suspicious activity flag, or a conflict with an open order or refund. No replay of its target action or specific observation is defined. This is an observation limitation, not evidence that the delivered feature failed.",accept,,,,,
BR-012,3,not_observable,EV-03-SCEN-BR-012-107-01,No observation was recorded for the scenarios of this requirement.,"The previous GET /admin read a generic dashboard or state dump without exercising this requirement: A customer account request shall be routed to admin review when the system cannot confidently determine whether it is safe to proceed. No replay of its target action or specific observation is defined. This is an observation limitation, not evidence that the delivered feature failed.",accept,,,,,
BR-013,3,not_observable,EV-03-SCEN-BR-013-108-01,"No required branch was established. The add-to-cart request was rejected as out of stock, but the record does not show whether the product was marked active or available for sale.","The product's active and available-for-sale markings, and whether purchase is permitted only when both hold, remain untested.",accept,,,,,
BR-014,3,not_observable,EV-03-SCEN-BR-014-109-01,No observation was recorded for the scenarios of this requirement.,"The previous GET /admin read a generic dashboard or state dump without exercising this requirement: A price change shall apply to new carts and new orders only, not to an order already placed. No replay of its target action or specific observation is defined. This is an observation limitation, not evidence that the delivered feature failed.",accept,,,,,
BR-015,3,not_observable,EV-03-SCEN-BR-015-110-01,"The recorded cart was empty, with a $0.00 total. No cart exceeding a quantity or value limit was observed, so no required branch was established.","Checkout blocking for an over-limit cart, and whether checkout can proceed after the customer adjusts it, were not tested.",accept,,,,,
BR-016,3,not_observable,EV-03-SCEN-BR-016-111-01,"No required obligation was observed. Checkout was rejected because the cart was empty, before the system evaluated a technically valid address against a shipping method or carrier rule.","A valid address that conflicts with a shipping rule was not exercised, so the warning and opportunity to choose another option or address remain untested.",accept,,,,,
BR-017,3,not_observable,EV-03-SCEN-BR-017-112-01,"No shipping-address validation obligation was established. Checkout rejected the request because the cart was empty, not because of a missing address field.","Validation of missing street, city, postal code, and country remains untested.",accept,,,,,
BR-018,3,not_observable,EV-03-SCEN-BR-018-113-01,No observation was recorded for the scenarios of this requirement.,"The previous GET /admin read a generic dashboard or state dump without exercising this requirement: The system shall not expose internal fraud or security details in customer-facing manual review messages. No replay of its target action or specific observation is defined. This is an observation limitation, not evidence that the delivered feature failed.",accept,,,,,
BR-019,3,not_observable,EV-03-SCEN-BR-019-114-01,The audit page was available but showed no entries. No logging obligation was established as met or violated.,"No administrative action, sensitive access, or record view was exercised and checked for a corresponding log entry identifying who viewed what and why.",accept,,,,,
BR-020,3,not_observable,EV-03-SCEN-BR-020-115-01,"None of the required restriction was exercised. The recorded request contained no image upload, so the saved product does not show what happens when an upload is broken.",Whether a product record is prevented from being saved with a broken image upload remains untested.,accept,,,,,
DI-001,3,not_observable,EV-03-SCEN-DI-001-116-01,"No payment processing was exercised. The checkout request was rejected because the cart was empty, before any use of a payment provider was shown.",The evidence does not show whether payment processing uses a trusted provider.,accept,,,,,
DI-002,3,not_observable,EV-03-SCEN-DI-002-117-01,"No order-confirmation email capability was observed. Checkout stopped because the cart was empty, before an order could be placed or a confirmation sent.",Sending an order confirmation by email remains untested.,accept,,,,,
DI-003,3,observed_satisfied,EV-03-SCEN-DI-003-118-01,The web import endpoint reported that it imported one product row from a CSV file with no errors. CSV is a common file format named in the requirement.,Excel import was not tested; the requirement gives CSV or Excel as examples rather than requiring both.,accept,,,,,
DI-004,3,observed_satisfied,EV-03-SCEN-DI-004-119-01,"A product-data file containing one row was submitted to the import interface, which reported “Imported 1 rows” and “No errors.” This demonstrates support for migrating supplied product data.",The record does not identify the file’s legacy-system origin or show a product readback after import.,accept,,,,,
QR-001,3,not_observable,EV-03-SCEN-QR-001-120-01,"The recorded request created a product, and the admin page shows navigation and product controls. These are contextual facts; none establishes that a new store owner can operate the system without much technical knowledge.",No new-owner use or other evidence assessing ease of operation was recorded.,accept,,,,,
QR-002,3,not_observable,EV-03-SCEN-QR-002-121-01,"No core store operation is shown completing reliably. The cart-add request returned HTTP 200 with an empty body and a Location header, but the record does not show whether the item was added.",The cart result and reliability of core store operations remain untested.,accept,,,,,
QR-003,3,not_observable,EV-03-SCEN-QR-003-122-01,No observation was recorded for the scenarios of this requirement.,"The existing GET / only opens a generic page or health endpoint; no scenario-specific setup or target interaction was defined. Missing observation: Pages continue to load within an acceptable time, navigation remains usable, and browsing interactions do not freeze, time out excessively, or return service unavailable errors. The target action was not executed; this is an observation limitation, not a software failure.",accept,,,,,
QR-004,3,not_observable,EV-03-SCEN-QR-004-123-01,No observation was recorded for the scenarios of this requirement.,"The existing GET / only opens a generic page or health endpoint; no scenario-specific setup or target interaction was defined. Missing observation: The store does not fail outright; non-urgent actions are delayed, queued, or shown as temporarily pending, while core browsing and shopping remain available or degrade gracefully with clear feedback. The target action was not executed; this is an observation limitation, not a software failure.",accept,,,,,
QR-005,3,observed_partial,EV-03-SCEN-QR-005-124-01,The import response gives clear feedback for the submitted file: “Imported 1 rows” and “No errors.” This establishes feedback for a successful import.,Validation of invalid import data and feedback for data review activities were not exercised.,accept,,,,,
QR-006,3,not_observable,EV-03-SCEN-QR-006-125-01,No observation was recorded for the scenarios of this requirement.,"The previous GET /admin read a generic dashboard or state dump without exercising this requirement: The system shall provide clear error messages in plain language for invalid status transitions and blocked purchases. No replay of its target action or specific observation is defined. This is an observation limitation, not evidence that the delivered feature failed.",accept,,,,,
QR-007,3,not_observable,EV-03-SCEN-QR-007-126-01,No observation was recorded for the scenarios of this requirement.,"The existing GET / only opens a generic page or health endpoint; no scenario-specific setup or target interaction was defined. Missing observation: The store interface renders correctly and the core shopping flow works in each of the supported browsers without broken layouts or blocked functionality. The target action was not executed; this is an observation limitation, not a software failure.",accept,,,,,
QR-008,3,not_observable,EV-03-SCEN-QR-008-127-01,No observation was recorded for the scenarios of this requirement.,"The existing GET / only opens a generic page or health endpoint; no scenario-specific setup or target interaction was defined. Missing observation: The site adapts to the screen size and input method, remains usable on desktop, mobile, phone, and tablet, and core actions can be completed without horizontal overflow or unusable controls. The target action was not executed; this is an observation limitation, not a software failure.",accept,,,,,
QR-009,3,not_observable,EV-03-SCEN-QR-009-128-01,No observation was recorded for the scenarios of this requirement.,"The existing GET / only opens a generic page or health endpoint; no scenario-specific setup or target interaction was defined. Missing observation: Important sales functions remain available where possible, affected features show a graceful limitation or fallback, and the system does not completely shut down when only part of the service is unavailable. The target action was not executed; this is an observation limitation, not a software failure.",accept,,,,,
QR-010,3,not_observable,EV-03-SCEN-QR-010-129-01,"No required branch was established. The checkout request was rejected because the cart was empty, before payment submission was reached. The empty-cart message does not demonstrate a success or failure message after payment submission.",No payment submission or immediately following response was observed.,accept,,,,,
QR-011,3,not_observable,EV-03-SCEN-QR-011-130-01,"No payment-failure message obligation was exercised. Checkout stopped at an empty-cart check and displayed “Your cart is empty,” not a payment failure.","Messages for card issues, declined transactions, and system issues remain untested.",accept,,,,,
QR-012,3,not_observable,EV-03-SCEN-QR-012-131-01,No observation was recorded for the scenarios of this requirement.,"The previous GET /admin read a generic dashboard or state dump without exercising this requirement: The system shall provide customer-facing confirmation information immediately after checkout. No replay of its target action or specific observation is defined. This is an observation limitation, not evidence that the delivered feature failed.",accept,,,,,
QR-013,3,observed_satisfied,EV-03-SCEN-QR-013-132-01,"The blocked cart-add response clearly says “Cannot add item: Out of stock,” explaining both the product’s unavailability and the cart block.",,accept,,,,,
QR-014,3,not_observable,EV-03-SCEN-QR-014-133-01,"The response reports a successful import, but neither required obligation is established: it does not show whether onboarding changes left the live catalog undisturbed or whether a failed import can be rolled back.",No live-catalog comparison or failed-import rollback was observed.,accept,,,,,
QR-015,3,not_observable,EV-03-SCEN-QR-015-134-01,"The response reports that one row was imported, but no complete required obligation is established: it does not show which onboarding rules were applied or whether existing products remained unaffected.",Consistent application of the new rules to new loads and preservation of products already in the system remain untested.,accept,,,,,
QR-016,3,not_observable,EV-03-SCEN-QR-016-135-01,No observation was recorded for the scenarios of this requirement.,"The previous GET /admin read a generic dashboard or state dump without exercising this requirement: The system shall allow a new store operator to perform basic administrative tasks from the web interface without technical setup. No replay of its target action or specific observation is defined. This is an observation limitation, not evidence that the delivered feature failed.",accept,,,,,
EX-001,3,not_observable,EV-03-SCEN-EX-001-136-01,"No required branch was established. Checkout was rejected because the cart was empty, before any failed or partially completed payment was observed.",Whether an order remains unconfirmed after a failed or partially completed payment is untested.,accept,,,,,
EX-002,3,not_observable,EV-03-SCEN-EX-002-137-01,"No required branch was exercised. The recorded product creation submitted no image upload, so its successful save does not establish what happens when an upload fails or is invalid.","Neither a failed nor an invalid image upload was tested, and no resulting product image record was inspected.",accept,,,,,
EX-003,3,not_observable,EV-03-SCEN-EX-003-138-01,"No required branch was established. Checkout stopped because the cart was empty, not because no delivery method was available for the shipping address.","Delivery-method availability for the address was not established, so the required checkout stop under that condition remains untested.",accept,,,,,
EX-004,3,not_observable,EV-03-SCEN-EX-004-139-01,"None of the required behavior was observed. The recorded cart was empty, so it did not establish a cart exceeding limits or a checkout block.","No over-limit cart, checkout attempt, or checkout after correction was recorded.",accept,,,,,
EX-005,3,not_observable,EV-03-SCEN-EX-005-140-01,No observation was recorded for the scenarios of this requirement.,"The previous GET /admin read a generic dashboard or state dump without exercising this requirement: If a manual review cannot be quickly verified, the order shall remain on hold until staff can decide or customer action is completed. No replay of its target action or specific observation is defined. This is an observation limitation, not evidence that the delivered feature failed.",accept,,,,,
EX-006,3,not_observable,EV-03-SCEN-EX-006-141-01,No observation was recorded for the scenarios of this requirement.,"The previous GET /admin read a generic dashboard or state dump without exercising this requirement: If an order is invalidly transitioned to fulfillment, the system shall block the transition. No replay of its target action or specific observation is defined. This is an observation limitation, not evidence that the delivered feature failed.",accept,,,,,
FR-001,4,not_observable,EV-04-SCEN-FR-001-07-01,"The staff request set catalog_ready to true, but no complete storefront setup was observed. No required obligation is established.",The evidence does not show that a store operator could set up a storefront.,accept,,,,,
FR-002,4,observed_partial,EV-04-SCEN-FR-002-08-01,"A user successfully created a product, establishing one product-management operation.","No change to an existing product was observed, so ongoing product management remains untested.",accept,,,,,
FR-003,4,observed_satisfied,EV-04-SCEN-FR-003-09-01,"The system created a retail product and returned its name, description, price, and available quantity.",,accept,,,,,
FR-004,4,observed_partial,EV-04-SCEN-FR-004-10-01,"The recorded request successfully added a product. Because the complete request shows no acting-role protocol, this demonstrates a publicly available add operation that staff can use.",Updating an existing product was not tested.,accept,,,,,
FR-005,4,not_observable,EV-04-SCEN-FR-005-11-01,No required account-management operation was observed. The audit endpoint returned an empty list.,Staff creation or management of customer accounts was not tested.,accept,,,,,
FR-006,4,not_observable,EV-04-SCEN-FR-006-12-01,"The public products endpoint returned an empty list. No complete browsing, category, or filtering obligation was demonstrated.",Browsing products through clear categories and simple filtering remains untested.,accept,,,,,
FR-007,4,not_observable,EV-04-SCEN-FR-007-13-01,No cart-maintenance operation was established. The attempted item addition was rejected because the product was not found; the evidence does not show that product-1 existed.,Adding a valid product and changing or removing existing cart contents remain untested.,accept,,,,,
FR-008,4,not_observable,EV-04-SCEN-FR-008-14-01,No order-placement capability was established or refuted. The recorded checkout attempt was rejected because the cart was empty.,"Checkout with a prepared, nonempty cart and a completed order outcome was not observed.",accept,,,,,
FR-009,4,observed_satisfied,EV-04-SCEN-FR-009-15-01,The system created a catalog product from manually entered product details and returned the new product record. This establishes manual-entry onboarding.,"File import was not tested, and the evidence does not establish that file import is supported, so its conditional obligation was not triggered.",accept,,,,,
FR-010,4,not_observable,EV-04-SCEN-FR-010-16-01,"A product was created, but no complete required branch is established because the evidence does not show that the catalog was being loaded before the site went live.",The site's go-live state at the time of product creation is unknown.,accept,,,,,
FR-011,4,not_observable,EV-04-SCEN-FR-011-17-01,"No required obligation was established. The product endpoint returned an empty list, so the response did not demonstrate staff reviewing loaded listings.","Review of listing correctness, images, pricing, and availability, and marking the catalog ready for customers, were not exercised.",accept,,,,,
FR-012,4,not_observable,EV-04-SCEN-FR-012-18-01,"A request identifying the actor as staff returned catalog_ready=true, showing that the catalog was marked ready. The evidence does not establish that a review occurred beforehand, so the stated after-review capability is not fully observed.",No review or its timing relative to the ready action was recorded.,accept,,,,,
FR-013,4,not_observable,EV-04-SCEN-FR-013-19-01,The public products request returned an empty list. No complete required browsing or filtering behaviour was observed.,"Browsing by category or search, and narrowing results by price or another filter, were not exercised.",accept,,,,,
FR-014,4,not_observable,EV-04-SCEN-FR-014-20-01,No observation was recorded for the scenarios of this requirement.,"The existing GET / only opens a generic page or health endpoint; no scenario-specific setup or target interaction was defined. Missing observation: The system authenticates the customer securely and sends a password reset path through the supported reset flow without exposing the current password. The target action was not executed; this is an observation limitation, not a software failure.",accept,,,,,
FR-015,4,not_observable,EV-04-SCEN-FR-015-21-01,"No required obligation was established. The request received an “Order not found” response, not a flag for suspicious activity.","No existing order or obviously suspicious activity was established, so the system’s flagging behavior remains untested.",accept,,,,,
FR-016,4,not_observable,EV-04-SCEN-FR-016-22-01,"None of the required obligations was established. The payment request returned “Order not found,” so it did not exercise payment through a trusted provider or show how card details are handled.",Reliance on a trusted payment provider and non-storage of sensitive card details remain untested.,accept,,,,,
FR-017,4,not_observable,EV-04-SCEN-FR-017-23-01,"No required obligation was established. Checkout stopped because the cart was empty, before the system’s collection of personal data for an order could be assessed.",The evidence does not show what personal data the system collects to fulfill an order or whether that collection is limited to what is needed.,accept,,,,,
FR-018,4,not_observable,EV-04-SCEN-FR-018-24-01,"No required behaviour was established. The payment request returned 404 because the order was not found, so it did not show whether a risky transaction would be blocked or reviewed.","No existing transaction identified as risky was exercised, and no block or review outcome was observed.",accept,,,,,
FR-019,4,not_observable,EV-04-SCEN-FR-019-25-01,"An administrative product creation succeeded, but no audit-log entry was observed. None of the required logging behaviour is established.",The evidence does not show whether the administrative change was recorded in an audit log.,accept,,,,,
FR-020,4,not_observable,EV-04-SCEN-FR-020-26-01,"None of the required audit-log fields were established. The audit endpoint returned an empty list, with no recorded change to inspect.","No change and resulting audit entry were observed, so the actor, changed field, timestamp, and before-and-after values remain untested.",accept,,,,,
FR-021,4,not_observable,EV-04-SCEN-FR-021-27-01,None of the required before-and-after recording was observed. The audit endpoint returned an empty list.,"No changes to product price, stock, order status, or customer account status were captured, so the corresponding audit records could not be assessed.",accept,,,,,
FR-022,4,not_observable,EV-04-SCEN-FR-022-28-01,No observation was recorded for the scenarios of this requirement.,"The existing GET / only opens a generic page or health endpoint; no scenario-specific setup or target interaction was defined. Missing observation: The site remains responsive for browsing, and non-urgent actions are slowed down or queued rather than causing the store to fail outright. The target action was not executed; this is an observation limitation, not a software failure.",accept,,,,,
FR-023,4,not_observable,EV-04-SCEN-FR-023-29-01,"No required preservation behavior was observed. The recorded request returned an empty cart, with no cart or order progress to preserve.","No part of the service was shown to be unavailable, and no existing cart or order progress was checked during or after an outage.",accept,,,,,
FR-024,4,not_observable,EV-04-SCEN-FR-024-30-01,None of the required behaviour was observed. The products endpoint returned 200 with an empty list; this does not establish that part of the service was unavailable or that users were told what was affected.,No partial service outage or user-facing explanation of its effects was captured.,accept,,,,,
FR-025,4,not_observable,EV-04-SCEN-FR-025-31-01,None of the required behaviour was established. Checkout was rejected because the cart was empty; this does not show whether an important sales function remains available when admin features are reduced.,No reduced-admin condition or prepared sales operation was observed.,accept,,,,,
FR-026,4,not_observable,EV-04-SCEN-FR-026-32-01,"The product was created with two image filenames in its record, but no complete required obligation was established: the response does not show image files being uploaded or distinguish a main image from additional images.",Image upload and the main-versus-additional image arrangement remain untested.,accept,,,,,
FR-027,4,observed_satisfied,EV-04-SCEN-FR-027-33-01,The system created a product with both a JPG and a PNG image reference and returned both in the created product record. This demonstrates that the recorded product interface allows both formats.,,accept,,,,,
FR-028,4,not_observable,EV-04-SCEN-FR-028-34-01,No required branch was exercised. The recorded request created a product without uploading an image.,"There is no observed failed or invalid image upload, so clear rejection, ability to retry, and prevention of a broken product record remain untested.",accept,,,,,
FR-029,4,not_observable,EV-04-SCEN-FR-029-35-01,"None of the required behavior was observed: the product list was empty, so no product with a missing image was exercised.",Whether such a product remains available and displays a default placeholder is untested.,accept,,,,,
FR-030,4,not_observable,EV-04-SCEN-FR-030-36-01,"No required branch was established. The cart request was rejected because the product was not found, not because of its active or available-for-sale status.",The evidence does not establish a product's status or show whether a purchase succeeds when both conditions hold or is blocked when either does not.,accept,,,,,
FR-031,4,not_observable,EV-04-SCEN-FR-031-37-01,"No required branch was established. The cart request returned “Product not found,” so the response does not show whether stock control was in use or whether a product with invalid stock was blocked because of its stock.","No existing product with recorded stock status was exercised, and the valid-stock purchase branch remains untested.",accept,,,,,
FR-032,4,not_observable,EV-04-SCEN-FR-032-38-01,"A product was created at a price of 29.99, but no required obligation was exercised: no price change, new cart, new order, or previously placed order was observed.",It remains unknown whether a changed price applies to new carts and orders while leaving already placed orders unchanged.,accept,,,,,
FR-033,4,not_observable,EV-04-SCEN-FR-033-39-01,"None of the required behaviour was observed. The product list was empty, so it did not show how an out-of-stock or not-yet-available product is presented.","No product in either condition was observed, and no checkout attempt for such a product was recorded.",accept,,,,,
FR-034,4,not_observable,EV-04-SCEN-FR-034-40-01,"No minimum- or maximum-quantity behavior was established. The quantity-99 request was rejected because the product was not found, not because of a quantity limit.","No existing product or configured quantity bounds were observed, so enforcement of either bound remains untested.",accept,,,,,
FR-035,4,not_observable,EV-04-SCEN-FR-035-41-01,None of the required behaviour was established. The response shows only an empty cart with a zero total; it does not show support for a maximum order quantity or value.,"No maximum was configured or read back, and no order was tested against a maximum.",accept,,,,,
FR-036,4,not_observable,EV-04-SCEN-FR-036-42-01,"None of the required behaviour was observed. The recorded cart was empty, so it did not establish that a quantity or value limit had been exceeded.",No over-limit cart was tested; whether the system flags it before checkout and specifies what the customer must adjust remains unknown.,accept,,,,,
FR-037,4,not_observable,EV-04-SCEN-FR-037-43-01,None of the required behavior was observed. The recorded request created a product from JSON; it did not establish whether file import is supported or import an initial catalog from an existing file.,"File-import support and, if supported, initial catalog import remain untested.",accept,,,,,
FR-038,4,not_observable,EV-04-SCEN-FR-038-44-01,None of the required migration behavior was observed. The recorded request created a product; it did not exercise migration of a record that maps ambiguously.,Whether the system reports records that do not map cleanly for manual review instead of guessing remains untested.,accept,,,,,
FR-039,4,not_observable,EV-04-SCEN-FR-039-45-01,"None of the required behaviour was observed. The recorded request created a populated product, not an incomplete legacy product.",No incomplete legacy product was observed being skipped or marked as needing attention until corrected.,accept,,,,,
FR-040,4,not_observable,EV-04-SCEN-FR-040-46-01,No required obligation was established. The audit endpoint returned an empty list; it did not show a legacy product record available for manual review or a review performed by a store admin or designated catalog owner.,Manual review of a legacy product record by either eligible actor remains untested.,accept,,,,,
FR-041,4,not_observable,EV-04-SCEN-FR-041-47-01,None of the required manual-review behavior was observed. The recorded response shows only product creation.,"No manual review record, pending or in-review status, or note about missing or inconsistent information was observed.",accept,,,,,
FR-042,4,not_observable,EV-04-SCEN-FR-042-48-01,"The products request returned an empty list. No record under manual review was observed, so none of the required hiding or publication restrictions was exercised.",It remains unknown whether a record under manual review is hidden from customers or blocked from publication until its required fields are fixed and someone approves it.,accept,,,,,
FR-043,4,not_observable,EV-04-SCEN-FR-043-49-01,"The products endpoint returned an empty list. No required obligation was established: the response does not demonstrate category browsing, search, descriptions, or filtering.",Category or search browsing and guidance of broad searches toward relevant items remain untested.,accept,,,,,
FR-044,4,not_observable,EV-04-SCEN-FR-044-50-01,None of the required behavior was observed. The audit endpoint returned an empty list; no customer request to suspend or delete an account was recorded or processed.,Processing of both suspension and deletion requests remains untested.,accept,,,,,
FR-045,4,not_observable,EV-04-SCEN-FR-045-51-01,None of the required behaviour was observed. The audit request returned an empty list; it did not show a customer account being suspended or when a suspension took effect.,"No suspension request, resulting account state, or timing of its effect was recorded.",accept,,,,,
FR-046,4,not_observable,EV-04-SCEN-FR-046-52-01,None of the required deletion-delay branches was exercised. The empty audit response does not show an account deletion request or whether deletion was delayed.,"Deletion behavior remains untested for active orders, payment issues, legal recordkeeping, return or refund cases, unresolved support cases, and order history needed for customer service or accounting.",accept,,,,,
FR-047,4,not_observable,EV-04-SCEN-FR-047-53-01,"No required behavior was observed. The audit endpoint returned an empty list, with no recorded customer deletion exception or admin handling.",Whether an admin handles a deletion request that cannot be processed automatically remains untested.,accept,,,,,
FR-048,4,not_observable,EV-04-SCEN-FR-048-54-01,None of the required behavior was observed. The audit endpoint returned an empty list; no customer account request was submitted or assessed as uncertain.,Routing to an admin review queue and preventing suspension or deletion pending review were not tested.,accept,,,,,
FR-049,4,not_observable,EV-04-SCEN-FR-049-55-01,None of the required behavior was observed. The audit response was empty and showed no customer record or review status.,"No customer record with incomplete required fields or inconsistent data was tested, and no correction or resulting status was observed.",accept,,,,,
FR-050,4,not_observable,EV-04-SCEN-FR-050-56-01,None of the required behavior was observed. The audit response was empty; it does not show an incomplete customer record or whether that record was hidden from the customer.,No potentially problematic incomplete customer record or customer-facing visibility check was recorded.,accept,,,,,
FR-051,4,not_observable,EV-04-SCEN-FR-051-57-01,No required obligation or condition branch was observed. The audit request returned an empty list; it shows no customer record going live or being blocked.,The evidence does not show whether customer data was checked against requirements or whether an admin or authorized staff member approved a record before it went live.,accept,,,,,
FR-052,4,not_observable,EV-04-SCEN-FR-052-58-01,"None of the required behavior was exercised. The recorded cart was empty, so it did not show a shopper exceeding a customer-specific limit.",Whether the cart flags an exceeded limit and blocks checkout until the quantity is reduced or the item is removed remains untested.,accept,,,,,
FR-053,4,not_observable,EV-04-SCEN-FR-053-59-01,None of the required post-checkout details were observed. The only order request returned 404 because the order was not found.,"No completed checkout or existing order was recorded, so the display of the order number, items, quantities, totals, applicable taxes or fees, shipping details, and payment status remains untested.",accept,,,,,
FR-054,4,not_observable,EV-04-SCEN-FR-054-60-01,No order confirmation or email delivery was observed. Checkout stopped because the cart was empty.,The evidence does not show a completed order or whether its confirmation was sent by email.,accept,,,,,
FR-055,4,not_observable,EV-04-SCEN-FR-055-61-01,"None of the required branches was established. The product-list request returned an empty list, so it showed neither an affected product remaining visible nor a purchase being blocked.","Visibility and non-purchasability remain untested for products with a missing price, an invalid price, or unavailable inventory under stock control.",accept,,,,,
FR-056,4,not_observable,EV-04-SCEN-FR-056-62-01,"None of the required behaviours was established. The add-to-cart request returned “Product not found,” but the evidence does not establish that the product existed and was not purchasable.","Blocking add-to-cart and checkout for a known non-purchasable product, and showing a clear explanation for each, remain untested.",accept,,,,,
FR-057,4,not_observable,EV-04-SCEN-FR-057-63-01,"No shipping-address validation branch was established. The checkout request contained missing address components, but the response rejected it because the cart was empty.",It remains unknown whether checkout detects missing or invalid address components when it reaches address validation.,accept,,,,,
FR-058,4,not_observable,EV-04-SCEN-FR-058-64-01,"No required behaviour was established. The checkout request was rejected because the cart was empty, before any delivery options were shown.",Delivery options for different customer locations were not observed or compared.,accept,,,,,
FR-059,4,not_observable,EV-04-SCEN-FR-059-65-01,"No required branch was established. Checkout stopped because the cart was empty, not because no delivery method was available for the shipping address.",The evidence does not establish delivery-method availability for the address or show whether checkout would stop with an instruction to change the address or contact support when none is available.,accept,,,,,
FR-060,4,not_observable,EV-04-SCEN-FR-060-66-01,None of the required payment-step behaviours was established. The payment request returned 404 because the order was not found.,"No existing order or payment step was observed, so the customer's ability to choose a method and confirm the amount before finalization remains untested.",accept,,,,,
FR-061,4,not_observable,EV-04-SCEN-FR-061-67-01,"No required branch was observed. The payment request returned “Order not found,” so the response does not show a message following payment submission.",No existing order or completed payment submission was recorded; immediate success and failure messages remain untested.,accept,,,,,
FR-062,4,not_observable,EV-04-SCEN-FR-062-68-01,"No required branch was exercised: the payment request returned “Order not found,” so the response does not show how the system handles a failed payment.","Payment failure for an existing order, the resulting next-step explanation, and whether the customer can continue without starting over remain untested.",accept,,,,,
FR-063,4,not_observable,EV-04-SCEN-FR-063-69-01,"No required obligation was established. The payment request returned “Order not found,” so successful payment was not observed.",The record does not show whether a successful payment immediately moves an order to confirmation or informs the customer that the purchase is complete.,accept,,,,,
FR-064,4,not_observable,EV-04-SCEN-FR-064-70-01,"None of the required options was exercised. The attempted payment returned 'Order not found', so the response does not show what happens when payment fails for an existing order.","There is no recorded payment failure for an existing order, or attempt to retry payment, choose another method, or return to review the order.",accept,,,,,
FR-065,4,not_observable,EV-04-SCEN-FR-065-71-01,"No required branch was established. The payment request returned “Order not found,” so it did not exercise a partially completed payment or the order’s confirmation state.",No existing order with a partial payment was observed; whether confirmation is withheld until the full amount is resolved remains unknown.,accept,,,,,
FR-066,4,not_observable,EV-04-SCEN-FR-066-72-01,"No required obligation was established. The request for order-1 returned 404, and the evidence does not show that order-1 existed.","No order creation or initial status was observed, so whether an order starts as pending while payment and availability are checked remains unknown.",accept,,,,,
FR-067,4,not_observable,EV-04-SCEN-FR-067-73-01,"No required branch was established. The status-change request returned “Order not found,” so it did not exercise a transition into fulfillment.","No existing order was established, and the evidence does not show accepted payment, an ended review, confirmed item availability, or a fulfillment transition.",accept,,,,,
FR-068,4,not_observable,EV-04-SCEN-FR-068-74-01,"None of the required condition branches was established. The attempted status change returned “Order not found,” so it did not exercise whether an existing order waits rather than proceeding to picking and packing.","No existing order was shown with an out-of-stock item, unresolved payment, or open staff review. The order’s waiting or picking-and-packing outcome remains unknown for each condition.",accept,,,,,
FR-069,4,not_observable,EV-04-SCEN-FR-069-75-01,No required manual-review behavior was established. The request to mark order-1 for review returned 404 because the order was not found; the record does not show that order-1 existed.,"Manual review remains untested for orders with suspicious payment activity, mismatched customer and shipping details, unusual size, or policy exceptions.",accept,,,,,
FR-070,4,not_observable,EV-04-SCEN-FR-070-76-01,"No required obligation or condition branch was established. The attempt to set order-1 to review returned “Order not found,” so it did not exercise approval after manual review or a message to the customer.",Whether an approved order results in the customer being told it is confirmed and moving ahead remains untested.,accept,,,,,
FR-071,4,not_observable,EV-04-SCEN-FR-071-77-01,"No required branch was established. The status request returned 'Order not found,' so the evidence does not show an existing order remaining on hold after manual review or a message to its customer.",Whether a customer is told that an order remains under review and that no action may be needed is untested.,accept,,,,,
FR-072,4,not_observable,EV-04-SCEN-FR-072-78-01,"No required obligation was established. The status-change request returned “Order not found,” so it did not show an order rejected after manual review or a message to its customer.","The response to a manual-review rejection, including notice that the order cannot be completed and any appropriate advice to retry or contact support, remains untested.",accept,,,,,
FR-073,4,not_observable,EV-04-SCEN-FR-073-79-01,"No required branch was established. The status request returned “Order not found,” so it did not show what happens when staff cannot quickly verify a manual review issue.","No existing order with an unverifiable manual review issue was observed, and whether such an order remains on hold is unknown.",accept,,,,,
FR-074,4,not_observable,EV-04-SCEN-FR-074-80-01,"No required behavior was observed. The order lookup returned 404, so the evidence does not establish a manual review in which missing information must come from the customer.",Whether the system sends such an order back for customer action with clear instructions remains untested.,accept,,,,,
FR-075,4,not_observable,EV-04-SCEN-FR-075-81-01,"None of the required behavior was observed. The status request returned “Order not found,” so it did not establish an order with an internal manual-review issue needing investigation.",Whether such an order stays on hold until staff can approve or reject it remains untested.,accept,,,,,
FR-076,4,not_observable,EV-04-SCEN-FR-076-82-01,"No required branch was established. The status-change request returned 404 because the order was not found, so the response does not show whether the requested change matched the order's real state.","Status changes on an existing order, including changes that match and do not match its real state, remain untested.",accept,,,,,
FR-077,4,not_observable,EV-04-SCEN-FR-077-83-01,"No required obligation was established. The status-change request returned “Order not found,” so it did not exercise an invalid transition on an existing order.",Whether the web interface blocks invalid order status transitions and explains the reason in plain language remains untested.,accept,,,,,
FR-078,4,not_observable,EV-04-SCEN-FR-078-84-01,"No required branch was established. The status-change request returned “Order not found,” so it did not test whether an unpaid order could be moved into fulfillment.",The evidence does not establish an existing unpaid order or a status-change outcome for one.,accept,,,,,
FR-079,4,not_observable,EV-04-SCEN-FR-079-85-01,"No required branch was established. The attempted status change returned 404 because the order was not found, so it does not show how a canceled order is handled.",Whether an existing canceled order can return to normal processing without a deliberate reopen action remains untested.,accept,,,,,
FR-080,4,not_observable,EV-04-SCEN-FR-080-86-01,"The admin request changed a catalog business setting, and the response showed the requested catalog_ready value as true. This establishes that the recorded setting can be configured through the delivered interface.","The record does not establish whether catalog readiness is a frequent, low-risk change or show configuration of a change known to have those characteristics.",accept,,,,,
FR-081,4,not_observable,EV-04-SCEN-FR-081-87-01,"None of the required change categories was exercised. The recorded request changed catalog readiness, but does not show a change affecting the core checkout flow, security, or a major new capability.",The evidence does not show whether changes in those categories require code changes and new releases.,accept,,,,,
FR-082,4,not_observable,EV-04-SCEN-FR-082-88-01,No required import capability was established. The recorded request created one product from JSON; it did not import a CSV or Excel file through the web interface.,File import through the web interface remains untested.,accept,,,,,
FR-083,4,not_observable,EV-04-SCEN-FR-083-89-01,No required obligation was established. The recorded request created a product directly; it did not import a row or show validation before an imported row went live.,Validation and go-live behavior for imported rows remain untested.,accept,,,,,
FR-084,4,not_observable,EV-04-SCEN-FR-084-90-01,"An existing product was created, but no required obligation was exercised: the evidence does not show an imported row conflicting with that product or how the system handled such a row.",Conflict detection and stopping or flagging the imported row remain untested.,accept,,,,,
FR-085,4,not_observable,EV-04-SCEN-FR-085-91-01,"The recorded product creation is a contextual fact; it establishes neither required obligation. No automatic sync, validation before going live, or mismatch report was observed.",Both prevention of unvalidated unexpected changes going live and clear mismatch reporting remain untested.,accept,,,,,
FR-086,4,not_observable,EV-04-SCEN-FR-086-92-01,None of the required import-failure behaviours were exercised. The recorded request created a single product; it did not attempt an import that failed partway through.,"No evidence shows whether a partial failure imports only clean rows with a clear failure report, or stops a critical-data import and leaves everything unchanged.",accept,,,,,
FR-087,4,not_observable,EV-04-SCEN-FR-087-93-01,"No required obligation was established. The status-change request returned “Order not found,” and the evidence does not establish that order-1 existed.",Changing an existing order’s status through the web interface remains untested.,accept,,,,,
FR-088,4,not_observable,EV-04-SCEN-FR-088-94-01,"No required capability was established or refuted. The request returned “Order not found,” so it did not exercise viewing the status of an order already being prepared for delivery.","The evidence does not establish that order-1 existed, belonged to a customer, or was being prepared for delivery.",accept,,,,,
FR-089,4,not_observable,EV-04-SCEN-FR-089-95-01,No required obligation was established. The request to add an item returned “Product not found”; it did not exercise a cart item becoming unavailable or a prompt before checkout.,"No existing cart item was shown to become unavailable, and no pre-checkout prompt to remove or update one was observed.",accept,,,,,
BR-001,4,not_observable,EV-04-SCEN-BR-001-96-01,"No required branch was established. The product list was empty, so the response shows neither visibility nor purchase restrictions for a product with a missing or invalid price or unavailable inventory.","No product in any stated condition was observed, and no purchase was attempted.",accept,,,,,
BR-002,4,not_observable,EV-04-SCEN-BR-002-97-01,"No required branch was established. The cart request was rejected because the product was not found, not because its stock was invalid.","The evidence does not establish that stock control was in use, that the product existed, or how a purchase with invalid stock would be handled.",accept,,,,,
BR-003,4,not_observable,EV-04-SCEN-BR-003-98-01,"None of the required branches was established. The cart request was rejected because the product was not found, not because a recorded product was out of stock or not yet available.","No existing product was shown to meet either condition, and checkout prevention for such a product was not observed.",accept,,,,,
BR-004,4,not_observable,EV-04-SCEN-BR-004-99-01,"No required branch was established. The add-to-cart request was rejected because the product was not found, not because a product shown as unavailable was blocked.",The evidence does not establish that the product was shown as unavailable. Blocking of add-to-cart for such a product and blocking of checkout remain untested.,accept,,,,,
BR-005,4,not_observable,EV-04-SCEN-BR-005-100-01,"No required obligation was established or violated. The payment request returned “Order not found,” so it did not exercise payment-card handling or show what the system stores.",Whether the system stores full payment card details remains untested.,accept,,,,,
BR-006,4,not_observable,EV-04-SCEN-BR-006-101-01,"No required access restriction was established or violated. The unauthenticated request returned an empty audit list, not sensitive customer data.",Access to sensitive customer data by authorized staff and by users lacking authorization or a need to know was not exercised.,accept,,,,,
BR-007,4,not_observable,EV-04-SCEN-BR-007-102-01,"None of the required access branches was exercised. The only captured response is an empty audit list; it shows no contact or order details, sensitive information, acting role, or case assignment.","Sales staff access to normal details and assigned support or admin access to sensitive information remain untested, as do the restrictions on other users and unassigned cases.",accept,,,,,
BR-008,4,not_observable,EV-04-SCEN-BR-008-103-01,"No required obligation was established. Checkout stopped because the cart was empty, so the response does not show what contact or shipping information the system keeps for an order.","No completed order or retained contact and shipping information was observed, so whether the system keeps only the minimum needed remains unknown.",accept,,,,,
BR-009,4,not_observable,EV-04-SCEN-BR-009-104-01,"The unauthenticated audit request returned an empty list. No sensitive data or access restriction was observed, so no required comparison was established.","The evidence does not show access to sensitive data, access to normal store data, or a policy against which their restrictions can be compared.",accept,,,,,
BR-010,4,not_observable,EV-04-SCEN-BR-010-105-01,No deletion request was observed. The empty audit response does not establish whether deletion is delayed or blocked under any stated condition; no required branch was met or violated.,"Deletion behavior remains untested for active orders, payment issues, legal recordkeeping, return cases, refund cases, unresolved support cases, and required order history.",accept,,,,,
BR-011,4,not_observable,EV-04-SCEN-BR-011-106-01,None of the stated approval behaviour was observed. The audit endpoint returned an empty list; no customer account request or admin-approval decision was recorded.,"Whether requests involving unresolved disputes, suspicious activity, or a conflict with an open order or refund can require admin approval remains untested.",accept,,,,,
BR-012,4,not_observable,EV-04-SCEN-BR-012-107-01,None of the required behaviour was observed. The empty audit response does not show a customer account request or a determination that it was unsafe to proceed.,"No account request with an uncertain safety determination, or resulting admin-review routing, was recorded.",accept,,,,,
BR-013,4,not_observable,EV-04-SCEN-BR-013-108-01,"No required branch was established. The cart request returned “Product not found,” so it did not test whether a product marked active and available for sale could be purchased or whether a product lacking either condition was blocked.","The record does not establish the product’s existence, active status, or availability for sale, and no purchase outcome was observed.",accept,,,,,
BR-014,4,not_observable,EV-04-SCEN-BR-014-109-01,None of the required price-change behavior was established. The only recorded order lookup returned 404 because the order was not found.,"No price change, new cart, new order, or previously placed order was observed, so the effect of a price change on each remains unknown.",accept,,,,,
BR-015,4,not_observable,EV-04-SCEN-BR-015-110-01,"No required branch was exercised. The recorded cart was empty, so it did not establish a quantity or value limit being exceeded, and no checkout was attempted.",Whether checkout is blocked for an over-limit cart until the customer adjusts it remains untested.,accept,,,,,
BR-016,4,not_observable,EV-04-SCEN-BR-016-111-01,"No required branch was established. The submitted address had empty fields, and checkout stopped because the cart was empty; it did not exercise a technically valid address that conflicts with a shipping-method or carrier rule.",Whether the system warns the customer about such a conflict and allows them to choose a different option or address remains untested.,accept,,,,,
BR-017,4,not_observable,EV-04-SCEN-BR-017-112-01,"No shipping-address validation branch was established. The checkout request contained missing address fields, but the response rejected it because the cart was empty.","The empty-cart check prevented observation of whether missing street, city, postal code, or country would be detected.",accept,,,,,
BR-018,4,not_observable,EV-04-SCEN-BR-018-113-01,No required obligation or branch was established. The recorded response says only that the order was not found; it is not a customer-facing manual review message.,"No customer-facing manual review message was observed, so whether such messages expose internal fraud or security details remains unknown.",accept,,,,,
BR-019,4,not_observable,EV-04-SCEN-BR-019-114-01,"No required logging obligation is established. The audit endpoint returned an empty list, which does not show whether administrative actions, sensitive access, or record views are logged with who viewed what and why.",No relevant action or record view was paired with an observable audit entry or a demonstrated failure to log it.,accept,,,,,
BR-020,4,not_observable,EV-04-SCEN-BR-020-115-01,No required branch was exercised. The product was created without an image upload; its response shows an empty images list. This does not test whether a product with a broken image upload can be saved.,No broken image upload or resulting save attempt was recorded.,accept,,,,,
DI-001,4,not_observable,EV-04-SCEN-DI-001-116-01,"No payment-processing obligation was established. The payment request returned 404 because the order was not found, so it did not reach payment processing.",Whether the system uses a trusted payment provider for payment processing remains untested.,accept,,,,,
DI-002,4,not_observable,EV-04-SCEN-DI-002-117-01,"No required email-confirmation behavior was observed. Checkout stopped with a 'Cart is empty' error, so no order was placed.",Whether the system can send an order confirmation by email remains untested.,accept,,,,,
DI-003,4,not_observable,EV-04-SCEN-DI-003-118-01,None of the required file-import behaviour was observed. The recorded request created one product from JSON; it did not import product data from a CSV or Excel file.,Importing a product file through the web interface remains untested.,accept,,,,,
DI-004,4,not_observable,EV-04-SCEN-DI-004-119-01,None of the required migration behavior was observed. The request created a product directly; it did not show product data being migrated from a legacy system.,"Whether legacy product data exists, and whether the system can migrate it, remain untested.",accept,,,,,
QR-001,4,not_observable,EV-04-SCEN-QR-001-120-01,"No required usability outcome was established. The recorded JSON request successfully created a product, but it does not show whether a new store owner with little technical knowledge could operate the system.","Ease of use for new, nontechnical store owners was not assessed.",accept,,,,,
QR-002,4,not_observable,EV-04-SCEN-QR-002-121-01,"No complete core store operation was shown to succeed or fail. The cart request returned “Product not found,” but the evidence does not establish that product-1 existed, so this response does not demonstrate a reliability failure.","Reliability of core store operations remains untested with a prepared, existing product.",accept,,,,,
QR-003,4,not_observable,EV-04-SCEN-QR-003-122-01,"A single product-browsing request returned HTTP 200, but no required concurrent-browsing responsiveness was exercised.",Responsiveness while more people browse at once remains untested.,accept,,,,,
QR-004,4,not_observable,EV-04-SCEN-QR-004-123-01,No observation was recorded for the scenarios of this requirement.,"The existing GET / only opens a generic page or health endpoint; no scenario-specific setup or target interaction was defined. Missing observation: The store does not fail outright; non-urgent actions are delayed, queued, or shown as temporarily pending, while core browsing and shopping remain available or degrade gracefully with clear feedback. The target action was not executed; this is an observation limitation, not a software failure.",accept,,,,,
QR-005,4,not_observable,EV-04-SCEN-QR-005-124-01,None of the required behaviour was established. The recorded request created a product; it did not exercise import or data review validation or feedback.,Validation and feedback for import and data review activities remain untested.,accept,,,,,
QR-006,4,not_observable,EV-04-SCEN-QR-006-125-01,"No required branch was exercised. The status-change request returned “Order not found,” so it did not test an invalid status transition or a blocked purchase.",The clarity of error messages for invalid status transitions and blocked purchases remains untested.,accept,,,,,
QR-007,4,not_observable,EV-04-SCEN-QR-007-126-01,No observation was recorded for the scenarios of this requirement.,"The existing GET / only opens a generic page or health endpoint; no scenario-specific setup or target interaction was defined. Missing observation: The store interface renders correctly and the core shopping flow works in each of the supported browsers without broken layouts or blocked functionality. The target action was not executed; this is an observation limitation, not a software failure.",accept,,,,,
QR-008,4,not_observable,EV-04-SCEN-QR-008-127-01,No observation was recorded for the scenarios of this requirement.,"The existing GET / only opens a generic page or health endpoint; no scenario-specific setup or target interaction was defined. Missing observation: The site adapts to the screen size and input method, remains usable on desktop, mobile, phone, and tablet, and core actions can be completed without horizontal overflow or unusable controls. The target action was not executed; this is an observation limitation, not a software failure.",accept,,,,,
QR-009,4,not_observable,EV-04-SCEN-QR-009-128-01; EV-04-SCEN-QR-009-128-02,"None of the required behaviour was established. The product endpoint returned 200 while the service was running, but the evidence does not show partial service unavailability.",Availability of important sales functions during partial service unavailability was not tested.,accept,,,,,
QR-010,4,not_observable,EV-04-SCEN-QR-010-129-01,"None of the required payment-message behaviour was established. The request returned “Order not found,” so it did not reach payment submission for an existing order.","The message immediately following an actual payment submission, whether successful or failed, was not observed.",accept,,,,,
QR-011,4,not_observable,EV-04-SCEN-QR-011-130-01,"No payment-failure message was exercised. The payment request returned “Order not found,” so no required category of payment failure was established.","Messages for card issues, declined transactions, and system issues remain untested.",accept,,,,,
QR-012,4,not_observable,EV-04-SCEN-QR-012-131-01,No required obligation was established. The only recorded request retrieved an order that was not found; it did not exercise checkout or a post-checkout confirmation.,No completed checkout or immediately following customer-facing response was observed.,accept,,,,,
QR-013,4,observed_partial,EV-04-SCEN-QR-013-132-01,"The cart-add request was blocked with the clear message “Product not found,” establishing clear messaging for this cart block.","No existing unavailable product was established, so messaging for unavailable products remains untested. No checkout block was observed.",accept,,,,,
QR-014,4,not_observable,EV-04-SCEN-QR-014-133-01,"Neither required obligation was established. The recorded request created a product, but did not exercise onboarding changes, an import failure, or rollback.",Whether onboarding changes leave the live catalog undisturbed and whether a failed import can be safely rolled back remain untested.,accept,,,,,
QR-015,4,not_observable,EV-04-SCEN-QR-015-134-01,"A product was created, but no complete required obligation was established. The response does not show new onboarding rules being applied consistently to new loads or an existing product continuing to work.","The new rules, their application across new loads, and the effect on products already in the system were not observed.",accept,,,,,
QR-016,4,not_observable,EV-04-SCEN-QR-016-135-01,No required obligation was established. The recorded request returned an empty audit response; it did not show a new store operator performing an administrative task through a web interface.,"No administrative task or operator workflow was exercised, so the ability to use the web interface without technical setup remains unknown.",accept,,,,,
EX-001,4,not_observable,EV-04-SCEN-EX-001-136-01,No required branch was established. The payment request returned 404 because the order was not found; it did not exercise a failed or partially completed payment on an existing order.,Whether an order remains unconfirmed after a failed or partially completed payment is untested.,accept,,,,,
EX-002,4,not_observable,EV-04-SCEN-EX-002-137-01,None of the required conditional behaviour was observed. The product was created without an image; no failed or invalid image upload was exercised.,Whether a product is saved with a broken image record after a failed or invalid upload remains untested.,accept,,,,,
EX-003,4,not_observable,EV-04-SCEN-EX-003-138-01,"No required branch was established. Checkout stopped because the cart was empty, not because no delivery method was available for the shipping address.","Delivery-method availability for the address was not established, so the required checkout restriction remains untested.",accept,,,,,
EX-004,4,not_observable,EV-04-SCEN-EX-004-139-01,"No required branch was exercised. The recorded cart was empty, and no checkout was attempted.","The evidence does not show a cart exceeding limits, a checkout block, or checkout becoming available after correction.",accept,,,,,
EX-005,4,not_observable,EV-04-SCEN-EX-005-140-01,"No required branch was established. The attempt to set order-1 to review returned 404 because the order was not found, so it did not exercise a manual review that could not be quickly verified.","The evidence does not show an existing order entering that condition, remaining on hold, or being released after a staff decision or customer action.",accept,,,,,
EX-006,4,not_observable,EV-04-SCEN-EX-006-141-01,"No required branch was established. The attempted status change returned ""Order not found,"" so the response does not show that the system blocked an invalid transition of an existing order.",Whether an invalid transition to fulfillment is blocked for an existing order remains untested.,accept,,,,,
FR-001,5,not_observable,EV-05-SCEN-FR-001-07-01,"A product was created and appeared in the admin listing, but this does not establish that a store operator could set up a storefront. No complete required obligation was observed.",The evidence does not show a storefront being set up or the resulting storefront.,accept,,,,,
FR-002,5,observed_partial,EV-05-SCEN-FR-002-08-01,"A user created a product, and the redirected admin page listed it. This establishes product creation as one product-management operation.","Changes to an existing product were not tested, so ongoing product management remains unobserved.",accept,,,,,
FR-003,5,observed_partial,EV-05-SCEN-FR-003-09-01,"The created retail product appears in the admin listing with its name, price, and available quantity.","The request supplied a description, but no response or readback shows that the description was stored or is available.",accept,,,,,
FR-004,5,observed_partial,EV-05-SCEN-FR-004-10-01,"The product-add request succeeded, and the redirected admin page lists the new Linen Shirt product. This establishes the add-products obligation.",No update to an existing product was recorded.,accept,,,,,
FR-005,5,not_observable,EV-05-SCEN-FR-005-11-01,No observation was recorded for the scenarios of this requirement.,"The previous GET /admin read a generic dashboard or state dump without exercising this requirement: The system shall allow staff to manage customer accounts. No replay of its target action or specific observation is defined. This is an observation limitation, not evidence that the delivered feature failed.",accept,,,,,
FR-006,5,not_observable,EV-05-SCEN-FR-006-12-01,No observation was recorded for the scenarios of this requirement.,"The existing GET / only opens a generic page or health endpoint; no scenario-specific setup or target interaction was defined. Missing observation: The system displays the matching products only, using clear categories and simple filters that narrow the visible catalog. The target action was not executed; this is an observation limitation, not a software failure.",accept,,,,,
FR-007,5,observed_partial,EV-05-SCEN-FR-007-13-01,"Adding two units to the cart succeeded, and the cart displayed the item and quantity. This establishes one customer cart operation.","Changing or removing existing cart contents was not tested, so ongoing cart maintenance remains unverified.",accept,,,,,
FR-008,5,not_observable,EV-05-SCEN-FR-008-14-01,No order-placement capability was established or refuted. The checkout request had an empty cart and redirected to the cart; this does not test whether a customer can place an order with items.,"Checkout with a prepared, nonempty cart and a completed order outcome were not observed.",accept,,,,,
FR-009,5,observed_satisfied,EV-05-SCEN-FR-009-15-01,Manual product entry is established: the submitted Linen Shirt appears in the admin product catalog with its recorded price and quantity after the redirect. The requirement permits manual entry as an onboarding method.,"File-import support was not established, so the conditional file-import branch cannot be assessed.",accept,,,,,
FR-010,5,observed_satisfied,EV-05-SCEN-FR-010-16-01; EV-05-SCEN-FR-010-16-02,"A product was added to the catalog and appeared in the subsequent admin listing. The operation was performed on a local development server, supporting catalog loading before a production launch.",,accept,,,,,
FR-011,5,not_observable,EV-05-SCEN-FR-011-17-01,No observation was recorded for the scenarios of this requirement.,"The existing GET / only opens a generic page or health endpoint; no scenario-specific setup or target interaction was defined. Missing observation: The system shows the product listings in a review view where staff can verify correctness of images, prices, and availability before approval. The target action was not executed; this is an observation limitation, not a software failure.",accept,,,,,
FR-012,5,not_observable,EV-05-SCEN-FR-012-18-01,"None of the required behavior was observed. The response shows a product was added to the admin catalog, but not that staff marked the catalog ready for customers.",No review or catalog-ready action and outcome was recorded.,accept,,,,,
FR-013,5,not_observable,EV-05-SCEN-FR-013-19-01,No observation was recorded for the scenarios of this requirement.,"The existing GET / only opens a generic page or health endpoint; no scenario-specific setup or target interaction was defined. Missing observation: The system returns only products matching the selected category, search text, and filter criteria, and updates the visible results accordingly. The target action was not executed; this is an observation limitation, not a software failure.",accept,,,,,
FR-014,5,not_observable,EV-05-SCEN-FR-014-20-01,No observation was recorded for the scenarios of this requirement.,"The existing GET / only opens a generic page or health endpoint; no scenario-specific setup or target interaction was defined. Missing observation: The system authenticates the customer securely and sends a password reset path through the supported reset flow without exposing the current password. The target action was not executed; this is an observation limitation, not a software failure.",accept,,,,,
FR-015,5,not_observable,EV-05-SCEN-FR-015-21-01,No observation was recorded for the scenarios of this requirement.,"The previous GET /admin read a generic dashboard or state dump without exercising this requirement: The system shall flag obviously suspicious activity rather than attempting to handle every edge case automatically. No replay of its target action or specific observation is defined. This is an observation limitation, not evidence that the delivered feature failed.",accept,,,,,
FR-016,5,not_observable,EV-05-SCEN-FR-016-22-01,"No required obligation was established. The unprepared payment request returned 404, which does not show whether the system uses a trusted payment provider or stores sensitive card details.",Provider use and card-detail storage remain untested.,accept,,,,,
FR-017,5,not_observable,EV-05-SCEN-FR-017-23-01,"No part of the data-minimization requirement was established. The checkout attempt encountered an empty cart and redirected to the cart, so it did not exercise personal-data collection for an order.",The evidence does not show what personal data the system collects when fulfilling an order or whether each collected item is needed.,accept,,,,,
FR-018,5,not_observable,EV-05-SCEN-FR-018-24-01,"No required behaviour was established. The payment request returned a generic 404, with no evidence that order o1 existed or that a risky transaction reached a payment workflow.",Blocking or review of a transaction identified as risky remains untested.,accept,,,,,
FR-019,5,observed_satisfied,EV-05-SCEN-FR-019-25-01,"The administrative product creation succeeded, and the resulting admin page displayed a timestamped create_product entry in the audit log.",,accept,,,,,
FR-020,5,not_observable,EV-05-SCEN-FR-020-26-01,No observation was recorded for the scenarios of this requirement.,"The previous GET /admin read a generic dashboard or state dump without exercising this requirement: The audit log shall record who made the change, what changed, when it happened, and the before-and-after values for important fields. No replay of its target action or specific observation is defined. This is an observation limitation, not evidence that the delivered feature failed.",accept,,,,,
FR-021,5,not_observable,EV-05-SCEN-FR-021-27-01,No observation was recorded for the scenarios of this requirement.,"The previous GET /admin read a generic dashboard or state dump without exercising this requirement: The system shall record before-and-after values for important fields such as product price, stock, order status, and customer account status. No replay of its target action or specific observation is defined. This is an observation limitation, not evidence that the delivered feature failed.",accept,,,,,
FR-022,5,not_observable,EV-05-SCEN-FR-022-28-01,No observation was recorded for the scenarios of this requirement.,"The existing GET / only opens a generic page or health endpoint; no scenario-specific setup or target interaction was defined. Missing observation: The site remains responsive for browsing, and non-urgent actions are slowed down or queued rather than causing the store to fail outright. The target action was not executed; this is an observation limitation, not a software failure.",accept,,,,,
FR-023,5,not_observable,EV-05-SCEN-FR-023-29-01,None of the required preservation behaviour was observed. The recorded request returned an empty cart while the service was available.,"No cart or order progress was established, and no part of the service was observed to be unavailable, so preservation under that condition remains untested.",accept,,,,,
FR-024,5,not_observable,EV-05-SCEN-FR-024-30-01,No observation was recorded for the scenarios of this requirement.,"The existing GET / only opens a generic page or health endpoint; no scenario-specific setup or target interaction was defined. Missing observation: The system clearly states which feature is unavailable and which parts of the store remain usable, instead of showing a generic failure message. The target action was not executed; this is an observation limitation, not a software failure.",accept,,,,,
FR-025,5,not_observable,EV-05-SCEN-FR-025-31-01,No required branch was established. Checkout redirected an empty cart to the cart page; this does not demonstrate that an important sales function remained usable while admin features were reduced.,No temporary reduction of admin features or usable sales operation under that condition was observed.,accept,,,,,
FR-026,5,not_observable,EV-05-SCEN-FR-026-32-01,None of the required image-upload behaviour was exercised. The recorded request created a product without submitting images.,Uploading one main image and a small number of additional images remains untested.,accept,,,,,
FR-027,5,not_observable,EV-05-SCEN-FR-027-33-01,No image-format obligation was exercised. The recorded product creation request contained no JPG or PNG image.,Acceptance of JPG and PNG images remains untested.,accept,,,,,
FR-028,5,not_observable,EV-05-SCEN-FR-028-34-01,None of the required behaviour was exercised. The recorded request submitted product fields but did not attempt an image upload or provide an invalid file.,"Rejection of a failed or invalid upload, clarity of the rejection, ability to retry, and avoidance of a broken product record remain untested.",accept,,,,,
FR-029,5,observed_unsatisfied,EV-05-SCEN-FR-029-35-01,"The product page exists, but its complete HTML response shows neither a product image nor a default placeholder. The placeholder obligation is not met for the image-less display.",The response does not show whether the product has an image stored in its record.,accept,,,,,
FR-030,5,not_observable,EV-05-SCEN-FR-030-36-01,"None of the required condition branches was established. The response shows Starter Book in a cart, but does not show whether it was marked active or available for sale, or whether a purchase completed.","Purchase outcomes for products with the required markings, and for products lacking either marking, remain untested.",accept,,,,,
FR-031,5,not_observable,EV-05-SCEN-FR-031-37-01,"None of the required stock-control behaviour was established. The cart-add request was rejected because the product was unavailable, but the response does not establish that stock control was in use or that the product had invalid stock.","The product's stock state and whether stock control was in use were not observed, so the rejection cannot be linked to the required restriction.",accept,,,,,
FR-032,5,not_observable,EV-05-SCEN-FR-032-38-01,"None of the required price-change behaviours was exercised. The response shows a product created at 29.99, but no subsequent price change.","No new cart or new order was observed after a price change, and no previously placed order was checked for price stability.",accept,,,,,
FR-033,5,not_observable,EV-05-SCEN-FR-033-39-01,No required branch was exercised. The only observed product had quantity 10 and was shown as purchasable.,"No out-of-stock or not-yet-available product was observed, so neither its unavailable display nor prevention of checkout was tested.",accept,,,,,
FR-034,5,not_observable,EV-05-SCEN-FR-034-40-01,"The cart accepted 50 units of one product, but no minimum or maximum for that product was established. Neither required quantity limit is shown to be supported or violated.","No configured minimum or maximum, or test of either limit, was recorded.",accept,,,,,
FR-035,5,not_observable,EV-05-SCEN-FR-035-41-01,No required obligation was exercised. The response shows only an empty cart with a total of 0; it does not show support for a maximum order quantity or value.,"No maximum was configured or tested against an order, so support for a business-needed limit remains unknown.",accept,,,,,
FR-036,5,not_observable,EV-05-SCEN-FR-036-42-01,None of the required behavior was observed. The recorded cart had a total of 0 and was not shown to exceed a quantity or value limit.,"No over-limit cart was tested, so the evidence does not show whether the system flags the issue before checkout or tells the customer exactly what to adjust.",accept,,,,,
FR-037,5,not_observable,EV-05-SCEN-FR-037-43-01,"A product was added through a form, but this establishes no part of the conditional file-import requirement. The evidence does not show whether file import is supported or an initial catalog imported from an existing file.","File-import support and, if supported, import of the initial catalog remain untested.",accept,,,,,
FR-038,5,not_observable,EV-05-SCEN-FR-038-44-01,None of the requirement's obligations were exercised. The recorded request created a product; it did not show a migration or a record that failed to map cleanly.,Whether unmappable migration records are reported for manual review rather than mapped by automatic guessing remains untested.,accept,,,,,
FR-039,5,not_observable,EV-05-SCEN-FR-039-45-01,None of the required behavior was established. The recorded request created a new product; it did not identify an incomplete legacy product record.,Whether the system skips or marks an incomplete legacy product as needing attention until correction was not tested.,accept,,,,,
FR-040,5,not_observable,EV-05-SCEN-FR-040-46-01,No observation was recorded for the scenarios of this requirement.,"The previous GET /admin read a generic dashboard or state dump without exercising this requirement: The system shall allow manual review of legacy product records by a store admin or designated catalog owner. No replay of its target action or specific observation is defined. This is an observation limitation, not evidence that the delivered feature failed.",accept,,,,,
FR-041,5,not_observable,EV-05-SCEN-FR-041-47-01,"None of the required manual-review tracking behavior was observed. The response shows a product was created and listed, but does not show a manual review record, its status, or notes.","Whether manual review records are tracked as pending or in review, and whether they include notes about missing or inconsistent information, remains untested.",accept,,,,,
FR-042,5,not_observable,EV-05-SCEN-FR-042-48-01,No observation was recorded for the scenarios of this requirement.,"The existing GET / only opens a generic page or health endpoint; no scenario-specific setup or target interaction was defined. Missing observation: The product does not appear in customer-facing search or category listings, and the system blocks publishing until the required fields are corrected and approval is completed. The target action was not executed; this is an observation limitation, not a software failure.",accept,,,,,
FR-043,5,not_observable,EV-05-SCEN-FR-043-49-01,No observation was recorded for the scenarios of this requirement.,"The existing GET / only opens a generic page or health endpoint; no scenario-specific setup or target interaction was defined. Missing observation: The system presents category navigation and search results with clear product descriptions and relevant filters that help the shopper narrow to the correct items. The target action was not executed; this is an observation limitation, not a software failure.",accept,,,,,
FR-044,5,not_observable,EV-05-SCEN-FR-044-50-01,No observation was recorded for the scenarios of this requirement.,"The previous GET /admin read a generic dashboard or state dump without exercising this requirement: The system shall process customer requests to suspend or delete accounts. No replay of its target action or specific observation is defined. This is an observation limitation, not evidence that the delivered feature failed.",accept,,,,,
FR-045,5,not_observable,EV-05-SCEN-FR-045-51-01,No observation was recorded for the scenarios of this requirement.,"The previous GET /admin read a generic dashboard or state dump without exercising this requirement: Customer account suspension shall be immediate in most cases. No replay of its target action or specific observation is defined. This is an observation limitation, not evidence that the delivered feature failed.",accept,,,,,
FR-046,5,not_observable,EV-05-SCEN-FR-046-52-01,No observation was recorded for the scenarios of this requirement.,"The previous GET /admin read a generic dashboard or state dump without exercising this requirement: Customer account deletion shall be delayed when there are active orders, payment issues, legal recordkeeping needs, return cases, refund cases, unresolved support cases, or necessary order history for customer service or accounting. No replay of its target action or specific observation is defined. This is an observation limitation, not evidence that the delivered feature failed.",accept,,,,,
FR-047,5,not_observable,EV-05-SCEN-FR-047-53-01,No observation was recorded for the scenarios of this requirement.,"The previous GET /admin read a generic dashboard or state dump without exercising this requirement: If a customer account deletion request cannot be handled automatically because of an exception, an admin shall handle the exception. No replay of its target action or specific observation is defined. This is an observation limitation, not evidence that the delivered feature failed.",accept,,,,,
FR-048,5,not_observable,EV-05-SCEN-FR-048-54-01,No observation was recorded for the scenarios of this requirement.,"The previous GET /admin read a generic dashboard or state dump without exercising this requirement: If a customer account request is not straightforward or cannot be confidently determined as safe, the system shall route it to an admin review queue before suspension or deletion proceeds. No replay of its target action or specific observation is defined. This is an observation limitation, not evidence that the delivered feature failed.",accept,,,,,
FR-049,5,not_observable,EV-05-SCEN-FR-049-55-01,No observation was recorded for the scenarios of this requirement.,"The previous GET /admin read a generic dashboard or state dump without exercising this requirement: The system shall keep a customer record in review until required fields are complete and inconsistent data is corrected. No replay of its target action or specific observation is defined. This is an observation limitation, not evidence that the delivered feature failed.",accept,,,,,
FR-050,5,not_observable,EV-05-SCEN-FR-050-56-01,No observation was recorded for the scenarios of this requirement.,"The previous GET /admin read a generic dashboard or state dump without exercising this requirement: The system shall keep a customer record hidden from the customer if the incomplete record could cause problems with orders, shipping, or account access. No replay of its target action or specific observation is defined. This is an observation limitation, not evidence that the delivered feature failed.",accept,,,,,
FR-051,5,not_observable,EV-05-SCEN-FR-051-57-01,No observation was recorded for the scenarios of this requirement.,"The previous GET /admin read a generic dashboard or state dump without exercising this requirement: A customer record shall go live only after the data matches requirements and an admin or authorized staff member approves it. No replay of its target action or specific observation is defined. This is an observation limitation, not evidence that the delivered feature failed.",accept,,,,,
FR-052,5,not_observable,EV-05-SCEN-FR-052-58-01,"None of the required behavior was exercised. The recorded cart was empty, so no shopper exceeded a customer-specific limit.","The evidence does not show whether an over-limit cart flags the issue, blocks checkout, or permits checkout after the quantity is reduced or the item is removed.",accept,,,,,
FR-053,5,not_observable,EV-05-SCEN-FR-053-59-01,"No required obligation was established. The request for /order/o1 returned 404, but the evidence does not show a completed checkout or establish that o1 was an existing order.","The post-checkout display of the order number, items, quantities, totals, applicable taxes or fees, shipping details, and payment status remains untested.",accept,,,,,
FR-054,5,not_observable,EV-05-SCEN-FR-054-60-01,"No required obligation was observed. Checkout redirected to an empty cart, so no order confirmation was generated or sent.",Whether an order confirmation is sent by email after a completed order remains untested.,accept,,,,,
FR-055,5,not_observable,EV-05-SCEN-FR-055-61-01,"None of the required condition branches was exercised. The observed product had a valid price and available inventory, so its visibility and purchasability do not establish the required behaviour.","No product with a missing or invalid price, or unavailable inventory under stock control, was observed for both visibility and purchase blocking.",accept,,,,,
FR-056,5,observed_partial,EV-05-SCEN-FR-056-62-01,"The add-to-cart request was blocked with HTTP 400, and the response clearly explained that the product was unavailable and could not be added to the cart.","Blocking checkout for a non-purchasable product, with a clear explanation, was not tested.",accept,,,,,
FR-057,5,not_observable,EV-05-SCEN-FR-057-63-01,"No shipping-address validation branch was established. The checkout request was redirected because the cart was empty, before an address was evaluated.",Validation of missing and invalid shipping-address components remains untested.,accept,,,,,
FR-058,5,not_observable,EV-05-SCEN-FR-058-64-01,No required behaviour was established. Checkout redirected to an empty cart; no customer location or delivery options were shown.,Whether delivery options vary by customer location remains untested.,accept,,,,,
FR-059,5,not_observable,EV-05-SCEN-FR-059-65-01,No required branch was exercised. Checkout redirected because the cart was empty; the response did not assess delivery methods for a shipping address.,Whether checkout stops and tells the customer to change the address or contact support when no delivery method is available remains untested.,accept,,,,,
FR-060,5,not_observable,EV-05-SCEN-FR-060-66-01,"None of the required obligations was established. The recorded request used an order ID with no evidence that the order existed, and its 404 response did not reach a payment step.",The evidence does not show whether a customer can choose a payment method or confirm the amount before payment is finalized.,accept,,,,,
FR-061,5,not_observable,EV-05-SCEN-FR-061-67-01,"No required obligation was established. The POST returned a generic 404, but the record does not establish an existing order or a payment submission through the delivered interface.",Whether the system shows a clear success or failure message immediately after payment submission remains untested.,accept,,,,,
FR-062,5,not_observable,EV-05-SCEN-FR-062-68-01,"No required branch was established. The POST returned a generic 404, but the evidence does not establish an existing order or a failed payment.","The system's guidance after a payment failure, and whether the customer can continue without unnecessarily starting over, remain untested.",accept,,,,,
FR-063,5,not_observable,EV-05-SCEN-FR-063-69-01,"None of the required behaviour was established. The payment request returned 404, but the record does not show that order o1 existed or that payment succeeded.",The order's transition to confirmation and the customer's notification of purchase completion remain untested after a successful payment.,accept,,,,,
FR-064,5,not_observable,EV-05-SCEN-FR-064-70-01,"No required branch was established. The request returned 404, but the evidence does not establish an existing order or a payment that failed.","Retrying payment, choosing another payment method, and returning to review the order after a failed payment remain untested.",accept,,,,,
FR-065,5,not_observable,EV-05-SCEN-FR-065-71-01,"No required branch was established. The recorded payment request returned 404, but the evidence does not show an existing order, a partially completed payment, or an order confirmation outcome.",Whether an order remains unconfirmed while a partial payment is unresolved was not tested.,accept,,,,,
FR-066,5,not_observable,EV-05-SCEN-FR-066-72-01,"No required obligation was established. The request for /order/o1 returned 404, but the evidence does not show that o1 was an existing order.","No order creation, initial pending status, or payment and availability checks were observed.",accept,,,,,
FR-067,5,not_observable,EV-05-SCEN-FR-067-73-01,No observation was recorded for the scenarios of this requirement.,"The previous GET /admin read a generic dashboard or state dump without exercising this requirement: If payment is fully accepted, the order is no longer under review, and items are confirmed available to ship, the order may move into fulfillment. No replay of its target action or specific observation is defined. This is an observation limitation, not evidence that the delivered feature failed.",accept,,,,,
FR-068,5,not_observable,EV-05-SCEN-FR-068-74-01,No observation was recorded for the scenarios of this requirement.,"The previous GET /admin read a generic dashboard or state dump without exercising this requirement: If any item is out of stock, payment is unresolved, or a staff review is still open, the order shall wait and shall not go to picking and packing. No replay of its target action or specific observation is defined. This is an observation limitation, not evidence that the delivered feature failed.",accept,,,,,
FR-069,5,not_observable,EV-05-SCEN-FR-069-75-01,No observation was recorded for the scenarios of this requirement.,"The previous GET /admin read a generic dashboard or state dump without exercising this requirement: The system shall support manual review of orders that have suspicious payment activity, mismatched customer and shipping details, unusual order size, or policy exceptions. No replay of its target action or specific observation is defined. This is an observation limitation, not evidence that the delivered feature failed.",accept,,,,,
FR-070,5,not_observable,EV-05-SCEN-FR-070-76-01,No observation was recorded for the scenarios of this requirement.,"The previous GET /admin read a generic dashboard or state dump without exercising this requirement: If an order is approved after manual review, the customer shall be told the order is confirmed and moving ahead. No replay of its target action or specific observation is defined. This is an observation limitation, not evidence that the delivered feature failed.",accept,,,,,
FR-071,5,not_observable,EV-05-SCEN-FR-071-77-01,No observation was recorded for the scenarios of this requirement.,"The previous GET /admin read a generic dashboard or state dump without exercising this requirement: If an order stays on hold after manual review, the customer shall be told it is still under review and no action may be needed yet. No replay of its target action or specific observation is defined. This is an observation limitation, not evidence that the delivered feature failed.",accept,,,,,
FR-072,5,not_observable,EV-05-SCEN-FR-072-78-01,No observation was recorded for the scenarios of this requirement.,"The previous GET /admin read a generic dashboard or state dump without exercising this requirement: If an order is rejected after manual review, the customer shall be told the order cannot be completed and, if appropriate, whether to try again or contact support. No replay of its target action or specific observation is defined. This is an observation limitation, not evidence that the delivered feature failed.",accept,,,,,
FR-073,5,not_observable,EV-05-SCEN-FR-073-79-01,No observation was recorded for the scenarios of this requirement.,"The previous GET /admin read a generic dashboard or state dump without exercising this requirement: If staff cannot quickly verify a manual review issue, the order shall remain on hold first. No replay of its target action or specific observation is defined. This is an observation limitation, not evidence that the delivered feature failed.",accept,,,,,
FR-074,5,not_observable,EV-05-SCEN-FR-074-80-01,No required branch was established. The GET request returned 404; it did not establish an order in manual review with missing information that must come from the customer.,Whether the system sends such an order back for customer action with clear instructions remains untested.,accept,,,,,
FR-075,5,not_observable,EV-05-SCEN-FR-075-81-01,No observation was recorded for the scenarios of this requirement.,"The previous GET /admin read a generic dashboard or state dump without exercising this requirement: If a manual review issue is internal and still needs investigation, the order shall stay on hold until staff can approve or reject it. No replay of its target action or specific observation is defined. This is an observation limitation, not evidence that the delivered feature failed.",accept,,,,,
FR-076,5,not_observable,EV-05-SCEN-FR-076-82-01,No observation was recorded for the scenarios of this requirement.,"The previous GET /admin read a generic dashboard or state dump without exercising this requirement: The web interface shall allow only order status changes that match the real order state. No replay of its target action or specific observation is defined. This is an observation limitation, not evidence that the delivered feature failed.",accept,,,,,
FR-077,5,not_observable,EV-05-SCEN-FR-077-83-01,No observation was recorded for the scenarios of this requirement.,"The previous GET /admin read a generic dashboard or state dump without exercising this requirement: The web interface shall block invalid order status transitions and explain why in plain language. No replay of its target action or specific observation is defined. This is an observation limitation, not evidence that the delivered feature failed.",accept,,,,,
FR-078,5,not_observable,EV-05-SCEN-FR-078-84-01,No observation was recorded for the scenarios of this requirement.,"The previous GET /admin read a generic dashboard or state dump without exercising this requirement: An unpaid order shall not be moved into fulfillment. No replay of its target action or specific observation is defined. This is an observation limitation, not evidence that the delivered feature failed.",accept,,,,,
FR-079,5,not_observable,EV-05-SCEN-FR-079-85-01,No observation was recorded for the scenarios of this requirement.,"The previous GET /admin read a generic dashboard or state dump without exercising this requirement: A canceled order shall not be moved back into normal processing unless a deliberate reopen action is used. No replay of its target action or specific observation is defined. This is an observation limitation, not evidence that the delivered feature failed.",accept,,,,,
FR-080,5,not_observable,EV-05-SCEN-FR-080-86-01,"None of the required configuration capability was observed. The recorded action created a product through an admin form; it did not show a frequent, low-risk change being made through configuration or business settings.","No configuration or business-setting change, or readback showing such a change took effect, was recorded.",accept,,,,,
FR-081,5,not_observable,EV-05-SCEN-FR-081-87-01,"The recorded action created a product. It does not establish whether changes to the core checkout flow, security, or major new capabilities require code changes and new releases. No required obligation was exercised.","No change in any of the three stated areas, or its code-change and release process, was observed.",accept,,,,,
FR-082,5,not_observable,EV-05-SCEN-FR-082-88-01,"No required import behavior was observed. The recorded web request created a product using form fields, not a CSV or Excel file.",Importing a CSV or Excel file through the web interface was not tested.,accept,,,,,
FR-083,5,not_observable,EV-05-SCEN-FR-083-89-01,No required obligation was established. The recorded action manually created a product; it did not import a row or show validation before an imported row went live.,Validation and go-live behavior for imported rows remain untested.,accept,,,,,
FR-084,5,not_observable,EV-05-SCEN-FR-084-90-01,None of the required conflict-handling behavior was observed. The recorded action created a product; it did not import a row that conflicted with existing product data.,Whether a conflicting imported row is stopped or flagged for review rather than silently overwriting existing data remains untested.,accept,,,,,
FR-085,5,not_observable,EV-05-SCEN-FR-085-91-01,Only manual product creation and its appearance on the admin page were observed. Neither automatic syncing nor a validation or mismatch-reporting branch was exercised; no required obligation was established as met or violated.,It remains unknown whether automatic syncing prevents unexpected changes from going live without validation or provides clear mismatch reporting.,accept,,,,,
FR-086,5,not_observable,EV-05-SCEN-FR-086-92-01,"No required import behavior was exercised. The recorded action created a single product, not an import that failed partway through.",Neither clean-row import with a clear failure report nor a whole-import rollback for a critical data set was tested.,accept,,,,,
FR-087,5,not_observable,EV-05-SCEN-FR-087-93-01,No observation was recorded for the scenarios of this requirement.,"The previous GET /admin read a generic dashboard or state dump without exercising this requirement: The system shall support basic order status changes through the web interface for new store operators. No replay of its target action or specific observation is defined. This is an observation limitation, not evidence that the delivered feature failed.",accept,,,,,
FR-088,5,not_observable,EV-05-SCEN-FR-088-94-01,"No required obligation was established. The request for order o1 returned 404, but the evidence does not establish that o1 was an existing order being prepared for delivery.",Viewing the current status of an existing order being prepared for delivery remains untested.,accept,,,,,
FR-089,5,not_observable,EV-05-SCEN-FR-089-95-01,"No required obligation was observed. The response rejects adding an unavailable product, but does not show a previously added cart item becoming unavailable or a prompt to remove or update it before checkout.",The required cart-item prompt remains untested.,accept,,,,,
BR-001,5,not_observable,EV-05-SCEN-BR-001-96-01,"The product page shows a valid price, available quantity, and an Add to cart button. None of the required missing-price, invalid-price, or unavailable-inventory conditions was observed, so no required branch was established.",Visibility and purchase blocking remain untested under each stated condition.,accept,,,,,
BR-002,5,not_observable,EV-05-SCEN-BR-002-97-01,"No required branch was established. The cart-add request was rejected because the product was unavailable, but the response does not establish that stock control was in use or that the product lacked valid stock.","The stock-control setting and the product's stock were not observed, so the stock-based purchase rule cannot be assessed.",accept,,,,,
BR-003,5,not_observable,EV-05-SCEN-BR-003-98-01,"Neither required condition branch is established. The cart-add request was rejected because the product was described as unavailable, but the response does not establish that it was out of stock or not yet available.","No recorded product state identifies either condition, and no checkout attempt was observed.",accept,,,,,
BR-004,5,observed_partial,EV-05-SCEN-BR-004-99-01,The add-to-cart request was blocked with a response explicitly stating that the product was unavailable and could not be added. This establishes the add-to-cart restriction for an unavailable product.,"No checkout attempt involving an unavailable product was recorded, so the checkout restriction remains untested.",accept,,,,,
BR-005,5,not_observable,EV-05-SCEN-BR-005-100-01,"None of the required behavior was observed. The payment request returned 404, which does not show whether the system stores full payment card details.",No card-detail handling or storage behavior was observed.,accept,,,,,
BR-006,5,not_observable,EV-05-SCEN-BR-006-101-01,No observation was recorded for the scenarios of this requirement.,"The previous GET /admin read a generic dashboard or state dump without exercising this requirement: Sensitive customer data shall be accessible only to authorized staff with a need to know. No replay of its target action or specific observation is defined. This is an observation limitation, not evidence that the delivered feature failed.",accept,,,,,
BR-007,5,not_observable,EV-05-SCEN-BR-007-102-01,No observation was recorded for the scenarios of this requirement.,"The previous GET /admin read a generic dashboard or state dump without exercising this requirement: Sales staff may see normal contact and order details, but only support or admins may see sensitive notes, refund references, or fraud-related flags, and only when assigned to the case. No replay of its target action or specific observation is defined. This is an observation limitation, not evidence that the delivered feature failed.",accept,,,,,
BR-008,5,not_observable,EV-05-SCEN-BR-008-103-01,"None of the requirement was exercised. Checkout redirected to an empty cart, so no order was placed and no contact or shipping information was observed.","The evidence does not show what contact or shipping information the system keeps for an order, or whether it is limited to the minimum needed.",accept,,,,,
BR-009,5,not_observable,EV-05-SCEN-BR-009-104-01,No observation was recorded for the scenarios of this requirement.,"The previous GET /admin read a generic dashboard or state dump without exercising this requirement: Sensitive data shall be handled with tighter access than normal store data. No replay of its target action or specific observation is defined. This is an observation limitation, not evidence that the delivered feature failed.",accept,,,,,
BR-010,5,not_observable,EV-05-SCEN-BR-010-105-01,No observation was recorded for the scenarios of this requirement.,"The previous GET /admin read a generic dashboard or state dump without exercising this requirement: A customer account deletion request shall not proceed immediately when active orders, payment issues, legal recordkeeping, return cases, refund cases, unresolved support cases, or required order history exist. No replay of its target action or specific observation is defined. This is an observation limitation, not evidence that the delivered feature failed.",accept,,,,,
BR-011,5,not_observable,EV-05-SCEN-BR-011-106-01,No observation was recorded for the scenarios of this requirement.,"The previous GET /admin read a generic dashboard or state dump without exercising this requirement: A customer account request may require admin approval when it involves unresolved disputes, a suspicious activity flag, or a conflict with an open order or refund. No replay of its target action or specific observation is defined. This is an observation limitation, not evidence that the delivered feature failed.",accept,,,,,
BR-012,5,not_observable,EV-05-SCEN-BR-012-107-01,No observation was recorded for the scenarios of this requirement.,"The previous GET /admin read a generic dashboard or state dump without exercising this requirement: A customer account request shall be routed to admin review when the system cannot confidently determine whether it is safe to proceed. No replay of its target action or specific observation is defined. This is an observation limitation, not evidence that the delivered feature failed.",accept,,,,,
BR-013,5,observed_partial,EV-05-SCEN-BR-013-108-01,"The response explicitly says the product is unavailable and refuses to add it to the cart, establishing a restriction on the unavailable-product branch of purchasing.",No recorded test establishes whether a product marked inactive is also blocked.,accept,,,,,
BR-014,5,not_observable,EV-05-SCEN-BR-014-109-01,"No required branch was established. The recorded GET returned 404, with no observed price change, new cart, new order, or previously placed order whose price could be compared.",Whether changed prices apply to new carts and orders while leaving placed orders unchanged remains untested.,accept,,,,,
BR-015,5,not_observable,EV-05-SCEN-BR-015-110-01,"No required branch was established. The recorded cart had a total of 0, and no checkout attempt was captured.","Checkout with a cart exceeding a quantity or value limit, and checkout after adjusting that cart, remain untested.",accept,,,,,
BR-016,5,not_observable,EV-05-SCEN-BR-016-111-01,"No required obligation was exercised. The checkout request had no address and was redirected to an empty cart, so it did not test a technically valid address that conflicts with a shipping method or carrier rule.","The conflict condition, customer warning, and ability to choose a different option or address remain untested.",accept,,,,,
BR-017,5,not_observable,EV-05-SCEN-BR-017-112-01,"No shipping-address validation obligation was exercised. Checkout redirected to the cart because it was empty, before any shipping address was submitted or evaluated.","Validation of missing street, city, postal code, and country remains untested.",accept,,,,,
BR-018,5,not_observable,EV-05-SCEN-BR-018-113-01,"No customer-facing manual review message was observed, so none of the required behaviour was established. The recorded request returned a 404 page.",Whether manual review messages expose internal fraud or security details remains untested.,accept,,,,,
BR-019,5,not_observable,EV-05-SCEN-BR-019-114-01,No observation was recorded for the scenarios of this requirement.,"The previous GET /admin read a generic dashboard or state dump without exercising this requirement: Administrative actions, sensitive access, and record views should be logged when practical to show who viewed what and why. No replay of its target action or specific observation is defined. This is an observation limitation, not evidence that the delivered feature failed.",accept,,,,,
BR-020,5,not_observable,EV-05-SCEN-BR-020-115-01,"None of the required behaviour was exercised. The saved product was submitted without an image upload, so its creation does not show whether a product can be saved with a broken image upload.",No broken image upload or resulting save attempt was recorded.,accept,,,,,
DI-001,5,not_observable,EV-05-SCEN-DI-001-116-01,"No required obligation was established. The request to /order/o1/pay returned 404, but the evidence does not establish that this is the delivered payment interface or that o1 is an existing order.",No payment processing or use of a trusted payment provider was observed.,accept,,,,,
DI-002,5,not_observable,EV-05-SCEN-DI-002-117-01,"No order-confirmation email capability was established or refuted. Checkout redirected to the cart because it was empty, so no order was placed.",Sending an order confirmation by email was not exercised.,accept,,,,,
DI-003,5,not_observable,EV-05-SCEN-DI-003-118-01,None of the required import behavior was observed. The recorded request manually created one product using form fields; it did not upload or import a product file.,Importing product data from CSV or Excel through the web interface was not tested.,accept,,,,,
DI-004,5,not_observable,EV-05-SCEN-DI-004-119-01,No product-data migration obligation was established. The recorded request manually created a product; it did not exercise migration from a legacy system.,Whether the system can migrate product data when legacy data exists remains untested.,accept,,,,,
QR-001,5,not_observable,EV-05-SCEN-QR-001-120-01,"A product was created and appeared on the admin page, but no complete obligation concerning ease of use by a new store owner was established.",The recorded HTTP request does not show whether a new owner with little technical knowledge could discover and operate the interface.,accept,,,,,
QR-002,5,observed_partial,EV-05-SCEN-QR-002-121-01,"A core store operation completed: adding two books to the cart led to a cart page showing the items and a total, without an observed error.",Other core operations and reliability across repeated use were not tested.,accept,,,,,
QR-003,5,not_observable,EV-05-SCEN-QR-003-122-01,No observation was recorded for the scenarios of this requirement.,"The existing GET / only opens a generic page or health endpoint; no scenario-specific setup or target interaction was defined. Missing observation: Pages continue to load within an acceptable time, navigation remains usable, and browsing interactions do not freeze, time out excessively, or return service unavailable errors. The target action was not executed; this is an observation limitation, not a software failure.",accept,,,,,
QR-004,5,not_observable,EV-05-SCEN-QR-004-123-01,No observation was recorded for the scenarios of this requirement.,"The existing GET / only opens a generic page or health endpoint; no scenario-specific setup or target interaction was defined. Missing observation: The store does not fail outright; non-urgent actions are delayed, queued, or shown as temporarily pending, while core browsing and shopping remain available or degrade gracefully with clear feedback. The target action was not executed; this is an observation limitation, not a software failure.",accept,,,,,
QR-005,5,not_observable,EV-05-SCEN-QR-005-124-01,None of the required validation or feedback for import or data review activities was established. The recorded request created a product and displayed an admin listing; it did not exercise an identifiable import or data review activity.,Validation and feedback during import and data review remain untested.,accept,,,,,
QR-006,5,not_observable,EV-05-SCEN-QR-006-125-01,No observation was recorded for the scenarios of this requirement.,"The previous GET /admin read a generic dashboard or state dump without exercising this requirement: The system shall provide clear error messages in plain language for invalid status transitions and blocked purchases. No replay of its target action or specific observation is defined. This is an observation limitation, not evidence that the delivered feature failed.",accept,,,,,
QR-007,5,not_observable,EV-05-SCEN-QR-007-126-01,No observation was recorded for the scenarios of this requirement.,"The existing GET / only opens a generic page or health endpoint; no scenario-specific setup or target interaction was defined. Missing observation: The store interface renders correctly and the core shopping flow works in each of the supported browsers without broken layouts or blocked functionality. The target action was not executed; this is an observation limitation, not a software failure.",accept,,,,,
QR-008,5,not_observable,EV-05-SCEN-QR-008-127-01,No observation was recorded for the scenarios of this requirement.,"The existing GET / only opens a generic page or health endpoint; no scenario-specific setup or target interaction was defined. Missing observation: The site adapts to the screen size and input method, remains usable on desktop, mobile, phone, and tablet, and core actions can be completed without horizontal overflow or unusable controls. The target action was not executed; this is an observation limitation, not a software failure.",accept,,,,,
QR-009,5,not_observable,EV-05-SCEN-QR-009-128-01,No observation was recorded for the scenarios of this requirement.,"The existing GET / only opens a generic page or health endpoint; no scenario-specific setup or target interaction was defined. Missing observation: Important sales functions remain available where possible, affected features show a graceful limitation or fallback, and the system does not completely shut down when only part of the service is unavailable. The target action was not executed; this is an observation limitation, not a software failure.",accept,,,,,
QR-010,5,not_observable,EV-05-SCEN-QR-010-129-01,"No required obligation was established. The POST returned a 404, but the evidence does not show that order o1 existed or that a payment was submitted.","No response immediately following a demonstrated payment submission was observed, so the clarity of its success or failure message remains unknown.",accept,,,,,
QR-011,5,not_observable,EV-05-SCEN-QR-011-130-01,"No payment failure message was observed. The request returned a generic 404 for an unverified order and URL, so it does not establish how the system explains a payment failure.","Messages for card issues, declined transactions, and system issues remain untested.",accept,,,,,
QR-012,5,not_observable,EV-05-SCEN-QR-012-131-01,"No required obligation was established. A GET for /order/o1 returned 404, but no checkout or resulting order was recorded, so this does not show whether customer-facing confirmation information was provided immediately after checkout.",The checkout response and any immediately presented confirmation information were not observed.,accept,,,,,
QR-013,5,observed_partial,EV-05-SCEN-QR-013-132-01,The blocked cart-add request returned a clear message: the product was unavailable and could not be added to the cart. This establishes clear messaging for an unavailable product and this cart block.,Messaging for checkout blocks was not observed.,accept,,,,,
QR-014,5,not_observable,EV-05-SCEN-QR-014-133-01,None of the required obligations was established. The recorded action added a product and showed it in the admin list; it did not exercise an onboarding change or a failed import.,There is no observation of whether onboarding changes leave the live catalog undisturbed or whether a failed import can be safely rolled back.,accept,,,,,
QR-015,5,observed_partial,EV-05-SCEN-QR-015-134-01,"After a new product was added, the admin listing still showed the existing products with their prices and quantities. This supports preservation of those existing product records.","The new onboarding rules are not identified or tested, so their consistent application to new loads cannot be assessed. The listing also does not establish that all existing-product functionality remains intact.",accept,,,,,
QR-016,5,not_observable,EV-05-SCEN-QR-016-135-01,No observation was recorded for the scenarios of this requirement.,"The previous GET /admin read a generic dashboard or state dump without exercising this requirement: The system shall allow a new store operator to perform basic administrative tasks from the web interface without technical setup. No replay of its target action or specific observation is defined. This is an observation limitation, not evidence that the delivered feature failed.",accept,,,,,
EX-001,5,not_observable,EV-05-SCEN-EX-001-136-01,"None of the required condition branches was established. The request returned 404, but the record does not establish an existing order, a failed or partially completed payment, or the order’s confirmation state.",Whether an order remains unconfirmed after failed or partial payment remains untested.,accept,,,,,
EX-002,5,not_observable,EV-05-SCEN-EX-002-137-01,The recorded request created a product without attempting an image upload. No required branch—failed or invalid image upload—is established as met or violated.,"There is no observed failed or invalid upload, or readback showing whether such an upload leaves a broken image record.",accept,,,,,
EX-003,5,not_observable,EV-05-SCEN-EX-003-138-01,"No required branch was established. Checkout redirected to the cart because the cart was empty, not because no delivery method was available for a shipping address.","No shipping address or address-specific delivery-method availability was observed, so the required checkout stop remains untested.",accept,,,,,
EX-004,5,not_observable,EV-05-SCEN-EX-004-139-01,"No required branch was exercised. The recorded cart was empty, so it was not shown to exceed any limit.","No over-limit cart or checkout attempt was recorded, so the required checkout block and its duration until correction remain untested.",accept,,,,,
EX-005,5,not_observable,EV-05-SCEN-EX-005-140-01,No observation was recorded for the scenarios of this requirement.,"The previous GET /admin read a generic dashboard or state dump without exercising this requirement: If a manual review cannot be quickly verified, the order shall remain on hold until staff can decide or customer action is completed. No replay of its target action or specific observation is defined. This is an observation limitation, not evidence that the delivered feature failed.",accept,,,,,
EX-006,5,not_observable,EV-05-SCEN-EX-006-141-01,No observation was recorded for the scenarios of this requirement.,"The previous GET /admin read a generic dashboard or state dump without exercising this requirement: If an order is invalidly transitioned to fulfillment, the system shall block the transition. No replay of its target action or specific observation is defined. This is an observation limitation, not evidence that the delivered feature failed.",accept,,,,,
