case_id,method_id,minimum_depth,breadth,retained_fraction
PURE_001,hashimoto,1,25,1.0
PURE_001,hashimoto,2,25,0.56
PURE_001,hashimoto,3,25,0.16
PURE_001,hashimoto,4,25,0.04
PURE_001,hashimoto,5,25,0.0
PURE_001,hashimoto,6,25,0.0
PURE_001,hashimoto,7,25,0.0
PURE_001,hashimoto,8,25,0.0
PURE_001,hashimoto,9,25,0.0
PURE_001,hashimoto,10,25,0.0
PURE_001,hashimoto,11,25,0.0
PURE_001,hashimoto,12,25,0.0
PURE_001,hashimoto,13,25,0.0
PURE_001,hashimoto,14,25,0.0
PURE_001,hashimoto,15,25,0.0
PURE_001,hashimoto,16,25,0.0
PURE_001,hashimoto,17,25,0.0
PURE_001,hashimoto,18,25,0.0
PURE_001,llmrei-long,1,57,1.0
PURE_001,llmrei-long,2,57,0.38596491228070173
PURE_001,llmrei-long,3,57,0.15789473684210525
PURE_001,llmrei-long,4,57,0.07017543859649122
PURE_001,llmrei-long,5,57,0.07017543859649122
PURE_001,llmrei-long,6,57,0.03508771929824561
PURE_001,llmrei-long,7,57,0.017543859649122806
PURE_001,llmrei-long,8,57,0.0
PURE_001,llmrei-long,9,57,0.0
PURE_001,llmrei-long,10,57,0.0
PURE_001,llmrei-long,11,57,0.0
PURE_001,llmrei-long,12,57,0.0
PURE_001,llmrei-long,13,57,0.0
PURE_001,llmrei-long,14,57,0.0
PURE_001,llmrei-long,15,57,0.0
PURE_001,llmrei-long,16,57,0.0
PURE_001,llmrei-long,17,57,0.0
PURE_001,llmrei-long,18,57,0.0
PURE_001,sparkme,1,81,1.0
PURE_001,sparkme,2,81,0.4444444444444444
PURE_001,sparkme,3,81,0.1111111111111111
PURE_001,sparkme,4,81,0.06172839506172839
PURE_001,sparkme,5,81,0.04938271604938271
PURE_001,sparkme,6,81,0.037037037037037035
PURE_001,sparkme,7,81,0.024691358024691357
PURE_001,sparkme,8,81,0.024691358024691357
PURE_001,sparkme,9,81,0.012345679012345678
PURE_001,sparkme,10,81,0.012345679012345678
PURE_001,sparkme,11,81,0.0
PURE_001,sparkme,12,81,0.0
PURE_001,sparkme,13,81,0.0
PURE_001,sparkme,14,81,0.0
PURE_001,sparkme,15,81,0.0
PURE_001,sparkme,16,81,0.0
PURE_001,sparkme,17,81,0.0
PURE_001,sparkme,18,81,0.0
PURE_001,proposed_method,1,81,1.0
PURE_001,proposed_method,2,81,0.4567901234567901
PURE_001,proposed_method,3,81,0.1728395061728395
PURE_001,proposed_method,4,81,0.1111111111111111
PURE_001,proposed_method,5,81,0.08641975308641975
PURE_001,proposed_method,6,81,0.04938271604938271
PURE_001,proposed_method,7,81,0.024691358024691357
PURE_001,proposed_method,8,81,0.024691358024691357
PURE_001,proposed_method,9,81,0.012345679012345678
PURE_001,proposed_method,10,81,0.0
PURE_001,proposed_method,11,81,0.0
PURE_001,proposed_method,12,81,0.0
PURE_001,proposed_method,13,81,0.0
PURE_001,proposed_method,14,81,0.0
PURE_001,proposed_method,15,81,0.0
PURE_001,proposed_method,16,81,0.0
PURE_001,proposed_method,17,81,0.0
PURE_001,proposed_method,18,81,0.0
PURE_002,hashimoto,1,29,1.0
PURE_002,hashimoto,2,29,0.3448275862068966
PURE_002,hashimoto,3,29,0.06896551724137931
PURE_002,hashimoto,4,29,0.06896551724137931
PURE_002,hashimoto,5,29,0.06896551724137931
PURE_002,hashimoto,6,29,0.034482758620689655
PURE_002,hashimoto,7,29,0.034482758620689655
PURE_002,hashimoto,8,29,0.0
PURE_002,hashimoto,9,29,0.0
PURE_002,hashimoto,10,29,0.0
PURE_002,hashimoto,11,29,0.0
PURE_002,hashimoto,12,29,0.0
PURE_002,hashimoto,13,29,0.0
PURE_002,hashimoto,14,29,0.0
PURE_002,hashimoto,15,29,0.0
PURE_002,hashimoto,16,29,0.0
PURE_002,hashimoto,17,29,0.0
PURE_002,hashimoto,18,29,0.0
PURE_002,llmrei-long,1,23,1.0
PURE_002,llmrei-long,2,23,0.17391304347826086
PURE_002,llmrei-long,3,23,0.0
PURE_002,llmrei-long,4,23,0.0
PURE_002,llmrei-long,5,23,0.0
PURE_002,llmrei-long,6,23,0.0
PURE_002,llmrei-long,7,23,0.0
PURE_002,llmrei-long,8,23,0.0
PURE_002,llmrei-long,9,23,0.0
PURE_002,llmrei-long,10,23,0.0
PURE_002,llmrei-long,11,23,0.0
PURE_002,llmrei-long,12,23,0.0
PURE_002,llmrei-long,13,23,0.0
PURE_002,llmrei-long,14,23,0.0
PURE_002,llmrei-long,15,23,0.0
PURE_002,llmrei-long,16,23,0.0
PURE_002,llmrei-long,17,23,0.0
PURE_002,llmrei-long,18,23,0.0
PURE_002,sparkme,1,72,1.0
PURE_002,sparkme,2,72,0.4166666666666667
PURE_002,sparkme,3,72,0.19444444444444445
PURE_002,sparkme,4,72,0.1111111111111111
PURE_002,sparkme,5,72,0.08333333333333333
PURE_002,sparkme,6,72,0.05555555555555555
PURE_002,sparkme,7,72,0.05555555555555555
PURE_002,sparkme,8,72,0.013888888888888888
PURE_002,sparkme,9,72,0.013888888888888888
PURE_002,sparkme,10,72,0.0
PURE_002,sparkme,11,72,0.0
PURE_002,sparkme,12,72,0.0
PURE_002,sparkme,13,72,0.0
PURE_002,sparkme,14,72,0.0
PURE_002,sparkme,15,72,0.0
PURE_002,sparkme,16,72,0.0
PURE_002,sparkme,17,72,0.0
PURE_002,sparkme,18,72,0.0
PURE_002,proposed_method,1,80,1.0
PURE_002,proposed_method,2,80,0.45
PURE_002,proposed_method,3,80,0.2375
PURE_002,proposed_method,4,80,0.0875
PURE_002,proposed_method,5,80,0.075
PURE_002,proposed_method,6,80,0.0625
PURE_002,proposed_method,7,80,0.0125
PURE_002,proposed_method,8,80,0.0
PURE_002,proposed_method,9,80,0.0
PURE_002,proposed_method,10,80,0.0
PURE_002,proposed_method,11,80,0.0
PURE_002,proposed_method,12,80,0.0
PURE_002,proposed_method,13,80,0.0
PURE_002,proposed_method,14,80,0.0
PURE_002,proposed_method,15,80,0.0
PURE_002,proposed_method,16,80,0.0
PURE_002,proposed_method,17,80,0.0
PURE_002,proposed_method,18,80,0.0
PURE_003,hashimoto,1,24,1.0
PURE_003,hashimoto,2,24,0.20833333333333334
PURE_003,hashimoto,3,24,0.041666666666666664
PURE_003,hashimoto,4,24,0.041666666666666664
PURE_003,hashimoto,5,24,0.0
PURE_003,hashimoto,6,24,0.0
PURE_003,hashimoto,7,24,0.0
PURE_003,hashimoto,8,24,0.0
PURE_003,hashimoto,9,24,0.0
PURE_003,hashimoto,10,24,0.0
PURE_003,hashimoto,11,24,0.0
PURE_003,hashimoto,12,24,0.0
PURE_003,hashimoto,13,24,0.0
PURE_003,hashimoto,14,24,0.0
PURE_003,hashimoto,15,24,0.0
PURE_003,hashimoto,16,24,0.0
PURE_003,hashimoto,17,24,0.0
PURE_003,hashimoto,18,24,0.0
PURE_003,llmrei-long,1,37,1.0
PURE_003,llmrei-long,2,37,0.3783783783783784
PURE_003,llmrei-long,3,37,0.08108108108108109
PURE_003,llmrei-long,4,37,0.02702702702702703
PURE_003,llmrei-long,5,37,0.0
PURE_003,llmrei-long,6,37,0.0
PURE_003,llmrei-long,7,37,0.0
PURE_003,llmrei-long,8,37,0.0
PURE_003,llmrei-long,9,37,0.0
PURE_003,llmrei-long,10,37,0.0
PURE_003,llmrei-long,11,37,0.0
PURE_003,llmrei-long,12,37,0.0
PURE_003,llmrei-long,13,37,0.0
PURE_003,llmrei-long,14,37,0.0
PURE_003,llmrei-long,15,37,0.0
PURE_003,llmrei-long,16,37,0.0
PURE_003,llmrei-long,17,37,0.0
PURE_003,llmrei-long,18,37,0.0
PURE_003,sparkme,1,68,1.0
PURE_003,sparkme,2,68,0.4117647058823529
PURE_003,sparkme,3,68,0.14705882352941177
PURE_003,sparkme,4,68,0.04411764705882353
PURE_003,sparkme,5,68,0.04411764705882353
PURE_003,sparkme,6,68,0.0
PURE_003,sparkme,7,68,0.0
PURE_003,sparkme,8,68,0.0
PURE_003,sparkme,9,68,0.0
PURE_003,sparkme,10,68,0.0
PURE_003,sparkme,11,68,0.0
PURE_003,sparkme,12,68,0.0
PURE_003,sparkme,13,68,0.0
PURE_003,sparkme,14,68,0.0
PURE_003,sparkme,15,68,0.0
PURE_003,sparkme,16,68,0.0
PURE_003,sparkme,17,68,0.0
PURE_003,sparkme,18,68,0.0
PURE_003,proposed_method,1,92,1.0
PURE_003,proposed_method,2,92,0.532608695652174
PURE_003,proposed_method,3,92,0.22826086956521738
PURE_003,proposed_method,4,92,0.07608695652173914
PURE_003,proposed_method,5,92,0.043478260869565216
PURE_003,proposed_method,6,92,0.03260869565217391
PURE_003,proposed_method,7,92,0.021739130434782608
PURE_003,proposed_method,8,92,0.021739130434782608
PURE_003,proposed_method,9,92,0.010869565217391304
PURE_003,proposed_method,10,92,0.0
PURE_003,proposed_method,11,92,0.0
PURE_003,proposed_method,12,92,0.0
PURE_003,proposed_method,13,92,0.0
PURE_003,proposed_method,14,92,0.0
PURE_003,proposed_method,15,92,0.0
PURE_003,proposed_method,16,92,0.0
PURE_003,proposed_method,17,92,0.0
PURE_003,proposed_method,18,92,0.0
PURE_004,hashimoto,1,11,1.0
PURE_004,hashimoto,2,11,0.18181818181818182
PURE_004,hashimoto,3,11,0.0
PURE_004,hashimoto,4,11,0.0
PURE_004,hashimoto,5,11,0.0
PURE_004,hashimoto,6,11,0.0
PURE_004,hashimoto,7,11,0.0
PURE_004,hashimoto,8,11,0.0
PURE_004,hashimoto,9,11,0.0
PURE_004,hashimoto,10,11,0.0
PURE_004,hashimoto,11,11,0.0
PURE_004,hashimoto,12,11,0.0
PURE_004,hashimoto,13,11,0.0
PURE_004,hashimoto,14,11,0.0
PURE_004,hashimoto,15,11,0.0
PURE_004,hashimoto,16,11,0.0
PURE_004,hashimoto,17,11,0.0
PURE_004,hashimoto,18,11,0.0
PURE_004,llmrei-long,1,20,1.0
PURE_004,llmrei-long,2,20,0.3
PURE_004,llmrei-long,3,20,0.05
PURE_004,llmrei-long,4,20,0.0
PURE_004,llmrei-long,5,20,0.0
PURE_004,llmrei-long,6,20,0.0
PURE_004,llmrei-long,7,20,0.0
PURE_004,llmrei-long,8,20,0.0
PURE_004,llmrei-long,9,20,0.0
PURE_004,llmrei-long,10,20,0.0
PURE_004,llmrei-long,11,20,0.0
PURE_004,llmrei-long,12,20,0.0
PURE_004,llmrei-long,13,20,0.0
PURE_004,llmrei-long,14,20,0.0
PURE_004,llmrei-long,15,20,0.0
PURE_004,llmrei-long,16,20,0.0
PURE_004,llmrei-long,17,20,0.0
PURE_004,llmrei-long,18,20,0.0
PURE_004,sparkme,1,39,1.0
PURE_004,sparkme,2,39,0.5128205128205128
PURE_004,sparkme,3,39,0.10256410256410256
PURE_004,sparkme,4,39,0.05128205128205128
PURE_004,sparkme,5,39,0.05128205128205128
PURE_004,sparkme,6,39,0.02564102564102564
PURE_004,sparkme,7,39,0.0
PURE_004,sparkme,8,39,0.0
PURE_004,sparkme,9,39,0.0
PURE_004,sparkme,10,39,0.0
PURE_004,sparkme,11,39,0.0
PURE_004,sparkme,12,39,0.0
PURE_004,sparkme,13,39,0.0
PURE_004,sparkme,14,39,0.0
PURE_004,sparkme,15,39,0.0
PURE_004,sparkme,16,39,0.0
PURE_004,sparkme,17,39,0.0
PURE_004,sparkme,18,39,0.0
PURE_004,proposed_method,1,35,1.0
PURE_004,proposed_method,2,35,0.42857142857142855
PURE_004,proposed_method,3,35,0.17142857142857143
PURE_004,proposed_method,4,35,0.05714285714285714
PURE_004,proposed_method,5,35,0.0
PURE_004,proposed_method,6,35,0.0
PURE_004,proposed_method,7,35,0.0
PURE_004,proposed_method,8,35,0.0
PURE_004,proposed_method,9,35,0.0
PURE_004,proposed_method,10,35,0.0
PURE_004,proposed_method,11,35,0.0
PURE_004,proposed_method,12,35,0.0
PURE_004,proposed_method,13,35,0.0
PURE_004,proposed_method,14,35,0.0
PURE_004,proposed_method,15,35,0.0
PURE_004,proposed_method,16,35,0.0
PURE_004,proposed_method,17,35,0.0
PURE_004,proposed_method,18,35,0.0
PURE_005,hashimoto,1,5,1.0
PURE_005,hashimoto,2,5,0.2
PURE_005,hashimoto,3,5,0.2
PURE_005,hashimoto,4,5,0.2
PURE_005,hashimoto,5,5,0.0
PURE_005,hashimoto,6,5,0.0
PURE_005,hashimoto,7,5,0.0
PURE_005,hashimoto,8,5,0.0
PURE_005,hashimoto,9,5,0.0
PURE_005,hashimoto,10,5,0.0
PURE_005,hashimoto,11,5,0.0
PURE_005,hashimoto,12,5,0.0
PURE_005,hashimoto,13,5,0.0
PURE_005,hashimoto,14,5,0.0
PURE_005,hashimoto,15,5,0.0
PURE_005,hashimoto,16,5,0.0
PURE_005,hashimoto,17,5,0.0
PURE_005,hashimoto,18,5,0.0
PURE_005,llmrei-long,1,25,1.0
PURE_005,llmrei-long,2,25,0.16
PURE_005,llmrei-long,3,25,0.0
PURE_005,llmrei-long,4,25,0.0
PURE_005,llmrei-long,5,25,0.0
PURE_005,llmrei-long,6,25,0.0
PURE_005,llmrei-long,7,25,0.0
PURE_005,llmrei-long,8,25,0.0
PURE_005,llmrei-long,9,25,0.0
PURE_005,llmrei-long,10,25,0.0
PURE_005,llmrei-long,11,25,0.0
PURE_005,llmrei-long,12,25,0.0
PURE_005,llmrei-long,13,25,0.0
PURE_005,llmrei-long,14,25,0.0
PURE_005,llmrei-long,15,25,0.0
PURE_005,llmrei-long,16,25,0.0
PURE_005,llmrei-long,17,25,0.0
PURE_005,llmrei-long,18,25,0.0
PURE_005,sparkme,1,70,1.0
PURE_005,sparkme,2,70,0.4714285714285714
PURE_005,sparkme,3,70,0.2
PURE_005,sparkme,4,70,0.07142857142857142
PURE_005,sparkme,5,70,0.04285714285714286
PURE_005,sparkme,6,70,0.04285714285714286
PURE_005,sparkme,7,70,0.02857142857142857
PURE_005,sparkme,8,70,0.014285714285714285
PURE_005,sparkme,9,70,0.014285714285714285
PURE_005,sparkme,10,70,0.014285714285714285
PURE_005,sparkme,11,70,0.0
PURE_005,sparkme,12,70,0.0
PURE_005,sparkme,13,70,0.0
PURE_005,sparkme,14,70,0.0
PURE_005,sparkme,15,70,0.0
PURE_005,sparkme,16,70,0.0
PURE_005,sparkme,17,70,0.0
PURE_005,sparkme,18,70,0.0
PURE_005,proposed_method,1,72,1.0
PURE_005,proposed_method,2,72,0.5416666666666666
PURE_005,proposed_method,3,72,0.20833333333333334
PURE_005,proposed_method,4,72,0.1527777777777778
PURE_005,proposed_method,5,72,0.1111111111111111
PURE_005,proposed_method,6,72,0.05555555555555555
PURE_005,proposed_method,7,72,0.05555555555555555
PURE_005,proposed_method,8,72,0.027777777777777776
PURE_005,proposed_method,9,72,0.027777777777777776
PURE_005,proposed_method,10,72,0.013888888888888888
PURE_005,proposed_method,11,72,0.013888888888888888
PURE_005,proposed_method,12,72,0.013888888888888888
PURE_005,proposed_method,13,72,0.013888888888888888
PURE_005,proposed_method,14,72,0.013888888888888888
PURE_005,proposed_method,15,72,0.0
PURE_005,proposed_method,16,72,0.0
PURE_005,proposed_method,17,72,0.0
PURE_005,proposed_method,18,72,0.0
PURE_006,hashimoto,1,19,1.0
PURE_006,hashimoto,2,19,0.3157894736842105
PURE_006,hashimoto,3,19,0.15789473684210525
PURE_006,hashimoto,4,19,0.10526315789473684
PURE_006,hashimoto,5,19,0.10526315789473684
PURE_006,hashimoto,6,19,0.10526315789473684
PURE_006,hashimoto,7,19,0.05263157894736842
PURE_006,hashimoto,8,19,0.05263157894736842
PURE_006,hashimoto,9,19,0.05263157894736842
PURE_006,hashimoto,10,19,0.0
PURE_006,hashimoto,11,19,0.0
PURE_006,hashimoto,12,19,0.0
PURE_006,hashimoto,13,19,0.0
PURE_006,hashimoto,14,19,0.0
PURE_006,hashimoto,15,19,0.0
PURE_006,hashimoto,16,19,0.0
PURE_006,hashimoto,17,19,0.0
PURE_006,hashimoto,18,19,0.0
PURE_006,llmrei-long,1,20,1.0
PURE_006,llmrei-long,2,20,0.15
PURE_006,llmrei-long,3,20,0.0
PURE_006,llmrei-long,4,20,0.0
PURE_006,llmrei-long,5,20,0.0
PURE_006,llmrei-long,6,20,0.0
PURE_006,llmrei-long,7,20,0.0
PURE_006,llmrei-long,8,20,0.0
PURE_006,llmrei-long,9,20,0.0
PURE_006,llmrei-long,10,20,0.0
PURE_006,llmrei-long,11,20,0.0
PURE_006,llmrei-long,12,20,0.0
PURE_006,llmrei-long,13,20,0.0
PURE_006,llmrei-long,14,20,0.0
PURE_006,llmrei-long,15,20,0.0
PURE_006,llmrei-long,16,20,0.0
PURE_006,llmrei-long,17,20,0.0
PURE_006,llmrei-long,18,20,0.0
PURE_006,sparkme,1,56,1.0
PURE_006,sparkme,2,56,0.5178571428571429
PURE_006,sparkme,3,56,0.14285714285714285
PURE_006,sparkme,4,56,0.05357142857142857
PURE_006,sparkme,5,56,0.03571428571428571
PURE_006,sparkme,6,56,0.017857142857142856
PURE_006,sparkme,7,56,0.017857142857142856
PURE_006,sparkme,8,56,0.017857142857142856
PURE_006,sparkme,9,56,0.017857142857142856
PURE_006,sparkme,10,56,0.0
PURE_006,sparkme,11,56,0.0
PURE_006,sparkme,12,56,0.0
PURE_006,sparkme,13,56,0.0
PURE_006,sparkme,14,56,0.0
PURE_006,sparkme,15,56,0.0
PURE_006,sparkme,16,56,0.0
PURE_006,sparkme,17,56,0.0
PURE_006,sparkme,18,56,0.0
PURE_006,proposed_method,1,74,1.0
PURE_006,proposed_method,2,74,0.5540540540540541
PURE_006,proposed_method,3,74,0.22972972972972974
PURE_006,proposed_method,4,74,0.12162162162162163
PURE_006,proposed_method,5,74,0.0945945945945946
PURE_006,proposed_method,6,74,0.04054054054054054
PURE_006,proposed_method,7,74,0.02702702702702703
PURE_006,proposed_method,8,74,0.013513513513513514
PURE_006,proposed_method,9,74,0.0
PURE_006,proposed_method,10,74,0.0
PURE_006,proposed_method,11,74,0.0
PURE_006,proposed_method,12,74,0.0
PURE_006,proposed_method,13,74,0.0
PURE_006,proposed_method,14,74,0.0
PURE_006,proposed_method,15,74,0.0
PURE_006,proposed_method,16,74,0.0
PURE_006,proposed_method,17,74,0.0
PURE_006,proposed_method,18,74,0.0
PURE_007,hashimoto,1,19,1.0
PURE_007,hashimoto,2,19,0.42105263157894735
PURE_007,hashimoto,3,19,0.05263157894736842
PURE_007,hashimoto,4,19,0.0
PURE_007,hashimoto,5,19,0.0
PURE_007,hashimoto,6,19,0.0
PURE_007,hashimoto,7,19,0.0
PURE_007,hashimoto,8,19,0.0
PURE_007,hashimoto,9,19,0.0
PURE_007,hashimoto,10,19,0.0
PURE_007,hashimoto,11,19,0.0
PURE_007,hashimoto,12,19,0.0
PURE_007,hashimoto,13,19,0.0
PURE_007,hashimoto,14,19,0.0
PURE_007,hashimoto,15,19,0.0
PURE_007,hashimoto,16,19,0.0
PURE_007,hashimoto,17,19,0.0
PURE_007,hashimoto,18,19,0.0
PURE_007,llmrei-long,1,9,1.0
PURE_007,llmrei-long,2,9,0.1111111111111111
PURE_007,llmrei-long,3,9,0.1111111111111111
PURE_007,llmrei-long,4,9,0.0
PURE_007,llmrei-long,5,9,0.0
PURE_007,llmrei-long,6,9,0.0
PURE_007,llmrei-long,7,9,0.0
PURE_007,llmrei-long,8,9,0.0
PURE_007,llmrei-long,9,9,0.0
PURE_007,llmrei-long,10,9,0.0
PURE_007,llmrei-long,11,9,0.0
PURE_007,llmrei-long,12,9,0.0
PURE_007,llmrei-long,13,9,0.0
PURE_007,llmrei-long,14,9,0.0
PURE_007,llmrei-long,15,9,0.0
PURE_007,llmrei-long,16,9,0.0
PURE_007,llmrei-long,17,9,0.0
PURE_007,llmrei-long,18,9,0.0
PURE_007,sparkme,1,53,1.0
PURE_007,sparkme,2,53,0.32075471698113206
PURE_007,sparkme,3,53,0.09433962264150944
PURE_007,sparkme,4,53,0.018867924528301886
PURE_007,sparkme,5,53,0.018867924528301886
PURE_007,sparkme,6,53,0.018867924528301886
PURE_007,sparkme,7,53,0.018867924528301886
PURE_007,sparkme,8,53,0.018867924528301886
PURE_007,sparkme,9,53,0.0
PURE_007,sparkme,10,53,0.0
PURE_007,sparkme,11,53,0.0
PURE_007,sparkme,12,53,0.0
PURE_007,sparkme,13,53,0.0
PURE_007,sparkme,14,53,0.0
PURE_007,sparkme,15,53,0.0
PURE_007,sparkme,16,53,0.0
PURE_007,sparkme,17,53,0.0
PURE_007,sparkme,18,53,0.0
PURE_007,proposed_method,1,60,1.0
PURE_007,proposed_method,2,60,0.38333333333333336
PURE_007,proposed_method,3,60,0.18333333333333332
PURE_007,proposed_method,4,60,0.06666666666666667
PURE_007,proposed_method,5,60,0.03333333333333333
PURE_007,proposed_method,6,60,0.03333333333333333
PURE_007,proposed_method,7,60,0.0
PURE_007,proposed_method,8,60,0.0
PURE_007,proposed_method,9,60,0.0
PURE_007,proposed_method,10,60,0.0
PURE_007,proposed_method,11,60,0.0
PURE_007,proposed_method,12,60,0.0
PURE_007,proposed_method,13,60,0.0
PURE_007,proposed_method,14,60,0.0
PURE_007,proposed_method,15,60,0.0
PURE_007,proposed_method,16,60,0.0
PURE_007,proposed_method,17,60,0.0
PURE_007,proposed_method,18,60,0.0
PURE_008,hashimoto,1,28,1.0
PURE_008,hashimoto,2,28,0.4642857142857143
PURE_008,hashimoto,3,28,0.10714285714285714
PURE_008,hashimoto,4,28,0.0
PURE_008,hashimoto,5,28,0.0
PURE_008,hashimoto,6,28,0.0
PURE_008,hashimoto,7,28,0.0
PURE_008,hashimoto,8,28,0.0
PURE_008,hashimoto,9,28,0.0
PURE_008,hashimoto,10,28,0.0
PURE_008,hashimoto,11,28,0.0
PURE_008,hashimoto,12,28,0.0
PURE_008,hashimoto,13,28,0.0
PURE_008,hashimoto,14,28,0.0
PURE_008,hashimoto,15,28,0.0
PURE_008,hashimoto,16,28,0.0
PURE_008,hashimoto,17,28,0.0
PURE_008,hashimoto,18,28,0.0
PURE_008,llmrei-long,1,9,1.0
PURE_008,llmrei-long,2,9,0.1111111111111111
PURE_008,llmrei-long,3,9,0.0
PURE_008,llmrei-long,4,9,0.0
PURE_008,llmrei-long,5,9,0.0
PURE_008,llmrei-long,6,9,0.0
PURE_008,llmrei-long,7,9,0.0
PURE_008,llmrei-long,8,9,0.0
PURE_008,llmrei-long,9,9,0.0
PURE_008,llmrei-long,10,9,0.0
PURE_008,llmrei-long,11,9,0.0
PURE_008,llmrei-long,12,9,0.0
PURE_008,llmrei-long,13,9,0.0
PURE_008,llmrei-long,14,9,0.0
PURE_008,llmrei-long,15,9,0.0
PURE_008,llmrei-long,16,9,0.0
PURE_008,llmrei-long,17,9,0.0
PURE_008,llmrei-long,18,9,0.0
PURE_008,sparkme,1,58,1.0
PURE_008,sparkme,2,58,0.5344827586206896
PURE_008,sparkme,3,58,0.1896551724137931
PURE_008,sparkme,4,58,0.034482758620689655
PURE_008,sparkme,5,58,0.034482758620689655
PURE_008,sparkme,6,58,0.017241379310344827
PURE_008,sparkme,7,58,0.017241379310344827
PURE_008,sparkme,8,58,0.017241379310344827
PURE_008,sparkme,9,58,0.0
PURE_008,sparkme,10,58,0.0
PURE_008,sparkme,11,58,0.0
PURE_008,sparkme,12,58,0.0
PURE_008,sparkme,13,58,0.0
PURE_008,sparkme,14,58,0.0
PURE_008,sparkme,15,58,0.0
PURE_008,sparkme,16,58,0.0
PURE_008,sparkme,17,58,0.0
PURE_008,sparkme,18,58,0.0
PURE_008,proposed_method,1,64,1.0
PURE_008,proposed_method,2,64,0.515625
PURE_008,proposed_method,3,64,0.1875
PURE_008,proposed_method,4,64,0.046875
PURE_008,proposed_method,5,64,0.015625
PURE_008,proposed_method,6,64,0.015625
PURE_008,proposed_method,7,64,0.0
PURE_008,proposed_method,8,64,0.0
PURE_008,proposed_method,9,64,0.0
PURE_008,proposed_method,10,64,0.0
PURE_008,proposed_method,11,64,0.0
PURE_008,proposed_method,12,64,0.0
PURE_008,proposed_method,13,64,0.0
PURE_008,proposed_method,14,64,0.0
PURE_008,proposed_method,15,64,0.0
PURE_008,proposed_method,16,64,0.0
PURE_008,proposed_method,17,64,0.0
PURE_008,proposed_method,18,64,0.0
PURE_009,hashimoto,1,11,1.0
PURE_009,hashimoto,2,11,0.2727272727272727
PURE_009,hashimoto,3,11,0.09090909090909091
PURE_009,hashimoto,4,11,0.0
PURE_009,hashimoto,5,11,0.0
PURE_009,hashimoto,6,11,0.0
PURE_009,hashimoto,7,11,0.0
PURE_009,hashimoto,8,11,0.0
PURE_009,hashimoto,9,11,0.0
PURE_009,hashimoto,10,11,0.0
PURE_009,hashimoto,11,11,0.0
PURE_009,hashimoto,12,11,0.0
PURE_009,hashimoto,13,11,0.0
PURE_009,hashimoto,14,11,0.0
PURE_009,hashimoto,15,11,0.0
PURE_009,hashimoto,16,11,0.0
PURE_009,hashimoto,17,11,0.0
PURE_009,hashimoto,18,11,0.0
PURE_009,llmrei-long,1,8,1.0
PURE_009,llmrei-long,2,8,0.125
PURE_009,llmrei-long,3,8,0.0
PURE_009,llmrei-long,4,8,0.0
PURE_009,llmrei-long,5,8,0.0
PURE_009,llmrei-long,6,8,0.0
PURE_009,llmrei-long,7,8,0.0
PURE_009,llmrei-long,8,8,0.0
PURE_009,llmrei-long,9,8,0.0
PURE_009,llmrei-long,10,8,0.0
PURE_009,llmrei-long,11,8,0.0
PURE_009,llmrei-long,12,8,0.0
PURE_009,llmrei-long,13,8,0.0
PURE_009,llmrei-long,14,8,0.0
PURE_009,llmrei-long,15,8,0.0
PURE_009,llmrei-long,16,8,0.0
PURE_009,llmrei-long,17,8,0.0
PURE_009,llmrei-long,18,8,0.0
PURE_009,sparkme,1,45,1.0
PURE_009,sparkme,2,45,0.4888888888888889
PURE_009,sparkme,3,45,0.1111111111111111
PURE_009,sparkme,4,45,0.08888888888888889
PURE_009,sparkme,5,45,0.06666666666666667
PURE_009,sparkme,6,45,0.044444444444444446
PURE_009,sparkme,7,45,0.022222222222222223
PURE_009,sparkme,8,45,0.022222222222222223
PURE_009,sparkme,9,45,0.022222222222222223
PURE_009,sparkme,10,45,0.0
PURE_009,sparkme,11,45,0.0
PURE_009,sparkme,12,45,0.0
PURE_009,sparkme,13,45,0.0
PURE_009,sparkme,14,45,0.0
PURE_009,sparkme,15,45,0.0
PURE_009,sparkme,16,45,0.0
PURE_009,sparkme,17,45,0.0
PURE_009,sparkme,18,45,0.0
PURE_009,proposed_method,1,55,1.0
PURE_009,proposed_method,2,55,0.41818181818181815
PURE_009,proposed_method,3,55,0.16363636363636364
PURE_009,proposed_method,4,55,0.09090909090909091
PURE_009,proposed_method,5,55,0.03636363636363636
PURE_009,proposed_method,6,55,0.03636363636363636
PURE_009,proposed_method,7,55,0.01818181818181818
PURE_009,proposed_method,8,55,0.0
PURE_009,proposed_method,9,55,0.0
PURE_009,proposed_method,10,55,0.0
PURE_009,proposed_method,11,55,0.0
PURE_009,proposed_method,12,55,0.0
PURE_009,proposed_method,13,55,0.0
PURE_009,proposed_method,14,55,0.0
PURE_009,proposed_method,15,55,0.0
PURE_009,proposed_method,16,55,0.0
PURE_009,proposed_method,17,55,0.0
PURE_009,proposed_method,18,55,0.0
PURE_010,hashimoto,1,6,1.0
PURE_010,hashimoto,2,6,0.3333333333333333
PURE_010,hashimoto,3,6,0.0
PURE_010,hashimoto,4,6,0.0
PURE_010,hashimoto,5,6,0.0
PURE_010,hashimoto,6,6,0.0
PURE_010,hashimoto,7,6,0.0
PURE_010,hashimoto,8,6,0.0
PURE_010,hashimoto,9,6,0.0
PURE_010,hashimoto,10,6,0.0
PURE_010,hashimoto,11,6,0.0
PURE_010,hashimoto,12,6,0.0
PURE_010,hashimoto,13,6,0.0
PURE_010,hashimoto,14,6,0.0
PURE_010,hashimoto,15,6,0.0
PURE_010,hashimoto,16,6,0.0
PURE_010,hashimoto,17,6,0.0
PURE_010,hashimoto,18,6,0.0
PURE_010,llmrei-long,1,15,1.0
PURE_010,llmrei-long,2,15,0.4666666666666667
PURE_010,llmrei-long,3,15,0.13333333333333333
PURE_010,llmrei-long,4,15,0.06666666666666667
PURE_010,llmrei-long,5,15,0.06666666666666667
PURE_010,llmrei-long,6,15,0.06666666666666667
PURE_010,llmrei-long,7,15,0.06666666666666667
PURE_010,llmrei-long,8,15,0.06666666666666667
PURE_010,llmrei-long,9,15,0.06666666666666667
PURE_010,llmrei-long,10,15,0.0
PURE_010,llmrei-long,11,15,0.0
PURE_010,llmrei-long,12,15,0.0
PURE_010,llmrei-long,13,15,0.0
PURE_010,llmrei-long,14,15,0.0
PURE_010,llmrei-long,15,15,0.0
PURE_010,llmrei-long,16,15,0.0
PURE_010,llmrei-long,17,15,0.0
PURE_010,llmrei-long,18,15,0.0
PURE_010,sparkme,1,37,1.0
PURE_010,sparkme,2,37,0.5675675675675675
PURE_010,sparkme,3,37,0.2972972972972973
PURE_010,sparkme,4,37,0.16216216216216217
PURE_010,sparkme,5,37,0.08108108108108109
PURE_010,sparkme,6,37,0.02702702702702703
PURE_010,sparkme,7,37,0.02702702702702703
PURE_010,sparkme,8,37,0.0
PURE_010,sparkme,9,37,0.0
PURE_010,sparkme,10,37,0.0
PURE_010,sparkme,11,37,0.0
PURE_010,sparkme,12,37,0.0
PURE_010,sparkme,13,37,0.0
PURE_010,sparkme,14,37,0.0
PURE_010,sparkme,15,37,0.0
PURE_010,sparkme,16,37,0.0
PURE_010,sparkme,17,37,0.0
PURE_010,sparkme,18,37,0.0
PURE_010,proposed_method,1,51,1.0
PURE_010,proposed_method,2,51,0.5882352941176471
PURE_010,proposed_method,3,51,0.27450980392156865
PURE_010,proposed_method,4,51,0.11764705882352941
PURE_010,proposed_method,5,51,0.11764705882352941
PURE_010,proposed_method,6,51,0.0784313725490196
PURE_010,proposed_method,7,51,0.0196078431372549
PURE_010,proposed_method,8,51,0.0196078431372549
PURE_010,proposed_method,9,51,0.0196078431372549
PURE_010,proposed_method,10,51,0.0
PURE_010,proposed_method,11,51,0.0
PURE_010,proposed_method,12,51,0.0
PURE_010,proposed_method,13,51,0.0
PURE_010,proposed_method,14,51,0.0
PURE_010,proposed_method,15,51,0.0
PURE_010,proposed_method,16,51,0.0
PURE_010,proposed_method,17,51,0.0
PURE_010,proposed_method,18,51,0.0
PURE_011,hashimoto,1,23,1.0
PURE_011,hashimoto,2,23,0.34782608695652173
PURE_011,hashimoto,3,23,0.13043478260869565
PURE_011,hashimoto,4,23,0.043478260869565216
PURE_011,hashimoto,5,23,0.043478260869565216
PURE_011,hashimoto,6,23,0.0
PURE_011,hashimoto,7,23,0.0
PURE_011,hashimoto,8,23,0.0
PURE_011,hashimoto,9,23,0.0
PURE_011,hashimoto,10,23,0.0
PURE_011,hashimoto,11,23,0.0
PURE_011,hashimoto,12,23,0.0
PURE_011,hashimoto,13,23,0.0
PURE_011,hashimoto,14,23,0.0
PURE_011,hashimoto,15,23,0.0
PURE_011,hashimoto,16,23,0.0
PURE_011,hashimoto,17,23,0.0
PURE_011,hashimoto,18,23,0.0
PURE_011,llmrei-long,1,13,1.0
PURE_011,llmrei-long,2,13,0.3076923076923077
PURE_011,llmrei-long,3,13,0.3076923076923077
PURE_011,llmrei-long,4,13,0.23076923076923078
PURE_011,llmrei-long,5,13,0.07692307692307693
PURE_011,llmrei-long,6,13,0.07692307692307693
PURE_011,llmrei-long,7,13,0.0
PURE_011,llmrei-long,8,13,0.0
PURE_011,llmrei-long,9,13,0.0
PURE_011,llmrei-long,10,13,0.0
PURE_011,llmrei-long,11,13,0.0
PURE_011,llmrei-long,12,13,0.0
PURE_011,llmrei-long,13,13,0.0
PURE_011,llmrei-long,14,13,0.0
PURE_011,llmrei-long,15,13,0.0
PURE_011,llmrei-long,16,13,0.0
PURE_011,llmrei-long,17,13,0.0
PURE_011,llmrei-long,18,13,0.0
PURE_011,sparkme,1,46,1.0
PURE_011,sparkme,2,46,0.717391304347826
PURE_011,sparkme,3,46,0.1956521739130435
PURE_011,sparkme,4,46,0.043478260869565216
PURE_011,sparkme,5,46,0.0
PURE_011,sparkme,6,46,0.0
PURE_011,sparkme,7,46,0.0
PURE_011,sparkme,8,46,0.0
PURE_011,sparkme,9,46,0.0
PURE_011,sparkme,10,46,0.0
PURE_011,sparkme,11,46,0.0
PURE_011,sparkme,12,46,0.0
PURE_011,sparkme,13,46,0.0
PURE_011,sparkme,14,46,0.0
PURE_011,sparkme,15,46,0.0
PURE_011,sparkme,16,46,0.0
PURE_011,sparkme,17,46,0.0
PURE_011,sparkme,18,46,0.0
PURE_011,proposed_method,1,58,1.0
PURE_011,proposed_method,2,58,0.3620689655172414
PURE_011,proposed_method,3,58,0.1206896551724138
PURE_011,proposed_method,4,58,0.034482758620689655
PURE_011,proposed_method,5,58,0.0
PURE_011,proposed_method,6,58,0.0
PURE_011,proposed_method,7,58,0.0
PURE_011,proposed_method,8,58,0.0
PURE_011,proposed_method,9,58,0.0
PURE_011,proposed_method,10,58,0.0
PURE_011,proposed_method,11,58,0.0
PURE_011,proposed_method,12,58,0.0
PURE_011,proposed_method,13,58,0.0
PURE_011,proposed_method,14,58,0.0
PURE_011,proposed_method,15,58,0.0
PURE_011,proposed_method,16,58,0.0
PURE_011,proposed_method,17,58,0.0
PURE_011,proposed_method,18,58,0.0
PURE_012,hashimoto,1,6,1.0
PURE_012,hashimoto,2,6,0.16666666666666666
PURE_012,hashimoto,3,6,0.0
PURE_012,hashimoto,4,6,0.0
PURE_012,hashimoto,5,6,0.0
PURE_012,hashimoto,6,6,0.0
PURE_012,hashimoto,7,6,0.0
PURE_012,hashimoto,8,6,0.0
PURE_012,hashimoto,9,6,0.0
PURE_012,hashimoto,10,6,0.0
PURE_012,hashimoto,11,6,0.0
PURE_012,hashimoto,12,6,0.0
PURE_012,hashimoto,13,6,0.0
PURE_012,hashimoto,14,6,0.0
PURE_012,hashimoto,15,6,0.0
PURE_012,hashimoto,16,6,0.0
PURE_012,hashimoto,17,6,0.0
PURE_012,hashimoto,18,6,0.0
PURE_012,llmrei-long,1,11,1.0
PURE_012,llmrei-long,2,11,0.36363636363636365
PURE_012,llmrei-long,3,11,0.2727272727272727
PURE_012,llmrei-long,4,11,0.18181818181818182
PURE_012,llmrei-long,5,11,0.09090909090909091
PURE_012,llmrei-long,6,11,0.0
PURE_012,llmrei-long,7,11,0.0
PURE_012,llmrei-long,8,11,0.0
PURE_012,llmrei-long,9,11,0.0
PURE_012,llmrei-long,10,11,0.0
PURE_012,llmrei-long,11,11,0.0
PURE_012,llmrei-long,12,11,0.0
PURE_012,llmrei-long,13,11,0.0
PURE_012,llmrei-long,14,11,0.0
PURE_012,llmrei-long,15,11,0.0
PURE_012,llmrei-long,16,11,0.0
PURE_012,llmrei-long,17,11,0.0
PURE_012,llmrei-long,18,11,0.0
PURE_012,sparkme,1,57,1.0
PURE_012,sparkme,2,57,0.45614035087719296
PURE_012,sparkme,3,57,0.15789473684210525
PURE_012,sparkme,4,57,0.12280701754385964
PURE_012,sparkme,5,57,0.07017543859649122
PURE_012,sparkme,6,57,0.03508771929824561
PURE_012,sparkme,7,57,0.017543859649122806
PURE_012,sparkme,8,57,0.017543859649122806
PURE_012,sparkme,9,57,0.0
PURE_012,sparkme,10,57,0.0
PURE_012,sparkme,11,57,0.0
PURE_012,sparkme,12,57,0.0
PURE_012,sparkme,13,57,0.0
PURE_012,sparkme,14,57,0.0
PURE_012,sparkme,15,57,0.0
PURE_012,sparkme,16,57,0.0
PURE_012,sparkme,17,57,0.0
PURE_012,sparkme,18,57,0.0
PURE_012,proposed_method,1,56,1.0
PURE_012,proposed_method,2,56,0.44642857142857145
PURE_012,proposed_method,3,56,0.21428571428571427
PURE_012,proposed_method,4,56,0.08928571428571429
PURE_012,proposed_method,5,56,0.05357142857142857
PURE_012,proposed_method,6,56,0.03571428571428571
PURE_012,proposed_method,7,56,0.03571428571428571
PURE_012,proposed_method,8,56,0.017857142857142856
PURE_012,proposed_method,9,56,0.017857142857142856
PURE_012,proposed_method,10,56,0.017857142857142856
PURE_012,proposed_method,11,56,0.017857142857142856
PURE_012,proposed_method,12,56,0.017857142857142856
PURE_012,proposed_method,13,56,0.017857142857142856
PURE_012,proposed_method,14,56,0.017857142857142856
PURE_012,proposed_method,15,56,0.017857142857142856
PURE_012,proposed_method,16,56,0.017857142857142856
PURE_012,proposed_method,17,56,0.017857142857142856
PURE_012,proposed_method,18,56,0.017857142857142856
PURE_013,hashimoto,1,16,1.0
PURE_013,hashimoto,2,16,0.25
PURE_013,hashimoto,3,16,0.0
PURE_013,hashimoto,4,16,0.0
PURE_013,hashimoto,5,16,0.0
PURE_013,hashimoto,6,16,0.0
PURE_013,hashimoto,7,16,0.0
PURE_013,hashimoto,8,16,0.0
PURE_013,hashimoto,9,16,0.0
PURE_013,hashimoto,10,16,0.0
PURE_013,hashimoto,11,16,0.0
PURE_013,hashimoto,12,16,0.0
PURE_013,hashimoto,13,16,0.0
PURE_013,hashimoto,14,16,0.0
PURE_013,hashimoto,15,16,0.0
PURE_013,hashimoto,16,16,0.0
PURE_013,hashimoto,17,16,0.0
PURE_013,hashimoto,18,16,0.0
PURE_013,llmrei-long,1,23,1.0
PURE_013,llmrei-long,2,23,0.4782608695652174
PURE_013,llmrei-long,3,23,0.13043478260869565
PURE_013,llmrei-long,4,23,0.08695652173913043
PURE_013,llmrei-long,5,23,0.08695652173913043
PURE_013,llmrei-long,6,23,0.08695652173913043
PURE_013,llmrei-long,7,23,0.08695652173913043
PURE_013,llmrei-long,8,23,0.08695652173913043
PURE_013,llmrei-long,9,23,0.08695652173913043
PURE_013,llmrei-long,10,23,0.043478260869565216
PURE_013,llmrei-long,11,23,0.0
PURE_013,llmrei-long,12,23,0.0
PURE_013,llmrei-long,13,23,0.0
PURE_013,llmrei-long,14,23,0.0
PURE_013,llmrei-long,15,23,0.0
PURE_013,llmrei-long,16,23,0.0
PURE_013,llmrei-long,17,23,0.0
PURE_013,llmrei-long,18,23,0.0
PURE_013,sparkme,1,45,1.0
PURE_013,sparkme,2,45,0.4444444444444444
PURE_013,sparkme,3,45,0.13333333333333333
PURE_013,sparkme,4,45,0.022222222222222223
PURE_013,sparkme,5,45,0.0
PURE_013,sparkme,6,45,0.0
PURE_013,sparkme,7,45,0.0
PURE_013,sparkme,8,45,0.0
PURE_013,sparkme,9,45,0.0
PURE_013,sparkme,10,45,0.0
PURE_013,sparkme,11,45,0.0
PURE_013,sparkme,12,45,0.0
PURE_013,sparkme,13,45,0.0
PURE_013,sparkme,14,45,0.0
PURE_013,sparkme,15,45,0.0
PURE_013,sparkme,16,45,0.0
PURE_013,sparkme,17,45,0.0
PURE_013,sparkme,18,45,0.0
PURE_013,proposed_method,1,52,1.0
PURE_013,proposed_method,2,52,0.4423076923076923
PURE_013,proposed_method,3,52,0.25
PURE_013,proposed_method,4,52,0.11538461538461539
PURE_013,proposed_method,5,52,0.057692307692307696
PURE_013,proposed_method,6,52,0.038461538461538464
PURE_013,proposed_method,7,52,0.0
PURE_013,proposed_method,8,52,0.0
PURE_013,proposed_method,9,52,0.0
PURE_013,proposed_method,10,52,0.0
PURE_013,proposed_method,11,52,0.0
PURE_013,proposed_method,12,52,0.0
PURE_013,proposed_method,13,52,0.0
PURE_013,proposed_method,14,52,0.0
PURE_013,proposed_method,15,52,0.0
PURE_013,proposed_method,16,52,0.0
PURE_013,proposed_method,17,52,0.0
PURE_013,proposed_method,18,52,0.0
PURE_014,hashimoto,1,31,1.0
PURE_014,hashimoto,2,31,0.3548387096774194
PURE_014,hashimoto,3,31,0.0967741935483871
PURE_014,hashimoto,4,31,0.03225806451612903
PURE_014,hashimoto,5,31,0.03225806451612903
PURE_014,hashimoto,6,31,0.03225806451612903
PURE_014,hashimoto,7,31,0.03225806451612903
PURE_014,hashimoto,8,31,0.03225806451612903
PURE_014,hashimoto,9,31,0.03225806451612903
PURE_014,hashimoto,10,31,0.03225806451612903
PURE_014,hashimoto,11,31,0.03225806451612903
PURE_014,hashimoto,12,31,0.03225806451612903
PURE_014,hashimoto,13,31,0.03225806451612903
PURE_014,hashimoto,14,31,0.03225806451612903
PURE_014,hashimoto,15,31,0.03225806451612903
PURE_014,hashimoto,16,31,0.03225806451612903
PURE_014,hashimoto,17,31,0.0
PURE_014,hashimoto,18,31,0.0
PURE_014,llmrei-long,1,22,1.0
PURE_014,llmrei-long,2,22,0.2727272727272727
PURE_014,llmrei-long,3,22,0.045454545454545456
PURE_014,llmrei-long,4,22,0.0
PURE_014,llmrei-long,5,22,0.0
PURE_014,llmrei-long,6,22,0.0
PURE_014,llmrei-long,7,22,0.0
PURE_014,llmrei-long,8,22,0.0
PURE_014,llmrei-long,9,22,0.0
PURE_014,llmrei-long,10,22,0.0
PURE_014,llmrei-long,11,22,0.0
PURE_014,llmrei-long,12,22,0.0
PURE_014,llmrei-long,13,22,0.0
PURE_014,llmrei-long,14,22,0.0
PURE_014,llmrei-long,15,22,0.0
PURE_014,llmrei-long,16,22,0.0
PURE_014,llmrei-long,17,22,0.0
PURE_014,llmrei-long,18,22,0.0
PURE_014,sparkme,1,56,1.0
PURE_014,sparkme,2,56,0.5357142857142857
PURE_014,sparkme,3,56,0.21428571428571427
PURE_014,sparkme,4,56,0.125
PURE_014,sparkme,5,56,0.07142857142857142
PURE_014,sparkme,6,56,0.05357142857142857
PURE_014,sparkme,7,56,0.0
PURE_014,sparkme,8,56,0.0
PURE_014,sparkme,9,56,0.0
PURE_014,sparkme,10,56,0.0
PURE_014,sparkme,11,56,0.0
PURE_014,sparkme,12,56,0.0
PURE_014,sparkme,13,56,0.0
PURE_014,sparkme,14,56,0.0
PURE_014,sparkme,15,56,0.0
PURE_014,sparkme,16,56,0.0
PURE_014,sparkme,17,56,0.0
PURE_014,sparkme,18,56,0.0
PURE_014,proposed_method,1,65,1.0
PURE_014,proposed_method,2,65,0.46153846153846156
PURE_014,proposed_method,3,65,0.2
PURE_014,proposed_method,4,65,0.09230769230769231
PURE_014,proposed_method,5,65,0.046153846153846156
PURE_014,proposed_method,6,65,0.0
PURE_014,proposed_method,7,65,0.0
PURE_014,proposed_method,8,65,0.0
PURE_014,proposed_method,9,65,0.0
PURE_014,proposed_method,10,65,0.0
PURE_014,proposed_method,11,65,0.0
PURE_014,proposed_method,12,65,0.0
PURE_014,proposed_method,13,65,0.0
PURE_014,proposed_method,14,65,0.0
PURE_014,proposed_method,15,65,0.0
PURE_014,proposed_method,16,65,0.0
PURE_014,proposed_method,17,65,0.0
PURE_014,proposed_method,18,65,0.0
PURE_015,hashimoto,1,19,1.0
PURE_015,hashimoto,2,19,0.15789473684210525
PURE_015,hashimoto,3,19,0.0
PURE_015,hashimoto,4,19,0.0
PURE_015,hashimoto,5,19,0.0
PURE_015,hashimoto,6,19,0.0
PURE_015,hashimoto,7,19,0.0
PURE_015,hashimoto,8,19,0.0
PURE_015,hashimoto,9,19,0.0
PURE_015,hashimoto,10,19,0.0
PURE_015,hashimoto,11,19,0.0
PURE_015,hashimoto,12,19,0.0
PURE_015,hashimoto,13,19,0.0
PURE_015,hashimoto,14,19,0.0
PURE_015,hashimoto,15,19,0.0
PURE_015,hashimoto,16,19,0.0
PURE_015,hashimoto,17,19,0.0
PURE_015,hashimoto,18,19,0.0
PURE_015,llmrei-long,1,29,1.0
PURE_015,llmrei-long,2,29,0.2413793103448276
PURE_015,llmrei-long,3,29,0.0
PURE_015,llmrei-long,4,29,0.0
PURE_015,llmrei-long,5,29,0.0
PURE_015,llmrei-long,6,29,0.0
PURE_015,llmrei-long,7,29,0.0
PURE_015,llmrei-long,8,29,0.0
PURE_015,llmrei-long,9,29,0.0
PURE_015,llmrei-long,10,29,0.0
PURE_015,llmrei-long,11,29,0.0
PURE_015,llmrei-long,12,29,0.0
PURE_015,llmrei-long,13,29,0.0
PURE_015,llmrei-long,14,29,0.0
PURE_015,llmrei-long,15,29,0.0
PURE_015,llmrei-long,16,29,0.0
PURE_015,llmrei-long,17,29,0.0
PURE_015,llmrei-long,18,29,0.0
PURE_015,sparkme,1,76,1.0
PURE_015,sparkme,2,76,0.5263157894736842
PURE_015,sparkme,3,76,0.19736842105263158
PURE_015,sparkme,4,76,0.05263157894736842
PURE_015,sparkme,5,76,0.02631578947368421
PURE_015,sparkme,6,76,0.0
PURE_015,sparkme,7,76,0.0
PURE_015,sparkme,8,76,0.0
PURE_015,sparkme,9,76,0.0
PURE_015,sparkme,10,76,0.0
PURE_015,sparkme,11,76,0.0
PURE_015,sparkme,12,76,0.0
PURE_015,sparkme,13,76,0.0
PURE_015,sparkme,14,76,0.0
PURE_015,sparkme,15,76,0.0
PURE_015,sparkme,16,76,0.0
PURE_015,sparkme,17,76,0.0
PURE_015,sparkme,18,76,0.0
PURE_015,proposed_method,1,95,1.0
PURE_015,proposed_method,2,95,0.49473684210526314
PURE_015,proposed_method,3,95,0.21052631578947367
PURE_015,proposed_method,4,95,0.12631578947368421
PURE_015,proposed_method,5,95,0.042105263157894736
PURE_015,proposed_method,6,95,0.021052631578947368
PURE_015,proposed_method,7,95,0.010526315789473684
PURE_015,proposed_method,8,95,0.0
PURE_015,proposed_method,9,95,0.0
PURE_015,proposed_method,10,95,0.0
PURE_015,proposed_method,11,95,0.0
PURE_015,proposed_method,12,95,0.0
PURE_015,proposed_method,13,95,0.0
PURE_015,proposed_method,14,95,0.0
PURE_015,proposed_method,15,95,0.0
PURE_015,proposed_method,16,95,0.0
PURE_015,proposed_method,17,95,0.0
PURE_015,proposed_method,18,95,0.0
PURE_016,hashimoto,1,19,1.0
PURE_016,hashimoto,2,19,0.21052631578947367
PURE_016,hashimoto,3,19,0.0
PURE_016,hashimoto,4,19,0.0
PURE_016,hashimoto,5,19,0.0
PURE_016,hashimoto,6,19,0.0
PURE_016,hashimoto,7,19,0.0
PURE_016,hashimoto,8,19,0.0
PURE_016,hashimoto,9,19,0.0
PURE_016,hashimoto,10,19,0.0
PURE_016,hashimoto,11,19,0.0
PURE_016,hashimoto,12,19,0.0
PURE_016,hashimoto,13,19,0.0
PURE_016,hashimoto,14,19,0.0
PURE_016,hashimoto,15,19,0.0
PURE_016,hashimoto,16,19,0.0
PURE_016,hashimoto,17,19,0.0
PURE_016,hashimoto,18,19,0.0
PURE_016,llmrei-long,1,16,1.0
PURE_016,llmrei-long,2,16,0.375
PURE_016,llmrei-long,3,16,0.125
PURE_016,llmrei-long,4,16,0.0
PURE_016,llmrei-long,5,16,0.0
PURE_016,llmrei-long,6,16,0.0
PURE_016,llmrei-long,7,16,0.0
PURE_016,llmrei-long,8,16,0.0
PURE_016,llmrei-long,9,16,0.0
PURE_016,llmrei-long,10,16,0.0
PURE_016,llmrei-long,11,16,0.0
PURE_016,llmrei-long,12,16,0.0
PURE_016,llmrei-long,13,16,0.0
PURE_016,llmrei-long,14,16,0.0
PURE_016,llmrei-long,15,16,0.0
PURE_016,llmrei-long,16,16,0.0
PURE_016,llmrei-long,17,16,0.0
PURE_016,llmrei-long,18,16,0.0
PURE_016,sparkme,1,62,1.0
PURE_016,sparkme,2,62,0.4838709677419355
PURE_016,sparkme,3,62,0.1935483870967742
PURE_016,sparkme,4,62,0.08064516129032258
PURE_016,sparkme,5,62,0.016129032258064516
PURE_016,sparkme,6,62,0.016129032258064516
PURE_016,sparkme,7,62,0.0
PURE_016,sparkme,8,62,0.0
PURE_016,sparkme,9,62,0.0
PURE_016,sparkme,10,62,0.0
PURE_016,sparkme,11,62,0.0
PURE_016,sparkme,12,62,0.0
PURE_016,sparkme,13,62,0.0
PURE_016,sparkme,14,62,0.0
PURE_016,sparkme,15,62,0.0
PURE_016,sparkme,16,62,0.0
PURE_016,sparkme,17,62,0.0
PURE_016,sparkme,18,62,0.0
PURE_016,proposed_method,1,83,1.0
PURE_016,proposed_method,2,83,0.5903614457831325
PURE_016,proposed_method,3,83,0.20481927710843373
PURE_016,proposed_method,4,83,0.0963855421686747
PURE_016,proposed_method,5,83,0.060240963855421686
PURE_016,proposed_method,6,83,0.04819277108433735
PURE_016,proposed_method,7,83,0.03614457831325301
PURE_016,proposed_method,8,83,0.03614457831325301
PURE_016,proposed_method,9,83,0.03614457831325301
PURE_016,proposed_method,10,83,0.024096385542168676
PURE_016,proposed_method,11,83,0.012048192771084338
PURE_016,proposed_method,12,83,0.012048192771084338
PURE_016,proposed_method,13,83,0.0
PURE_016,proposed_method,14,83,0.0
PURE_016,proposed_method,15,83,0.0
PURE_016,proposed_method,16,83,0.0
PURE_016,proposed_method,17,83,0.0
PURE_016,proposed_method,18,83,0.0
PURE_017,hashimoto,1,14,1.0
PURE_017,hashimoto,2,14,0.42857142857142855
PURE_017,hashimoto,3,14,0.0
PURE_017,hashimoto,4,14,0.0
PURE_017,hashimoto,5,14,0.0
PURE_017,hashimoto,6,14,0.0
PURE_017,hashimoto,7,14,0.0
PURE_017,hashimoto,8,14,0.0
PURE_017,hashimoto,9,14,0.0
PURE_017,hashimoto,10,14,0.0
PURE_017,hashimoto,11,14,0.0
PURE_017,hashimoto,12,14,0.0
PURE_017,hashimoto,13,14,0.0
PURE_017,hashimoto,14,14,0.0
PURE_017,hashimoto,15,14,0.0
PURE_017,hashimoto,16,14,0.0
PURE_017,hashimoto,17,14,0.0
PURE_017,hashimoto,18,14,0.0
PURE_017,llmrei-long,1,16,1.0
PURE_017,llmrei-long,2,16,0.25
PURE_017,llmrei-long,3,16,0.0625
PURE_017,llmrei-long,4,16,0.0
PURE_017,llmrei-long,5,16,0.0
PURE_017,llmrei-long,6,16,0.0
PURE_017,llmrei-long,7,16,0.0
PURE_017,llmrei-long,8,16,0.0
PURE_017,llmrei-long,9,16,0.0
PURE_017,llmrei-long,10,16,0.0
PURE_017,llmrei-long,11,16,0.0
PURE_017,llmrei-long,12,16,0.0
PURE_017,llmrei-long,13,16,0.0
PURE_017,llmrei-long,14,16,0.0
PURE_017,llmrei-long,15,16,0.0
PURE_017,llmrei-long,16,16,0.0
PURE_017,llmrei-long,17,16,0.0
PURE_017,llmrei-long,18,16,0.0
PURE_017,sparkme,1,57,1.0
PURE_017,sparkme,2,57,0.40350877192982454
PURE_017,sparkme,3,57,0.15789473684210525
PURE_017,sparkme,4,57,0.03508771929824561
PURE_017,sparkme,5,57,0.03508771929824561
PURE_017,sparkme,6,57,0.017543859649122806
PURE_017,sparkme,7,57,0.017543859649122806
PURE_017,sparkme,8,57,0.017543859649122806
PURE_017,sparkme,9,57,0.0
PURE_017,sparkme,10,57,0.0
PURE_017,sparkme,11,57,0.0
PURE_017,sparkme,12,57,0.0
PURE_017,sparkme,13,57,0.0
PURE_017,sparkme,14,57,0.0
PURE_017,sparkme,15,57,0.0
PURE_017,sparkme,16,57,0.0
PURE_017,sparkme,17,57,0.0
PURE_017,sparkme,18,57,0.0
PURE_017,proposed_method,1,59,1.0
PURE_017,proposed_method,2,59,0.5084745762711864
PURE_017,proposed_method,3,59,0.13559322033898305
PURE_017,proposed_method,4,59,0.1016949152542373
PURE_017,proposed_method,5,59,0.01694915254237288
PURE_017,proposed_method,6,59,0.01694915254237288
PURE_017,proposed_method,7,59,0.0
PURE_017,proposed_method,8,59,0.0
PURE_017,proposed_method,9,59,0.0
PURE_017,proposed_method,10,59,0.0
PURE_017,proposed_method,11,59,0.0
PURE_017,proposed_method,12,59,0.0
PURE_017,proposed_method,13,59,0.0
PURE_017,proposed_method,14,59,0.0
PURE_017,proposed_method,15,59,0.0
PURE_017,proposed_method,16,59,0.0
PURE_017,proposed_method,17,59,0.0
PURE_017,proposed_method,18,59,0.0
PURE_018,hashimoto,1,26,1.0
PURE_018,hashimoto,2,26,0.3076923076923077
PURE_018,hashimoto,3,26,0.23076923076923078
PURE_018,hashimoto,4,26,0.11538461538461539
PURE_018,hashimoto,5,26,0.038461538461538464
PURE_018,hashimoto,6,26,0.038461538461538464
PURE_018,hashimoto,7,26,0.038461538461538464
PURE_018,hashimoto,8,26,0.038461538461538464
PURE_018,hashimoto,9,26,0.038461538461538464
PURE_018,hashimoto,10,26,0.038461538461538464
PURE_018,hashimoto,11,26,0.0
PURE_018,hashimoto,12,26,0.0
PURE_018,hashimoto,13,26,0.0
PURE_018,hashimoto,14,26,0.0
PURE_018,hashimoto,15,26,0.0
PURE_018,hashimoto,16,26,0.0
PURE_018,hashimoto,17,26,0.0
PURE_018,hashimoto,18,26,0.0
PURE_018,llmrei-long,1,23,1.0
PURE_018,llmrei-long,2,23,0.17391304347826086
PURE_018,llmrei-long,3,23,0.08695652173913043
PURE_018,llmrei-long,4,23,0.0
PURE_018,llmrei-long,5,23,0.0
PURE_018,llmrei-long,6,23,0.0
PURE_018,llmrei-long,7,23,0.0
PURE_018,llmrei-long,8,23,0.0
PURE_018,llmrei-long,9,23,0.0
PURE_018,llmrei-long,10,23,0.0
PURE_018,llmrei-long,11,23,0.0
PURE_018,llmrei-long,12,23,0.0
PURE_018,llmrei-long,13,23,0.0
PURE_018,llmrei-long,14,23,0.0
PURE_018,llmrei-long,15,23,0.0
PURE_018,llmrei-long,16,23,0.0
PURE_018,llmrei-long,17,23,0.0
PURE_018,llmrei-long,18,23,0.0
PURE_018,sparkme,1,43,1.0
PURE_018,sparkme,2,43,0.5348837209302325
PURE_018,sparkme,3,43,0.23255813953488372
PURE_018,sparkme,4,43,0.046511627906976744
PURE_018,sparkme,5,43,0.0
PURE_018,sparkme,6,43,0.0
PURE_018,sparkme,7,43,0.0
PURE_018,sparkme,8,43,0.0
PURE_018,sparkme,9,43,0.0
PURE_018,sparkme,10,43,0.0
PURE_018,sparkme,11,43,0.0
PURE_018,sparkme,12,43,0.0
PURE_018,sparkme,13,43,0.0
PURE_018,sparkme,14,43,0.0
PURE_018,sparkme,15,43,0.0
PURE_018,sparkme,16,43,0.0
PURE_018,sparkme,17,43,0.0
PURE_018,sparkme,18,43,0.0
PURE_018,proposed_method,1,90,1.0
PURE_018,proposed_method,2,90,0.5888888888888889
PURE_018,proposed_method,3,90,0.18888888888888888
PURE_018,proposed_method,4,90,0.044444444444444446
PURE_018,proposed_method,5,90,0.022222222222222223
PURE_018,proposed_method,6,90,0.011111111111111112
PURE_018,proposed_method,7,90,0.011111111111111112
PURE_018,proposed_method,8,90,0.011111111111111112
PURE_018,proposed_method,9,90,0.0
PURE_018,proposed_method,10,90,0.0
PURE_018,proposed_method,11,90,0.0
PURE_018,proposed_method,12,90,0.0
PURE_018,proposed_method,13,90,0.0
PURE_018,proposed_method,14,90,0.0
PURE_018,proposed_method,15,90,0.0
PURE_018,proposed_method,16,90,0.0
PURE_018,proposed_method,17,90,0.0
PURE_018,proposed_method,18,90,0.0
PURE_019,hashimoto,1,6,1.0
PURE_019,hashimoto,2,6,0.6666666666666666
PURE_019,hashimoto,3,6,0.16666666666666666
PURE_019,hashimoto,4,6,0.0
PURE_019,hashimoto,5,6,0.0
PURE_019,hashimoto,6,6,0.0
PURE_019,hashimoto,7,6,0.0
PURE_019,hashimoto,8,6,0.0
PURE_019,hashimoto,9,6,0.0
PURE_019,hashimoto,10,6,0.0
PURE_019,hashimoto,11,6,0.0
PURE_019,hashimoto,12,6,0.0
PURE_019,hashimoto,13,6,0.0
PURE_019,hashimoto,14,6,0.0
PURE_019,hashimoto,15,6,0.0
PURE_019,hashimoto,16,6,0.0
PURE_019,hashimoto,17,6,0.0
PURE_019,hashimoto,18,6,0.0
PURE_019,llmrei-long,1,16,1.0
PURE_019,llmrei-long,2,16,0.1875
PURE_019,llmrei-long,3,16,0.0
PURE_019,llmrei-long,4,16,0.0
PURE_019,llmrei-long,5,16,0.0
PURE_019,llmrei-long,6,16,0.0
PURE_019,llmrei-long,7,16,0.0
PURE_019,llmrei-long,8,16,0.0
PURE_019,llmrei-long,9,16,0.0
PURE_019,llmrei-long,10,16,0.0
PURE_019,llmrei-long,11,16,0.0
PURE_019,llmrei-long,12,16,0.0
PURE_019,llmrei-long,13,16,0.0
PURE_019,llmrei-long,14,16,0.0
PURE_019,llmrei-long,15,16,0.0
PURE_019,llmrei-long,16,16,0.0
PURE_019,llmrei-long,17,16,0.0
PURE_019,llmrei-long,18,16,0.0
PURE_019,sparkme,1,61,1.0
PURE_019,sparkme,2,61,0.36065573770491804
PURE_019,sparkme,3,61,0.09836065573770492
PURE_019,sparkme,4,61,0.04918032786885246
PURE_019,sparkme,5,61,0.04918032786885246
PURE_019,sparkme,6,61,0.01639344262295082
PURE_019,sparkme,7,61,0.01639344262295082
PURE_019,sparkme,8,61,0.0
PURE_019,sparkme,9,61,0.0
PURE_019,sparkme,10,61,0.0
PURE_019,sparkme,11,61,0.0
PURE_019,sparkme,12,61,0.0
PURE_019,sparkme,13,61,0.0
PURE_019,sparkme,14,61,0.0
PURE_019,sparkme,15,61,0.0
PURE_019,sparkme,16,61,0.0
PURE_019,sparkme,17,61,0.0
PURE_019,sparkme,18,61,0.0
PURE_019,proposed_method,1,62,1.0
PURE_019,proposed_method,2,62,0.4838709677419355
PURE_019,proposed_method,3,62,0.08064516129032258
PURE_019,proposed_method,4,62,0.016129032258064516
PURE_019,proposed_method,5,62,0.016129032258064516
PURE_019,proposed_method,6,62,0.016129032258064516
PURE_019,proposed_method,7,62,0.016129032258064516
PURE_019,proposed_method,8,62,0.0
PURE_019,proposed_method,9,62,0.0
PURE_019,proposed_method,10,62,0.0
PURE_019,proposed_method,11,62,0.0
PURE_019,proposed_method,12,62,0.0
PURE_019,proposed_method,13,62,0.0
PURE_019,proposed_method,14,62,0.0
PURE_019,proposed_method,15,62,0.0
PURE_019,proposed_method,16,62,0.0
PURE_019,proposed_method,17,62,0.0
PURE_019,proposed_method,18,62,0.0
PURE_020,hashimoto,1,7,1.0
PURE_020,hashimoto,2,7,0.2857142857142857
PURE_020,hashimoto,3,7,0.0
PURE_020,hashimoto,4,7,0.0
PURE_020,hashimoto,5,7,0.0
PURE_020,hashimoto,6,7,0.0
PURE_020,hashimoto,7,7,0.0
PURE_020,hashimoto,8,7,0.0
PURE_020,hashimoto,9,7,0.0
PURE_020,hashimoto,10,7,0.0
PURE_020,hashimoto,11,7,0.0
PURE_020,hashimoto,12,7,0.0
PURE_020,hashimoto,13,7,0.0
PURE_020,hashimoto,14,7,0.0
PURE_020,hashimoto,15,7,0.0
PURE_020,hashimoto,16,7,0.0
PURE_020,hashimoto,17,7,0.0
PURE_020,hashimoto,18,7,0.0
PURE_020,llmrei-long,1,15,1.0
PURE_020,llmrei-long,2,15,0.13333333333333333
PURE_020,llmrei-long,3,15,0.06666666666666667
PURE_020,llmrei-long,4,15,0.06666666666666667
PURE_020,llmrei-long,5,15,0.0
PURE_020,llmrei-long,6,15,0.0
PURE_020,llmrei-long,7,15,0.0
PURE_020,llmrei-long,8,15,0.0
PURE_020,llmrei-long,9,15,0.0
PURE_020,llmrei-long,10,15,0.0
PURE_020,llmrei-long,11,15,0.0
PURE_020,llmrei-long,12,15,0.0
PURE_020,llmrei-long,13,15,0.0
PURE_020,llmrei-long,14,15,0.0
PURE_020,llmrei-long,15,15,0.0
PURE_020,llmrei-long,16,15,0.0
PURE_020,llmrei-long,17,15,0.0
PURE_020,llmrei-long,18,15,0.0
PURE_020,sparkme,1,52,1.0
PURE_020,sparkme,2,52,0.5961538461538461
PURE_020,sparkme,3,52,0.1346153846153846
PURE_020,sparkme,4,52,0.057692307692307696
PURE_020,sparkme,5,52,0.038461538461538464
PURE_020,sparkme,6,52,0.019230769230769232
PURE_020,sparkme,7,52,0.0
PURE_020,sparkme,8,52,0.0
PURE_020,sparkme,9,52,0.0
PURE_020,sparkme,10,52,0.0
PURE_020,sparkme,11,52,0.0
PURE_020,sparkme,12,52,0.0
PURE_020,sparkme,13,52,0.0
PURE_020,sparkme,14,52,0.0
PURE_020,sparkme,15,52,0.0
PURE_020,sparkme,16,52,0.0
PURE_020,sparkme,17,52,0.0
PURE_020,sparkme,18,52,0.0
PURE_020,proposed_method,1,58,1.0
PURE_020,proposed_method,2,58,0.5172413793103449
PURE_020,proposed_method,3,58,0.10344827586206896
PURE_020,proposed_method,4,58,0.08620689655172414
PURE_020,proposed_method,5,58,0.034482758620689655
PURE_020,proposed_method,6,58,0.034482758620689655
PURE_020,proposed_method,7,58,0.017241379310344827
PURE_020,proposed_method,8,58,0.0
PURE_020,proposed_method,9,58,0.0
PURE_020,proposed_method,10,58,0.0
PURE_020,proposed_method,11,58,0.0
PURE_020,proposed_method,12,58,0.0
PURE_020,proposed_method,13,58,0.0
PURE_020,proposed_method,14,58,0.0
PURE_020,proposed_method,15,58,0.0
PURE_020,proposed_method,16,58,0.0
PURE_020,proposed_method,17,58,0.0
PURE_020,proposed_method,18,58,0.0
PURE_021,hashimoto,1,16,1.0
PURE_021,hashimoto,2,16,0.25
PURE_021,hashimoto,3,16,0.125
PURE_021,hashimoto,4,16,0.125
PURE_021,hashimoto,5,16,0.0625
PURE_021,hashimoto,6,16,0.0625
PURE_021,hashimoto,7,16,0.0625
PURE_021,hashimoto,8,16,0.0625
PURE_021,hashimoto,9,16,0.0
PURE_021,hashimoto,10,16,0.0
PURE_021,hashimoto,11,16,0.0
PURE_021,hashimoto,12,16,0.0
PURE_021,hashimoto,13,16,0.0
PURE_021,hashimoto,14,16,0.0
PURE_021,hashimoto,15,16,0.0
PURE_021,hashimoto,16,16,0.0
PURE_021,hashimoto,17,16,0.0
PURE_021,hashimoto,18,16,0.0
PURE_021,llmrei-long,1,9,1.0
PURE_021,llmrei-long,2,9,0.1111111111111111
PURE_021,llmrei-long,3,9,0.0
PURE_021,llmrei-long,4,9,0.0
PURE_021,llmrei-long,5,9,0.0
PURE_021,llmrei-long,6,9,0.0
PURE_021,llmrei-long,7,9,0.0
PURE_021,llmrei-long,8,9,0.0
PURE_021,llmrei-long,9,9,0.0
PURE_021,llmrei-long,10,9,0.0
PURE_021,llmrei-long,11,9,0.0
PURE_021,llmrei-long,12,9,0.0
PURE_021,llmrei-long,13,9,0.0
PURE_021,llmrei-long,14,9,0.0
PURE_021,llmrei-long,15,9,0.0
PURE_021,llmrei-long,16,9,0.0
PURE_021,llmrei-long,17,9,0.0
PURE_021,llmrei-long,18,9,0.0
PURE_021,sparkme,1,38,1.0
PURE_021,sparkme,2,38,0.4473684210526316
PURE_021,sparkme,3,38,0.13157894736842105
PURE_021,sparkme,4,38,0.0
PURE_021,sparkme,5,38,0.0
PURE_021,sparkme,6,38,0.0
PURE_021,sparkme,7,38,0.0
PURE_021,sparkme,8,38,0.0
PURE_021,sparkme,9,38,0.0
PURE_021,sparkme,10,38,0.0
PURE_021,sparkme,11,38,0.0
PURE_021,sparkme,12,38,0.0
PURE_021,sparkme,13,38,0.0
PURE_021,sparkme,14,38,0.0
PURE_021,sparkme,15,38,0.0
PURE_021,sparkme,16,38,0.0
PURE_021,sparkme,17,38,0.0
PURE_021,sparkme,18,38,0.0
PURE_021,proposed_method,1,32,1.0
PURE_021,proposed_method,2,32,0.5625
PURE_021,proposed_method,3,32,0.21875
PURE_021,proposed_method,4,32,0.125
PURE_021,proposed_method,5,32,0.0625
PURE_021,proposed_method,6,32,0.0
PURE_021,proposed_method,7,32,0.0
PURE_021,proposed_method,8,32,0.0
PURE_021,proposed_method,9,32,0.0
PURE_021,proposed_method,10,32,0.0
PURE_021,proposed_method,11,32,0.0
PURE_021,proposed_method,12,32,0.0
PURE_021,proposed_method,13,32,0.0
PURE_021,proposed_method,14,32,0.0
PURE_021,proposed_method,15,32,0.0
PURE_021,proposed_method,16,32,0.0
PURE_021,proposed_method,17,32,0.0
PURE_021,proposed_method,18,32,0.0
PURE_022,hashimoto,1,17,1.0
PURE_022,hashimoto,2,17,0.35294117647058826
PURE_022,hashimoto,3,17,0.17647058823529413
PURE_022,hashimoto,4,17,0.11764705882352941
PURE_022,hashimoto,5,17,0.058823529411764705
PURE_022,hashimoto,6,17,0.058823529411764705
PURE_022,hashimoto,7,17,0.0
PURE_022,hashimoto,8,17,0.0
PURE_022,hashimoto,9,17,0.0
PURE_022,hashimoto,10,17,0.0
PURE_022,hashimoto,11,17,0.0
PURE_022,hashimoto,12,17,0.0
PURE_022,hashimoto,13,17,0.0
PURE_022,hashimoto,14,17,0.0
PURE_022,hashimoto,15,17,0.0
PURE_022,hashimoto,16,17,0.0
PURE_022,hashimoto,17,17,0.0
PURE_022,hashimoto,18,17,0.0
PURE_022,llmrei-long,1,25,1.0
PURE_022,llmrei-long,2,25,0.32
PURE_022,llmrei-long,3,25,0.08
PURE_022,llmrei-long,4,25,0.04
PURE_022,llmrei-long,5,25,0.04
PURE_022,llmrei-long,6,25,0.04
PURE_022,llmrei-long,7,25,0.0
PURE_022,llmrei-long,8,25,0.0
PURE_022,llmrei-long,9,25,0.0
PURE_022,llmrei-long,10,25,0.0
PURE_022,llmrei-long,11,25,0.0
PURE_022,llmrei-long,12,25,0.0
PURE_022,llmrei-long,13,25,0.0
PURE_022,llmrei-long,14,25,0.0
PURE_022,llmrei-long,15,25,0.0
PURE_022,llmrei-long,16,25,0.0
PURE_022,llmrei-long,17,25,0.0
PURE_022,llmrei-long,18,25,0.0
PURE_022,sparkme,1,55,1.0
PURE_022,sparkme,2,55,0.4909090909090909
PURE_022,sparkme,3,55,0.16363636363636364
PURE_022,sparkme,4,55,0.05454545454545454
PURE_022,sparkme,5,55,0.01818181818181818
PURE_022,sparkme,6,55,0.0
PURE_022,sparkme,7,55,0.0
PURE_022,sparkme,8,55,0.0
PURE_022,sparkme,9,55,0.0
PURE_022,sparkme,10,55,0.0
PURE_022,sparkme,11,55,0.0
PURE_022,sparkme,12,55,0.0
PURE_022,sparkme,13,55,0.0
PURE_022,sparkme,14,55,0.0
PURE_022,sparkme,15,55,0.0
PURE_022,sparkme,16,55,0.0
PURE_022,sparkme,17,55,0.0
PURE_022,sparkme,18,55,0.0
PURE_022,proposed_method,1,52,1.0
PURE_022,proposed_method,2,52,0.2692307692307692
PURE_022,proposed_method,3,52,0.17307692307692307
PURE_022,proposed_method,4,52,0.019230769230769232
PURE_022,proposed_method,5,52,0.0
PURE_022,proposed_method,6,52,0.0
PURE_022,proposed_method,7,52,0.0
PURE_022,proposed_method,8,52,0.0
PURE_022,proposed_method,9,52,0.0
PURE_022,proposed_method,10,52,0.0
PURE_022,proposed_method,11,52,0.0
PURE_022,proposed_method,12,52,0.0
PURE_022,proposed_method,13,52,0.0
PURE_022,proposed_method,14,52,0.0
PURE_022,proposed_method,15,52,0.0
PURE_022,proposed_method,16,52,0.0
PURE_022,proposed_method,17,52,0.0
PURE_022,proposed_method,18,52,0.0
PURE_023,hashimoto,1,14,1.0
PURE_023,hashimoto,2,14,0.35714285714285715
PURE_023,hashimoto,3,14,0.07142857142857142
PURE_023,hashimoto,4,14,0.07142857142857142
PURE_023,hashimoto,5,14,0.0
PURE_023,hashimoto,6,14,0.0
PURE_023,hashimoto,7,14,0.0
PURE_023,hashimoto,8,14,0.0
PURE_023,hashimoto,9,14,0.0
PURE_023,hashimoto,10,14,0.0
PURE_023,hashimoto,11,14,0.0
PURE_023,hashimoto,12,14,0.0
PURE_023,hashimoto,13,14,0.0
PURE_023,hashimoto,14,14,0.0
PURE_023,hashimoto,15,14,0.0
PURE_023,hashimoto,16,14,0.0
PURE_023,hashimoto,17,14,0.0
PURE_023,hashimoto,18,14,0.0
PURE_023,llmrei-long,1,24,1.0
PURE_023,llmrei-long,2,24,0.25
PURE_023,llmrei-long,3,24,0.125
PURE_023,llmrei-long,4,24,0.08333333333333333
PURE_023,llmrei-long,5,24,0.041666666666666664
PURE_023,llmrei-long,6,24,0.041666666666666664
PURE_023,llmrei-long,7,24,0.0
PURE_023,llmrei-long,8,24,0.0
PURE_023,llmrei-long,9,24,0.0
PURE_023,llmrei-long,10,24,0.0
PURE_023,llmrei-long,11,24,0.0
PURE_023,llmrei-long,12,24,0.0
PURE_023,llmrei-long,13,24,0.0
PURE_023,llmrei-long,14,24,0.0
PURE_023,llmrei-long,15,24,0.0
PURE_023,llmrei-long,16,24,0.0
PURE_023,llmrei-long,17,24,0.0
PURE_023,llmrei-long,18,24,0.0
PURE_023,sparkme,1,66,1.0
PURE_023,sparkme,2,66,0.48484848484848486
PURE_023,sparkme,3,66,0.22727272727272727
PURE_023,sparkme,4,66,0.13636363636363635
PURE_023,sparkme,5,66,0.06060606060606061
PURE_023,sparkme,6,66,0.030303030303030304
PURE_023,sparkme,7,66,0.015151515151515152
PURE_023,sparkme,8,66,0.015151515151515152
PURE_023,sparkme,9,66,0.015151515151515152
PURE_023,sparkme,10,66,0.015151515151515152
PURE_023,sparkme,11,66,0.015151515151515152
PURE_023,sparkme,12,66,0.015151515151515152
PURE_023,sparkme,13,66,0.015151515151515152
PURE_023,sparkme,14,66,0.015151515151515152
PURE_023,sparkme,15,66,0.0
PURE_023,sparkme,16,66,0.0
PURE_023,sparkme,17,66,0.0
PURE_023,sparkme,18,66,0.0
PURE_023,proposed_method,1,99,1.0
PURE_023,proposed_method,2,99,0.5454545454545454
PURE_023,proposed_method,3,99,0.24242424242424243
PURE_023,proposed_method,4,99,0.10101010101010101
PURE_023,proposed_method,5,99,0.06060606060606061
PURE_023,proposed_method,6,99,0.050505050505050504
PURE_023,proposed_method,7,99,0.050505050505050504
PURE_023,proposed_method,8,99,0.050505050505050504
PURE_023,proposed_method,9,99,0.020202020202020204
PURE_023,proposed_method,10,99,0.010101010101010102
PURE_023,proposed_method,11,99,0.010101010101010102
PURE_023,proposed_method,12,99,0.010101010101010102
PURE_023,proposed_method,13,99,0.0
PURE_023,proposed_method,14,99,0.0
PURE_023,proposed_method,15,99,0.0
PURE_023,proposed_method,16,99,0.0
PURE_023,proposed_method,17,99,0.0
PURE_023,proposed_method,18,99,0.0
PURE_024,hashimoto,1,11,1.0
PURE_024,hashimoto,2,11,0.0
PURE_024,hashimoto,3,11,0.0
PURE_024,hashimoto,4,11,0.0
PURE_024,hashimoto,5,11,0.0
PURE_024,hashimoto,6,11,0.0
PURE_024,hashimoto,7,11,0.0
PURE_024,hashimoto,8,11,0.0
PURE_024,hashimoto,9,11,0.0
PURE_024,hashimoto,10,11,0.0
PURE_024,hashimoto,11,11,0.0
PURE_024,hashimoto,12,11,0.0
PURE_024,hashimoto,13,11,0.0
PURE_024,hashimoto,14,11,0.0
PURE_024,hashimoto,15,11,0.0
PURE_024,hashimoto,16,11,0.0
PURE_024,hashimoto,17,11,0.0
PURE_024,hashimoto,18,11,0.0
PURE_024,llmrei-long,1,20,1.0
PURE_024,llmrei-long,2,20,0.6
PURE_024,llmrei-long,3,20,0.1
PURE_024,llmrei-long,4,20,0.05
PURE_024,llmrei-long,5,20,0.0
PURE_024,llmrei-long,6,20,0.0
PURE_024,llmrei-long,7,20,0.0
PURE_024,llmrei-long,8,20,0.0
PURE_024,llmrei-long,9,20,0.0
PURE_024,llmrei-long,10,20,0.0
PURE_024,llmrei-long,11,20,0.0
PURE_024,llmrei-long,12,20,0.0
PURE_024,llmrei-long,13,20,0.0
PURE_024,llmrei-long,14,20,0.0
PURE_024,llmrei-long,15,20,0.0
PURE_024,llmrei-long,16,20,0.0
PURE_024,llmrei-long,17,20,0.0
PURE_024,llmrei-long,18,20,0.0
PURE_024,sparkme,1,69,1.0
PURE_024,sparkme,2,69,0.391304347826087
PURE_024,sparkme,3,69,0.11594202898550725
PURE_024,sparkme,4,69,0.028985507246376812
PURE_024,sparkme,5,69,0.014492753623188406
PURE_024,sparkme,6,69,0.0
PURE_024,sparkme,7,69,0.0
PURE_024,sparkme,8,69,0.0
PURE_024,sparkme,9,69,0.0
PURE_024,sparkme,10,69,0.0
PURE_024,sparkme,11,69,0.0
PURE_024,sparkme,12,69,0.0
PURE_024,sparkme,13,69,0.0
PURE_024,sparkme,14,69,0.0
PURE_024,sparkme,15,69,0.0
PURE_024,sparkme,16,69,0.0
PURE_024,sparkme,17,69,0.0
PURE_024,sparkme,18,69,0.0
PURE_024,proposed_method,1,90,1.0
PURE_024,proposed_method,2,90,0.4222222222222222
PURE_024,proposed_method,3,90,0.18888888888888888
PURE_024,proposed_method,4,90,0.07777777777777778
PURE_024,proposed_method,5,90,0.044444444444444446
PURE_024,proposed_method,6,90,0.03333333333333333
PURE_024,proposed_method,7,90,0.03333333333333333
PURE_024,proposed_method,8,90,0.022222222222222223
PURE_024,proposed_method,9,90,0.011111111111111112
PURE_024,proposed_method,10,90,0.0
PURE_024,proposed_method,11,90,0.0
PURE_024,proposed_method,12,90,0.0
PURE_024,proposed_method,13,90,0.0
PURE_024,proposed_method,14,90,0.0
PURE_024,proposed_method,15,90,0.0
PURE_024,proposed_method,16,90,0.0
PURE_024,proposed_method,17,90,0.0
PURE_024,proposed_method,18,90,0.0
PURE_025,hashimoto,1,6,1.0
PURE_025,hashimoto,2,6,0.3333333333333333
PURE_025,hashimoto,3,6,0.16666666666666666
PURE_025,hashimoto,4,6,0.0
PURE_025,hashimoto,5,6,0.0
PURE_025,hashimoto,6,6,0.0
PURE_025,hashimoto,7,6,0.0
PURE_025,hashimoto,8,6,0.0
PURE_025,hashimoto,9,6,0.0
PURE_025,hashimoto,10,6,0.0
PURE_025,hashimoto,11,6,0.0
PURE_025,hashimoto,12,6,0.0
PURE_025,hashimoto,13,6,0.0
PURE_025,hashimoto,14,6,0.0
PURE_025,hashimoto,15,6,0.0
PURE_025,hashimoto,16,6,0.0
PURE_025,hashimoto,17,6,0.0
PURE_025,hashimoto,18,6,0.0
PURE_025,llmrei-long,1,21,1.0
PURE_025,llmrei-long,2,21,0.38095238095238093
PURE_025,llmrei-long,3,21,0.19047619047619047
PURE_025,llmrei-long,4,21,0.14285714285714285
PURE_025,llmrei-long,5,21,0.047619047619047616
PURE_025,llmrei-long,6,21,0.047619047619047616
PURE_025,llmrei-long,7,21,0.0
PURE_025,llmrei-long,8,21,0.0
PURE_025,llmrei-long,9,21,0.0
PURE_025,llmrei-long,10,21,0.0
PURE_025,llmrei-long,11,21,0.0
PURE_025,llmrei-long,12,21,0.0
PURE_025,llmrei-long,13,21,0.0
PURE_025,llmrei-long,14,21,0.0
PURE_025,llmrei-long,15,21,0.0
PURE_025,llmrei-long,16,21,0.0
PURE_025,llmrei-long,17,21,0.0
PURE_025,llmrei-long,18,21,0.0
PURE_025,sparkme,1,61,1.0
PURE_025,sparkme,2,61,0.5081967213114754
PURE_025,sparkme,3,61,0.14754098360655737
PURE_025,sparkme,4,61,0.03278688524590164
PURE_025,sparkme,5,61,0.0
PURE_025,sparkme,6,61,0.0
PURE_025,sparkme,7,61,0.0
PURE_025,sparkme,8,61,0.0
PURE_025,sparkme,9,61,0.0
PURE_025,sparkme,10,61,0.0
PURE_025,sparkme,11,61,0.0
PURE_025,sparkme,12,61,0.0
PURE_025,sparkme,13,61,0.0
PURE_025,sparkme,14,61,0.0
PURE_025,sparkme,15,61,0.0
PURE_025,sparkme,16,61,0.0
PURE_025,sparkme,17,61,0.0
PURE_025,sparkme,18,61,0.0
PURE_025,proposed_method,1,55,1.0
PURE_025,proposed_method,2,55,0.32727272727272727
PURE_025,proposed_method,3,55,0.12727272727272726
PURE_025,proposed_method,4,55,0.01818181818181818
PURE_025,proposed_method,5,55,0.01818181818181818
PURE_025,proposed_method,6,55,0.0
PURE_025,proposed_method,7,55,0.0
PURE_025,proposed_method,8,55,0.0
PURE_025,proposed_method,9,55,0.0
PURE_025,proposed_method,10,55,0.0
PURE_025,proposed_method,11,55,0.0
PURE_025,proposed_method,12,55,0.0
PURE_025,proposed_method,13,55,0.0
PURE_025,proposed_method,14,55,0.0
PURE_025,proposed_method,15,55,0.0
PURE_025,proposed_method,16,55,0.0
PURE_025,proposed_method,17,55,0.0
PURE_025,proposed_method,18,55,0.0
PURE_026,hashimoto,1,5,1.0
PURE_026,hashimoto,2,5,0.2
PURE_026,hashimoto,3,5,0.2
PURE_026,hashimoto,4,5,0.0
PURE_026,hashimoto,5,5,0.0
PURE_026,hashimoto,6,5,0.0
PURE_026,hashimoto,7,5,0.0
PURE_026,hashimoto,8,5,0.0
PURE_026,hashimoto,9,5,0.0
PURE_026,hashimoto,10,5,0.0
PURE_026,hashimoto,11,5,0.0
PURE_026,hashimoto,12,5,0.0
PURE_026,hashimoto,13,5,0.0
PURE_026,hashimoto,14,5,0.0
PURE_026,hashimoto,15,5,0.0
PURE_026,hashimoto,16,5,0.0
PURE_026,hashimoto,17,5,0.0
PURE_026,hashimoto,18,5,0.0
PURE_026,llmrei-long,1,24,1.0
PURE_026,llmrei-long,2,24,0.16666666666666666
PURE_026,llmrei-long,3,24,0.041666666666666664
PURE_026,llmrei-long,4,24,0.041666666666666664
PURE_026,llmrei-long,5,24,0.041666666666666664
PURE_026,llmrei-long,6,24,0.041666666666666664
PURE_026,llmrei-long,7,24,0.041666666666666664
PURE_026,llmrei-long,8,24,0.041666666666666664
PURE_026,llmrei-long,9,24,0.041666666666666664
PURE_026,llmrei-long,10,24,0.041666666666666664
PURE_026,llmrei-long,11,24,0.0
PURE_026,llmrei-long,12,24,0.0
PURE_026,llmrei-long,13,24,0.0
PURE_026,llmrei-long,14,24,0.0
PURE_026,llmrei-long,15,24,0.0
PURE_026,llmrei-long,16,24,0.0
PURE_026,llmrei-long,17,24,0.0
PURE_026,llmrei-long,18,24,0.0
PURE_026,sparkme,1,70,1.0
PURE_026,sparkme,2,70,0.5
PURE_026,sparkme,3,70,0.15714285714285714
PURE_026,sparkme,4,70,0.02857142857142857
PURE_026,sparkme,5,70,0.014285714285714285
PURE_026,sparkme,6,70,0.0
PURE_026,sparkme,7,70,0.0
PURE_026,sparkme,8,70,0.0
PURE_026,sparkme,9,70,0.0
PURE_026,sparkme,10,70,0.0
PURE_026,sparkme,11,70,0.0
PURE_026,sparkme,12,70,0.0
PURE_026,sparkme,13,70,0.0
PURE_026,sparkme,14,70,0.0
PURE_026,sparkme,15,70,0.0
PURE_026,sparkme,16,70,0.0
PURE_026,sparkme,17,70,0.0
PURE_026,sparkme,18,70,0.0
PURE_026,proposed_method,1,72,1.0
PURE_026,proposed_method,2,72,0.3611111111111111
PURE_026,proposed_method,3,72,0.16666666666666666
PURE_026,proposed_method,4,72,0.05555555555555555
PURE_026,proposed_method,5,72,0.027777777777777776
PURE_026,proposed_method,6,72,0.0
PURE_026,proposed_method,7,72,0.0
PURE_026,proposed_method,8,72,0.0
PURE_026,proposed_method,9,72,0.0
PURE_026,proposed_method,10,72,0.0
PURE_026,proposed_method,11,72,0.0
PURE_026,proposed_method,12,72,0.0
PURE_026,proposed_method,13,72,0.0
PURE_026,proposed_method,14,72,0.0
PURE_026,proposed_method,15,72,0.0
PURE_026,proposed_method,16,72,0.0
PURE_026,proposed_method,17,72,0.0
PURE_026,proposed_method,18,72,0.0
PURE_027,hashimoto,1,6,1.0
PURE_027,hashimoto,2,6,0.16666666666666666
PURE_027,hashimoto,3,6,0.0
PURE_027,hashimoto,4,6,0.0
PURE_027,hashimoto,5,6,0.0
PURE_027,hashimoto,6,6,0.0
PURE_027,hashimoto,7,6,0.0
PURE_027,hashimoto,8,6,0.0
PURE_027,hashimoto,9,6,0.0
PURE_027,hashimoto,10,6,0.0
PURE_027,hashimoto,11,6,0.0
PURE_027,hashimoto,12,6,0.0
PURE_027,hashimoto,13,6,0.0
PURE_027,hashimoto,14,6,0.0
PURE_027,hashimoto,15,6,0.0
PURE_027,hashimoto,16,6,0.0
PURE_027,hashimoto,17,6,0.0
PURE_027,hashimoto,18,6,0.0
PURE_027,llmrei-long,1,26,1.0
PURE_027,llmrei-long,2,26,0.19230769230769232
PURE_027,llmrei-long,3,26,0.038461538461538464
PURE_027,llmrei-long,4,26,0.0
PURE_027,llmrei-long,5,26,0.0
PURE_027,llmrei-long,6,26,0.0
PURE_027,llmrei-long,7,26,0.0
PURE_027,llmrei-long,8,26,0.0
PURE_027,llmrei-long,9,26,0.0
PURE_027,llmrei-long,10,26,0.0
PURE_027,llmrei-long,11,26,0.0
PURE_027,llmrei-long,12,26,0.0
PURE_027,llmrei-long,13,26,0.0
PURE_027,llmrei-long,14,26,0.0
PURE_027,llmrei-long,15,26,0.0
PURE_027,llmrei-long,16,26,0.0
PURE_027,llmrei-long,17,26,0.0
PURE_027,llmrei-long,18,26,0.0
PURE_027,sparkme,1,47,1.0
PURE_027,sparkme,2,47,0.5106382978723404
PURE_027,sparkme,3,47,0.2553191489361702
PURE_027,sparkme,4,47,0.10638297872340426
PURE_027,sparkme,5,47,0.06382978723404255
PURE_027,sparkme,6,47,0.06382978723404255
PURE_027,sparkme,7,47,0.0425531914893617
PURE_027,sparkme,8,47,0.02127659574468085
PURE_027,sparkme,9,47,0.02127659574468085
PURE_027,sparkme,10,47,0.02127659574468085
PURE_027,sparkme,11,47,0.02127659574468085
PURE_027,sparkme,12,47,0.02127659574468085
PURE_027,sparkme,13,47,0.0
PURE_027,sparkme,14,47,0.0
PURE_027,sparkme,15,47,0.0
PURE_027,sparkme,16,47,0.0
PURE_027,sparkme,17,47,0.0
PURE_027,sparkme,18,47,0.0
PURE_027,proposed_method,1,85,1.0
PURE_027,proposed_method,2,85,0.4823529411764706
PURE_027,proposed_method,3,85,0.27058823529411763
PURE_027,proposed_method,4,85,0.11764705882352941
PURE_027,proposed_method,5,85,0.047058823529411764
PURE_027,proposed_method,6,85,0.023529411764705882
PURE_027,proposed_method,7,85,0.023529411764705882
PURE_027,proposed_method,8,85,0.011764705882352941
PURE_027,proposed_method,9,85,0.011764705882352941
PURE_027,proposed_method,10,85,0.011764705882352941
PURE_027,proposed_method,11,85,0.011764705882352941
PURE_027,proposed_method,12,85,0.011764705882352941
PURE_027,proposed_method,13,85,0.011764705882352941
PURE_027,proposed_method,14,85,0.0
PURE_027,proposed_method,15,85,0.0
PURE_027,proposed_method,16,85,0.0
PURE_027,proposed_method,17,85,0.0
PURE_027,proposed_method,18,85,0.0
PURE_028,hashimoto,1,4,1.0
PURE_028,hashimoto,2,4,0.25
PURE_028,hashimoto,3,4,0.0
PURE_028,hashimoto,4,4,0.0
PURE_028,hashimoto,5,4,0.0
PURE_028,hashimoto,6,4,0.0
PURE_028,hashimoto,7,4,0.0
PURE_028,hashimoto,8,4,0.0
PURE_028,hashimoto,9,4,0.0
PURE_028,hashimoto,10,4,0.0
PURE_028,hashimoto,11,4,0.0
PURE_028,hashimoto,12,4,0.0
PURE_028,hashimoto,13,4,0.0
PURE_028,hashimoto,14,4,0.0
PURE_028,hashimoto,15,4,0.0
PURE_028,hashimoto,16,4,0.0
PURE_028,hashimoto,17,4,0.0
PURE_028,hashimoto,18,4,0.0
PURE_028,llmrei-long,1,9,1.0
PURE_028,llmrei-long,2,9,0.3333333333333333
PURE_028,llmrei-long,3,9,0.1111111111111111
PURE_028,llmrei-long,4,9,0.0
PURE_028,llmrei-long,5,9,0.0
PURE_028,llmrei-long,6,9,0.0
PURE_028,llmrei-long,7,9,0.0
PURE_028,llmrei-long,8,9,0.0
PURE_028,llmrei-long,9,9,0.0
PURE_028,llmrei-long,10,9,0.0
PURE_028,llmrei-long,11,9,0.0
PURE_028,llmrei-long,12,9,0.0
PURE_028,llmrei-long,13,9,0.0
PURE_028,llmrei-long,14,9,0.0
PURE_028,llmrei-long,15,9,0.0
PURE_028,llmrei-long,16,9,0.0
PURE_028,llmrei-long,17,9,0.0
PURE_028,llmrei-long,18,9,0.0
PURE_028,sparkme,1,38,1.0
PURE_028,sparkme,2,38,0.5526315789473685
PURE_028,sparkme,3,38,0.23684210526315788
PURE_028,sparkme,4,38,0.18421052631578946
PURE_028,sparkme,5,38,0.13157894736842105
PURE_028,sparkme,6,38,0.07894736842105263
PURE_028,sparkme,7,38,0.0
PURE_028,sparkme,8,38,0.0
PURE_028,sparkme,9,38,0.0
PURE_028,sparkme,10,38,0.0
PURE_028,sparkme,11,38,0.0
PURE_028,sparkme,12,38,0.0
PURE_028,sparkme,13,38,0.0
PURE_028,sparkme,14,38,0.0
PURE_028,sparkme,15,38,0.0
PURE_028,sparkme,16,38,0.0
PURE_028,sparkme,17,38,0.0
PURE_028,sparkme,18,38,0.0
PURE_028,proposed_method,1,65,1.0
PURE_028,proposed_method,2,65,0.5384615384615384
PURE_028,proposed_method,3,65,0.2153846153846154
PURE_028,proposed_method,4,65,0.03076923076923077
PURE_028,proposed_method,5,65,0.0
PURE_028,proposed_method,6,65,0.0
PURE_028,proposed_method,7,65,0.0
PURE_028,proposed_method,8,65,0.0
PURE_028,proposed_method,9,65,0.0
PURE_028,proposed_method,10,65,0.0
PURE_028,proposed_method,11,65,0.0
PURE_028,proposed_method,12,65,0.0
PURE_028,proposed_method,13,65,0.0
PURE_028,proposed_method,14,65,0.0
PURE_028,proposed_method,15,65,0.0
PURE_028,proposed_method,16,65,0.0
PURE_028,proposed_method,17,65,0.0
PURE_028,proposed_method,18,65,0.0
PURE_029,hashimoto,1,18,1.0
PURE_029,hashimoto,2,18,0.3888888888888889
PURE_029,hashimoto,3,18,0.16666666666666666
PURE_029,hashimoto,4,18,0.05555555555555555
PURE_029,hashimoto,5,18,0.05555555555555555
PURE_029,hashimoto,6,18,0.0
PURE_029,hashimoto,7,18,0.0
PURE_029,hashimoto,8,18,0.0
PURE_029,hashimoto,9,18,0.0
PURE_029,hashimoto,10,18,0.0
PURE_029,hashimoto,11,18,0.0
PURE_029,hashimoto,12,18,0.0
PURE_029,hashimoto,13,18,0.0
PURE_029,hashimoto,14,18,0.0
PURE_029,hashimoto,15,18,0.0
PURE_029,hashimoto,16,18,0.0
PURE_029,hashimoto,17,18,0.0
PURE_029,hashimoto,18,18,0.0
PURE_029,llmrei-long,1,23,1.0
PURE_029,llmrei-long,2,23,0.13043478260869565
PURE_029,llmrei-long,3,23,0.08695652173913043
PURE_029,llmrei-long,4,23,0.0
PURE_029,llmrei-long,5,23,0.0
PURE_029,llmrei-long,6,23,0.0
PURE_029,llmrei-long,7,23,0.0
PURE_029,llmrei-long,8,23,0.0
PURE_029,llmrei-long,9,23,0.0
PURE_029,llmrei-long,10,23,0.0
PURE_029,llmrei-long,11,23,0.0
PURE_029,llmrei-long,12,23,0.0
PURE_029,llmrei-long,13,23,0.0
PURE_029,llmrei-long,14,23,0.0
PURE_029,llmrei-long,15,23,0.0
PURE_029,llmrei-long,16,23,0.0
PURE_029,llmrei-long,17,23,0.0
PURE_029,llmrei-long,18,23,0.0
PURE_029,sparkme,1,50,1.0
PURE_029,sparkme,2,50,0.48
PURE_029,sparkme,3,50,0.14
PURE_029,sparkme,4,50,0.02
PURE_029,sparkme,5,50,0.0
PURE_029,sparkme,6,50,0.0
PURE_029,sparkme,7,50,0.0
PURE_029,sparkme,8,50,0.0
PURE_029,sparkme,9,50,0.0
PURE_029,sparkme,10,50,0.0
PURE_029,sparkme,11,50,0.0
PURE_029,sparkme,12,50,0.0
PURE_029,sparkme,13,50,0.0
PURE_029,sparkme,14,50,0.0
PURE_029,sparkme,15,50,0.0
PURE_029,sparkme,16,50,0.0
PURE_029,sparkme,17,50,0.0
PURE_029,sparkme,18,50,0.0
PURE_029,proposed_method,1,46,1.0
PURE_029,proposed_method,2,46,0.4782608695652174
PURE_029,proposed_method,3,46,0.15217391304347827
PURE_029,proposed_method,4,46,0.08695652173913043
PURE_029,proposed_method,5,46,0.043478260869565216
PURE_029,proposed_method,6,46,0.0
PURE_029,proposed_method,7,46,0.0
PURE_029,proposed_method,8,46,0.0
PURE_029,proposed_method,9,46,0.0
PURE_029,proposed_method,10,46,0.0
PURE_029,proposed_method,11,46,0.0
PURE_029,proposed_method,12,46,0.0
PURE_029,proposed_method,13,46,0.0
PURE_029,proposed_method,14,46,0.0
PURE_029,proposed_method,15,46,0.0
PURE_029,proposed_method,16,46,0.0
PURE_029,proposed_method,17,46,0.0
PURE_029,proposed_method,18,46,0.0
PURE_030,hashimoto,1,12,1.0
PURE_030,hashimoto,2,12,0.25
PURE_030,hashimoto,3,12,0.08333333333333333
PURE_030,hashimoto,4,12,0.08333333333333333
PURE_030,hashimoto,5,12,0.08333333333333333
PURE_030,hashimoto,6,12,0.08333333333333333
PURE_030,hashimoto,7,12,0.08333333333333333
PURE_030,hashimoto,8,12,0.08333333333333333
PURE_030,hashimoto,9,12,0.0
PURE_030,hashimoto,10,12,0.0
PURE_030,hashimoto,11,12,0.0
PURE_030,hashimoto,12,12,0.0
PURE_030,hashimoto,13,12,0.0
PURE_030,hashimoto,14,12,0.0
PURE_030,hashimoto,15,12,0.0
PURE_030,hashimoto,16,12,0.0
PURE_030,hashimoto,17,12,0.0
PURE_030,hashimoto,18,12,0.0
PURE_030,llmrei-long,1,16,1.0
PURE_030,llmrei-long,2,16,0.25
PURE_030,llmrei-long,3,16,0.0625
PURE_030,llmrei-long,4,16,0.0625
PURE_030,llmrei-long,5,16,0.0
PURE_030,llmrei-long,6,16,0.0
PURE_030,llmrei-long,7,16,0.0
PURE_030,llmrei-long,8,16,0.0
PURE_030,llmrei-long,9,16,0.0
PURE_030,llmrei-long,10,16,0.0
PURE_030,llmrei-long,11,16,0.0
PURE_030,llmrei-long,12,16,0.0
PURE_030,llmrei-long,13,16,0.0
PURE_030,llmrei-long,14,16,0.0
PURE_030,llmrei-long,15,16,0.0
PURE_030,llmrei-long,16,16,0.0
PURE_030,llmrei-long,17,16,0.0
PURE_030,llmrei-long,18,16,0.0
PURE_030,sparkme,1,54,1.0
PURE_030,sparkme,2,54,0.46296296296296297
PURE_030,sparkme,3,54,0.16666666666666666
PURE_030,sparkme,4,54,0.07407407407407407
PURE_030,sparkme,5,54,0.018518518518518517
PURE_030,sparkme,6,54,0.0
PURE_030,sparkme,7,54,0.0
PURE_030,sparkme,8,54,0.0
PURE_030,sparkme,9,54,0.0
PURE_030,sparkme,10,54,0.0
PURE_030,sparkme,11,54,0.0
PURE_030,sparkme,12,54,0.0
PURE_030,sparkme,13,54,0.0
PURE_030,sparkme,14,54,0.0
PURE_030,sparkme,15,54,0.0
PURE_030,sparkme,16,54,0.0
PURE_030,sparkme,17,54,0.0
PURE_030,sparkme,18,54,0.0
PURE_030,proposed_method,1,54,1.0
PURE_030,proposed_method,2,54,0.2962962962962963
PURE_030,proposed_method,3,54,0.1111111111111111
PURE_030,proposed_method,4,54,0.037037037037037035
PURE_030,proposed_method,5,54,0.018518518518518517
PURE_030,proposed_method,6,54,0.018518518518518517
PURE_030,proposed_method,7,54,0.018518518518518517
PURE_030,proposed_method,8,54,0.018518518518518517
PURE_030,proposed_method,9,54,0.0
PURE_030,proposed_method,10,54,0.0
PURE_030,proposed_method,11,54,0.0
PURE_030,proposed_method,12,54,0.0
PURE_030,proposed_method,13,54,0.0
PURE_030,proposed_method,14,54,0.0
PURE_030,proposed_method,15,54,0.0
PURE_030,proposed_method,16,54,0.0
PURE_030,proposed_method,17,54,0.0
PURE_030,proposed_method,18,54,0.0
PURE_031,hashimoto,1,17,1.0
PURE_031,hashimoto,2,17,0.29411764705882354
PURE_031,hashimoto,3,17,0.0
PURE_031,hashimoto,4,17,0.0
PURE_031,hashimoto,5,17,0.0
PURE_031,hashimoto,6,17,0.0
PURE_031,hashimoto,7,17,0.0
PURE_031,hashimoto,8,17,0.0
PURE_031,hashimoto,9,17,0.0
PURE_031,hashimoto,10,17,0.0
PURE_031,hashimoto,11,17,0.0
PURE_031,hashimoto,12,17,0.0
PURE_031,hashimoto,13,17,0.0
PURE_031,hashimoto,14,17,0.0
PURE_031,hashimoto,15,17,0.0
PURE_031,hashimoto,16,17,0.0
PURE_031,hashimoto,17,17,0.0
PURE_031,hashimoto,18,17,0.0
PURE_031,llmrei-long,1,29,1.0
PURE_031,llmrei-long,2,29,0.4827586206896552
PURE_031,llmrei-long,3,29,0.2413793103448276
PURE_031,llmrei-long,4,29,0.0
PURE_031,llmrei-long,5,29,0.0
PURE_031,llmrei-long,6,29,0.0
PURE_031,llmrei-long,7,29,0.0
PURE_031,llmrei-long,8,29,0.0
PURE_031,llmrei-long,9,29,0.0
PURE_031,llmrei-long,10,29,0.0
PURE_031,llmrei-long,11,29,0.0
PURE_031,llmrei-long,12,29,0.0
PURE_031,llmrei-long,13,29,0.0
PURE_031,llmrei-long,14,29,0.0
PURE_031,llmrei-long,15,29,0.0
PURE_031,llmrei-long,16,29,0.0
PURE_031,llmrei-long,17,29,0.0
PURE_031,llmrei-long,18,29,0.0
PURE_031,sparkme,1,37,1.0
PURE_031,sparkme,2,37,0.5675675675675675
PURE_031,sparkme,3,37,0.2702702702702703
PURE_031,sparkme,4,37,0.05405405405405406
PURE_031,sparkme,5,37,0.05405405405405406
PURE_031,sparkme,6,37,0.02702702702702703
PURE_031,sparkme,7,37,0.02702702702702703
PURE_031,sparkme,8,37,0.02702702702702703
PURE_031,sparkme,9,37,0.02702702702702703
PURE_031,sparkme,10,37,0.02702702702702703
PURE_031,sparkme,11,37,0.02702702702702703
PURE_031,sparkme,12,37,0.02702702702702703
PURE_031,sparkme,13,37,0.02702702702702703
PURE_031,sparkme,14,37,0.02702702702702703
PURE_031,sparkme,15,37,0.02702702702702703
PURE_031,sparkme,16,37,0.02702702702702703
PURE_031,sparkme,17,37,0.0
PURE_031,sparkme,18,37,0.0
PURE_031,proposed_method,1,68,1.0
PURE_031,proposed_method,2,68,0.4264705882352941
PURE_031,proposed_method,3,68,0.23529411764705882
PURE_031,proposed_method,4,68,0.10294117647058823
PURE_031,proposed_method,5,68,0.058823529411764705
PURE_031,proposed_method,6,68,0.058823529411764705
PURE_031,proposed_method,7,68,0.04411764705882353
PURE_031,proposed_method,8,68,0.029411764705882353
PURE_031,proposed_method,9,68,0.014705882352941176
PURE_031,proposed_method,10,68,0.014705882352941176
PURE_031,proposed_method,11,68,0.014705882352941176
PURE_031,proposed_method,12,68,0.014705882352941176
PURE_031,proposed_method,13,68,0.014705882352941176
PURE_031,proposed_method,14,68,0.0
PURE_031,proposed_method,15,68,0.0
PURE_031,proposed_method,16,68,0.0
PURE_031,proposed_method,17,68,0.0
PURE_031,proposed_method,18,68,0.0
PURE_032,hashimoto,1,19,1.0
PURE_032,hashimoto,2,19,0.2631578947368421
PURE_032,hashimoto,3,19,0.05263157894736842
PURE_032,hashimoto,4,19,0.05263157894736842
PURE_032,hashimoto,5,19,0.0
PURE_032,hashimoto,6,19,0.0
PURE_032,hashimoto,7,19,0.0
PURE_032,hashimoto,8,19,0.0
PURE_032,hashimoto,9,19,0.0
PURE_032,hashimoto,10,19,0.0
PURE_032,hashimoto,11,19,0.0
PURE_032,hashimoto,12,19,0.0
PURE_032,hashimoto,13,19,0.0
PURE_032,hashimoto,14,19,0.0
PURE_032,hashimoto,15,19,0.0
PURE_032,hashimoto,16,19,0.0
PURE_032,hashimoto,17,19,0.0
PURE_032,hashimoto,18,19,0.0
PURE_032,llmrei-long,1,19,1.0
PURE_032,llmrei-long,2,19,0.15789473684210525
PURE_032,llmrei-long,3,19,0.05263157894736842
PURE_032,llmrei-long,4,19,0.0
PURE_032,llmrei-long,5,19,0.0
PURE_032,llmrei-long,6,19,0.0
PURE_032,llmrei-long,7,19,0.0
PURE_032,llmrei-long,8,19,0.0
PURE_032,llmrei-long,9,19,0.0
PURE_032,llmrei-long,10,19,0.0
PURE_032,llmrei-long,11,19,0.0
PURE_032,llmrei-long,12,19,0.0
PURE_032,llmrei-long,13,19,0.0
PURE_032,llmrei-long,14,19,0.0
PURE_032,llmrei-long,15,19,0.0
PURE_032,llmrei-long,16,19,0.0
PURE_032,llmrei-long,17,19,0.0
PURE_032,llmrei-long,18,19,0.0
PURE_032,sparkme,1,71,1.0
PURE_032,sparkme,2,71,0.352112676056338
PURE_032,sparkme,3,71,0.08450704225352113
PURE_032,sparkme,4,71,0.0
PURE_032,sparkme,5,71,0.0
PURE_032,sparkme,6,71,0.0
PURE_032,sparkme,7,71,0.0
PURE_032,sparkme,8,71,0.0
PURE_032,sparkme,9,71,0.0
PURE_032,sparkme,10,71,0.0
PURE_032,sparkme,11,71,0.0
PURE_032,sparkme,12,71,0.0
PURE_032,sparkme,13,71,0.0
PURE_032,sparkme,14,71,0.0
PURE_032,sparkme,15,71,0.0
PURE_032,sparkme,16,71,0.0
PURE_032,sparkme,17,71,0.0
PURE_032,sparkme,18,71,0.0
PURE_032,proposed_method,1,65,1.0
PURE_032,proposed_method,2,65,0.4153846153846154
PURE_032,proposed_method,3,65,0.23076923076923078
PURE_032,proposed_method,4,65,0.13846153846153847
PURE_032,proposed_method,5,65,0.07692307692307693
PURE_032,proposed_method,6,65,0.06153846153846154
PURE_032,proposed_method,7,65,0.03076923076923077
PURE_032,proposed_method,8,65,0.03076923076923077
PURE_032,proposed_method,9,65,0.03076923076923077
PURE_032,proposed_method,10,65,0.015384615384615385
PURE_032,proposed_method,11,65,0.015384615384615385
PURE_032,proposed_method,12,65,0.015384615384615385
PURE_032,proposed_method,13,65,0.0
PURE_032,proposed_method,14,65,0.0
PURE_032,proposed_method,15,65,0.0
PURE_032,proposed_method,16,65,0.0
PURE_032,proposed_method,17,65,0.0
PURE_032,proposed_method,18,65,0.0
PURE_033,hashimoto,1,7,1.0
PURE_033,hashimoto,2,7,0.7142857142857143
PURE_033,hashimoto,3,7,0.2857142857142857
PURE_033,hashimoto,4,7,0.14285714285714285
PURE_033,hashimoto,5,7,0.14285714285714285
PURE_033,hashimoto,6,7,0.14285714285714285
PURE_033,hashimoto,7,7,0.0
PURE_033,hashimoto,8,7,0.0
PURE_033,hashimoto,9,7,0.0
PURE_033,hashimoto,10,7,0.0
PURE_033,hashimoto,11,7,0.0
PURE_033,hashimoto,12,7,0.0
PURE_033,hashimoto,13,7,0.0
PURE_033,hashimoto,14,7,0.0
PURE_033,hashimoto,15,7,0.0
PURE_033,hashimoto,16,7,0.0
PURE_033,hashimoto,17,7,0.0
PURE_033,hashimoto,18,7,0.0
PURE_033,llmrei-long,1,18,1.0
PURE_033,llmrei-long,2,18,0.2222222222222222
PURE_033,llmrei-long,3,18,0.1111111111111111
PURE_033,llmrei-long,4,18,0.0
PURE_033,llmrei-long,5,18,0.0
PURE_033,llmrei-long,6,18,0.0
PURE_033,llmrei-long,7,18,0.0
PURE_033,llmrei-long,8,18,0.0
PURE_033,llmrei-long,9,18,0.0
PURE_033,llmrei-long,10,18,0.0
PURE_033,llmrei-long,11,18,0.0
PURE_033,llmrei-long,12,18,0.0
PURE_033,llmrei-long,13,18,0.0
PURE_033,llmrei-long,14,18,0.0
PURE_033,llmrei-long,15,18,0.0
PURE_033,llmrei-long,16,18,0.0
PURE_033,llmrei-long,17,18,0.0
PURE_033,llmrei-long,18,18,0.0
PURE_033,sparkme,1,39,1.0
PURE_033,sparkme,2,39,0.3333333333333333
PURE_033,sparkme,3,39,0.10256410256410256
PURE_033,sparkme,4,39,0.02564102564102564
PURE_033,sparkme,5,39,0.02564102564102564
PURE_033,sparkme,6,39,0.02564102564102564
PURE_033,sparkme,7,39,0.02564102564102564
PURE_033,sparkme,8,39,0.02564102564102564
PURE_033,sparkme,9,39,0.0
PURE_033,sparkme,10,39,0.0
PURE_033,sparkme,11,39,0.0
PURE_033,sparkme,12,39,0.0
PURE_033,sparkme,13,39,0.0
PURE_033,sparkme,14,39,0.0
PURE_033,sparkme,15,39,0.0
PURE_033,sparkme,16,39,0.0
PURE_033,sparkme,17,39,0.0
PURE_033,sparkme,18,39,0.0
PURE_033,proposed_method,1,53,1.0
PURE_033,proposed_method,2,53,0.4716981132075472
PURE_033,proposed_method,3,53,0.22641509433962265
PURE_033,proposed_method,4,53,0.07547169811320754
PURE_033,proposed_method,5,53,0.03773584905660377
PURE_033,proposed_method,6,53,0.018867924528301886
PURE_033,proposed_method,7,53,0.0
PURE_033,proposed_method,8,53,0.0
PURE_033,proposed_method,9,53,0.0
PURE_033,proposed_method,10,53,0.0
PURE_033,proposed_method,11,53,0.0
PURE_033,proposed_method,12,53,0.0
PURE_033,proposed_method,13,53,0.0
PURE_033,proposed_method,14,53,0.0
PURE_033,proposed_method,15,53,0.0
PURE_033,proposed_method,16,53,0.0
PURE_033,proposed_method,17,53,0.0
PURE_033,proposed_method,18,53,0.0
PURE_034,hashimoto,1,6,1.0
PURE_034,hashimoto,2,6,0.16666666666666666
PURE_034,hashimoto,3,6,0.0
PURE_034,hashimoto,4,6,0.0
PURE_034,hashimoto,5,6,0.0
PURE_034,hashimoto,6,6,0.0
PURE_034,hashimoto,7,6,0.0
PURE_034,hashimoto,8,6,0.0
PURE_034,hashimoto,9,6,0.0
PURE_034,hashimoto,10,6,0.0
PURE_034,hashimoto,11,6,0.0
PURE_034,hashimoto,12,6,0.0
PURE_034,hashimoto,13,6,0.0
PURE_034,hashimoto,14,6,0.0
PURE_034,hashimoto,15,6,0.0
PURE_034,hashimoto,16,6,0.0
PURE_034,hashimoto,17,6,0.0
PURE_034,hashimoto,18,6,0.0
PURE_034,llmrei-long,1,28,1.0
PURE_034,llmrei-long,2,28,0.42857142857142855
PURE_034,llmrei-long,3,28,0.14285714285714285
PURE_034,llmrei-long,4,28,0.10714285714285714
PURE_034,llmrei-long,5,28,0.03571428571428571
PURE_034,llmrei-long,6,28,0.0
PURE_034,llmrei-long,7,28,0.0
PURE_034,llmrei-long,8,28,0.0
PURE_034,llmrei-long,9,28,0.0
PURE_034,llmrei-long,10,28,0.0
PURE_034,llmrei-long,11,28,0.0
PURE_034,llmrei-long,12,28,0.0
PURE_034,llmrei-long,13,28,0.0
PURE_034,llmrei-long,14,28,0.0
PURE_034,llmrei-long,15,28,0.0
PURE_034,llmrei-long,16,28,0.0
PURE_034,llmrei-long,17,28,0.0
PURE_034,llmrei-long,18,28,0.0
PURE_034,sparkme,1,48,1.0
PURE_034,sparkme,2,48,0.5625
PURE_034,sparkme,3,48,0.16666666666666666
PURE_034,sparkme,4,48,0.0625
PURE_034,sparkme,5,48,0.041666666666666664
PURE_034,sparkme,6,48,0.041666666666666664
PURE_034,sparkme,7,48,0.041666666666666664
PURE_034,sparkme,8,48,0.0
PURE_034,sparkme,9,48,0.0
PURE_034,sparkme,10,48,0.0
PURE_034,sparkme,11,48,0.0
PURE_034,sparkme,12,48,0.0
PURE_034,sparkme,13,48,0.0
PURE_034,sparkme,14,48,0.0
PURE_034,sparkme,15,48,0.0
PURE_034,sparkme,16,48,0.0
PURE_034,sparkme,17,48,0.0
PURE_034,sparkme,18,48,0.0
PURE_034,proposed_method,1,70,1.0
PURE_034,proposed_method,2,70,0.5
PURE_034,proposed_method,3,70,0.2571428571428571
PURE_034,proposed_method,4,70,0.12857142857142856
PURE_034,proposed_method,5,70,0.08571428571428572
PURE_034,proposed_method,6,70,0.05714285714285714
PURE_034,proposed_method,7,70,0.05714285714285714
PURE_034,proposed_method,8,70,0.02857142857142857
PURE_034,proposed_method,9,70,0.014285714285714285
PURE_034,proposed_method,10,70,0.014285714285714285
PURE_034,proposed_method,11,70,0.014285714285714285
PURE_034,proposed_method,12,70,0.0
PURE_034,proposed_method,13,70,0.0
PURE_034,proposed_method,14,70,0.0
PURE_034,proposed_method,15,70,0.0
PURE_034,proposed_method,16,70,0.0
PURE_034,proposed_method,17,70,0.0
PURE_034,proposed_method,18,70,0.0
PURE_035,hashimoto,1,15,1.0
PURE_035,hashimoto,2,15,0.4
PURE_035,hashimoto,3,15,0.3333333333333333
PURE_035,hashimoto,4,15,0.13333333333333333
PURE_035,hashimoto,5,15,0.06666666666666667
PURE_035,hashimoto,6,15,0.06666666666666667
PURE_035,hashimoto,7,15,0.06666666666666667
PURE_035,hashimoto,8,15,0.0
PURE_035,hashimoto,9,15,0.0
PURE_035,hashimoto,10,15,0.0
PURE_035,hashimoto,11,15,0.0
PURE_035,hashimoto,12,15,0.0
PURE_035,hashimoto,13,15,0.0
PURE_035,hashimoto,14,15,0.0
PURE_035,hashimoto,15,15,0.0
PURE_035,hashimoto,16,15,0.0
PURE_035,hashimoto,17,15,0.0
PURE_035,hashimoto,18,15,0.0
PURE_035,llmrei-long,1,9,1.0
PURE_035,llmrei-long,2,9,0.3333333333333333
PURE_035,llmrei-long,3,9,0.1111111111111111
PURE_035,llmrei-long,4,9,0.0
PURE_035,llmrei-long,5,9,0.0
PURE_035,llmrei-long,6,9,0.0
PURE_035,llmrei-long,7,9,0.0
PURE_035,llmrei-long,8,9,0.0
PURE_035,llmrei-long,9,9,0.0
PURE_035,llmrei-long,10,9,0.0
PURE_035,llmrei-long,11,9,0.0
PURE_035,llmrei-long,12,9,0.0
PURE_035,llmrei-long,13,9,0.0
PURE_035,llmrei-long,14,9,0.0
PURE_035,llmrei-long,15,9,0.0
PURE_035,llmrei-long,16,9,0.0
PURE_035,llmrei-long,17,9,0.0
PURE_035,llmrei-long,18,9,0.0
PURE_035,sparkme,1,55,1.0
PURE_035,sparkme,2,55,0.45454545454545453
PURE_035,sparkme,3,55,0.2
PURE_035,sparkme,4,55,0.10909090909090909
PURE_035,sparkme,5,55,0.05454545454545454
PURE_035,sparkme,6,55,0.03636363636363636
PURE_035,sparkme,7,55,0.01818181818181818
PURE_035,sparkme,8,55,0.01818181818181818
PURE_035,sparkme,9,55,0.01818181818181818
PURE_035,sparkme,10,55,0.01818181818181818
PURE_035,sparkme,11,55,0.01818181818181818
PURE_035,sparkme,12,55,0.01818181818181818
PURE_035,sparkme,13,55,0.01818181818181818
PURE_035,sparkme,14,55,0.01818181818181818
PURE_035,sparkme,15,55,0.0
PURE_035,sparkme,16,55,0.0
PURE_035,sparkme,17,55,0.0
PURE_035,sparkme,18,55,0.0
PURE_035,proposed_method,1,60,1.0
PURE_035,proposed_method,2,60,0.5166666666666667
PURE_035,proposed_method,3,60,0.25
PURE_035,proposed_method,4,60,0.16666666666666666
PURE_035,proposed_method,5,60,0.08333333333333333
PURE_035,proposed_method,6,60,0.06666666666666667
PURE_035,proposed_method,7,60,0.05
PURE_035,proposed_method,8,60,0.016666666666666666
PURE_035,proposed_method,9,60,0.016666666666666666
PURE_035,proposed_method,10,60,0.016666666666666666
PURE_035,proposed_method,11,60,0.016666666666666666
PURE_035,proposed_method,12,60,0.016666666666666666
PURE_035,proposed_method,13,60,0.016666666666666666
PURE_035,proposed_method,14,60,0.016666666666666666
PURE_035,proposed_method,15,60,0.0
PURE_035,proposed_method,16,60,0.0
PURE_035,proposed_method,17,60,0.0
PURE_035,proposed_method,18,60,0.0
PURE_036,hashimoto,1,12,1.0
PURE_036,hashimoto,2,12,0.3333333333333333
PURE_036,hashimoto,3,12,0.0
PURE_036,hashimoto,4,12,0.0
PURE_036,hashimoto,5,12,0.0
PURE_036,hashimoto,6,12,0.0
PURE_036,hashimoto,7,12,0.0
PURE_036,hashimoto,8,12,0.0
PURE_036,hashimoto,9,12,0.0
PURE_036,hashimoto,10,12,0.0
PURE_036,hashimoto,11,12,0.0
PURE_036,hashimoto,12,12,0.0
PURE_036,hashimoto,13,12,0.0
PURE_036,hashimoto,14,12,0.0
PURE_036,hashimoto,15,12,0.0
PURE_036,hashimoto,16,12,0.0
PURE_036,hashimoto,17,12,0.0
PURE_036,hashimoto,18,12,0.0
PURE_036,llmrei-long,1,19,1.0
PURE_036,llmrei-long,2,19,0.10526315789473684
PURE_036,llmrei-long,3,19,0.05263157894736842
PURE_036,llmrei-long,4,19,0.05263157894736842
PURE_036,llmrei-long,5,19,0.0
PURE_036,llmrei-long,6,19,0.0
PURE_036,llmrei-long,7,19,0.0
PURE_036,llmrei-long,8,19,0.0
PURE_036,llmrei-long,9,19,0.0
PURE_036,llmrei-long,10,19,0.0
PURE_036,llmrei-long,11,19,0.0
PURE_036,llmrei-long,12,19,0.0
PURE_036,llmrei-long,13,19,0.0
PURE_036,llmrei-long,14,19,0.0
PURE_036,llmrei-long,15,19,0.0
PURE_036,llmrei-long,16,19,0.0
PURE_036,llmrei-long,17,19,0.0
PURE_036,llmrei-long,18,19,0.0
PURE_036,sparkme,1,54,1.0
PURE_036,sparkme,2,54,0.37037037037037035
PURE_036,sparkme,3,54,0.12962962962962962
PURE_036,sparkme,4,54,0.05555555555555555
PURE_036,sparkme,5,54,0.018518518518518517
PURE_036,sparkme,6,54,0.018518518518518517
PURE_036,sparkme,7,54,0.018518518518518517
PURE_036,sparkme,8,54,0.0
PURE_036,sparkme,9,54,0.0
PURE_036,sparkme,10,54,0.0
PURE_036,sparkme,11,54,0.0
PURE_036,sparkme,12,54,0.0
PURE_036,sparkme,13,54,0.0
PURE_036,sparkme,14,54,0.0
PURE_036,sparkme,15,54,0.0
PURE_036,sparkme,16,54,0.0
PURE_036,sparkme,17,54,0.0
PURE_036,sparkme,18,54,0.0
PURE_036,proposed_method,1,52,1.0
PURE_036,proposed_method,2,52,0.5576923076923077
PURE_036,proposed_method,3,52,0.25
PURE_036,proposed_method,4,52,0.09615384615384616
PURE_036,proposed_method,5,52,0.057692307692307696
PURE_036,proposed_method,6,52,0.019230769230769232
PURE_036,proposed_method,7,52,0.019230769230769232
PURE_036,proposed_method,8,52,0.019230769230769232
PURE_036,proposed_method,9,52,0.019230769230769232
PURE_036,proposed_method,10,52,0.0
PURE_036,proposed_method,11,52,0.0
PURE_036,proposed_method,12,52,0.0
PURE_036,proposed_method,13,52,0.0
PURE_036,proposed_method,14,52,0.0
PURE_036,proposed_method,15,52,0.0
PURE_036,proposed_method,16,52,0.0
PURE_036,proposed_method,17,52,0.0
PURE_036,proposed_method,18,52,0.0
PURE_037,hashimoto,1,7,1.0
PURE_037,hashimoto,2,7,0.2857142857142857
PURE_037,hashimoto,3,7,0.0
PURE_037,hashimoto,4,7,0.0
PURE_037,hashimoto,5,7,0.0
PURE_037,hashimoto,6,7,0.0
PURE_037,hashimoto,7,7,0.0
PURE_037,hashimoto,8,7,0.0
PURE_037,hashimoto,9,7,0.0
PURE_037,hashimoto,10,7,0.0
PURE_037,hashimoto,11,7,0.0
PURE_037,hashimoto,12,7,0.0
PURE_037,hashimoto,13,7,0.0
PURE_037,hashimoto,14,7,0.0
PURE_037,hashimoto,15,7,0.0
PURE_037,hashimoto,16,7,0.0
PURE_037,hashimoto,17,7,0.0
PURE_037,hashimoto,18,7,0.0
PURE_037,llmrei-long,1,12,1.0
PURE_037,llmrei-long,2,12,0.5
PURE_037,llmrei-long,3,12,0.0
PURE_037,llmrei-long,4,12,0.0
PURE_037,llmrei-long,5,12,0.0
PURE_037,llmrei-long,6,12,0.0
PURE_037,llmrei-long,7,12,0.0
PURE_037,llmrei-long,8,12,0.0
PURE_037,llmrei-long,9,12,0.0
PURE_037,llmrei-long,10,12,0.0
PURE_037,llmrei-long,11,12,0.0
PURE_037,llmrei-long,12,12,0.0
PURE_037,llmrei-long,13,12,0.0
PURE_037,llmrei-long,14,12,0.0
PURE_037,llmrei-long,15,12,0.0
PURE_037,llmrei-long,16,12,0.0
PURE_037,llmrei-long,17,12,0.0
PURE_037,llmrei-long,18,12,0.0
PURE_037,sparkme,1,51,1.0
PURE_037,sparkme,2,51,0.43137254901960786
PURE_037,sparkme,3,51,0.11764705882352941
PURE_037,sparkme,4,51,0.0196078431372549
PURE_037,sparkme,5,51,0.0
PURE_037,sparkme,6,51,0.0
PURE_037,sparkme,7,51,0.0
PURE_037,sparkme,8,51,0.0
PURE_037,sparkme,9,51,0.0
PURE_037,sparkme,10,51,0.0
PURE_037,sparkme,11,51,0.0
PURE_037,sparkme,12,51,0.0
PURE_037,sparkme,13,51,0.0
PURE_037,sparkme,14,51,0.0
PURE_037,sparkme,15,51,0.0
PURE_037,sparkme,16,51,0.0
PURE_037,sparkme,17,51,0.0
PURE_037,sparkme,18,51,0.0
PURE_037,proposed_method,1,70,1.0
PURE_037,proposed_method,2,70,0.5142857142857142
PURE_037,proposed_method,3,70,0.21428571428571427
PURE_037,proposed_method,4,70,0.07142857142857142
PURE_037,proposed_method,5,70,0.014285714285714285
PURE_037,proposed_method,6,70,0.0
PURE_037,proposed_method,7,70,0.0
PURE_037,proposed_method,8,70,0.0
PURE_037,proposed_method,9,70,0.0
PURE_037,proposed_method,10,70,0.0
PURE_037,proposed_method,11,70,0.0
PURE_037,proposed_method,12,70,0.0
PURE_037,proposed_method,13,70,0.0
PURE_037,proposed_method,14,70,0.0
PURE_037,proposed_method,15,70,0.0
PURE_037,proposed_method,16,70,0.0
PURE_037,proposed_method,17,70,0.0
PURE_037,proposed_method,18,70,0.0
PURE_038,hashimoto,1,5,1.0
PURE_038,hashimoto,2,5,0.0
PURE_038,hashimoto,3,5,0.0
PURE_038,hashimoto,4,5,0.0
PURE_038,hashimoto,5,5,0.0
PURE_038,hashimoto,6,5,0.0
PURE_038,hashimoto,7,5,0.0
PURE_038,hashimoto,8,5,0.0
PURE_038,hashimoto,9,5,0.0
PURE_038,hashimoto,10,5,0.0
PURE_038,hashimoto,11,5,0.0
PURE_038,hashimoto,12,5,0.0
PURE_038,hashimoto,13,5,0.0
PURE_038,hashimoto,14,5,0.0
PURE_038,hashimoto,15,5,0.0
PURE_038,hashimoto,16,5,0.0
PURE_038,hashimoto,17,5,0.0
PURE_038,hashimoto,18,5,0.0
PURE_038,llmrei-long,1,19,1.0
PURE_038,llmrei-long,2,19,0.2631578947368421
PURE_038,llmrei-long,3,19,0.10526315789473684
PURE_038,llmrei-long,4,19,0.05263157894736842
PURE_038,llmrei-long,5,19,0.0
PURE_038,llmrei-long,6,19,0.0
PURE_038,llmrei-long,7,19,0.0
PURE_038,llmrei-long,8,19,0.0
PURE_038,llmrei-long,9,19,0.0
PURE_038,llmrei-long,10,19,0.0
PURE_038,llmrei-long,11,19,0.0
PURE_038,llmrei-long,12,19,0.0
PURE_038,llmrei-long,13,19,0.0
PURE_038,llmrei-long,14,19,0.0
PURE_038,llmrei-long,15,19,0.0
PURE_038,llmrei-long,16,19,0.0
PURE_038,llmrei-long,17,19,0.0
PURE_038,llmrei-long,18,19,0.0
PURE_038,sparkme,1,38,1.0
PURE_038,sparkme,2,38,0.5263157894736842
PURE_038,sparkme,3,38,0.10526315789473684
PURE_038,sparkme,4,38,0.0
PURE_038,sparkme,5,38,0.0
PURE_038,sparkme,6,38,0.0
PURE_038,sparkme,7,38,0.0
PURE_038,sparkme,8,38,0.0
PURE_038,sparkme,9,38,0.0
PURE_038,sparkme,10,38,0.0
PURE_038,sparkme,11,38,0.0
PURE_038,sparkme,12,38,0.0
PURE_038,sparkme,13,38,0.0
PURE_038,sparkme,14,38,0.0
PURE_038,sparkme,15,38,0.0
PURE_038,sparkme,16,38,0.0
PURE_038,sparkme,17,38,0.0
PURE_038,sparkme,18,38,0.0
PURE_038,proposed_method,1,62,1.0
PURE_038,proposed_method,2,62,0.5161290322580645
PURE_038,proposed_method,3,62,0.14516129032258066
PURE_038,proposed_method,4,62,0.0967741935483871
PURE_038,proposed_method,5,62,0.06451612903225806
PURE_038,proposed_method,6,62,0.04838709677419355
PURE_038,proposed_method,7,62,0.03225806451612903
PURE_038,proposed_method,8,62,0.016129032258064516
PURE_038,proposed_method,9,62,0.016129032258064516
PURE_038,proposed_method,10,62,0.0
PURE_038,proposed_method,11,62,0.0
PURE_038,proposed_method,12,62,0.0
PURE_038,proposed_method,13,62,0.0
PURE_038,proposed_method,14,62,0.0
PURE_038,proposed_method,15,62,0.0
PURE_038,proposed_method,16,62,0.0
PURE_038,proposed_method,17,62,0.0
PURE_038,proposed_method,18,62,0.0
PURE_039,hashimoto,1,15,1.0
PURE_039,hashimoto,2,15,0.3333333333333333
PURE_039,hashimoto,3,15,0.06666666666666667
PURE_039,hashimoto,4,15,0.06666666666666667
PURE_039,hashimoto,5,15,0.0
PURE_039,hashimoto,6,15,0.0
PURE_039,hashimoto,7,15,0.0
PURE_039,hashimoto,8,15,0.0
PURE_039,hashimoto,9,15,0.0
PURE_039,hashimoto,10,15,0.0
PURE_039,hashimoto,11,15,0.0
PURE_039,hashimoto,12,15,0.0
PURE_039,hashimoto,13,15,0.0
PURE_039,hashimoto,14,15,0.0
PURE_039,hashimoto,15,15,0.0
PURE_039,hashimoto,16,15,0.0
PURE_039,hashimoto,17,15,0.0
PURE_039,hashimoto,18,15,0.0
PURE_039,llmrei-long,1,10,1.0
PURE_039,llmrei-long,2,10,0.2
PURE_039,llmrei-long,3,10,0.1
PURE_039,llmrei-long,4,10,0.0
PURE_039,llmrei-long,5,10,0.0
PURE_039,llmrei-long,6,10,0.0
PURE_039,llmrei-long,7,10,0.0
PURE_039,llmrei-long,8,10,0.0
PURE_039,llmrei-long,9,10,0.0
PURE_039,llmrei-long,10,10,0.0
PURE_039,llmrei-long,11,10,0.0
PURE_039,llmrei-long,12,10,0.0
PURE_039,llmrei-long,13,10,0.0
PURE_039,llmrei-long,14,10,0.0
PURE_039,llmrei-long,15,10,0.0
PURE_039,llmrei-long,16,10,0.0
PURE_039,llmrei-long,17,10,0.0
PURE_039,llmrei-long,18,10,0.0
PURE_039,sparkme,1,36,1.0
PURE_039,sparkme,2,36,0.4166666666666667
PURE_039,sparkme,3,36,0.1111111111111111
PURE_039,sparkme,4,36,0.0
PURE_039,sparkme,5,36,0.0
PURE_039,sparkme,6,36,0.0
PURE_039,sparkme,7,36,0.0
PURE_039,sparkme,8,36,0.0
PURE_039,sparkme,9,36,0.0
PURE_039,sparkme,10,36,0.0
PURE_039,sparkme,11,36,0.0
PURE_039,sparkme,12,36,0.0
PURE_039,sparkme,13,36,0.0
PURE_039,sparkme,14,36,0.0
PURE_039,sparkme,15,36,0.0
PURE_039,sparkme,16,36,0.0
PURE_039,sparkme,17,36,0.0
PURE_039,sparkme,18,36,0.0
PURE_039,proposed_method,1,76,1.0
PURE_039,proposed_method,2,76,0.4342105263157895
PURE_039,proposed_method,3,76,0.11842105263157894
PURE_039,proposed_method,4,76,0.06578947368421052
PURE_039,proposed_method,5,76,0.02631578947368421
PURE_039,proposed_method,6,76,0.013157894736842105
PURE_039,proposed_method,7,76,0.013157894736842105
PURE_039,proposed_method,8,76,0.0
PURE_039,proposed_method,9,76,0.0
PURE_039,proposed_method,10,76,0.0
PURE_039,proposed_method,11,76,0.0
PURE_039,proposed_method,12,76,0.0
PURE_039,proposed_method,13,76,0.0
PURE_039,proposed_method,14,76,0.0
PURE_039,proposed_method,15,76,0.0
PURE_039,proposed_method,16,76,0.0
PURE_039,proposed_method,17,76,0.0
PURE_039,proposed_method,18,76,0.0
PURE_040,hashimoto,1,7,1.0
PURE_040,hashimoto,2,7,0.5714285714285714
PURE_040,hashimoto,3,7,0.14285714285714285
PURE_040,hashimoto,4,7,0.0
PURE_040,hashimoto,5,7,0.0
PURE_040,hashimoto,6,7,0.0
PURE_040,hashimoto,7,7,0.0
PURE_040,hashimoto,8,7,0.0
PURE_040,hashimoto,9,7,0.0
PURE_040,hashimoto,10,7,0.0
PURE_040,hashimoto,11,7,0.0
PURE_040,hashimoto,12,7,0.0
PURE_040,hashimoto,13,7,0.0
PURE_040,hashimoto,14,7,0.0
PURE_040,hashimoto,15,7,0.0
PURE_040,hashimoto,16,7,0.0
PURE_040,hashimoto,17,7,0.0
PURE_040,hashimoto,18,7,0.0
PURE_040,llmrei-long,1,17,1.0
PURE_040,llmrei-long,2,17,0.23529411764705882
PURE_040,llmrei-long,3,17,0.0
PURE_040,llmrei-long,4,17,0.0
PURE_040,llmrei-long,5,17,0.0
PURE_040,llmrei-long,6,17,0.0
PURE_040,llmrei-long,7,17,0.0
PURE_040,llmrei-long,8,17,0.0
PURE_040,llmrei-long,9,17,0.0
PURE_040,llmrei-long,10,17,0.0
PURE_040,llmrei-long,11,17,0.0
PURE_040,llmrei-long,12,17,0.0
PURE_040,llmrei-long,13,17,0.0
PURE_040,llmrei-long,14,17,0.0
PURE_040,llmrei-long,15,17,0.0
PURE_040,llmrei-long,16,17,0.0
PURE_040,llmrei-long,17,17,0.0
PURE_040,llmrei-long,18,17,0.0
PURE_040,sparkme,1,53,1.0
PURE_040,sparkme,2,53,0.3584905660377358
PURE_040,sparkme,3,53,0.16981132075471697
PURE_040,sparkme,4,53,0.09433962264150944
PURE_040,sparkme,5,53,0.05660377358490566
PURE_040,sparkme,6,53,0.05660377358490566
PURE_040,sparkme,7,53,0.03773584905660377
PURE_040,sparkme,8,53,0.018867924528301886
PURE_040,sparkme,9,53,0.018867924528301886
PURE_040,sparkme,10,53,0.0
PURE_040,sparkme,11,53,0.0
PURE_040,sparkme,12,53,0.0
PURE_040,sparkme,13,53,0.0
PURE_040,sparkme,14,53,0.0
PURE_040,sparkme,15,53,0.0
PURE_040,sparkme,16,53,0.0
PURE_040,sparkme,17,53,0.0
PURE_040,sparkme,18,53,0.0
PURE_040,proposed_method,1,66,1.0
PURE_040,proposed_method,2,66,0.5
PURE_040,proposed_method,3,66,0.13636363636363635
PURE_040,proposed_method,4,66,0.06060606060606061
PURE_040,proposed_method,5,66,0.045454545454545456
PURE_040,proposed_method,6,66,0.030303030303030304
PURE_040,proposed_method,7,66,0.015151515151515152
PURE_040,proposed_method,8,66,0.0
PURE_040,proposed_method,9,66,0.0
PURE_040,proposed_method,10,66,0.0
PURE_040,proposed_method,11,66,0.0
PURE_040,proposed_method,12,66,0.0
PURE_040,proposed_method,13,66,0.0
PURE_040,proposed_method,14,66,0.0
PURE_040,proposed_method,15,66,0.0
PURE_040,proposed_method,16,66,0.0
PURE_040,proposed_method,17,66,0.0
PURE_040,proposed_method,18,66,0.0
PURE_041,hashimoto,1,24,1.0
PURE_041,hashimoto,2,24,0.375
PURE_041,hashimoto,3,24,0.08333333333333333
PURE_041,hashimoto,4,24,0.041666666666666664
PURE_041,hashimoto,5,24,0.0
PURE_041,hashimoto,6,24,0.0
PURE_041,hashimoto,7,24,0.0
PURE_041,hashimoto,8,24,0.0
PURE_041,hashimoto,9,24,0.0
PURE_041,hashimoto,10,24,0.0
PURE_041,hashimoto,11,24,0.0
PURE_041,hashimoto,12,24,0.0
PURE_041,hashimoto,13,24,0.0
PURE_041,hashimoto,14,24,0.0
PURE_041,hashimoto,15,24,0.0
PURE_041,hashimoto,16,24,0.0
PURE_041,hashimoto,17,24,0.0
PURE_041,hashimoto,18,24,0.0
PURE_041,llmrei-long,1,26,1.0
PURE_041,llmrei-long,2,26,0.38461538461538464
PURE_041,llmrei-long,3,26,0.11538461538461539
PURE_041,llmrei-long,4,26,0.0
PURE_041,llmrei-long,5,26,0.0
PURE_041,llmrei-long,6,26,0.0
PURE_041,llmrei-long,7,26,0.0
PURE_041,llmrei-long,8,26,0.0
PURE_041,llmrei-long,9,26,0.0
PURE_041,llmrei-long,10,26,0.0
PURE_041,llmrei-long,11,26,0.0
PURE_041,llmrei-long,12,26,0.0
PURE_041,llmrei-long,13,26,0.0
PURE_041,llmrei-long,14,26,0.0
PURE_041,llmrei-long,15,26,0.0
PURE_041,llmrei-long,16,26,0.0
PURE_041,llmrei-long,17,26,0.0
PURE_041,llmrei-long,18,26,0.0
PURE_041,sparkme,1,68,1.0
PURE_041,sparkme,2,68,0.5441176470588235
PURE_041,sparkme,3,68,0.19117647058823528
PURE_041,sparkme,4,68,0.16176470588235295
PURE_041,sparkme,5,68,0.08823529411764706
PURE_041,sparkme,6,68,0.04411764705882353
PURE_041,sparkme,7,68,0.029411764705882353
PURE_041,sparkme,8,68,0.0
PURE_041,sparkme,9,68,0.0
PURE_041,sparkme,10,68,0.0
PURE_041,sparkme,11,68,0.0
PURE_041,sparkme,12,68,0.0
PURE_041,sparkme,13,68,0.0
PURE_041,sparkme,14,68,0.0
PURE_041,sparkme,15,68,0.0
PURE_041,sparkme,16,68,0.0
PURE_041,sparkme,17,68,0.0
PURE_041,sparkme,18,68,0.0
PURE_041,proposed_method,1,101,1.0
PURE_041,proposed_method,2,101,0.5643564356435643
PURE_041,proposed_method,3,101,0.27722772277227725
PURE_041,proposed_method,4,101,0.15841584158415842
PURE_041,proposed_method,5,101,0.10891089108910891
PURE_041,proposed_method,6,101,0.04950495049504951
PURE_041,proposed_method,7,101,0.039603960396039604
PURE_041,proposed_method,8,101,0.009900990099009901
PURE_041,proposed_method,9,101,0.0
PURE_041,proposed_method,10,101,0.0
PURE_041,proposed_method,11,101,0.0
PURE_041,proposed_method,12,101,0.0
PURE_041,proposed_method,13,101,0.0
PURE_041,proposed_method,14,101,0.0
PURE_041,proposed_method,15,101,0.0
PURE_041,proposed_method,16,101,0.0
PURE_041,proposed_method,17,101,0.0
PURE_041,proposed_method,18,101,0.0
PURE_042,hashimoto,1,24,1.0
PURE_042,hashimoto,2,24,0.5833333333333334
PURE_042,hashimoto,3,24,0.3333333333333333
PURE_042,hashimoto,4,24,0.16666666666666666
PURE_042,hashimoto,5,24,0.125
PURE_042,hashimoto,6,24,0.08333333333333333
PURE_042,hashimoto,7,24,0.041666666666666664
PURE_042,hashimoto,8,24,0.0
PURE_042,hashimoto,9,24,0.0
PURE_042,hashimoto,10,24,0.0
PURE_042,hashimoto,11,24,0.0
PURE_042,hashimoto,12,24,0.0
PURE_042,hashimoto,13,24,0.0
PURE_042,hashimoto,14,24,0.0
PURE_042,hashimoto,15,24,0.0
PURE_042,hashimoto,16,24,0.0
PURE_042,hashimoto,17,24,0.0
PURE_042,hashimoto,18,24,0.0
PURE_042,llmrei-long,1,22,1.0
PURE_042,llmrei-long,2,22,0.4090909090909091
PURE_042,llmrei-long,3,22,0.13636363636363635
PURE_042,llmrei-long,4,22,0.09090909090909091
PURE_042,llmrei-long,5,22,0.045454545454545456
PURE_042,llmrei-long,6,22,0.045454545454545456
PURE_042,llmrei-long,7,22,0.045454545454545456
PURE_042,llmrei-long,8,22,0.0
PURE_042,llmrei-long,9,22,0.0
PURE_042,llmrei-long,10,22,0.0
PURE_042,llmrei-long,11,22,0.0
PURE_042,llmrei-long,12,22,0.0
PURE_042,llmrei-long,13,22,0.0
PURE_042,llmrei-long,14,22,0.0
PURE_042,llmrei-long,15,22,0.0
PURE_042,llmrei-long,16,22,0.0
PURE_042,llmrei-long,17,22,0.0
PURE_042,llmrei-long,18,22,0.0
PURE_042,sparkme,1,42,1.0
PURE_042,sparkme,2,42,0.40476190476190477
PURE_042,sparkme,3,42,0.047619047619047616
PURE_042,sparkme,4,42,0.023809523809523808
PURE_042,sparkme,5,42,0.023809523809523808
PURE_042,sparkme,6,42,0.0
PURE_042,sparkme,7,42,0.0
PURE_042,sparkme,8,42,0.0
PURE_042,sparkme,9,42,0.0
PURE_042,sparkme,10,42,0.0
PURE_042,sparkme,11,42,0.0
PURE_042,sparkme,12,42,0.0
PURE_042,sparkme,13,42,0.0
PURE_042,sparkme,14,42,0.0
PURE_042,sparkme,15,42,0.0
PURE_042,sparkme,16,42,0.0
PURE_042,sparkme,17,42,0.0
PURE_042,sparkme,18,42,0.0
PURE_042,proposed_method,1,63,1.0
PURE_042,proposed_method,2,63,0.5555555555555556
PURE_042,proposed_method,3,63,0.36507936507936506
PURE_042,proposed_method,4,63,0.15873015873015872
PURE_042,proposed_method,5,63,0.07936507936507936
PURE_042,proposed_method,6,63,0.031746031746031744
PURE_042,proposed_method,7,63,0.031746031746031744
PURE_042,proposed_method,8,63,0.031746031746031744
PURE_042,proposed_method,9,63,0.031746031746031744
PURE_042,proposed_method,10,63,0.015873015873015872
PURE_042,proposed_method,11,63,0.015873015873015872
PURE_042,proposed_method,12,63,0.0
PURE_042,proposed_method,13,63,0.0
PURE_042,proposed_method,14,63,0.0
PURE_042,proposed_method,15,63,0.0
PURE_042,proposed_method,16,63,0.0
PURE_042,proposed_method,17,63,0.0
PURE_042,proposed_method,18,63,0.0
PURE_043,hashimoto,1,4,1.0
PURE_043,hashimoto,2,4,0.75
PURE_043,hashimoto,3,4,0.0
PURE_043,hashimoto,4,4,0.0
PURE_043,hashimoto,5,4,0.0
PURE_043,hashimoto,6,4,0.0
PURE_043,hashimoto,7,4,0.0
PURE_043,hashimoto,8,4,0.0
PURE_043,hashimoto,9,4,0.0
PURE_043,hashimoto,10,4,0.0
PURE_043,hashimoto,11,4,0.0
PURE_043,hashimoto,12,4,0.0
PURE_043,hashimoto,13,4,0.0
PURE_043,hashimoto,14,4,0.0
PURE_043,hashimoto,15,4,0.0
PURE_043,hashimoto,16,4,0.0
PURE_043,hashimoto,17,4,0.0
PURE_043,hashimoto,18,4,0.0
PURE_043,llmrei-long,1,16,1.0
PURE_043,llmrei-long,2,16,0.1875
PURE_043,llmrei-long,3,16,0.0625
PURE_043,llmrei-long,4,16,0.0
PURE_043,llmrei-long,5,16,0.0
PURE_043,llmrei-long,6,16,0.0
PURE_043,llmrei-long,7,16,0.0
PURE_043,llmrei-long,8,16,0.0
PURE_043,llmrei-long,9,16,0.0
PURE_043,llmrei-long,10,16,0.0
PURE_043,llmrei-long,11,16,0.0
PURE_043,llmrei-long,12,16,0.0
PURE_043,llmrei-long,13,16,0.0
PURE_043,llmrei-long,14,16,0.0
PURE_043,llmrei-long,15,16,0.0
PURE_043,llmrei-long,16,16,0.0
PURE_043,llmrei-long,17,16,0.0
PURE_043,llmrei-long,18,16,0.0
PURE_043,sparkme,1,54,1.0
PURE_043,sparkme,2,54,0.5555555555555556
PURE_043,sparkme,3,54,0.24074074074074073
PURE_043,sparkme,4,54,0.09259259259259259
PURE_043,sparkme,5,54,0.07407407407407407
PURE_043,sparkme,6,54,0.018518518518518517
PURE_043,sparkme,7,54,0.018518518518518517
PURE_043,sparkme,8,54,0.018518518518518517
PURE_043,sparkme,9,54,0.018518518518518517
PURE_043,sparkme,10,54,0.0
PURE_043,sparkme,11,54,0.0
PURE_043,sparkme,12,54,0.0
PURE_043,sparkme,13,54,0.0
PURE_043,sparkme,14,54,0.0
PURE_043,sparkme,15,54,0.0
PURE_043,sparkme,16,54,0.0
PURE_043,sparkme,17,54,0.0
PURE_043,sparkme,18,54,0.0
PURE_043,proposed_method,1,74,1.0
PURE_043,proposed_method,2,74,0.44594594594594594
PURE_043,proposed_method,3,74,0.24324324324324326
PURE_043,proposed_method,4,74,0.14864864864864866
PURE_043,proposed_method,5,74,0.06756756756756757
PURE_043,proposed_method,6,74,0.02702702702702703
PURE_043,proposed_method,7,74,0.013513513513513514
PURE_043,proposed_method,8,74,0.013513513513513514
PURE_043,proposed_method,9,74,0.013513513513513514
PURE_043,proposed_method,10,74,0.013513513513513514
PURE_043,proposed_method,11,74,0.013513513513513514
PURE_043,proposed_method,12,74,0.013513513513513514
PURE_043,proposed_method,13,74,0.0
PURE_043,proposed_method,14,74,0.0
PURE_043,proposed_method,15,74,0.0
PURE_043,proposed_method,16,74,0.0
PURE_043,proposed_method,17,74,0.0
PURE_043,proposed_method,18,74,0.0
PURE_044,hashimoto,1,14,1.0
PURE_044,hashimoto,2,14,0.2857142857142857
PURE_044,hashimoto,3,14,0.0
PURE_044,hashimoto,4,14,0.0
PURE_044,hashimoto,5,14,0.0
PURE_044,hashimoto,6,14,0.0
PURE_044,hashimoto,7,14,0.0
PURE_044,hashimoto,8,14,0.0
PURE_044,hashimoto,9,14,0.0
PURE_044,hashimoto,10,14,0.0
PURE_044,hashimoto,11,14,0.0
PURE_044,hashimoto,12,14,0.0
PURE_044,hashimoto,13,14,0.0
PURE_044,hashimoto,14,14,0.0
PURE_044,hashimoto,15,14,0.0
PURE_044,hashimoto,16,14,0.0
PURE_044,hashimoto,17,14,0.0
PURE_044,hashimoto,18,14,0.0
PURE_044,llmrei-long,1,40,1.0
PURE_044,llmrei-long,2,40,0.325
PURE_044,llmrei-long,3,40,0.025
PURE_044,llmrei-long,4,40,0.025
PURE_044,llmrei-long,5,40,0.0
PURE_044,llmrei-long,6,40,0.0
PURE_044,llmrei-long,7,40,0.0
PURE_044,llmrei-long,8,40,0.0
PURE_044,llmrei-long,9,40,0.0
PURE_044,llmrei-long,10,40,0.0
PURE_044,llmrei-long,11,40,0.0
PURE_044,llmrei-long,12,40,0.0
PURE_044,llmrei-long,13,40,0.0
PURE_044,llmrei-long,14,40,0.0
PURE_044,llmrei-long,15,40,0.0
PURE_044,llmrei-long,16,40,0.0
PURE_044,llmrei-long,17,40,0.0
PURE_044,llmrei-long,18,40,0.0
PURE_044,sparkme,1,93,1.0
PURE_044,sparkme,2,93,0.45161290322580644
PURE_044,sparkme,3,93,0.10752688172043011
PURE_044,sparkme,4,93,0.021505376344086023
PURE_044,sparkme,5,93,0.010752688172043012
PURE_044,sparkme,6,93,0.010752688172043012
PURE_044,sparkme,7,93,0.010752688172043012
PURE_044,sparkme,8,93,0.010752688172043012
PURE_044,sparkme,9,93,0.010752688172043012
PURE_044,sparkme,10,93,0.010752688172043012
PURE_044,sparkme,11,93,0.010752688172043012
PURE_044,sparkme,12,93,0.010752688172043012
PURE_044,sparkme,13,93,0.0
PURE_044,sparkme,14,93,0.0
PURE_044,sparkme,15,93,0.0
PURE_044,sparkme,16,93,0.0
PURE_044,sparkme,17,93,0.0
PURE_044,sparkme,18,93,0.0
PURE_044,proposed_method,1,98,1.0
PURE_044,proposed_method,2,98,0.47959183673469385
PURE_044,proposed_method,3,98,0.21428571428571427
PURE_044,proposed_method,4,98,0.08163265306122448
PURE_044,proposed_method,5,98,0.04081632653061224
PURE_044,proposed_method,6,98,0.030612244897959183
PURE_044,proposed_method,7,98,0.02040816326530612
PURE_044,proposed_method,8,98,0.0
PURE_044,proposed_method,9,98,0.0
PURE_044,proposed_method,10,98,0.0
PURE_044,proposed_method,11,98,0.0
PURE_044,proposed_method,12,98,0.0
PURE_044,proposed_method,13,98,0.0
PURE_044,proposed_method,14,98,0.0
PURE_044,proposed_method,15,98,0.0
PURE_044,proposed_method,16,98,0.0
PURE_044,proposed_method,17,98,0.0
PURE_044,proposed_method,18,98,0.0
PURE_045,hashimoto,1,24,1.0
PURE_045,hashimoto,2,24,0.25
PURE_045,hashimoto,3,24,0.08333333333333333
PURE_045,hashimoto,4,24,0.0
PURE_045,hashimoto,5,24,0.0
PURE_045,hashimoto,6,24,0.0
PURE_045,hashimoto,7,24,0.0
PURE_045,hashimoto,8,24,0.0
PURE_045,hashimoto,9,24,0.0
PURE_045,hashimoto,10,24,0.0
PURE_045,hashimoto,11,24,0.0
PURE_045,hashimoto,12,24,0.0
PURE_045,hashimoto,13,24,0.0
PURE_045,hashimoto,14,24,0.0
PURE_045,hashimoto,15,24,0.0
PURE_045,hashimoto,16,24,0.0
PURE_045,hashimoto,17,24,0.0
PURE_045,hashimoto,18,24,0.0
PURE_045,llmrei-long,1,31,1.0
PURE_045,llmrei-long,2,31,0.3225806451612903
PURE_045,llmrei-long,3,31,0.0967741935483871
PURE_045,llmrei-long,4,31,0.0
PURE_045,llmrei-long,5,31,0.0
PURE_045,llmrei-long,6,31,0.0
PURE_045,llmrei-long,7,31,0.0
PURE_045,llmrei-long,8,31,0.0
PURE_045,llmrei-long,9,31,0.0
PURE_045,llmrei-long,10,31,0.0
PURE_045,llmrei-long,11,31,0.0
PURE_045,llmrei-long,12,31,0.0
PURE_045,llmrei-long,13,31,0.0
PURE_045,llmrei-long,14,31,0.0
PURE_045,llmrei-long,15,31,0.0
PURE_045,llmrei-long,16,31,0.0
PURE_045,llmrei-long,17,31,0.0
PURE_045,llmrei-long,18,31,0.0
PURE_045,sparkme,1,51,1.0
PURE_045,sparkme,2,51,0.47058823529411764
PURE_045,sparkme,3,51,0.17647058823529413
PURE_045,sparkme,4,51,0.058823529411764705
PURE_045,sparkme,5,51,0.0196078431372549
PURE_045,sparkme,6,51,0.0196078431372549
PURE_045,sparkme,7,51,0.0
PURE_045,sparkme,8,51,0.0
PURE_045,sparkme,9,51,0.0
PURE_045,sparkme,10,51,0.0
PURE_045,sparkme,11,51,0.0
PURE_045,sparkme,12,51,0.0
PURE_045,sparkme,13,51,0.0
PURE_045,sparkme,14,51,0.0
PURE_045,sparkme,15,51,0.0
PURE_045,sparkme,16,51,0.0
PURE_045,sparkme,17,51,0.0
PURE_045,sparkme,18,51,0.0
PURE_045,proposed_method,1,56,1.0
PURE_045,proposed_method,2,56,0.39285714285714285
PURE_045,proposed_method,3,56,0.125
PURE_045,proposed_method,4,56,0.10714285714285714
PURE_045,proposed_method,5,56,0.07142857142857142
PURE_045,proposed_method,6,56,0.017857142857142856
PURE_045,proposed_method,7,56,0.017857142857142856
PURE_045,proposed_method,8,56,0.017857142857142856
PURE_045,proposed_method,9,56,0.0
PURE_045,proposed_method,10,56,0.0
PURE_045,proposed_method,11,56,0.0
PURE_045,proposed_method,12,56,0.0
PURE_045,proposed_method,13,56,0.0
PURE_045,proposed_method,14,56,0.0
PURE_045,proposed_method,15,56,0.0
PURE_045,proposed_method,16,56,0.0
PURE_045,proposed_method,17,56,0.0
PURE_045,proposed_method,18,56,0.0
PURE_046,hashimoto,1,10,1.0
PURE_046,hashimoto,2,10,0.3
PURE_046,hashimoto,3,10,0.0
PURE_046,hashimoto,4,10,0.0
PURE_046,hashimoto,5,10,0.0
PURE_046,hashimoto,6,10,0.0
PURE_046,hashimoto,7,10,0.0
PURE_046,hashimoto,8,10,0.0
PURE_046,hashimoto,9,10,0.0
PURE_046,hashimoto,10,10,0.0
PURE_046,hashimoto,11,10,0.0
PURE_046,hashimoto,12,10,0.0
PURE_046,hashimoto,13,10,0.0
PURE_046,hashimoto,14,10,0.0
PURE_046,hashimoto,15,10,0.0
PURE_046,hashimoto,16,10,0.0
PURE_046,hashimoto,17,10,0.0
PURE_046,hashimoto,18,10,0.0
PURE_046,llmrei-long,1,25,1.0
PURE_046,llmrei-long,2,25,0.32
PURE_046,llmrei-long,3,25,0.08
PURE_046,llmrei-long,4,25,0.08
PURE_046,llmrei-long,5,25,0.04
PURE_046,llmrei-long,6,25,0.04
PURE_046,llmrei-long,7,25,0.0
PURE_046,llmrei-long,8,25,0.0
PURE_046,llmrei-long,9,25,0.0
PURE_046,llmrei-long,10,25,0.0
PURE_046,llmrei-long,11,25,0.0
PURE_046,llmrei-long,12,25,0.0
PURE_046,llmrei-long,13,25,0.0
PURE_046,llmrei-long,14,25,0.0
PURE_046,llmrei-long,15,25,0.0
PURE_046,llmrei-long,16,25,0.0
PURE_046,llmrei-long,17,25,0.0
PURE_046,llmrei-long,18,25,0.0
PURE_046,sparkme,1,43,1.0
PURE_046,sparkme,2,43,0.46511627906976744
PURE_046,sparkme,3,43,0.20930232558139536
PURE_046,sparkme,4,43,0.13953488372093023
PURE_046,sparkme,5,43,0.0
PURE_046,sparkme,6,43,0.0
PURE_046,sparkme,7,43,0.0
PURE_046,sparkme,8,43,0.0
PURE_046,sparkme,9,43,0.0
PURE_046,sparkme,10,43,0.0
PURE_046,sparkme,11,43,0.0
PURE_046,sparkme,12,43,0.0
PURE_046,sparkme,13,43,0.0
PURE_046,sparkme,14,43,0.0
PURE_046,sparkme,15,43,0.0
PURE_046,sparkme,16,43,0.0
PURE_046,sparkme,17,43,0.0
PURE_046,sparkme,18,43,0.0
PURE_046,proposed_method,1,39,1.0
PURE_046,proposed_method,2,39,0.3076923076923077
PURE_046,proposed_method,3,39,0.15384615384615385
PURE_046,proposed_method,4,39,0.07692307692307693
PURE_046,proposed_method,5,39,0.05128205128205128
PURE_046,proposed_method,6,39,0.02564102564102564
PURE_046,proposed_method,7,39,0.02564102564102564
PURE_046,proposed_method,8,39,0.0
PURE_046,proposed_method,9,39,0.0
PURE_046,proposed_method,10,39,0.0
PURE_046,proposed_method,11,39,0.0
PURE_046,proposed_method,12,39,0.0
PURE_046,proposed_method,13,39,0.0
PURE_046,proposed_method,14,39,0.0
PURE_046,proposed_method,15,39,0.0
PURE_046,proposed_method,16,39,0.0
PURE_046,proposed_method,17,39,0.0
PURE_046,proposed_method,18,39,0.0
PURE_047,hashimoto,1,6,1.0
PURE_047,hashimoto,2,6,0.16666666666666666
PURE_047,hashimoto,3,6,0.0
PURE_047,hashimoto,4,6,0.0
PURE_047,hashimoto,5,6,0.0
PURE_047,hashimoto,6,6,0.0
PURE_047,hashimoto,7,6,0.0
PURE_047,hashimoto,8,6,0.0
PURE_047,hashimoto,9,6,0.0
PURE_047,hashimoto,10,6,0.0
PURE_047,hashimoto,11,6,0.0
PURE_047,hashimoto,12,6,0.0
PURE_047,hashimoto,13,6,0.0
PURE_047,hashimoto,14,6,0.0
PURE_047,hashimoto,15,6,0.0
PURE_047,hashimoto,16,6,0.0
PURE_047,hashimoto,17,6,0.0
PURE_047,hashimoto,18,6,0.0
PURE_047,llmrei-long,1,15,1.0
PURE_047,llmrei-long,2,15,0.2
PURE_047,llmrei-long,3,15,0.0
PURE_047,llmrei-long,4,15,0.0
PURE_047,llmrei-long,5,15,0.0
PURE_047,llmrei-long,6,15,0.0
PURE_047,llmrei-long,7,15,0.0
PURE_047,llmrei-long,8,15,0.0
PURE_047,llmrei-long,9,15,0.0
PURE_047,llmrei-long,10,15,0.0
PURE_047,llmrei-long,11,15,0.0
PURE_047,llmrei-long,12,15,0.0
PURE_047,llmrei-long,13,15,0.0
PURE_047,llmrei-long,14,15,0.0
PURE_047,llmrei-long,15,15,0.0
PURE_047,llmrei-long,16,15,0.0
PURE_047,llmrei-long,17,15,0.0
PURE_047,llmrei-long,18,15,0.0
PURE_047,sparkme,1,56,1.0
PURE_047,sparkme,2,56,0.5357142857142857
PURE_047,sparkme,3,56,0.16071428571428573
PURE_047,sparkme,4,56,0.08928571428571429
PURE_047,sparkme,5,56,0.05357142857142857
PURE_047,sparkme,6,56,0.017857142857142856
PURE_047,sparkme,7,56,0.0
PURE_047,sparkme,8,56,0.0
PURE_047,sparkme,9,56,0.0
PURE_047,sparkme,10,56,0.0
PURE_047,sparkme,11,56,0.0
PURE_047,sparkme,12,56,0.0
PURE_047,sparkme,13,56,0.0
PURE_047,sparkme,14,56,0.0
PURE_047,sparkme,15,56,0.0
PURE_047,sparkme,16,56,0.0
PURE_047,sparkme,17,56,0.0
PURE_047,sparkme,18,56,0.0
PURE_047,proposed_method,1,60,1.0
PURE_047,proposed_method,2,60,0.6333333333333333
PURE_047,proposed_method,3,60,0.36666666666666664
PURE_047,proposed_method,4,60,0.18333333333333332
PURE_047,proposed_method,5,60,0.13333333333333333
PURE_047,proposed_method,6,60,0.08333333333333333
PURE_047,proposed_method,7,60,0.016666666666666666
PURE_047,proposed_method,8,60,0.016666666666666666
PURE_047,proposed_method,9,60,0.016666666666666666
PURE_047,proposed_method,10,60,0.016666666666666666
PURE_047,proposed_method,11,60,0.016666666666666666
PURE_047,proposed_method,12,60,0.0
PURE_047,proposed_method,13,60,0.0
PURE_047,proposed_method,14,60,0.0
PURE_047,proposed_method,15,60,0.0
PURE_047,proposed_method,16,60,0.0
PURE_047,proposed_method,17,60,0.0
PURE_047,proposed_method,18,60,0.0
PURE_048,hashimoto,1,24,1.0
PURE_048,hashimoto,2,24,0.3333333333333333
PURE_048,hashimoto,3,24,0.16666666666666666
PURE_048,hashimoto,4,24,0.041666666666666664
PURE_048,hashimoto,5,24,0.041666666666666664
PURE_048,hashimoto,6,24,0.041666666666666664
PURE_048,hashimoto,7,24,0.0
PURE_048,hashimoto,8,24,0.0
PURE_048,hashimoto,9,24,0.0
PURE_048,hashimoto,10,24,0.0
PURE_048,hashimoto,11,24,0.0
PURE_048,hashimoto,12,24,0.0
PURE_048,hashimoto,13,24,0.0
PURE_048,hashimoto,14,24,0.0
PURE_048,hashimoto,15,24,0.0
PURE_048,hashimoto,16,24,0.0
PURE_048,hashimoto,17,24,0.0
PURE_048,hashimoto,18,24,0.0
PURE_048,llmrei-long,1,26,1.0
PURE_048,llmrei-long,2,26,0.2692307692307692
PURE_048,llmrei-long,3,26,0.038461538461538464
PURE_048,llmrei-long,4,26,0.0
PURE_048,llmrei-long,5,26,0.0
PURE_048,llmrei-long,6,26,0.0
PURE_048,llmrei-long,7,26,0.0
PURE_048,llmrei-long,8,26,0.0
PURE_048,llmrei-long,9,26,0.0
PURE_048,llmrei-long,10,26,0.0
PURE_048,llmrei-long,11,26,0.0
PURE_048,llmrei-long,12,26,0.0
PURE_048,llmrei-long,13,26,0.0
PURE_048,llmrei-long,14,26,0.0
PURE_048,llmrei-long,15,26,0.0
PURE_048,llmrei-long,16,26,0.0
PURE_048,llmrei-long,17,26,0.0
PURE_048,llmrei-long,18,26,0.0
PURE_048,sparkme,1,48,1.0
PURE_048,sparkme,2,48,0.5208333333333334
PURE_048,sparkme,3,48,0.14583333333333334
PURE_048,sparkme,4,48,0.041666666666666664
PURE_048,sparkme,5,48,0.041666666666666664
PURE_048,sparkme,6,48,0.020833333333333332
PURE_048,sparkme,7,48,0.020833333333333332
PURE_048,sparkme,8,48,0.020833333333333332
PURE_048,sparkme,9,48,0.0
PURE_048,sparkme,10,48,0.0
PURE_048,sparkme,11,48,0.0
PURE_048,sparkme,12,48,0.0
PURE_048,sparkme,13,48,0.0
PURE_048,sparkme,14,48,0.0
PURE_048,sparkme,15,48,0.0
PURE_048,sparkme,16,48,0.0
PURE_048,sparkme,17,48,0.0
PURE_048,sparkme,18,48,0.0
PURE_048,proposed_method,1,60,1.0
PURE_048,proposed_method,2,60,0.4166666666666667
PURE_048,proposed_method,3,60,0.15
PURE_048,proposed_method,4,60,0.06666666666666667
PURE_048,proposed_method,5,60,0.05
PURE_048,proposed_method,6,60,0.016666666666666666
PURE_048,proposed_method,7,60,0.0
PURE_048,proposed_method,8,60,0.0
PURE_048,proposed_method,9,60,0.0
PURE_048,proposed_method,10,60,0.0
PURE_048,proposed_method,11,60,0.0
PURE_048,proposed_method,12,60,0.0
PURE_048,proposed_method,13,60,0.0
PURE_048,proposed_method,14,60,0.0
PURE_048,proposed_method,15,60,0.0
PURE_048,proposed_method,16,60,0.0
PURE_048,proposed_method,17,60,0.0
PURE_048,proposed_method,18,60,0.0
PURE_049,hashimoto,1,6,1.0
PURE_049,hashimoto,2,6,0.16666666666666666
PURE_049,hashimoto,3,6,0.0
PURE_049,hashimoto,4,6,0.0
PURE_049,hashimoto,5,6,0.0
PURE_049,hashimoto,6,6,0.0
PURE_049,hashimoto,7,6,0.0
PURE_049,hashimoto,8,6,0.0
PURE_049,hashimoto,9,6,0.0
PURE_049,hashimoto,10,6,0.0
PURE_049,hashimoto,11,6,0.0
PURE_049,hashimoto,12,6,0.0
PURE_049,hashimoto,13,6,0.0
PURE_049,hashimoto,14,6,0.0
PURE_049,hashimoto,15,6,0.0
PURE_049,hashimoto,16,6,0.0
PURE_049,hashimoto,17,6,0.0
PURE_049,hashimoto,18,6,0.0
PURE_049,llmrei-long,1,18,1.0
PURE_049,llmrei-long,2,18,0.2222222222222222
PURE_049,llmrei-long,3,18,0.05555555555555555
PURE_049,llmrei-long,4,18,0.0
PURE_049,llmrei-long,5,18,0.0
PURE_049,llmrei-long,6,18,0.0
PURE_049,llmrei-long,7,18,0.0
PURE_049,llmrei-long,8,18,0.0
PURE_049,llmrei-long,9,18,0.0
PURE_049,llmrei-long,10,18,0.0
PURE_049,llmrei-long,11,18,0.0
PURE_049,llmrei-long,12,18,0.0
PURE_049,llmrei-long,13,18,0.0
PURE_049,llmrei-long,14,18,0.0
PURE_049,llmrei-long,15,18,0.0
PURE_049,llmrei-long,16,18,0.0
PURE_049,llmrei-long,17,18,0.0
PURE_049,llmrei-long,18,18,0.0
PURE_049,sparkme,1,70,1.0
PURE_049,sparkme,2,70,0.5
PURE_049,sparkme,3,70,0.17142857142857143
PURE_049,sparkme,4,70,0.04285714285714286
PURE_049,sparkme,5,70,0.04285714285714286
PURE_049,sparkme,6,70,0.02857142857142857
PURE_049,sparkme,7,70,0.02857142857142857
PURE_049,sparkme,8,70,0.014285714285714285
PURE_049,sparkme,9,70,0.0
PURE_049,sparkme,10,70,0.0
PURE_049,sparkme,11,70,0.0
PURE_049,sparkme,12,70,0.0
PURE_049,sparkme,13,70,0.0
PURE_049,sparkme,14,70,0.0
PURE_049,sparkme,15,70,0.0
PURE_049,sparkme,16,70,0.0
PURE_049,sparkme,17,70,0.0
PURE_049,sparkme,18,70,0.0
PURE_049,proposed_method,1,67,1.0
PURE_049,proposed_method,2,67,0.43283582089552236
PURE_049,proposed_method,3,67,0.1791044776119403
PURE_049,proposed_method,4,67,0.029850746268656716
PURE_049,proposed_method,5,67,0.029850746268656716
PURE_049,proposed_method,6,67,0.029850746268656716
PURE_049,proposed_method,7,67,0.0
PURE_049,proposed_method,8,67,0.0
PURE_049,proposed_method,9,67,0.0
PURE_049,proposed_method,10,67,0.0
PURE_049,proposed_method,11,67,0.0
PURE_049,proposed_method,12,67,0.0
PURE_049,proposed_method,13,67,0.0
PURE_049,proposed_method,14,67,0.0
PURE_049,proposed_method,15,67,0.0
PURE_049,proposed_method,16,67,0.0
PURE_049,proposed_method,17,67,0.0
PURE_049,proposed_method,18,67,0.0
PURE_050,hashimoto,1,5,1.0
PURE_050,hashimoto,2,5,0.6
PURE_050,hashimoto,3,5,0.2
PURE_050,hashimoto,4,5,0.0
PURE_050,hashimoto,5,5,0.0
PURE_050,hashimoto,6,5,0.0
PURE_050,hashimoto,7,5,0.0
PURE_050,hashimoto,8,5,0.0
PURE_050,hashimoto,9,5,0.0
PURE_050,hashimoto,10,5,0.0
PURE_050,hashimoto,11,5,0.0
PURE_050,hashimoto,12,5,0.0
PURE_050,hashimoto,13,5,0.0
PURE_050,hashimoto,14,5,0.0
PURE_050,hashimoto,15,5,0.0
PURE_050,hashimoto,16,5,0.0
PURE_050,hashimoto,17,5,0.0
PURE_050,hashimoto,18,5,0.0
PURE_050,llmrei-long,1,17,1.0
PURE_050,llmrei-long,2,17,0.35294117647058826
PURE_050,llmrei-long,3,17,0.0
PURE_050,llmrei-long,4,17,0.0
PURE_050,llmrei-long,5,17,0.0
PURE_050,llmrei-long,6,17,0.0
PURE_050,llmrei-long,7,17,0.0
PURE_050,llmrei-long,8,17,0.0
PURE_050,llmrei-long,9,17,0.0
PURE_050,llmrei-long,10,17,0.0
PURE_050,llmrei-long,11,17,0.0
PURE_050,llmrei-long,12,17,0.0
PURE_050,llmrei-long,13,17,0.0
PURE_050,llmrei-long,14,17,0.0
PURE_050,llmrei-long,15,17,0.0
PURE_050,llmrei-long,16,17,0.0
PURE_050,llmrei-long,17,17,0.0
PURE_050,llmrei-long,18,17,0.0
PURE_050,sparkme,1,61,1.0
PURE_050,sparkme,2,61,0.47540983606557374
PURE_050,sparkme,3,61,0.16393442622950818
PURE_050,sparkme,4,61,0.04918032786885246
PURE_050,sparkme,5,61,0.01639344262295082
PURE_050,sparkme,6,61,0.01639344262295082
PURE_050,sparkme,7,61,0.01639344262295082
PURE_050,sparkme,8,61,0.0
PURE_050,sparkme,9,61,0.0
PURE_050,sparkme,10,61,0.0
PURE_050,sparkme,11,61,0.0
PURE_050,sparkme,12,61,0.0
PURE_050,sparkme,13,61,0.0
PURE_050,sparkme,14,61,0.0
PURE_050,sparkme,15,61,0.0
PURE_050,sparkme,16,61,0.0
PURE_050,sparkme,17,61,0.0
PURE_050,sparkme,18,61,0.0
PURE_050,proposed_method,1,55,1.0
PURE_050,proposed_method,2,55,0.43636363636363634
PURE_050,proposed_method,3,55,0.2727272727272727
PURE_050,proposed_method,4,55,0.18181818181818182
PURE_050,proposed_method,5,55,0.05454545454545454
PURE_050,proposed_method,6,55,0.03636363636363636
PURE_050,proposed_method,7,55,0.01818181818181818
PURE_050,proposed_method,8,55,0.01818181818181818
PURE_050,proposed_method,9,55,0.0
PURE_050,proposed_method,10,55,0.0
PURE_050,proposed_method,11,55,0.0
PURE_050,proposed_method,12,55,0.0
PURE_050,proposed_method,13,55,0.0
PURE_050,proposed_method,14,55,0.0
PURE_050,proposed_method,15,55,0.0
PURE_050,proposed_method,16,55,0.0
PURE_050,proposed_method,17,55,0.0
PURE_050,proposed_method,18,55,0.0
PURE_051,hashimoto,1,5,1.0
PURE_051,hashimoto,2,5,0.6
PURE_051,hashimoto,3,5,0.0
PURE_051,hashimoto,4,5,0.0
PURE_051,hashimoto,5,5,0.0
PURE_051,hashimoto,6,5,0.0
PURE_051,hashimoto,7,5,0.0
PURE_051,hashimoto,8,5,0.0
PURE_051,hashimoto,9,5,0.0
PURE_051,hashimoto,10,5,0.0
PURE_051,hashimoto,11,5,0.0
PURE_051,hashimoto,12,5,0.0
PURE_051,hashimoto,13,5,0.0
PURE_051,hashimoto,14,5,0.0
PURE_051,hashimoto,15,5,0.0
PURE_051,hashimoto,16,5,0.0
PURE_051,hashimoto,17,5,0.0
PURE_051,hashimoto,18,5,0.0
PURE_051,llmrei-long,1,22,1.0
PURE_051,llmrei-long,2,22,0.3181818181818182
PURE_051,llmrei-long,3,22,0.045454545454545456
PURE_051,llmrei-long,4,22,0.045454545454545456
PURE_051,llmrei-long,5,22,0.0
PURE_051,llmrei-long,6,22,0.0
PURE_051,llmrei-long,7,22,0.0
PURE_051,llmrei-long,8,22,0.0
PURE_051,llmrei-long,9,22,0.0
PURE_051,llmrei-long,10,22,0.0
PURE_051,llmrei-long,11,22,0.0
PURE_051,llmrei-long,12,22,0.0
PURE_051,llmrei-long,13,22,0.0
PURE_051,llmrei-long,14,22,0.0
PURE_051,llmrei-long,15,22,0.0
PURE_051,llmrei-long,16,22,0.0
PURE_051,llmrei-long,17,22,0.0
PURE_051,llmrei-long,18,22,0.0
PURE_051,sparkme,1,55,1.0
PURE_051,sparkme,2,55,0.5636363636363636
PURE_051,sparkme,3,55,0.21818181818181817
PURE_051,sparkme,4,55,0.05454545454545454
PURE_051,sparkme,5,55,0.01818181818181818
PURE_051,sparkme,6,55,0.01818181818181818
PURE_051,sparkme,7,55,0.0
PURE_051,sparkme,8,55,0.0
PURE_051,sparkme,9,55,0.0
PURE_051,sparkme,10,55,0.0
PURE_051,sparkme,11,55,0.0
PURE_051,sparkme,12,55,0.0
PURE_051,sparkme,13,55,0.0
PURE_051,sparkme,14,55,0.0
PURE_051,sparkme,15,55,0.0
PURE_051,sparkme,16,55,0.0
PURE_051,sparkme,17,55,0.0
PURE_051,sparkme,18,55,0.0
PURE_051,proposed_method,1,57,1.0
PURE_051,proposed_method,2,57,0.42105263157894735
PURE_051,proposed_method,3,57,0.19298245614035087
PURE_051,proposed_method,4,57,0.07017543859649122
PURE_051,proposed_method,5,57,0.03508771929824561
PURE_051,proposed_method,6,57,0.017543859649122806
PURE_051,proposed_method,7,57,0.017543859649122806
PURE_051,proposed_method,8,57,0.0
PURE_051,proposed_method,9,57,0.0
PURE_051,proposed_method,10,57,0.0
PURE_051,proposed_method,11,57,0.0
PURE_051,proposed_method,12,57,0.0
PURE_051,proposed_method,13,57,0.0
PURE_051,proposed_method,14,57,0.0
PURE_051,proposed_method,15,57,0.0
PURE_051,proposed_method,16,57,0.0
PURE_051,proposed_method,17,57,0.0
PURE_051,proposed_method,18,57,0.0
PURE_052,hashimoto,1,15,1.0
PURE_052,hashimoto,2,15,0.5333333333333333
PURE_052,hashimoto,3,15,0.2
PURE_052,hashimoto,4,15,0.06666666666666667
PURE_052,hashimoto,5,15,0.0
PURE_052,hashimoto,6,15,0.0
PURE_052,hashimoto,7,15,0.0
PURE_052,hashimoto,8,15,0.0
PURE_052,hashimoto,9,15,0.0
PURE_052,hashimoto,10,15,0.0
PURE_052,hashimoto,11,15,0.0
PURE_052,hashimoto,12,15,0.0
PURE_052,hashimoto,13,15,0.0
PURE_052,hashimoto,14,15,0.0
PURE_052,hashimoto,15,15,0.0
PURE_052,hashimoto,16,15,0.0
PURE_052,hashimoto,17,15,0.0
PURE_052,hashimoto,18,15,0.0
PURE_052,llmrei-long,1,15,1.0
PURE_052,llmrei-long,2,15,0.3333333333333333
PURE_052,llmrei-long,3,15,0.13333333333333333
PURE_052,llmrei-long,4,15,0.13333333333333333
PURE_052,llmrei-long,5,15,0.06666666666666667
PURE_052,llmrei-long,6,15,0.06666666666666667
PURE_052,llmrei-long,7,15,0.06666666666666667
PURE_052,llmrei-long,8,15,0.06666666666666667
PURE_052,llmrei-long,9,15,0.0
PURE_052,llmrei-long,10,15,0.0
PURE_052,llmrei-long,11,15,0.0
PURE_052,llmrei-long,12,15,0.0
PURE_052,llmrei-long,13,15,0.0
PURE_052,llmrei-long,14,15,0.0
PURE_052,llmrei-long,15,15,0.0
PURE_052,llmrei-long,16,15,0.0
PURE_052,llmrei-long,17,15,0.0
PURE_052,llmrei-long,18,15,0.0
PURE_052,sparkme,1,81,1.0
PURE_052,sparkme,2,81,0.345679012345679
PURE_052,sparkme,3,81,0.06172839506172839
PURE_052,sparkme,4,81,0.012345679012345678
PURE_052,sparkme,5,81,0.0
PURE_052,sparkme,6,81,0.0
PURE_052,sparkme,7,81,0.0
PURE_052,sparkme,8,81,0.0
PURE_052,sparkme,9,81,0.0
PURE_052,sparkme,10,81,0.0
PURE_052,sparkme,11,81,0.0
PURE_052,sparkme,12,81,0.0
PURE_052,sparkme,13,81,0.0
PURE_052,sparkme,14,81,0.0
PURE_052,sparkme,15,81,0.0
PURE_052,sparkme,16,81,0.0
PURE_052,sparkme,17,81,0.0
PURE_052,sparkme,18,81,0.0
PURE_052,proposed_method,1,79,1.0
PURE_052,proposed_method,2,79,0.45569620253164556
PURE_052,proposed_method,3,79,0.21518987341772153
PURE_052,proposed_method,4,79,0.0759493670886076
PURE_052,proposed_method,5,79,0.05063291139240506
PURE_052,proposed_method,6,79,0.05063291139240506
PURE_052,proposed_method,7,79,0.05063291139240506
PURE_052,proposed_method,8,79,0.02531645569620253
PURE_052,proposed_method,9,79,0.02531645569620253
PURE_052,proposed_method,10,79,0.012658227848101266
PURE_052,proposed_method,11,79,0.012658227848101266
PURE_052,proposed_method,12,79,0.0
PURE_052,proposed_method,13,79,0.0
PURE_052,proposed_method,14,79,0.0
PURE_052,proposed_method,15,79,0.0
PURE_052,proposed_method,16,79,0.0
PURE_052,proposed_method,17,79,0.0
PURE_052,proposed_method,18,79,0.0
PURE_053,hashimoto,1,16,1.0
PURE_053,hashimoto,2,16,0.1875
PURE_053,hashimoto,3,16,0.0625
PURE_053,hashimoto,4,16,0.0
PURE_053,hashimoto,5,16,0.0
PURE_053,hashimoto,6,16,0.0
PURE_053,hashimoto,7,16,0.0
PURE_053,hashimoto,8,16,0.0
PURE_053,hashimoto,9,16,0.0
PURE_053,hashimoto,10,16,0.0
PURE_053,hashimoto,11,16,0.0
PURE_053,hashimoto,12,16,0.0
PURE_053,hashimoto,13,16,0.0
PURE_053,hashimoto,14,16,0.0
PURE_053,hashimoto,15,16,0.0
PURE_053,hashimoto,16,16,0.0
PURE_053,hashimoto,17,16,0.0
PURE_053,hashimoto,18,16,0.0
PURE_053,llmrei-long,1,30,1.0
PURE_053,llmrei-long,2,30,0.3
PURE_053,llmrei-long,3,30,0.1
PURE_053,llmrei-long,4,30,0.0
PURE_053,llmrei-long,5,30,0.0
PURE_053,llmrei-long,6,30,0.0
PURE_053,llmrei-long,7,30,0.0
PURE_053,llmrei-long,8,30,0.0
PURE_053,llmrei-long,9,30,0.0
PURE_053,llmrei-long,10,30,0.0
PURE_053,llmrei-long,11,30,0.0
PURE_053,llmrei-long,12,30,0.0
PURE_053,llmrei-long,13,30,0.0
PURE_053,llmrei-long,14,30,0.0
PURE_053,llmrei-long,15,30,0.0
PURE_053,llmrei-long,16,30,0.0
PURE_053,llmrei-long,17,30,0.0
PURE_053,llmrei-long,18,30,0.0
PURE_053,sparkme,1,74,1.0
PURE_053,sparkme,2,74,0.3918918918918919
PURE_053,sparkme,3,74,0.1891891891891892
PURE_053,sparkme,4,74,0.10810810810810811
PURE_053,sparkme,5,74,0.05405405405405406
PURE_053,sparkme,6,74,0.02702702702702703
PURE_053,sparkme,7,74,0.02702702702702703
PURE_053,sparkme,8,74,0.0
PURE_053,sparkme,9,74,0.0
PURE_053,sparkme,10,74,0.0
PURE_053,sparkme,11,74,0.0
PURE_053,sparkme,12,74,0.0
PURE_053,sparkme,13,74,0.0
PURE_053,sparkme,14,74,0.0
PURE_053,sparkme,15,74,0.0
PURE_053,sparkme,16,74,0.0
PURE_053,sparkme,17,74,0.0
PURE_053,sparkme,18,74,0.0
PURE_053,proposed_method,1,80,1.0
PURE_053,proposed_method,2,80,0.4875
PURE_053,proposed_method,3,80,0.225
PURE_053,proposed_method,4,80,0.05
PURE_053,proposed_method,5,80,0.0375
PURE_053,proposed_method,6,80,0.0375
PURE_053,proposed_method,7,80,0.025
PURE_053,proposed_method,8,80,0.025
PURE_053,proposed_method,9,80,0.025
PURE_053,proposed_method,10,80,0.0125
PURE_053,proposed_method,11,80,0.0125
PURE_053,proposed_method,12,80,0.0125
PURE_053,proposed_method,13,80,0.0125
PURE_053,proposed_method,14,80,0.0
PURE_053,proposed_method,15,80,0.0
PURE_053,proposed_method,16,80,0.0
PURE_053,proposed_method,17,80,0.0
PURE_053,proposed_method,18,80,0.0
PURE_054,hashimoto,1,16,1.0
PURE_054,hashimoto,2,16,0.4375
PURE_054,hashimoto,3,16,0.1875
PURE_054,hashimoto,4,16,0.125
PURE_054,hashimoto,5,16,0.0625
PURE_054,hashimoto,6,16,0.0625
PURE_054,hashimoto,7,16,0.0625
PURE_054,hashimoto,8,16,0.0625
PURE_054,hashimoto,9,16,0.0
PURE_054,hashimoto,10,16,0.0
PURE_054,hashimoto,11,16,0.0
PURE_054,hashimoto,12,16,0.0
PURE_054,hashimoto,13,16,0.0
PURE_054,hashimoto,14,16,0.0
PURE_054,hashimoto,15,16,0.0
PURE_054,hashimoto,16,16,0.0
PURE_054,hashimoto,17,16,0.0
PURE_054,hashimoto,18,16,0.0
PURE_054,llmrei-long,1,29,1.0
PURE_054,llmrei-long,2,29,0.41379310344827586
PURE_054,llmrei-long,3,29,0.2413793103448276
PURE_054,llmrei-long,4,29,0.034482758620689655
PURE_054,llmrei-long,5,29,0.034482758620689655
PURE_054,llmrei-long,6,29,0.0
PURE_054,llmrei-long,7,29,0.0
PURE_054,llmrei-long,8,29,0.0
PURE_054,llmrei-long,9,29,0.0
PURE_054,llmrei-long,10,29,0.0
PURE_054,llmrei-long,11,29,0.0
PURE_054,llmrei-long,12,29,0.0
PURE_054,llmrei-long,13,29,0.0
PURE_054,llmrei-long,14,29,0.0
PURE_054,llmrei-long,15,29,0.0
PURE_054,llmrei-long,16,29,0.0
PURE_054,llmrei-long,17,29,0.0
PURE_054,llmrei-long,18,29,0.0
PURE_054,sparkme,1,46,1.0
PURE_054,sparkme,2,46,0.32608695652173914
PURE_054,sparkme,3,46,0.06521739130434782
PURE_054,sparkme,4,46,0.043478260869565216
PURE_054,sparkme,5,46,0.0
PURE_054,sparkme,6,46,0.0
PURE_054,sparkme,7,46,0.0
PURE_054,sparkme,8,46,0.0
PURE_054,sparkme,9,46,0.0
PURE_054,sparkme,10,46,0.0
PURE_054,sparkme,11,46,0.0
PURE_054,sparkme,12,46,0.0
PURE_054,sparkme,13,46,0.0
PURE_054,sparkme,14,46,0.0
PURE_054,sparkme,15,46,0.0
PURE_054,sparkme,16,46,0.0
PURE_054,sparkme,17,46,0.0
PURE_054,sparkme,18,46,0.0
PURE_054,proposed_method,1,76,1.0
PURE_054,proposed_method,2,76,0.47368421052631576
PURE_054,proposed_method,3,76,0.18421052631578946
PURE_054,proposed_method,4,76,0.06578947368421052
PURE_054,proposed_method,5,76,0.02631578947368421
PURE_054,proposed_method,6,76,0.02631578947368421
PURE_054,proposed_method,7,76,0.02631578947368421
PURE_054,proposed_method,8,76,0.02631578947368421
PURE_054,proposed_method,9,76,0.013157894736842105
PURE_054,proposed_method,10,76,0.0
PURE_054,proposed_method,11,76,0.0
PURE_054,proposed_method,12,76,0.0
PURE_054,proposed_method,13,76,0.0
PURE_054,proposed_method,14,76,0.0
PURE_054,proposed_method,15,76,0.0
PURE_054,proposed_method,16,76,0.0
PURE_054,proposed_method,17,76,0.0
PURE_054,proposed_method,18,76,0.0
PURE_055,hashimoto,1,19,1.0
PURE_055,hashimoto,2,19,0.5789473684210527
PURE_055,hashimoto,3,19,0.15789473684210525
PURE_055,hashimoto,4,19,0.10526315789473684
PURE_055,hashimoto,5,19,0.0
PURE_055,hashimoto,6,19,0.0
PURE_055,hashimoto,7,19,0.0
PURE_055,hashimoto,8,19,0.0
PURE_055,hashimoto,9,19,0.0
PURE_055,hashimoto,10,19,0.0
PURE_055,hashimoto,11,19,0.0
PURE_055,hashimoto,12,19,0.0
PURE_055,hashimoto,13,19,0.0
PURE_055,hashimoto,14,19,0.0
PURE_055,hashimoto,15,19,0.0
PURE_055,hashimoto,16,19,0.0
PURE_055,hashimoto,17,19,0.0
PURE_055,hashimoto,18,19,0.0
PURE_055,llmrei-long,1,19,1.0
PURE_055,llmrei-long,2,19,0.3157894736842105
PURE_055,llmrei-long,3,19,0.2631578947368421
PURE_055,llmrei-long,4,19,0.0
PURE_055,llmrei-long,5,19,0.0
PURE_055,llmrei-long,6,19,0.0
PURE_055,llmrei-long,7,19,0.0
PURE_055,llmrei-long,8,19,0.0
PURE_055,llmrei-long,9,19,0.0
PURE_055,llmrei-long,10,19,0.0
PURE_055,llmrei-long,11,19,0.0
PURE_055,llmrei-long,12,19,0.0
PURE_055,llmrei-long,13,19,0.0
PURE_055,llmrei-long,14,19,0.0
PURE_055,llmrei-long,15,19,0.0
PURE_055,llmrei-long,16,19,0.0
PURE_055,llmrei-long,17,19,0.0
PURE_055,llmrei-long,18,19,0.0
PURE_055,sparkme,1,82,1.0
PURE_055,sparkme,2,82,0.5609756097560976
PURE_055,sparkme,3,82,0.2682926829268293
PURE_055,sparkme,4,82,0.12195121951219512
PURE_055,sparkme,5,82,0.07317073170731707
PURE_055,sparkme,6,82,0.06097560975609756
PURE_055,sparkme,7,82,0.024390243902439025
PURE_055,sparkme,8,82,0.012195121951219513
PURE_055,sparkme,9,82,0.012195121951219513
PURE_055,sparkme,10,82,0.012195121951219513
PURE_055,sparkme,11,82,0.0
PURE_055,sparkme,12,82,0.0
PURE_055,sparkme,13,82,0.0
PURE_055,sparkme,14,82,0.0
PURE_055,sparkme,15,82,0.0
PURE_055,sparkme,16,82,0.0
PURE_055,sparkme,17,82,0.0
PURE_055,sparkme,18,82,0.0
PURE_055,proposed_method,1,84,1.0
PURE_055,proposed_method,2,84,0.5476190476190477
PURE_055,proposed_method,3,84,0.2619047619047619
PURE_055,proposed_method,4,84,0.10714285714285714
PURE_055,proposed_method,5,84,0.05952380952380952
PURE_055,proposed_method,6,84,0.03571428571428571
PURE_055,proposed_method,7,84,0.023809523809523808
PURE_055,proposed_method,8,84,0.023809523809523808
PURE_055,proposed_method,9,84,0.011904761904761904
PURE_055,proposed_method,10,84,0.011904761904761904
PURE_055,proposed_method,11,84,0.0
PURE_055,proposed_method,12,84,0.0
PURE_055,proposed_method,13,84,0.0
PURE_055,proposed_method,14,84,0.0
PURE_055,proposed_method,15,84,0.0
PURE_055,proposed_method,16,84,0.0
PURE_055,proposed_method,17,84,0.0
PURE_055,proposed_method,18,84,0.0
PURE_056,hashimoto,1,19,1.0
PURE_056,hashimoto,2,19,0.3157894736842105
PURE_056,hashimoto,3,19,0.0
PURE_056,hashimoto,4,19,0.0
PURE_056,hashimoto,5,19,0.0
PURE_056,hashimoto,6,19,0.0
PURE_056,hashimoto,7,19,0.0
PURE_056,hashimoto,8,19,0.0
PURE_056,hashimoto,9,19,0.0
PURE_056,hashimoto,10,19,0.0
PURE_056,hashimoto,11,19,0.0
PURE_056,hashimoto,12,19,0.0
PURE_056,hashimoto,13,19,0.0
PURE_056,hashimoto,14,19,0.0
PURE_056,hashimoto,15,19,0.0
PURE_056,hashimoto,16,19,0.0
PURE_056,hashimoto,17,19,0.0
PURE_056,hashimoto,18,19,0.0
PURE_056,llmrei-long,1,21,1.0
PURE_056,llmrei-long,2,21,0.2857142857142857
PURE_056,llmrei-long,3,21,0.09523809523809523
PURE_056,llmrei-long,4,21,0.047619047619047616
PURE_056,llmrei-long,5,21,0.047619047619047616
PURE_056,llmrei-long,6,21,0.0
PURE_056,llmrei-long,7,21,0.0
PURE_056,llmrei-long,8,21,0.0
PURE_056,llmrei-long,9,21,0.0
PURE_056,llmrei-long,10,21,0.0
PURE_056,llmrei-long,11,21,0.0
PURE_056,llmrei-long,12,21,0.0
PURE_056,llmrei-long,13,21,0.0
PURE_056,llmrei-long,14,21,0.0
PURE_056,llmrei-long,15,21,0.0
PURE_056,llmrei-long,16,21,0.0
PURE_056,llmrei-long,17,21,0.0
PURE_056,llmrei-long,18,21,0.0
PURE_056,sparkme,1,51,1.0
PURE_056,sparkme,2,51,0.49019607843137253
PURE_056,sparkme,3,51,0.1568627450980392
PURE_056,sparkme,4,51,0.0784313725490196
PURE_056,sparkme,5,51,0.0784313725490196
PURE_056,sparkme,6,51,0.0392156862745098
PURE_056,sparkme,7,51,0.0392156862745098
PURE_056,sparkme,8,51,0.0196078431372549
PURE_056,sparkme,9,51,0.0196078431372549
PURE_056,sparkme,10,51,0.0196078431372549
PURE_056,sparkme,11,51,0.0
PURE_056,sparkme,12,51,0.0
PURE_056,sparkme,13,51,0.0
PURE_056,sparkme,14,51,0.0
PURE_056,sparkme,15,51,0.0
PURE_056,sparkme,16,51,0.0
PURE_056,sparkme,17,51,0.0
PURE_056,sparkme,18,51,0.0
PURE_056,proposed_method,1,76,1.0
PURE_056,proposed_method,2,76,0.5131578947368421
PURE_056,proposed_method,3,76,0.13157894736842105
PURE_056,proposed_method,4,76,0.039473684210526314
PURE_056,proposed_method,5,76,0.013157894736842105
PURE_056,proposed_method,6,76,0.0
PURE_056,proposed_method,7,76,0.0
PURE_056,proposed_method,8,76,0.0
PURE_056,proposed_method,9,76,0.0
PURE_056,proposed_method,10,76,0.0
PURE_056,proposed_method,11,76,0.0
PURE_056,proposed_method,12,76,0.0
PURE_056,proposed_method,13,76,0.0
PURE_056,proposed_method,14,76,0.0
PURE_056,proposed_method,15,76,0.0
PURE_056,proposed_method,16,76,0.0
PURE_056,proposed_method,17,76,0.0
PURE_056,proposed_method,18,76,0.0
PURE_057,hashimoto,1,15,1.0
PURE_057,hashimoto,2,15,0.4666666666666667
PURE_057,hashimoto,3,15,0.2
PURE_057,hashimoto,4,15,0.13333333333333333
PURE_057,hashimoto,5,15,0.13333333333333333
PURE_057,hashimoto,6,15,0.06666666666666667
PURE_057,hashimoto,7,15,0.06666666666666667
PURE_057,hashimoto,8,15,0.06666666666666667
PURE_057,hashimoto,9,15,0.06666666666666667
PURE_057,hashimoto,10,15,0.06666666666666667
PURE_057,hashimoto,11,15,0.06666666666666667
PURE_057,hashimoto,12,15,0.06666666666666667
PURE_057,hashimoto,13,15,0.06666666666666667
PURE_057,hashimoto,14,15,0.0
PURE_057,hashimoto,15,15,0.0
PURE_057,hashimoto,16,15,0.0
PURE_057,hashimoto,17,15,0.0
PURE_057,hashimoto,18,15,0.0
PURE_057,llmrei-long,1,11,1.0
PURE_057,llmrei-long,2,11,0.2727272727272727
PURE_057,llmrei-long,3,11,0.09090909090909091
PURE_057,llmrei-long,4,11,0.09090909090909091
PURE_057,llmrei-long,5,11,0.0
PURE_057,llmrei-long,6,11,0.0
PURE_057,llmrei-long,7,11,0.0
PURE_057,llmrei-long,8,11,0.0
PURE_057,llmrei-long,9,11,0.0
PURE_057,llmrei-long,10,11,0.0
PURE_057,llmrei-long,11,11,0.0
PURE_057,llmrei-long,12,11,0.0
PURE_057,llmrei-long,13,11,0.0
PURE_057,llmrei-long,14,11,0.0
PURE_057,llmrei-long,15,11,0.0
PURE_057,llmrei-long,16,11,0.0
PURE_057,llmrei-long,17,11,0.0
PURE_057,llmrei-long,18,11,0.0
PURE_057,sparkme,1,77,1.0
PURE_057,sparkme,2,77,0.5324675324675324
PURE_057,sparkme,3,77,0.1038961038961039
PURE_057,sparkme,4,77,0.05194805194805195
PURE_057,sparkme,5,77,0.012987012987012988
PURE_057,sparkme,6,77,0.012987012987012988
PURE_057,sparkme,7,77,0.0
PURE_057,sparkme,8,77,0.0
PURE_057,sparkme,9,77,0.0
PURE_057,sparkme,10,77,0.0
PURE_057,sparkme,11,77,0.0
PURE_057,sparkme,12,77,0.0
PURE_057,sparkme,13,77,0.0
PURE_057,sparkme,14,77,0.0
PURE_057,sparkme,15,77,0.0
PURE_057,sparkme,16,77,0.0
PURE_057,sparkme,17,77,0.0
PURE_057,sparkme,18,77,0.0
PURE_057,proposed_method,1,82,1.0
PURE_057,proposed_method,2,82,0.4634146341463415
PURE_057,proposed_method,3,82,0.15853658536585366
PURE_057,proposed_method,4,82,0.036585365853658534
PURE_057,proposed_method,5,82,0.012195121951219513
PURE_057,proposed_method,6,82,0.0
PURE_057,proposed_method,7,82,0.0
PURE_057,proposed_method,8,82,0.0
PURE_057,proposed_method,9,82,0.0
PURE_057,proposed_method,10,82,0.0
PURE_057,proposed_method,11,82,0.0
PURE_057,proposed_method,12,82,0.0
PURE_057,proposed_method,13,82,0.0
PURE_057,proposed_method,14,82,0.0
PURE_057,proposed_method,15,82,0.0
PURE_057,proposed_method,16,82,0.0
PURE_057,proposed_method,17,82,0.0
PURE_057,proposed_method,18,82,0.0
PURE_058,hashimoto,1,14,1.0
PURE_058,hashimoto,2,14,0.35714285714285715
PURE_058,hashimoto,3,14,0.0
PURE_058,hashimoto,4,14,0.0
PURE_058,hashimoto,5,14,0.0
PURE_058,hashimoto,6,14,0.0
PURE_058,hashimoto,7,14,0.0
PURE_058,hashimoto,8,14,0.0
PURE_058,hashimoto,9,14,0.0
PURE_058,hashimoto,10,14,0.0
PURE_058,hashimoto,11,14,0.0
PURE_058,hashimoto,12,14,0.0
PURE_058,hashimoto,13,14,0.0
PURE_058,hashimoto,14,14,0.0
PURE_058,hashimoto,15,14,0.0
PURE_058,hashimoto,16,14,0.0
PURE_058,hashimoto,17,14,0.0
PURE_058,hashimoto,18,14,0.0
PURE_058,llmrei-long,1,30,1.0
PURE_058,llmrei-long,2,30,0.3333333333333333
PURE_058,llmrei-long,3,30,0.06666666666666667
PURE_058,llmrei-long,4,30,0.03333333333333333
PURE_058,llmrei-long,5,30,0.0
PURE_058,llmrei-long,6,30,0.0
PURE_058,llmrei-long,7,30,0.0
PURE_058,llmrei-long,8,30,0.0
PURE_058,llmrei-long,9,30,0.0
PURE_058,llmrei-long,10,30,0.0
PURE_058,llmrei-long,11,30,0.0
PURE_058,llmrei-long,12,30,0.0
PURE_058,llmrei-long,13,30,0.0
PURE_058,llmrei-long,14,30,0.0
PURE_058,llmrei-long,15,30,0.0
PURE_058,llmrei-long,16,30,0.0
PURE_058,llmrei-long,17,30,0.0
PURE_058,llmrei-long,18,30,0.0
PURE_058,sparkme,1,52,1.0
PURE_058,sparkme,2,52,0.40384615384615385
PURE_058,sparkme,3,52,0.07692307692307693
PURE_058,sparkme,4,52,0.0
PURE_058,sparkme,5,52,0.0
PURE_058,sparkme,6,52,0.0
PURE_058,sparkme,7,52,0.0
PURE_058,sparkme,8,52,0.0
PURE_058,sparkme,9,52,0.0
PURE_058,sparkme,10,52,0.0
PURE_058,sparkme,11,52,0.0
PURE_058,sparkme,12,52,0.0
PURE_058,sparkme,13,52,0.0
PURE_058,sparkme,14,52,0.0
PURE_058,sparkme,15,52,0.0
PURE_058,sparkme,16,52,0.0
PURE_058,sparkme,17,52,0.0
PURE_058,sparkme,18,52,0.0
PURE_058,proposed_method,1,75,1.0
PURE_058,proposed_method,2,75,0.44
PURE_058,proposed_method,3,75,0.24
PURE_058,proposed_method,4,75,0.10666666666666667
PURE_058,proposed_method,5,75,0.06666666666666667
PURE_058,proposed_method,6,75,0.04
PURE_058,proposed_method,7,75,0.013333333333333334
PURE_058,proposed_method,8,75,0.013333333333333334
PURE_058,proposed_method,9,75,0.0
PURE_058,proposed_method,10,75,0.0
PURE_058,proposed_method,11,75,0.0
PURE_058,proposed_method,12,75,0.0
PURE_058,proposed_method,13,75,0.0
PURE_058,proposed_method,14,75,0.0
PURE_058,proposed_method,15,75,0.0
PURE_058,proposed_method,16,75,0.0
PURE_058,proposed_method,17,75,0.0
PURE_058,proposed_method,18,75,0.0
PURE_059,hashimoto,1,6,1.0
PURE_059,hashimoto,2,6,0.16666666666666666
PURE_059,hashimoto,3,6,0.16666666666666666
PURE_059,hashimoto,4,6,0.0
PURE_059,hashimoto,5,6,0.0
PURE_059,hashimoto,6,6,0.0
PURE_059,hashimoto,7,6,0.0
PURE_059,hashimoto,8,6,0.0
PURE_059,hashimoto,9,6,0.0
PURE_059,hashimoto,10,6,0.0
PURE_059,hashimoto,11,6,0.0
PURE_059,hashimoto,12,6,0.0
PURE_059,hashimoto,13,6,0.0
PURE_059,hashimoto,14,6,0.0
PURE_059,hashimoto,15,6,0.0
PURE_059,hashimoto,16,6,0.0
PURE_059,hashimoto,17,6,0.0
PURE_059,hashimoto,18,6,0.0
PURE_059,llmrei-long,1,12,1.0
PURE_059,llmrei-long,2,12,0.5
PURE_059,llmrei-long,3,12,0.08333333333333333
PURE_059,llmrei-long,4,12,0.08333333333333333
PURE_059,llmrei-long,5,12,0.08333333333333333
PURE_059,llmrei-long,6,12,0.0
PURE_059,llmrei-long,7,12,0.0
PURE_059,llmrei-long,8,12,0.0
PURE_059,llmrei-long,9,12,0.0
PURE_059,llmrei-long,10,12,0.0
PURE_059,llmrei-long,11,12,0.0
PURE_059,llmrei-long,12,12,0.0
PURE_059,llmrei-long,13,12,0.0
PURE_059,llmrei-long,14,12,0.0
PURE_059,llmrei-long,15,12,0.0
PURE_059,llmrei-long,16,12,0.0
PURE_059,llmrei-long,17,12,0.0
PURE_059,llmrei-long,18,12,0.0
PURE_059,sparkme,1,32,1.0
PURE_059,sparkme,2,32,0.46875
PURE_059,sparkme,3,32,0.15625
PURE_059,sparkme,4,32,0.03125
PURE_059,sparkme,5,32,0.0
PURE_059,sparkme,6,32,0.0
PURE_059,sparkme,7,32,0.0
PURE_059,sparkme,8,32,0.0
PURE_059,sparkme,9,32,0.0
PURE_059,sparkme,10,32,0.0
PURE_059,sparkme,11,32,0.0
PURE_059,sparkme,12,32,0.0
PURE_059,sparkme,13,32,0.0
PURE_059,sparkme,14,32,0.0
PURE_059,sparkme,15,32,0.0
PURE_059,sparkme,16,32,0.0
PURE_059,sparkme,17,32,0.0
PURE_059,sparkme,18,32,0.0
PURE_059,proposed_method,1,29,1.0
PURE_059,proposed_method,2,29,0.5862068965517241
PURE_059,proposed_method,3,29,0.2413793103448276
PURE_059,proposed_method,4,29,0.10344827586206896
PURE_059,proposed_method,5,29,0.10344827586206896
PURE_059,proposed_method,6,29,0.0
PURE_059,proposed_method,7,29,0.0
PURE_059,proposed_method,8,29,0.0
PURE_059,proposed_method,9,29,0.0
PURE_059,proposed_method,10,29,0.0
PURE_059,proposed_method,11,29,0.0
PURE_059,proposed_method,12,29,0.0
PURE_059,proposed_method,13,29,0.0
PURE_059,proposed_method,14,29,0.0
PURE_059,proposed_method,15,29,0.0
PURE_059,proposed_method,16,29,0.0
PURE_059,proposed_method,17,29,0.0
PURE_059,proposed_method,18,29,0.0
PURE_060,hashimoto,1,10,1.0
PURE_060,hashimoto,2,10,0.5
PURE_060,hashimoto,3,10,0.2
PURE_060,hashimoto,4,10,0.0
PURE_060,hashimoto,5,10,0.0
PURE_060,hashimoto,6,10,0.0
PURE_060,hashimoto,7,10,0.0
PURE_060,hashimoto,8,10,0.0
PURE_060,hashimoto,9,10,0.0
PURE_060,hashimoto,10,10,0.0
PURE_060,hashimoto,11,10,0.0
PURE_060,hashimoto,12,10,0.0
PURE_060,hashimoto,13,10,0.0
PURE_060,hashimoto,14,10,0.0
PURE_060,hashimoto,15,10,0.0
PURE_060,hashimoto,16,10,0.0
PURE_060,hashimoto,17,10,0.0
PURE_060,hashimoto,18,10,0.0
PURE_060,llmrei-long,1,10,1.0
PURE_060,llmrei-long,2,10,0.2
PURE_060,llmrei-long,3,10,0.0
PURE_060,llmrei-long,4,10,0.0
PURE_060,llmrei-long,5,10,0.0
PURE_060,llmrei-long,6,10,0.0
PURE_060,llmrei-long,7,10,0.0
PURE_060,llmrei-long,8,10,0.0
PURE_060,llmrei-long,9,10,0.0
PURE_060,llmrei-long,10,10,0.0
PURE_060,llmrei-long,11,10,0.0
PURE_060,llmrei-long,12,10,0.0
PURE_060,llmrei-long,13,10,0.0
PURE_060,llmrei-long,14,10,0.0
PURE_060,llmrei-long,15,10,0.0
PURE_060,llmrei-long,16,10,0.0
PURE_060,llmrei-long,17,10,0.0
PURE_060,llmrei-long,18,10,0.0
PURE_060,sparkme,1,38,1.0
PURE_060,sparkme,2,38,0.5526315789473685
PURE_060,sparkme,3,38,0.23684210526315788
PURE_060,sparkme,4,38,0.13157894736842105
PURE_060,sparkme,5,38,0.07894736842105263
PURE_060,sparkme,6,38,0.05263157894736842
PURE_060,sparkme,7,38,0.02631578947368421
PURE_060,sparkme,8,38,0.02631578947368421
PURE_060,sparkme,9,38,0.02631578947368421
PURE_060,sparkme,10,38,0.0
PURE_060,sparkme,11,38,0.0
PURE_060,sparkme,12,38,0.0
PURE_060,sparkme,13,38,0.0
PURE_060,sparkme,14,38,0.0
PURE_060,sparkme,15,38,0.0
PURE_060,sparkme,16,38,0.0
PURE_060,sparkme,17,38,0.0
PURE_060,sparkme,18,38,0.0
PURE_060,proposed_method,1,49,1.0
PURE_060,proposed_method,2,49,0.42857142857142855
PURE_060,proposed_method,3,49,0.24489795918367346
PURE_060,proposed_method,4,49,0.10204081632653061
PURE_060,proposed_method,5,49,0.08163265306122448
PURE_060,proposed_method,6,49,0.061224489795918366
PURE_060,proposed_method,7,49,0.04081632653061224
PURE_060,proposed_method,8,49,0.04081632653061224
PURE_060,proposed_method,9,49,0.02040816326530612
PURE_060,proposed_method,10,49,0.0
PURE_060,proposed_method,11,49,0.0
PURE_060,proposed_method,12,49,0.0
PURE_060,proposed_method,13,49,0.0
PURE_060,proposed_method,14,49,0.0
PURE_060,proposed_method,15,49,0.0
PURE_060,proposed_method,16,49,0.0
PURE_060,proposed_method,17,49,0.0
PURE_060,proposed_method,18,49,0.0
PURE_061,hashimoto,1,8,1.0
PURE_061,hashimoto,2,8,0.375
PURE_061,hashimoto,3,8,0.125
PURE_061,hashimoto,4,8,0.0
PURE_061,hashimoto,5,8,0.0
PURE_061,hashimoto,6,8,0.0
PURE_061,hashimoto,7,8,0.0
PURE_061,hashimoto,8,8,0.0
PURE_061,hashimoto,9,8,0.0
PURE_061,hashimoto,10,8,0.0
PURE_061,hashimoto,11,8,0.0
PURE_061,hashimoto,12,8,0.0
PURE_061,hashimoto,13,8,0.0
PURE_061,hashimoto,14,8,0.0
PURE_061,hashimoto,15,8,0.0
PURE_061,hashimoto,16,8,0.0
PURE_061,hashimoto,17,8,0.0
PURE_061,hashimoto,18,8,0.0
PURE_061,llmrei-long,1,13,1.0
PURE_061,llmrei-long,2,13,0.23076923076923078
PURE_061,llmrei-long,3,13,0.07692307692307693
PURE_061,llmrei-long,4,13,0.0
PURE_061,llmrei-long,5,13,0.0
PURE_061,llmrei-long,6,13,0.0
PURE_061,llmrei-long,7,13,0.0
PURE_061,llmrei-long,8,13,0.0
PURE_061,llmrei-long,9,13,0.0
PURE_061,llmrei-long,10,13,0.0
PURE_061,llmrei-long,11,13,0.0
PURE_061,llmrei-long,12,13,0.0
PURE_061,llmrei-long,13,13,0.0
PURE_061,llmrei-long,14,13,0.0
PURE_061,llmrei-long,15,13,0.0
PURE_061,llmrei-long,16,13,0.0
PURE_061,llmrei-long,17,13,0.0
PURE_061,llmrei-long,18,13,0.0
PURE_061,sparkme,1,71,1.0
PURE_061,sparkme,2,71,0.43661971830985913
PURE_061,sparkme,3,71,0.22535211267605634
PURE_061,sparkme,4,71,0.15492957746478872
PURE_061,sparkme,5,71,0.07042253521126761
PURE_061,sparkme,6,71,0.0
PURE_061,sparkme,7,71,0.0
PURE_061,sparkme,8,71,0.0
PURE_061,sparkme,9,71,0.0
PURE_061,sparkme,10,71,0.0
PURE_061,sparkme,11,71,0.0
PURE_061,sparkme,12,71,0.0
PURE_061,sparkme,13,71,0.0
PURE_061,sparkme,14,71,0.0
PURE_061,sparkme,15,71,0.0
PURE_061,sparkme,16,71,0.0
PURE_061,sparkme,17,71,0.0
PURE_061,sparkme,18,71,0.0
PURE_061,proposed_method,1,77,1.0
PURE_061,proposed_method,2,77,0.4805194805194805
PURE_061,proposed_method,3,77,0.18181818181818182
PURE_061,proposed_method,4,77,0.07792207792207792
PURE_061,proposed_method,5,77,0.03896103896103896
PURE_061,proposed_method,6,77,0.0
PURE_061,proposed_method,7,77,0.0
PURE_061,proposed_method,8,77,0.0
PURE_061,proposed_method,9,77,0.0
PURE_061,proposed_method,10,77,0.0
PURE_061,proposed_method,11,77,0.0
PURE_061,proposed_method,12,77,0.0
PURE_061,proposed_method,13,77,0.0
PURE_061,proposed_method,14,77,0.0
PURE_061,proposed_method,15,77,0.0
PURE_061,proposed_method,16,77,0.0
PURE_061,proposed_method,17,77,0.0
PURE_061,proposed_method,18,77,0.0
PURE_062,hashimoto,1,19,1.0
PURE_062,hashimoto,2,19,0.21052631578947367
PURE_062,hashimoto,3,19,0.0
PURE_062,hashimoto,4,19,0.0
PURE_062,hashimoto,5,19,0.0
PURE_062,hashimoto,6,19,0.0
PURE_062,hashimoto,7,19,0.0
PURE_062,hashimoto,8,19,0.0
PURE_062,hashimoto,9,19,0.0
PURE_062,hashimoto,10,19,0.0
PURE_062,hashimoto,11,19,0.0
PURE_062,hashimoto,12,19,0.0
PURE_062,hashimoto,13,19,0.0
PURE_062,hashimoto,14,19,0.0
PURE_062,hashimoto,15,19,0.0
PURE_062,hashimoto,16,19,0.0
PURE_062,hashimoto,17,19,0.0
PURE_062,hashimoto,18,19,0.0
PURE_062,llmrei-long,1,31,1.0
PURE_062,llmrei-long,2,31,0.4838709677419355
PURE_062,llmrei-long,3,31,0.1935483870967742
PURE_062,llmrei-long,4,31,0.03225806451612903
PURE_062,llmrei-long,5,31,0.0
PURE_062,llmrei-long,6,31,0.0
PURE_062,llmrei-long,7,31,0.0
PURE_062,llmrei-long,8,31,0.0
PURE_062,llmrei-long,9,31,0.0
PURE_062,llmrei-long,10,31,0.0
PURE_062,llmrei-long,11,31,0.0
PURE_062,llmrei-long,12,31,0.0
PURE_062,llmrei-long,13,31,0.0
PURE_062,llmrei-long,14,31,0.0
PURE_062,llmrei-long,15,31,0.0
PURE_062,llmrei-long,16,31,0.0
PURE_062,llmrei-long,17,31,0.0
PURE_062,llmrei-long,18,31,0.0
PURE_062,sparkme,1,68,1.0
PURE_062,sparkme,2,68,0.47058823529411764
PURE_062,sparkme,3,68,0.10294117647058823
PURE_062,sparkme,4,68,0.058823529411764705
PURE_062,sparkme,5,68,0.04411764705882353
PURE_062,sparkme,6,68,0.014705882352941176
PURE_062,sparkme,7,68,0.0
PURE_062,sparkme,8,68,0.0
PURE_062,sparkme,9,68,0.0
PURE_062,sparkme,10,68,0.0
PURE_062,sparkme,11,68,0.0
PURE_062,sparkme,12,68,0.0
PURE_062,sparkme,13,68,0.0
PURE_062,sparkme,14,68,0.0
PURE_062,sparkme,15,68,0.0
PURE_062,sparkme,16,68,0.0
PURE_062,sparkme,17,68,0.0
PURE_062,sparkme,18,68,0.0
PURE_062,proposed_method,1,64,1.0
PURE_062,proposed_method,2,64,0.5
PURE_062,proposed_method,3,64,0.25
PURE_062,proposed_method,4,64,0.140625
PURE_062,proposed_method,5,64,0.078125
PURE_062,proposed_method,6,64,0.0625
PURE_062,proposed_method,7,64,0.0625
PURE_062,proposed_method,8,64,0.046875
PURE_062,proposed_method,9,64,0.03125
PURE_062,proposed_method,10,64,0.03125
PURE_062,proposed_method,11,64,0.03125
PURE_062,proposed_method,12,64,0.015625
PURE_062,proposed_method,13,64,0.015625
PURE_062,proposed_method,14,64,0.0
PURE_062,proposed_method,15,64,0.0
PURE_062,proposed_method,16,64,0.0
PURE_062,proposed_method,17,64,0.0
PURE_062,proposed_method,18,64,0.0
PURE_063,hashimoto,1,16,1.0
PURE_063,hashimoto,2,16,0.25
PURE_063,hashimoto,3,16,0.0625
PURE_063,hashimoto,4,16,0.0
PURE_063,hashimoto,5,16,0.0
PURE_063,hashimoto,6,16,0.0
PURE_063,hashimoto,7,16,0.0
PURE_063,hashimoto,8,16,0.0
PURE_063,hashimoto,9,16,0.0
PURE_063,hashimoto,10,16,0.0
PURE_063,hashimoto,11,16,0.0
PURE_063,hashimoto,12,16,0.0
PURE_063,hashimoto,13,16,0.0
PURE_063,hashimoto,14,16,0.0
PURE_063,hashimoto,15,16,0.0
PURE_063,hashimoto,16,16,0.0
PURE_063,hashimoto,17,16,0.0
PURE_063,hashimoto,18,16,0.0
PURE_063,llmrei-long,1,20,1.0
PURE_063,llmrei-long,2,20,0.25
PURE_063,llmrei-long,3,20,0.1
PURE_063,llmrei-long,4,20,0.05
PURE_063,llmrei-long,5,20,0.05
PURE_063,llmrei-long,6,20,0.05
PURE_063,llmrei-long,7,20,0.05
PURE_063,llmrei-long,8,20,0.05
PURE_063,llmrei-long,9,20,0.0
PURE_063,llmrei-long,10,20,0.0
PURE_063,llmrei-long,11,20,0.0
PURE_063,llmrei-long,12,20,0.0
PURE_063,llmrei-long,13,20,0.0
PURE_063,llmrei-long,14,20,0.0
PURE_063,llmrei-long,15,20,0.0
PURE_063,llmrei-long,16,20,0.0
PURE_063,llmrei-long,17,20,0.0
PURE_063,llmrei-long,18,20,0.0
PURE_063,sparkme,1,76,1.0
PURE_063,sparkme,2,76,0.6052631578947368
PURE_063,sparkme,3,76,0.3157894736842105
PURE_063,sparkme,4,76,0.13157894736842105
PURE_063,sparkme,5,76,0.09210526315789473
PURE_063,sparkme,6,76,0.07894736842105263
PURE_063,sparkme,7,76,0.06578947368421052
PURE_063,sparkme,8,76,0.039473684210526314
PURE_063,sparkme,9,76,0.013157894736842105
PURE_063,sparkme,10,76,0.013157894736842105
PURE_063,sparkme,11,76,0.013157894736842105
PURE_063,sparkme,12,76,0.013157894736842105
PURE_063,sparkme,13,76,0.0
PURE_063,sparkme,14,76,0.0
PURE_063,sparkme,15,76,0.0
PURE_063,sparkme,16,76,0.0
PURE_063,sparkme,17,76,0.0
PURE_063,sparkme,18,76,0.0
PURE_063,proposed_method,1,77,1.0
PURE_063,proposed_method,2,77,0.6103896103896104
PURE_063,proposed_method,3,77,0.2077922077922078
PURE_063,proposed_method,4,77,0.09090909090909091
PURE_063,proposed_method,5,77,0.07792207792207792
PURE_063,proposed_method,6,77,0.06493506493506493
PURE_063,proposed_method,7,77,0.05194805194805195
PURE_063,proposed_method,8,77,0.025974025974025976
PURE_063,proposed_method,9,77,0.025974025974025976
PURE_063,proposed_method,10,77,0.012987012987012988
PURE_063,proposed_method,11,77,0.012987012987012988
PURE_063,proposed_method,12,77,0.0
PURE_063,proposed_method,13,77,0.0
PURE_063,proposed_method,14,77,0.0
PURE_063,proposed_method,15,77,0.0
PURE_063,proposed_method,16,77,0.0
PURE_063,proposed_method,17,77,0.0
PURE_063,proposed_method,18,77,0.0
PURE_064,hashimoto,1,19,1.0
PURE_064,hashimoto,2,19,0.5789473684210527
PURE_064,hashimoto,3,19,0.3684210526315789
PURE_064,hashimoto,4,19,0.05263157894736842
PURE_064,hashimoto,5,19,0.05263157894736842
PURE_064,hashimoto,6,19,0.05263157894736842
PURE_064,hashimoto,7,19,0.05263157894736842
PURE_064,hashimoto,8,19,0.0
PURE_064,hashimoto,9,19,0.0
PURE_064,hashimoto,10,19,0.0
PURE_064,hashimoto,11,19,0.0
PURE_064,hashimoto,12,19,0.0
PURE_064,hashimoto,13,19,0.0
PURE_064,hashimoto,14,19,0.0
PURE_064,hashimoto,15,19,0.0
PURE_064,hashimoto,16,19,0.0
PURE_064,hashimoto,17,19,0.0
PURE_064,hashimoto,18,19,0.0
PURE_064,llmrei-long,1,16,1.0
PURE_064,llmrei-long,2,16,0.3125
PURE_064,llmrei-long,3,16,0.0625
PURE_064,llmrei-long,4,16,0.0625
PURE_064,llmrei-long,5,16,0.0
PURE_064,llmrei-long,6,16,0.0
PURE_064,llmrei-long,7,16,0.0
PURE_064,llmrei-long,8,16,0.0
PURE_064,llmrei-long,9,16,0.0
PURE_064,llmrei-long,10,16,0.0
PURE_064,llmrei-long,11,16,0.0
PURE_064,llmrei-long,12,16,0.0
PURE_064,llmrei-long,13,16,0.0
PURE_064,llmrei-long,14,16,0.0
PURE_064,llmrei-long,15,16,0.0
PURE_064,llmrei-long,16,16,0.0
PURE_064,llmrei-long,17,16,0.0
PURE_064,llmrei-long,18,16,0.0
PURE_064,sparkme,1,53,1.0
PURE_064,sparkme,2,53,0.4528301886792453
PURE_064,sparkme,3,53,0.16981132075471697
PURE_064,sparkme,4,53,0.09433962264150944
PURE_064,sparkme,5,53,0.05660377358490566
PURE_064,sparkme,6,53,0.05660377358490566
PURE_064,sparkme,7,53,0.018867924528301886
PURE_064,sparkme,8,53,0.018867924528301886
PURE_064,sparkme,9,53,0.018867924528301886
PURE_064,sparkme,10,53,0.0
PURE_064,sparkme,11,53,0.0
PURE_064,sparkme,12,53,0.0
PURE_064,sparkme,13,53,0.0
PURE_064,sparkme,14,53,0.0
PURE_064,sparkme,15,53,0.0
PURE_064,sparkme,16,53,0.0
PURE_064,sparkme,17,53,0.0
PURE_064,sparkme,18,53,0.0
PURE_064,proposed_method,1,64,1.0
PURE_064,proposed_method,2,64,0.46875
PURE_064,proposed_method,3,64,0.21875
PURE_064,proposed_method,4,64,0.140625
PURE_064,proposed_method,5,64,0.078125
PURE_064,proposed_method,6,64,0.046875
PURE_064,proposed_method,7,64,0.03125
PURE_064,proposed_method,8,64,0.015625
PURE_064,proposed_method,9,64,0.015625
PURE_064,proposed_method,10,64,0.015625
PURE_064,proposed_method,11,64,0.015625
PURE_064,proposed_method,12,64,0.015625
PURE_064,proposed_method,13,64,0.015625
PURE_064,proposed_method,14,64,0.0
PURE_064,proposed_method,15,64,0.0
PURE_064,proposed_method,16,64,0.0
PURE_064,proposed_method,17,64,0.0
PURE_064,proposed_method,18,64,0.0
PURE_065,hashimoto,1,9,1.0
PURE_065,hashimoto,2,9,0.1111111111111111
PURE_065,hashimoto,3,9,0.1111111111111111
PURE_065,hashimoto,4,9,0.0
PURE_065,hashimoto,5,9,0.0
PURE_065,hashimoto,6,9,0.0
PURE_065,hashimoto,7,9,0.0
PURE_065,hashimoto,8,9,0.0
PURE_065,hashimoto,9,9,0.0
PURE_065,hashimoto,10,9,0.0
PURE_065,hashimoto,11,9,0.0
PURE_065,hashimoto,12,9,0.0
PURE_065,hashimoto,13,9,0.0
PURE_065,hashimoto,14,9,0.0
PURE_065,hashimoto,15,9,0.0
PURE_065,hashimoto,16,9,0.0
PURE_065,hashimoto,17,9,0.0
PURE_065,hashimoto,18,9,0.0
PURE_065,llmrei-long,1,35,1.0
PURE_065,llmrei-long,2,35,0.37142857142857144
PURE_065,llmrei-long,3,35,0.14285714285714285
PURE_065,llmrei-long,4,35,0.05714285714285714
PURE_065,llmrei-long,5,35,0.05714285714285714
PURE_065,llmrei-long,6,35,0.05714285714285714
PURE_065,llmrei-long,7,35,0.0
PURE_065,llmrei-long,8,35,0.0
PURE_065,llmrei-long,9,35,0.0
PURE_065,llmrei-long,10,35,0.0
PURE_065,llmrei-long,11,35,0.0
PURE_065,llmrei-long,12,35,0.0
PURE_065,llmrei-long,13,35,0.0
PURE_065,llmrei-long,14,35,0.0
PURE_065,llmrei-long,15,35,0.0
PURE_065,llmrei-long,16,35,0.0
PURE_065,llmrei-long,17,35,0.0
PURE_065,llmrei-long,18,35,0.0
PURE_065,sparkme,1,81,1.0
PURE_065,sparkme,2,81,0.4567901234567901
PURE_065,sparkme,3,81,0.1728395061728395
PURE_065,sparkme,4,81,0.04938271604938271
PURE_065,sparkme,5,81,0.0
PURE_065,sparkme,6,81,0.0
PURE_065,sparkme,7,81,0.0
PURE_065,sparkme,8,81,0.0
PURE_065,sparkme,9,81,0.0
PURE_065,sparkme,10,81,0.0
PURE_065,sparkme,11,81,0.0
PURE_065,sparkme,12,81,0.0
PURE_065,sparkme,13,81,0.0
PURE_065,sparkme,14,81,0.0
PURE_065,sparkme,15,81,0.0
PURE_065,sparkme,16,81,0.0
PURE_065,sparkme,17,81,0.0
PURE_065,sparkme,18,81,0.0
PURE_065,proposed_method,1,89,1.0
PURE_065,proposed_method,2,89,0.4157303370786517
PURE_065,proposed_method,3,89,0.16853932584269662
PURE_065,proposed_method,4,89,0.056179775280898875
PURE_065,proposed_method,5,89,0.0449438202247191
PURE_065,proposed_method,6,89,0.033707865168539325
PURE_065,proposed_method,7,89,0.02247191011235955
PURE_065,proposed_method,8,89,0.02247191011235955
PURE_065,proposed_method,9,89,0.011235955056179775
PURE_065,proposed_method,10,89,0.011235955056179775
PURE_065,proposed_method,11,89,0.0
PURE_065,proposed_method,12,89,0.0
PURE_065,proposed_method,13,89,0.0
PURE_065,proposed_method,14,89,0.0
PURE_065,proposed_method,15,89,0.0
PURE_065,proposed_method,16,89,0.0
PURE_065,proposed_method,17,89,0.0
PURE_065,proposed_method,18,89,0.0
PURE_066,hashimoto,1,15,1.0
PURE_066,hashimoto,2,15,0.3333333333333333
PURE_066,hashimoto,3,15,0.06666666666666667
PURE_066,hashimoto,4,15,0.0
PURE_066,hashimoto,5,15,0.0
PURE_066,hashimoto,6,15,0.0
PURE_066,hashimoto,7,15,0.0
PURE_066,hashimoto,8,15,0.0
PURE_066,hashimoto,9,15,0.0
PURE_066,hashimoto,10,15,0.0
PURE_066,hashimoto,11,15,0.0
PURE_066,hashimoto,12,15,0.0
PURE_066,hashimoto,13,15,0.0
PURE_066,hashimoto,14,15,0.0
PURE_066,hashimoto,15,15,0.0
PURE_066,hashimoto,16,15,0.0
PURE_066,hashimoto,17,15,0.0
PURE_066,hashimoto,18,15,0.0
PURE_066,llmrei-long,1,33,1.0
PURE_066,llmrei-long,2,33,0.18181818181818182
PURE_066,llmrei-long,3,33,0.0
PURE_066,llmrei-long,4,33,0.0
PURE_066,llmrei-long,5,33,0.0
PURE_066,llmrei-long,6,33,0.0
PURE_066,llmrei-long,7,33,0.0
PURE_066,llmrei-long,8,33,0.0
PURE_066,llmrei-long,9,33,0.0
PURE_066,llmrei-long,10,33,0.0
PURE_066,llmrei-long,11,33,0.0
PURE_066,llmrei-long,12,33,0.0
PURE_066,llmrei-long,13,33,0.0
PURE_066,llmrei-long,14,33,0.0
PURE_066,llmrei-long,15,33,0.0
PURE_066,llmrei-long,16,33,0.0
PURE_066,llmrei-long,17,33,0.0
PURE_066,llmrei-long,18,33,0.0
PURE_066,sparkme,1,60,1.0
PURE_066,sparkme,2,60,0.48333333333333334
PURE_066,sparkme,3,60,0.1
PURE_066,sparkme,4,60,0.05
PURE_066,sparkme,5,60,0.03333333333333333
PURE_066,sparkme,6,60,0.016666666666666666
PURE_066,sparkme,7,60,0.016666666666666666
PURE_066,sparkme,8,60,0.0
PURE_066,sparkme,9,60,0.0
PURE_066,sparkme,10,60,0.0
PURE_066,sparkme,11,60,0.0
PURE_066,sparkme,12,60,0.0
PURE_066,sparkme,13,60,0.0
PURE_066,sparkme,14,60,0.0
PURE_066,sparkme,15,60,0.0
PURE_066,sparkme,16,60,0.0
PURE_066,sparkme,17,60,0.0
PURE_066,sparkme,18,60,0.0
PURE_066,proposed_method,1,75,1.0
PURE_066,proposed_method,2,75,0.44
PURE_066,proposed_method,3,75,0.18666666666666668
PURE_066,proposed_method,4,75,0.08
PURE_066,proposed_method,5,75,0.06666666666666667
PURE_066,proposed_method,6,75,0.05333333333333334
PURE_066,proposed_method,7,75,0.05333333333333334
PURE_066,proposed_method,8,75,0.02666666666666667
PURE_066,proposed_method,9,75,0.0
PURE_066,proposed_method,10,75,0.0
PURE_066,proposed_method,11,75,0.0
PURE_066,proposed_method,12,75,0.0
PURE_066,proposed_method,13,75,0.0
PURE_066,proposed_method,14,75,0.0
PURE_066,proposed_method,15,75,0.0
PURE_066,proposed_method,16,75,0.0
PURE_066,proposed_method,17,75,0.0
PURE_066,proposed_method,18,75,0.0
PURE_067,hashimoto,1,14,1.0
PURE_067,hashimoto,2,14,0.21428571428571427
PURE_067,hashimoto,3,14,0.07142857142857142
PURE_067,hashimoto,4,14,0.07142857142857142
PURE_067,hashimoto,5,14,0.07142857142857142
PURE_067,hashimoto,6,14,0.0
PURE_067,hashimoto,7,14,0.0
PURE_067,hashimoto,8,14,0.0
PURE_067,hashimoto,9,14,0.0
PURE_067,hashimoto,10,14,0.0
PURE_067,hashimoto,11,14,0.0
PURE_067,hashimoto,12,14,0.0
PURE_067,hashimoto,13,14,0.0
PURE_067,hashimoto,14,14,0.0
PURE_067,hashimoto,15,14,0.0
PURE_067,hashimoto,16,14,0.0
PURE_067,hashimoto,17,14,0.0
PURE_067,hashimoto,18,14,0.0
PURE_067,llmrei-long,1,14,1.0
PURE_067,llmrei-long,2,14,0.21428571428571427
PURE_067,llmrei-long,3,14,0.14285714285714285
PURE_067,llmrei-long,4,14,0.07142857142857142
PURE_067,llmrei-long,5,14,0.0
PURE_067,llmrei-long,6,14,0.0
PURE_067,llmrei-long,7,14,0.0
PURE_067,llmrei-long,8,14,0.0
PURE_067,llmrei-long,9,14,0.0
PURE_067,llmrei-long,10,14,0.0
PURE_067,llmrei-long,11,14,0.0
PURE_067,llmrei-long,12,14,0.0
PURE_067,llmrei-long,13,14,0.0
PURE_067,llmrei-long,14,14,0.0
PURE_067,llmrei-long,15,14,0.0
PURE_067,llmrei-long,16,14,0.0
PURE_067,llmrei-long,17,14,0.0
PURE_067,llmrei-long,18,14,0.0
PURE_067,sparkme,1,49,1.0
PURE_067,sparkme,2,49,0.40816326530612246
PURE_067,sparkme,3,49,0.12244897959183673
PURE_067,sparkme,4,49,0.08163265306122448
PURE_067,sparkme,5,49,0.02040816326530612
PURE_067,sparkme,6,49,0.02040816326530612
PURE_067,sparkme,7,49,0.02040816326530612
PURE_067,sparkme,8,49,0.02040816326530612
PURE_067,sparkme,9,49,0.02040816326530612
PURE_067,sparkme,10,49,0.0
PURE_067,sparkme,11,49,0.0
PURE_067,sparkme,12,49,0.0
PURE_067,sparkme,13,49,0.0
PURE_067,sparkme,14,49,0.0
PURE_067,sparkme,15,49,0.0
PURE_067,sparkme,16,49,0.0
PURE_067,sparkme,17,49,0.0
PURE_067,sparkme,18,49,0.0
PURE_067,proposed_method,1,48,1.0
PURE_067,proposed_method,2,48,0.4791666666666667
PURE_067,proposed_method,3,48,0.20833333333333334
PURE_067,proposed_method,4,48,0.14583333333333334
PURE_067,proposed_method,5,48,0.10416666666666667
PURE_067,proposed_method,6,48,0.0625
PURE_067,proposed_method,7,48,0.041666666666666664
PURE_067,proposed_method,8,48,0.0
PURE_067,proposed_method,9,48,0.0
PURE_067,proposed_method,10,48,0.0
PURE_067,proposed_method,11,48,0.0
PURE_067,proposed_method,12,48,0.0
PURE_067,proposed_method,13,48,0.0
PURE_067,proposed_method,14,48,0.0
PURE_067,proposed_method,15,48,0.0
PURE_067,proposed_method,16,48,0.0
PURE_067,proposed_method,17,48,0.0
PURE_067,proposed_method,18,48,0.0
PURE_068,hashimoto,1,23,1.0
PURE_068,hashimoto,2,23,0.2608695652173913
PURE_068,hashimoto,3,23,0.043478260869565216
PURE_068,hashimoto,4,23,0.0
PURE_068,hashimoto,5,23,0.0
PURE_068,hashimoto,6,23,0.0
PURE_068,hashimoto,7,23,0.0
PURE_068,hashimoto,8,23,0.0
PURE_068,hashimoto,9,23,0.0
PURE_068,hashimoto,10,23,0.0
PURE_068,hashimoto,11,23,0.0
PURE_068,hashimoto,12,23,0.0
PURE_068,hashimoto,13,23,0.0
PURE_068,hashimoto,14,23,0.0
PURE_068,hashimoto,15,23,0.0
PURE_068,hashimoto,16,23,0.0
PURE_068,hashimoto,17,23,0.0
PURE_068,hashimoto,18,23,0.0
PURE_068,llmrei-long,1,42,1.0
PURE_068,llmrei-long,2,42,0.2619047619047619
PURE_068,llmrei-long,3,42,0.07142857142857142
PURE_068,llmrei-long,4,42,0.0
PURE_068,llmrei-long,5,42,0.0
PURE_068,llmrei-long,6,42,0.0
PURE_068,llmrei-long,7,42,0.0
PURE_068,llmrei-long,8,42,0.0
PURE_068,llmrei-long,9,42,0.0
PURE_068,llmrei-long,10,42,0.0
PURE_068,llmrei-long,11,42,0.0
PURE_068,llmrei-long,12,42,0.0
PURE_068,llmrei-long,13,42,0.0
PURE_068,llmrei-long,14,42,0.0
PURE_068,llmrei-long,15,42,0.0
PURE_068,llmrei-long,16,42,0.0
PURE_068,llmrei-long,17,42,0.0
PURE_068,llmrei-long,18,42,0.0
PURE_068,sparkme,1,65,1.0
PURE_068,sparkme,2,65,0.3076923076923077
PURE_068,sparkme,3,65,0.13846153846153847
PURE_068,sparkme,4,65,0.06153846153846154
PURE_068,sparkme,5,65,0.03076923076923077
PURE_068,sparkme,6,65,0.015384615384615385
PURE_068,sparkme,7,65,0.0
PURE_068,sparkme,8,65,0.0
PURE_068,sparkme,9,65,0.0
PURE_068,sparkme,10,65,0.0
PURE_068,sparkme,11,65,0.0
PURE_068,sparkme,12,65,0.0
PURE_068,sparkme,13,65,0.0
PURE_068,sparkme,14,65,0.0
PURE_068,sparkme,15,65,0.0
PURE_068,sparkme,16,65,0.0
PURE_068,sparkme,17,65,0.0
PURE_068,sparkme,18,65,0.0
PURE_068,proposed_method,1,124,1.0
PURE_068,proposed_method,2,124,0.5
PURE_068,proposed_method,3,124,0.22580645161290322
PURE_068,proposed_method,4,124,0.12903225806451613
PURE_068,proposed_method,5,124,0.08064516129032258
PURE_068,proposed_method,6,124,0.03225806451612903
PURE_068,proposed_method,7,124,0.024193548387096774
PURE_068,proposed_method,8,124,0.016129032258064516
PURE_068,proposed_method,9,124,0.016129032258064516
PURE_068,proposed_method,10,124,0.008064516129032258
PURE_068,proposed_method,11,124,0.008064516129032258
PURE_068,proposed_method,12,124,0.008064516129032258
PURE_068,proposed_method,13,124,0.0
PURE_068,proposed_method,14,124,0.0
PURE_068,proposed_method,15,124,0.0
PURE_068,proposed_method,16,124,0.0
PURE_068,proposed_method,17,124,0.0
PURE_068,proposed_method,18,124,0.0
PURE_069,hashimoto,1,12,1.0
PURE_069,hashimoto,2,12,0.16666666666666666
PURE_069,hashimoto,3,12,0.0
PURE_069,hashimoto,4,12,0.0
PURE_069,hashimoto,5,12,0.0
PURE_069,hashimoto,6,12,0.0
PURE_069,hashimoto,7,12,0.0
PURE_069,hashimoto,8,12,0.0
PURE_069,hashimoto,9,12,0.0
PURE_069,hashimoto,10,12,0.0
PURE_069,hashimoto,11,12,0.0
PURE_069,hashimoto,12,12,0.0
PURE_069,hashimoto,13,12,0.0
PURE_069,hashimoto,14,12,0.0
PURE_069,hashimoto,15,12,0.0
PURE_069,hashimoto,16,12,0.0
PURE_069,hashimoto,17,12,0.0
PURE_069,hashimoto,18,12,0.0
PURE_069,llmrei-long,1,11,1.0
PURE_069,llmrei-long,2,11,0.09090909090909091
PURE_069,llmrei-long,3,11,0.09090909090909091
PURE_069,llmrei-long,4,11,0.09090909090909091
PURE_069,llmrei-long,5,11,0.0
PURE_069,llmrei-long,6,11,0.0
PURE_069,llmrei-long,7,11,0.0
PURE_069,llmrei-long,8,11,0.0
PURE_069,llmrei-long,9,11,0.0
PURE_069,llmrei-long,10,11,0.0
PURE_069,llmrei-long,11,11,0.0
PURE_069,llmrei-long,12,11,0.0
PURE_069,llmrei-long,13,11,0.0
PURE_069,llmrei-long,14,11,0.0
PURE_069,llmrei-long,15,11,0.0
PURE_069,llmrei-long,16,11,0.0
PURE_069,llmrei-long,17,11,0.0
PURE_069,llmrei-long,18,11,0.0
PURE_069,sparkme,1,74,1.0
PURE_069,sparkme,2,74,0.44594594594594594
PURE_069,sparkme,3,74,0.10810810810810811
PURE_069,sparkme,4,74,0.10810810810810811
PURE_069,sparkme,5,74,0.05405405405405406
PURE_069,sparkme,6,74,0.04054054054054054
PURE_069,sparkme,7,74,0.013513513513513514
PURE_069,sparkme,8,74,0.013513513513513514
PURE_069,sparkme,9,74,0.013513513513513514
PURE_069,sparkme,10,74,0.013513513513513514
PURE_069,sparkme,11,74,0.0
PURE_069,sparkme,12,74,0.0
PURE_069,sparkme,13,74,0.0
PURE_069,sparkme,14,74,0.0
PURE_069,sparkme,15,74,0.0
PURE_069,sparkme,16,74,0.0
PURE_069,sparkme,17,74,0.0
PURE_069,sparkme,18,74,0.0
PURE_069,proposed_method,1,79,1.0
PURE_069,proposed_method,2,79,0.5316455696202531
PURE_069,proposed_method,3,79,0.17721518987341772
PURE_069,proposed_method,4,79,0.10126582278481013
PURE_069,proposed_method,5,79,0.0379746835443038
PURE_069,proposed_method,6,79,0.0379746835443038
PURE_069,proposed_method,7,79,0.012658227848101266
PURE_069,proposed_method,8,79,0.012658227848101266
PURE_069,proposed_method,9,79,0.012658227848101266
PURE_069,proposed_method,10,79,0.012658227848101266
PURE_069,proposed_method,11,79,0.0
PURE_069,proposed_method,12,79,0.0
PURE_069,proposed_method,13,79,0.0
PURE_069,proposed_method,14,79,0.0
PURE_069,proposed_method,15,79,0.0
PURE_069,proposed_method,16,79,0.0
PURE_069,proposed_method,17,79,0.0
PURE_069,proposed_method,18,79,0.0
