case_id,method_id,depth,dag_count
PURE_001,hashimoto,1,11
PURE_001,hashimoto,2,10
PURE_001,hashimoto,3,3
PURE_001,hashimoto,4,1
PURE_001,hashimoto,5,0
PURE_001,hashimoto,6,0
PURE_001,hashimoto,7,0
PURE_001,hashimoto,8,0
PURE_001,hashimoto,9,0
PURE_001,hashimoto,10,0
PURE_001,hashimoto,11,0
PURE_001,hashimoto,12,0
PURE_001,hashimoto,13,0
PURE_001,hashimoto,14,0
PURE_001,hashimoto,15,0
PURE_001,hashimoto,16,0
PURE_001,hashimoto,17,0
PURE_001,hashimoto,18,0
PURE_001,llmrei-long,1,35
PURE_001,llmrei-long,2,13
PURE_001,llmrei-long,3,5
PURE_001,llmrei-long,4,0
PURE_001,llmrei-long,5,2
PURE_001,llmrei-long,6,1
PURE_001,llmrei-long,7,1
PURE_001,llmrei-long,8,0
PURE_001,llmrei-long,9,0
PURE_001,llmrei-long,10,0
PURE_001,llmrei-long,11,0
PURE_001,llmrei-long,12,0
PURE_001,llmrei-long,13,0
PURE_001,llmrei-long,14,0
PURE_001,llmrei-long,15,0
PURE_001,llmrei-long,16,0
PURE_001,llmrei-long,17,0
PURE_001,llmrei-long,18,0
PURE_001,sparkme,1,45
PURE_001,sparkme,2,27
PURE_001,sparkme,3,4
PURE_001,sparkme,4,1
PURE_001,sparkme,5,1
PURE_001,sparkme,6,1
PURE_001,sparkme,7,0
PURE_001,sparkme,8,1
PURE_001,sparkme,9,0
PURE_001,sparkme,10,1
PURE_001,sparkme,11,0
PURE_001,sparkme,12,0
PURE_001,sparkme,13,0
PURE_001,sparkme,14,0
PURE_001,sparkme,15,0
PURE_001,sparkme,16,0
PURE_001,sparkme,17,0
PURE_001,sparkme,18,0
PURE_001,proposed_method,1,44
PURE_001,proposed_method,2,23
PURE_001,proposed_method,3,5
PURE_001,proposed_method,4,2
PURE_001,proposed_method,5,3
PURE_001,proposed_method,6,2
PURE_001,proposed_method,7,0
PURE_001,proposed_method,8,1
PURE_001,proposed_method,9,1
PURE_001,proposed_method,10,0
PURE_001,proposed_method,11,0
PURE_001,proposed_method,12,0
PURE_001,proposed_method,13,0
PURE_001,proposed_method,14,0
PURE_001,proposed_method,15,0
PURE_001,proposed_method,16,0
PURE_001,proposed_method,17,0
PURE_001,proposed_method,18,0
PURE_002,hashimoto,1,19
PURE_002,hashimoto,2,8
PURE_002,hashimoto,3,0
PURE_002,hashimoto,4,0
PURE_002,hashimoto,5,1
PURE_002,hashimoto,6,0
PURE_002,hashimoto,7,1
PURE_002,hashimoto,8,0
PURE_002,hashimoto,9,0
PURE_002,hashimoto,10,0
PURE_002,hashimoto,11,0
PURE_002,hashimoto,12,0
PURE_002,hashimoto,13,0
PURE_002,hashimoto,14,0
PURE_002,hashimoto,15,0
PURE_002,hashimoto,16,0
PURE_002,hashimoto,17,0
PURE_002,hashimoto,18,0
PURE_002,llmrei-long,1,19
PURE_002,llmrei-long,2,4
PURE_002,llmrei-long,3,0
PURE_002,llmrei-long,4,0
PURE_002,llmrei-long,5,0
PURE_002,llmrei-long,6,0
PURE_002,llmrei-long,7,0
PURE_002,llmrei-long,8,0
PURE_002,llmrei-long,9,0
PURE_002,llmrei-long,10,0
PURE_002,llmrei-long,11,0
PURE_002,llmrei-long,12,0
PURE_002,llmrei-long,13,0
PURE_002,llmrei-long,14,0
PURE_002,llmrei-long,15,0
PURE_002,llmrei-long,16,0
PURE_002,llmrei-long,17,0
PURE_002,llmrei-long,18,0
PURE_002,sparkme,1,42
PURE_002,sparkme,2,16
PURE_002,sparkme,3,6
PURE_002,sparkme,4,2
PURE_002,sparkme,5,2
PURE_002,sparkme,6,0
PURE_002,sparkme,7,3
PURE_002,sparkme,8,0
PURE_002,sparkme,9,1
PURE_002,sparkme,10,0
PURE_002,sparkme,11,0
PURE_002,sparkme,12,0
PURE_002,sparkme,13,0
PURE_002,sparkme,14,0
PURE_002,sparkme,15,0
PURE_002,sparkme,16,0
PURE_002,sparkme,17,0
PURE_002,sparkme,18,0
PURE_002,proposed_method,1,44
PURE_002,proposed_method,2,17
PURE_002,proposed_method,3,12
PURE_002,proposed_method,4,1
PURE_002,proposed_method,5,1
PURE_002,proposed_method,6,4
PURE_002,proposed_method,7,1
PURE_002,proposed_method,8,0
PURE_002,proposed_method,9,0
PURE_002,proposed_method,10,0
PURE_002,proposed_method,11,0
PURE_002,proposed_method,12,0
PURE_002,proposed_method,13,0
PURE_002,proposed_method,14,0
PURE_002,proposed_method,15,0
PURE_002,proposed_method,16,0
PURE_002,proposed_method,17,0
PURE_002,proposed_method,18,0
PURE_003,hashimoto,1,19
PURE_003,hashimoto,2,4
PURE_003,hashimoto,3,0
PURE_003,hashimoto,4,1
PURE_003,hashimoto,5,0
PURE_003,hashimoto,6,0
PURE_003,hashimoto,7,0
PURE_003,hashimoto,8,0
PURE_003,hashimoto,9,0
PURE_003,hashimoto,10,0
PURE_003,hashimoto,11,0
PURE_003,hashimoto,12,0
PURE_003,hashimoto,13,0
PURE_003,hashimoto,14,0
PURE_003,hashimoto,15,0
PURE_003,hashimoto,16,0
PURE_003,hashimoto,17,0
PURE_003,hashimoto,18,0
PURE_003,llmrei-long,1,23
PURE_003,llmrei-long,2,11
PURE_003,llmrei-long,3,2
PURE_003,llmrei-long,4,1
PURE_003,llmrei-long,5,0
PURE_003,llmrei-long,6,0
PURE_003,llmrei-long,7,0
PURE_003,llmrei-long,8,0
PURE_003,llmrei-long,9,0
PURE_003,llmrei-long,10,0
PURE_003,llmrei-long,11,0
PURE_003,llmrei-long,12,0
PURE_003,llmrei-long,13,0
PURE_003,llmrei-long,14,0
PURE_003,llmrei-long,15,0
PURE_003,llmrei-long,16,0
PURE_003,llmrei-long,17,0
PURE_003,llmrei-long,18,0
PURE_003,sparkme,1,40
PURE_003,sparkme,2,18
PURE_003,sparkme,3,7
PURE_003,sparkme,4,0
PURE_003,sparkme,5,3
PURE_003,sparkme,6,0
PURE_003,sparkme,7,0
PURE_003,sparkme,8,0
PURE_003,sparkme,9,0
PURE_003,sparkme,10,0
PURE_003,sparkme,11,0
PURE_003,sparkme,12,0
PURE_003,sparkme,13,0
PURE_003,sparkme,14,0
PURE_003,sparkme,15,0
PURE_003,sparkme,16,0
PURE_003,sparkme,17,0
PURE_003,sparkme,18,0
PURE_003,proposed_method,1,43
PURE_003,proposed_method,2,28
PURE_003,proposed_method,3,14
PURE_003,proposed_method,4,3
PURE_003,proposed_method,5,1
PURE_003,proposed_method,6,1
PURE_003,proposed_method,7,0
PURE_003,proposed_method,8,1
PURE_003,proposed_method,9,1
PURE_003,proposed_method,10,0
PURE_003,proposed_method,11,0
PURE_003,proposed_method,12,0
PURE_003,proposed_method,13,0
PURE_003,proposed_method,14,0
PURE_003,proposed_method,15,0
PURE_003,proposed_method,16,0
PURE_003,proposed_method,17,0
PURE_003,proposed_method,18,0
PURE_004,hashimoto,1,9
PURE_004,hashimoto,2,2
PURE_004,hashimoto,3,0
PURE_004,hashimoto,4,0
PURE_004,hashimoto,5,0
PURE_004,hashimoto,6,0
PURE_004,hashimoto,7,0
PURE_004,hashimoto,8,0
PURE_004,hashimoto,9,0
PURE_004,hashimoto,10,0
PURE_004,hashimoto,11,0
PURE_004,hashimoto,12,0
PURE_004,hashimoto,13,0
PURE_004,hashimoto,14,0
PURE_004,hashimoto,15,0
PURE_004,hashimoto,16,0
PURE_004,hashimoto,17,0
PURE_004,hashimoto,18,0
PURE_004,llmrei-long,1,14
PURE_004,llmrei-long,2,5
PURE_004,llmrei-long,3,1
PURE_004,llmrei-long,4,0
PURE_004,llmrei-long,5,0
PURE_004,llmrei-long,6,0
PURE_004,llmrei-long,7,0
PURE_004,llmrei-long,8,0
PURE_004,llmrei-long,9,0
PURE_004,llmrei-long,10,0
PURE_004,llmrei-long,11,0
PURE_004,llmrei-long,12,0
PURE_004,llmrei-long,13,0
PURE_004,llmrei-long,14,0
PURE_004,llmrei-long,15,0
PURE_004,llmrei-long,16,0
PURE_004,llmrei-long,17,0
PURE_004,llmrei-long,18,0
PURE_004,sparkme,1,19
PURE_004,sparkme,2,16
PURE_004,sparkme,3,2
PURE_004,sparkme,4,0
PURE_004,sparkme,5,1
PURE_004,sparkme,6,1
PURE_004,sparkme,7,0
PURE_004,sparkme,8,0
PURE_004,sparkme,9,0
PURE_004,sparkme,10,0
PURE_004,sparkme,11,0
PURE_004,sparkme,12,0
PURE_004,sparkme,13,0
PURE_004,sparkme,14,0
PURE_004,sparkme,15,0
PURE_004,sparkme,16,0
PURE_004,sparkme,17,0
PURE_004,sparkme,18,0
PURE_004,proposed_method,1,20
PURE_004,proposed_method,2,9
PURE_004,proposed_method,3,4
PURE_004,proposed_method,4,2
PURE_004,proposed_method,5,0
PURE_004,proposed_method,6,0
PURE_004,proposed_method,7,0
PURE_004,proposed_method,8,0
PURE_004,proposed_method,9,0
PURE_004,proposed_method,10,0
PURE_004,proposed_method,11,0
PURE_004,proposed_method,12,0
PURE_004,proposed_method,13,0
PURE_004,proposed_method,14,0
PURE_004,proposed_method,15,0
PURE_004,proposed_method,16,0
PURE_004,proposed_method,17,0
PURE_004,proposed_method,18,0
PURE_005,hashimoto,1,4
PURE_005,hashimoto,2,0
PURE_005,hashimoto,3,0
PURE_005,hashimoto,4,1
PURE_005,hashimoto,5,0
PURE_005,hashimoto,6,0
PURE_005,hashimoto,7,0
PURE_005,hashimoto,8,0
PURE_005,hashimoto,9,0
PURE_005,hashimoto,10,0
PURE_005,hashimoto,11,0
PURE_005,hashimoto,12,0
PURE_005,hashimoto,13,0
PURE_005,hashimoto,14,0
PURE_005,hashimoto,15,0
PURE_005,hashimoto,16,0
PURE_005,hashimoto,17,0
PURE_005,hashimoto,18,0
PURE_005,llmrei-long,1,21
PURE_005,llmrei-long,2,4
PURE_005,llmrei-long,3,0
PURE_005,llmrei-long,4,0
PURE_005,llmrei-long,5,0
PURE_005,llmrei-long,6,0
PURE_005,llmrei-long,7,0
PURE_005,llmrei-long,8,0
PURE_005,llmrei-long,9,0
PURE_005,llmrei-long,10,0
PURE_005,llmrei-long,11,0
PURE_005,llmrei-long,12,0
PURE_005,llmrei-long,13,0
PURE_005,llmrei-long,14,0
PURE_005,llmrei-long,15,0
PURE_005,llmrei-long,16,0
PURE_005,llmrei-long,17,0
PURE_005,llmrei-long,18,0
PURE_005,sparkme,1,37
PURE_005,sparkme,2,19
PURE_005,sparkme,3,9
PURE_005,sparkme,4,2
PURE_005,sparkme,5,0
PURE_005,sparkme,6,1
PURE_005,sparkme,7,1
PURE_005,sparkme,8,0
PURE_005,sparkme,9,0
PURE_005,sparkme,10,1
PURE_005,sparkme,11,0
PURE_005,sparkme,12,0
PURE_005,sparkme,13,0
PURE_005,sparkme,14,0
PURE_005,sparkme,15,0
PURE_005,sparkme,16,0
PURE_005,sparkme,17,0
PURE_005,sparkme,18,0
PURE_005,proposed_method,1,33
PURE_005,proposed_method,2,24
PURE_005,proposed_method,3,4
PURE_005,proposed_method,4,3
PURE_005,proposed_method,5,4
PURE_005,proposed_method,6,0
PURE_005,proposed_method,7,2
PURE_005,proposed_method,8,0
PURE_005,proposed_method,9,1
PURE_005,proposed_method,10,0
PURE_005,proposed_method,11,0
PURE_005,proposed_method,12,0
PURE_005,proposed_method,13,0
PURE_005,proposed_method,14,1
PURE_005,proposed_method,15,0
PURE_005,proposed_method,16,0
PURE_005,proposed_method,17,0
PURE_005,proposed_method,18,0
PURE_006,hashimoto,1,13
PURE_006,hashimoto,2,3
PURE_006,hashimoto,3,1
PURE_006,hashimoto,4,0
PURE_006,hashimoto,5,0
PURE_006,hashimoto,6,1
PURE_006,hashimoto,7,0
PURE_006,hashimoto,8,0
PURE_006,hashimoto,9,1
PURE_006,hashimoto,10,0
PURE_006,hashimoto,11,0
PURE_006,hashimoto,12,0
PURE_006,hashimoto,13,0
PURE_006,hashimoto,14,0
PURE_006,hashimoto,15,0
PURE_006,hashimoto,16,0
PURE_006,hashimoto,17,0
PURE_006,hashimoto,18,0
PURE_006,llmrei-long,1,17
PURE_006,llmrei-long,2,3
PURE_006,llmrei-long,3,0
PURE_006,llmrei-long,4,0
PURE_006,llmrei-long,5,0
PURE_006,llmrei-long,6,0
PURE_006,llmrei-long,7,0
PURE_006,llmrei-long,8,0
PURE_006,llmrei-long,9,0
PURE_006,llmrei-long,10,0
PURE_006,llmrei-long,11,0
PURE_006,llmrei-long,12,0
PURE_006,llmrei-long,13,0
PURE_006,llmrei-long,14,0
PURE_006,llmrei-long,15,0
PURE_006,llmrei-long,16,0
PURE_006,llmrei-long,17,0
PURE_006,llmrei-long,18,0
PURE_006,sparkme,1,27
PURE_006,sparkme,2,21
PURE_006,sparkme,3,5
PURE_006,sparkme,4,1
PURE_006,sparkme,5,1
PURE_006,sparkme,6,0
PURE_006,sparkme,7,0
PURE_006,sparkme,8,0
PURE_006,sparkme,9,1
PURE_006,sparkme,10,0
PURE_006,sparkme,11,0
PURE_006,sparkme,12,0
PURE_006,sparkme,13,0
PURE_006,sparkme,14,0
PURE_006,sparkme,15,0
PURE_006,sparkme,16,0
PURE_006,sparkme,17,0
PURE_006,sparkme,18,0
PURE_006,proposed_method,1,33
PURE_006,proposed_method,2,24
PURE_006,proposed_method,3,8
PURE_006,proposed_method,4,2
PURE_006,proposed_method,5,4
PURE_006,proposed_method,6,1
PURE_006,proposed_method,7,1
PURE_006,proposed_method,8,1
PURE_006,proposed_method,9,0
PURE_006,proposed_method,10,0
PURE_006,proposed_method,11,0
PURE_006,proposed_method,12,0
PURE_006,proposed_method,13,0
PURE_006,proposed_method,14,0
PURE_006,proposed_method,15,0
PURE_006,proposed_method,16,0
PURE_006,proposed_method,17,0
PURE_006,proposed_method,18,0
PURE_007,hashimoto,1,11
PURE_007,hashimoto,2,7
PURE_007,hashimoto,3,1
PURE_007,hashimoto,4,0
PURE_007,hashimoto,5,0
PURE_007,hashimoto,6,0
PURE_007,hashimoto,7,0
PURE_007,hashimoto,8,0
PURE_007,hashimoto,9,0
PURE_007,hashimoto,10,0
PURE_007,hashimoto,11,0
PURE_007,hashimoto,12,0
PURE_007,hashimoto,13,0
PURE_007,hashimoto,14,0
PURE_007,hashimoto,15,0
PURE_007,hashimoto,16,0
PURE_007,hashimoto,17,0
PURE_007,hashimoto,18,0
PURE_007,llmrei-long,1,8
PURE_007,llmrei-long,2,0
PURE_007,llmrei-long,3,1
PURE_007,llmrei-long,4,0
PURE_007,llmrei-long,5,0
PURE_007,llmrei-long,6,0
PURE_007,llmrei-long,7,0
PURE_007,llmrei-long,8,0
PURE_007,llmrei-long,9,0
PURE_007,llmrei-long,10,0
PURE_007,llmrei-long,11,0
PURE_007,llmrei-long,12,0
PURE_007,llmrei-long,13,0
PURE_007,llmrei-long,14,0
PURE_007,llmrei-long,15,0
PURE_007,llmrei-long,16,0
PURE_007,llmrei-long,17,0
PURE_007,llmrei-long,18,0
PURE_007,sparkme,1,36
PURE_007,sparkme,2,12
PURE_007,sparkme,3,4
PURE_007,sparkme,4,0
PURE_007,sparkme,5,0
PURE_007,sparkme,6,0
PURE_007,sparkme,7,0
PURE_007,sparkme,8,1
PURE_007,sparkme,9,0
PURE_007,sparkme,10,0
PURE_007,sparkme,11,0
PURE_007,sparkme,12,0
PURE_007,sparkme,13,0
PURE_007,sparkme,14,0
PURE_007,sparkme,15,0
PURE_007,sparkme,16,0
PURE_007,sparkme,17,0
PURE_007,sparkme,18,0
PURE_007,proposed_method,1,37
PURE_007,proposed_method,2,12
PURE_007,proposed_method,3,7
PURE_007,proposed_method,4,2
PURE_007,proposed_method,5,0
PURE_007,proposed_method,6,2
PURE_007,proposed_method,7,0
PURE_007,proposed_method,8,0
PURE_007,proposed_method,9,0
PURE_007,proposed_method,10,0
PURE_007,proposed_method,11,0
PURE_007,proposed_method,12,0
PURE_007,proposed_method,13,0
PURE_007,proposed_method,14,0
PURE_007,proposed_method,15,0
PURE_007,proposed_method,16,0
PURE_007,proposed_method,17,0
PURE_007,proposed_method,18,0
PURE_008,hashimoto,1,15
PURE_008,hashimoto,2,10
PURE_008,hashimoto,3,3
PURE_008,hashimoto,4,0
PURE_008,hashimoto,5,0
PURE_008,hashimoto,6,0
PURE_008,hashimoto,7,0
PURE_008,hashimoto,8,0
PURE_008,hashimoto,9,0
PURE_008,hashimoto,10,0
PURE_008,hashimoto,11,0
PURE_008,hashimoto,12,0
PURE_008,hashimoto,13,0
PURE_008,hashimoto,14,0
PURE_008,hashimoto,15,0
PURE_008,hashimoto,16,0
PURE_008,hashimoto,17,0
PURE_008,hashimoto,18,0
PURE_008,llmrei-long,1,8
PURE_008,llmrei-long,2,1
PURE_008,llmrei-long,3,0
PURE_008,llmrei-long,4,0
PURE_008,llmrei-long,5,0
PURE_008,llmrei-long,6,0
PURE_008,llmrei-long,7,0
PURE_008,llmrei-long,8,0
PURE_008,llmrei-long,9,0
PURE_008,llmrei-long,10,0
PURE_008,llmrei-long,11,0
PURE_008,llmrei-long,12,0
PURE_008,llmrei-long,13,0
PURE_008,llmrei-long,14,0
PURE_008,llmrei-long,15,0
PURE_008,llmrei-long,16,0
PURE_008,llmrei-long,17,0
PURE_008,llmrei-long,18,0
PURE_008,sparkme,1,27
PURE_008,sparkme,2,20
PURE_008,sparkme,3,9
PURE_008,sparkme,4,0
PURE_008,sparkme,5,1
PURE_008,sparkme,6,0
PURE_008,sparkme,7,0
PURE_008,sparkme,8,1
PURE_008,sparkme,9,0
PURE_008,sparkme,10,0
PURE_008,sparkme,11,0
PURE_008,sparkme,12,0
PURE_008,sparkme,13,0
PURE_008,sparkme,14,0
PURE_008,sparkme,15,0
PURE_008,sparkme,16,0
PURE_008,sparkme,17,0
PURE_008,sparkme,18,0
PURE_008,proposed_method,1,31
PURE_008,proposed_method,2,21
PURE_008,proposed_method,3,9
PURE_008,proposed_method,4,2
PURE_008,proposed_method,5,0
PURE_008,proposed_method,6,1
PURE_008,proposed_method,7,0
PURE_008,proposed_method,8,0
PURE_008,proposed_method,9,0
PURE_008,proposed_method,10,0
PURE_008,proposed_method,11,0
PURE_008,proposed_method,12,0
PURE_008,proposed_method,13,0
PURE_008,proposed_method,14,0
PURE_008,proposed_method,15,0
PURE_008,proposed_method,16,0
PURE_008,proposed_method,17,0
PURE_008,proposed_method,18,0
PURE_009,hashimoto,1,8
PURE_009,hashimoto,2,2
PURE_009,hashimoto,3,1
PURE_009,hashimoto,4,0
PURE_009,hashimoto,5,0
PURE_009,hashimoto,6,0
PURE_009,hashimoto,7,0
PURE_009,hashimoto,8,0
PURE_009,hashimoto,9,0
PURE_009,hashimoto,10,0
PURE_009,hashimoto,11,0
PURE_009,hashimoto,12,0
PURE_009,hashimoto,13,0
PURE_009,hashimoto,14,0
PURE_009,hashimoto,15,0
PURE_009,hashimoto,16,0
PURE_009,hashimoto,17,0
PURE_009,hashimoto,18,0
PURE_009,llmrei-long,1,7
PURE_009,llmrei-long,2,1
PURE_009,llmrei-long,3,0
PURE_009,llmrei-long,4,0
PURE_009,llmrei-long,5,0
PURE_009,llmrei-long,6,0
PURE_009,llmrei-long,7,0
PURE_009,llmrei-long,8,0
PURE_009,llmrei-long,9,0
PURE_009,llmrei-long,10,0
PURE_009,llmrei-long,11,0
PURE_009,llmrei-long,12,0
PURE_009,llmrei-long,13,0
PURE_009,llmrei-long,14,0
PURE_009,llmrei-long,15,0
PURE_009,llmrei-long,16,0
PURE_009,llmrei-long,17,0
PURE_009,llmrei-long,18,0
PURE_009,sparkme,1,23
PURE_009,sparkme,2,17
PURE_009,sparkme,3,1
PURE_009,sparkme,4,1
PURE_009,sparkme,5,1
PURE_009,sparkme,6,1
PURE_009,sparkme,7,0
PURE_009,sparkme,8,0
PURE_009,sparkme,9,1
PURE_009,sparkme,10,0
PURE_009,sparkme,11,0
PURE_009,sparkme,12,0
PURE_009,sparkme,13,0
PURE_009,sparkme,14,0
PURE_009,sparkme,15,0
PURE_009,sparkme,16,0
PURE_009,sparkme,17,0
PURE_009,sparkme,18,0
PURE_009,proposed_method,1,32
PURE_009,proposed_method,2,14
PURE_009,proposed_method,3,4
PURE_009,proposed_method,4,3
PURE_009,proposed_method,5,0
PURE_009,proposed_method,6,1
PURE_009,proposed_method,7,1
PURE_009,proposed_method,8,0
PURE_009,proposed_method,9,0
PURE_009,proposed_method,10,0
PURE_009,proposed_method,11,0
PURE_009,proposed_method,12,0
PURE_009,proposed_method,13,0
PURE_009,proposed_method,14,0
PURE_009,proposed_method,15,0
PURE_009,proposed_method,16,0
PURE_009,proposed_method,17,0
PURE_009,proposed_method,18,0
PURE_010,hashimoto,1,4
PURE_010,hashimoto,2,2
PURE_010,hashimoto,3,0
PURE_010,hashimoto,4,0
PURE_010,hashimoto,5,0
PURE_010,hashimoto,6,0
PURE_010,hashimoto,7,0
PURE_010,hashimoto,8,0
PURE_010,hashimoto,9,0
PURE_010,hashimoto,10,0
PURE_010,hashimoto,11,0
PURE_010,hashimoto,12,0
PURE_010,hashimoto,13,0
PURE_010,hashimoto,14,0
PURE_010,hashimoto,15,0
PURE_010,hashimoto,16,0
PURE_010,hashimoto,17,0
PURE_010,hashimoto,18,0
PURE_010,llmrei-long,1,8
PURE_010,llmrei-long,2,5
PURE_010,llmrei-long,3,1
PURE_010,llmrei-long,4,0
PURE_010,llmrei-long,5,0
PURE_010,llmrei-long,6,0
PURE_010,llmrei-long,7,0
PURE_010,llmrei-long,8,0
PURE_010,llmrei-long,9,1
PURE_010,llmrei-long,10,0
PURE_010,llmrei-long,11,0
PURE_010,llmrei-long,12,0
PURE_010,llmrei-long,13,0
PURE_010,llmrei-long,14,0
PURE_010,llmrei-long,15,0
PURE_010,llmrei-long,16,0
PURE_010,llmrei-long,17,0
PURE_010,llmrei-long,18,0
PURE_010,sparkme,1,16
PURE_010,sparkme,2,10
PURE_010,sparkme,3,5
PURE_010,sparkme,4,3
PURE_010,sparkme,5,2
PURE_010,sparkme,6,0
PURE_010,sparkme,7,1
PURE_010,sparkme,8,0
PURE_010,sparkme,9,0
PURE_010,sparkme,10,0
PURE_010,sparkme,11,0
PURE_010,sparkme,12,0
PURE_010,sparkme,13,0
PURE_010,sparkme,14,0
PURE_010,sparkme,15,0
PURE_010,sparkme,16,0
PURE_010,sparkme,17,0
PURE_010,sparkme,18,0
PURE_010,proposed_method,1,21
PURE_010,proposed_method,2,16
PURE_010,proposed_method,3,8
PURE_010,proposed_method,4,0
PURE_010,proposed_method,5,2
PURE_010,proposed_method,6,3
PURE_010,proposed_method,7,0
PURE_010,proposed_method,8,0
PURE_010,proposed_method,9,1
PURE_010,proposed_method,10,0
PURE_010,proposed_method,11,0
PURE_010,proposed_method,12,0
PURE_010,proposed_method,13,0
PURE_010,proposed_method,14,0
PURE_010,proposed_method,15,0
PURE_010,proposed_method,16,0
PURE_010,proposed_method,17,0
PURE_010,proposed_method,18,0
PURE_011,hashimoto,1,15
PURE_011,hashimoto,2,5
PURE_011,hashimoto,3,2
PURE_011,hashimoto,4,0
PURE_011,hashimoto,5,1
PURE_011,hashimoto,6,0
PURE_011,hashimoto,7,0
PURE_011,hashimoto,8,0
PURE_011,hashimoto,9,0
PURE_011,hashimoto,10,0
PURE_011,hashimoto,11,0
PURE_011,hashimoto,12,0
PURE_011,hashimoto,13,0
PURE_011,hashimoto,14,0
PURE_011,hashimoto,15,0
PURE_011,hashimoto,16,0
PURE_011,hashimoto,17,0
PURE_011,hashimoto,18,0
PURE_011,llmrei-long,1,9
PURE_011,llmrei-long,2,0
PURE_011,llmrei-long,3,1
PURE_011,llmrei-long,4,2
PURE_011,llmrei-long,5,0
PURE_011,llmrei-long,6,1
PURE_011,llmrei-long,7,0
PURE_011,llmrei-long,8,0
PURE_011,llmrei-long,9,0
PURE_011,llmrei-long,10,0
PURE_011,llmrei-long,11,0
PURE_011,llmrei-long,12,0
PURE_011,llmrei-long,13,0
PURE_011,llmrei-long,14,0
PURE_011,llmrei-long,15,0
PURE_011,llmrei-long,16,0
PURE_011,llmrei-long,17,0
PURE_011,llmrei-long,18,0
PURE_011,sparkme,1,13
PURE_011,sparkme,2,24
PURE_011,sparkme,3,7
PURE_011,sparkme,4,2
PURE_011,sparkme,5,0
PURE_011,sparkme,6,0
PURE_011,sparkme,7,0
PURE_011,sparkme,8,0
PURE_011,sparkme,9,0
PURE_011,sparkme,10,0
PURE_011,sparkme,11,0
PURE_011,sparkme,12,0
PURE_011,sparkme,13,0
PURE_011,sparkme,14,0
PURE_011,sparkme,15,0
PURE_011,sparkme,16,0
PURE_011,sparkme,17,0
PURE_011,sparkme,18,0
PURE_011,proposed_method,1,37
PURE_011,proposed_method,2,14
PURE_011,proposed_method,3,5
PURE_011,proposed_method,4,2
PURE_011,proposed_method,5,0
PURE_011,proposed_method,6,0
PURE_011,proposed_method,7,0
PURE_011,proposed_method,8,0
PURE_011,proposed_method,9,0
PURE_011,proposed_method,10,0
PURE_011,proposed_method,11,0
PURE_011,proposed_method,12,0
PURE_011,proposed_method,13,0
PURE_011,proposed_method,14,0
PURE_011,proposed_method,15,0
PURE_011,proposed_method,16,0
PURE_011,proposed_method,17,0
PURE_011,proposed_method,18,0
PURE_012,hashimoto,1,5
PURE_012,hashimoto,2,1
PURE_012,hashimoto,3,0
PURE_012,hashimoto,4,0
PURE_012,hashimoto,5,0
PURE_012,hashimoto,6,0
PURE_012,hashimoto,7,0
PURE_012,hashimoto,8,0
PURE_012,hashimoto,9,0
PURE_012,hashimoto,10,0
PURE_012,hashimoto,11,0
PURE_012,hashimoto,12,0
PURE_012,hashimoto,13,0
PURE_012,hashimoto,14,0
PURE_012,hashimoto,15,0
PURE_012,hashimoto,16,0
PURE_012,hashimoto,17,0
PURE_012,hashimoto,18,0
PURE_012,llmrei-long,1,7
PURE_012,llmrei-long,2,1
PURE_012,llmrei-long,3,1
PURE_012,llmrei-long,4,1
PURE_012,llmrei-long,5,1
PURE_012,llmrei-long,6,0
PURE_012,llmrei-long,7,0
PURE_012,llmrei-long,8,0
PURE_012,llmrei-long,9,0
PURE_012,llmrei-long,10,0
PURE_012,llmrei-long,11,0
PURE_012,llmrei-long,12,0
PURE_012,llmrei-long,13,0
PURE_012,llmrei-long,14,0
PURE_012,llmrei-long,15,0
PURE_012,llmrei-long,16,0
PURE_012,llmrei-long,17,0
PURE_012,llmrei-long,18,0
PURE_012,sparkme,1,31
PURE_012,sparkme,2,17
PURE_012,sparkme,3,2
PURE_012,sparkme,4,3
PURE_012,sparkme,5,2
PURE_012,sparkme,6,1
PURE_012,sparkme,7,0
PURE_012,sparkme,8,1
PURE_012,sparkme,9,0
PURE_012,sparkme,10,0
PURE_012,sparkme,11,0
PURE_012,sparkme,12,0
PURE_012,sparkme,13,0
PURE_012,sparkme,14,0
PURE_012,sparkme,15,0
PURE_012,sparkme,16,0
PURE_012,sparkme,17,0
PURE_012,sparkme,18,0
PURE_012,proposed_method,1,31
PURE_012,proposed_method,2,13
PURE_012,proposed_method,3,7
PURE_012,proposed_method,4,2
PURE_012,proposed_method,5,1
PURE_012,proposed_method,6,0
PURE_012,proposed_method,7,1
PURE_012,proposed_method,8,0
PURE_012,proposed_method,9,0
PURE_012,proposed_method,10,0
PURE_012,proposed_method,11,0
PURE_012,proposed_method,12,0
PURE_012,proposed_method,13,0
PURE_012,proposed_method,14,0
PURE_012,proposed_method,15,0
PURE_012,proposed_method,16,0
PURE_012,proposed_method,17,0
PURE_012,proposed_method,18,1
PURE_013,hashimoto,1,12
PURE_013,hashimoto,2,4
PURE_013,hashimoto,3,0
PURE_013,hashimoto,4,0
PURE_013,hashimoto,5,0
PURE_013,hashimoto,6,0
PURE_013,hashimoto,7,0
PURE_013,hashimoto,8,0
PURE_013,hashimoto,9,0
PURE_013,hashimoto,10,0
PURE_013,hashimoto,11,0
PURE_013,hashimoto,12,0
PURE_013,hashimoto,13,0
PURE_013,hashimoto,14,0
PURE_013,hashimoto,15,0
PURE_013,hashimoto,16,0
PURE_013,hashimoto,17,0
PURE_013,hashimoto,18,0
PURE_013,llmrei-long,1,12
PURE_013,llmrei-long,2,8
PURE_013,llmrei-long,3,1
PURE_013,llmrei-long,4,0
PURE_013,llmrei-long,5,0
PURE_013,llmrei-long,6,0
PURE_013,llmrei-long,7,0
PURE_013,llmrei-long,8,0
PURE_013,llmrei-long,9,1
PURE_013,llmrei-long,10,1
PURE_013,llmrei-long,11,0
PURE_013,llmrei-long,12,0
PURE_013,llmrei-long,13,0
PURE_013,llmrei-long,14,0
PURE_013,llmrei-long,15,0
PURE_013,llmrei-long,16,0
PURE_013,llmrei-long,17,0
PURE_013,llmrei-long,18,0
PURE_013,sparkme,1,25
PURE_013,sparkme,2,14
PURE_013,sparkme,3,5
PURE_013,sparkme,4,1
PURE_013,sparkme,5,0
PURE_013,sparkme,6,0
PURE_013,sparkme,7,0
PURE_013,sparkme,8,0
PURE_013,sparkme,9,0
PURE_013,sparkme,10,0
PURE_013,sparkme,11,0
PURE_013,sparkme,12,0
PURE_013,sparkme,13,0
PURE_013,sparkme,14,0
PURE_013,sparkme,15,0
PURE_013,sparkme,16,0
PURE_013,sparkme,17,0
PURE_013,sparkme,18,0
PURE_013,proposed_method,1,29
PURE_013,proposed_method,2,10
PURE_013,proposed_method,3,7
PURE_013,proposed_method,4,3
PURE_013,proposed_method,5,1
PURE_013,proposed_method,6,2
PURE_013,proposed_method,7,0
PURE_013,proposed_method,8,0
PURE_013,proposed_method,9,0
PURE_013,proposed_method,10,0
PURE_013,proposed_method,11,0
PURE_013,proposed_method,12,0
PURE_013,proposed_method,13,0
PURE_013,proposed_method,14,0
PURE_013,proposed_method,15,0
PURE_013,proposed_method,16,0
PURE_013,proposed_method,17,0
PURE_013,proposed_method,18,0
PURE_014,hashimoto,1,20
PURE_014,hashimoto,2,8
PURE_014,hashimoto,3,2
PURE_014,hashimoto,4,0
PURE_014,hashimoto,5,0
PURE_014,hashimoto,6,0
PURE_014,hashimoto,7,0
PURE_014,hashimoto,8,0
PURE_014,hashimoto,9,0
PURE_014,hashimoto,10,0
PURE_014,hashimoto,11,0
PURE_014,hashimoto,12,0
PURE_014,hashimoto,13,0
PURE_014,hashimoto,14,0
PURE_014,hashimoto,15,0
PURE_014,hashimoto,16,1
PURE_014,hashimoto,17,0
PURE_014,hashimoto,18,0
PURE_014,llmrei-long,1,16
PURE_014,llmrei-long,2,5
PURE_014,llmrei-long,3,1
PURE_014,llmrei-long,4,0
PURE_014,llmrei-long,5,0
PURE_014,llmrei-long,6,0
PURE_014,llmrei-long,7,0
PURE_014,llmrei-long,8,0
PURE_014,llmrei-long,9,0
PURE_014,llmrei-long,10,0
PURE_014,llmrei-long,11,0
PURE_014,llmrei-long,12,0
PURE_014,llmrei-long,13,0
PURE_014,llmrei-long,14,0
PURE_014,llmrei-long,15,0
PURE_014,llmrei-long,16,0
PURE_014,llmrei-long,17,0
PURE_014,llmrei-long,18,0
PURE_014,sparkme,1,26
PURE_014,sparkme,2,18
PURE_014,sparkme,3,5
PURE_014,sparkme,4,3
PURE_014,sparkme,5,1
PURE_014,sparkme,6,3
PURE_014,sparkme,7,0
PURE_014,sparkme,8,0
PURE_014,sparkme,9,0
PURE_014,sparkme,10,0
PURE_014,sparkme,11,0
PURE_014,sparkme,12,0
PURE_014,sparkme,13,0
PURE_014,sparkme,14,0
PURE_014,sparkme,15,0
PURE_014,sparkme,16,0
PURE_014,sparkme,17,0
PURE_014,sparkme,18,0
PURE_014,proposed_method,1,35
PURE_014,proposed_method,2,17
PURE_014,proposed_method,3,7
PURE_014,proposed_method,4,3
PURE_014,proposed_method,5,3
PURE_014,proposed_method,6,0
PURE_014,proposed_method,7,0
PURE_014,proposed_method,8,0
PURE_014,proposed_method,9,0
PURE_014,proposed_method,10,0
PURE_014,proposed_method,11,0
PURE_014,proposed_method,12,0
PURE_014,proposed_method,13,0
PURE_014,proposed_method,14,0
PURE_014,proposed_method,15,0
PURE_014,proposed_method,16,0
PURE_014,proposed_method,17,0
PURE_014,proposed_method,18,0
PURE_015,hashimoto,1,16
PURE_015,hashimoto,2,3
PURE_015,hashimoto,3,0
PURE_015,hashimoto,4,0
PURE_015,hashimoto,5,0
PURE_015,hashimoto,6,0
PURE_015,hashimoto,7,0
PURE_015,hashimoto,8,0
PURE_015,hashimoto,9,0
PURE_015,hashimoto,10,0
PURE_015,hashimoto,11,0
PURE_015,hashimoto,12,0
PURE_015,hashimoto,13,0
PURE_015,hashimoto,14,0
PURE_015,hashimoto,15,0
PURE_015,hashimoto,16,0
PURE_015,hashimoto,17,0
PURE_015,hashimoto,18,0
PURE_015,llmrei-long,1,22
PURE_015,llmrei-long,2,7
PURE_015,llmrei-long,3,0
PURE_015,llmrei-long,4,0
PURE_015,llmrei-long,5,0
PURE_015,llmrei-long,6,0
PURE_015,llmrei-long,7,0
PURE_015,llmrei-long,8,0
PURE_015,llmrei-long,9,0
PURE_015,llmrei-long,10,0
PURE_015,llmrei-long,11,0
PURE_015,llmrei-long,12,0
PURE_015,llmrei-long,13,0
PURE_015,llmrei-long,14,0
PURE_015,llmrei-long,15,0
PURE_015,llmrei-long,16,0
PURE_015,llmrei-long,17,0
PURE_015,llmrei-long,18,0
PURE_015,sparkme,1,36
PURE_015,sparkme,2,25
PURE_015,sparkme,3,11
PURE_015,sparkme,4,2
PURE_015,sparkme,5,2
PURE_015,sparkme,6,0
PURE_015,sparkme,7,0
PURE_015,sparkme,8,0
PURE_015,sparkme,9,0
PURE_015,sparkme,10,0
PURE_015,sparkme,11,0
PURE_015,sparkme,12,0
PURE_015,sparkme,13,0
PURE_015,sparkme,14,0
PURE_015,sparkme,15,0
PURE_015,sparkme,16,0
PURE_015,sparkme,17,0
PURE_015,sparkme,18,0
PURE_015,proposed_method,1,48
PURE_015,proposed_method,2,27
PURE_015,proposed_method,3,8
PURE_015,proposed_method,4,8
PURE_015,proposed_method,5,2
PURE_015,proposed_method,6,1
PURE_015,proposed_method,7,1
PURE_015,proposed_method,8,0
PURE_015,proposed_method,9,0
PURE_015,proposed_method,10,0
PURE_015,proposed_method,11,0
PURE_015,proposed_method,12,0
PURE_015,proposed_method,13,0
PURE_015,proposed_method,14,0
PURE_015,proposed_method,15,0
PURE_015,proposed_method,16,0
PURE_015,proposed_method,17,0
PURE_015,proposed_method,18,0
PURE_016,hashimoto,1,15
PURE_016,hashimoto,2,4
PURE_016,hashimoto,3,0
PURE_016,hashimoto,4,0
PURE_016,hashimoto,5,0
PURE_016,hashimoto,6,0
PURE_016,hashimoto,7,0
PURE_016,hashimoto,8,0
PURE_016,hashimoto,9,0
PURE_016,hashimoto,10,0
PURE_016,hashimoto,11,0
PURE_016,hashimoto,12,0
PURE_016,hashimoto,13,0
PURE_016,hashimoto,14,0
PURE_016,hashimoto,15,0
PURE_016,hashimoto,16,0
PURE_016,hashimoto,17,0
PURE_016,hashimoto,18,0
PURE_016,llmrei-long,1,10
PURE_016,llmrei-long,2,4
PURE_016,llmrei-long,3,2
PURE_016,llmrei-long,4,0
PURE_016,llmrei-long,5,0
PURE_016,llmrei-long,6,0
PURE_016,llmrei-long,7,0
PURE_016,llmrei-long,8,0
PURE_016,llmrei-long,9,0
PURE_016,llmrei-long,10,0
PURE_016,llmrei-long,11,0
PURE_016,llmrei-long,12,0
PURE_016,llmrei-long,13,0
PURE_016,llmrei-long,14,0
PURE_016,llmrei-long,15,0
PURE_016,llmrei-long,16,0
PURE_016,llmrei-long,17,0
PURE_016,llmrei-long,18,0
PURE_016,sparkme,1,32
PURE_016,sparkme,2,18
PURE_016,sparkme,3,7
PURE_016,sparkme,4,4
PURE_016,sparkme,5,0
PURE_016,sparkme,6,1
PURE_016,sparkme,7,0
PURE_016,sparkme,8,0
PURE_016,sparkme,9,0
PURE_016,sparkme,10,0
PURE_016,sparkme,11,0
PURE_016,sparkme,12,0
PURE_016,sparkme,13,0
PURE_016,sparkme,14,0
PURE_016,sparkme,15,0
PURE_016,sparkme,16,0
PURE_016,sparkme,17,0
PURE_016,sparkme,18,0
PURE_016,proposed_method,1,34
PURE_016,proposed_method,2,32
PURE_016,proposed_method,3,9
PURE_016,proposed_method,4,3
PURE_016,proposed_method,5,1
PURE_016,proposed_method,6,1
PURE_016,proposed_method,7,0
PURE_016,proposed_method,8,0
PURE_016,proposed_method,9,1
PURE_016,proposed_method,10,1
PURE_016,proposed_method,11,0
PURE_016,proposed_method,12,1
PURE_016,proposed_method,13,0
PURE_016,proposed_method,14,0
PURE_016,proposed_method,15,0
PURE_016,proposed_method,16,0
PURE_016,proposed_method,17,0
PURE_016,proposed_method,18,0
PURE_017,hashimoto,1,8
PURE_017,hashimoto,2,6
PURE_017,hashimoto,3,0
PURE_017,hashimoto,4,0
PURE_017,hashimoto,5,0
PURE_017,hashimoto,6,0
PURE_017,hashimoto,7,0
PURE_017,hashimoto,8,0
PURE_017,hashimoto,9,0
PURE_017,hashimoto,10,0
PURE_017,hashimoto,11,0
PURE_017,hashimoto,12,0
PURE_017,hashimoto,13,0
PURE_017,hashimoto,14,0
PURE_017,hashimoto,15,0
PURE_017,hashimoto,16,0
PURE_017,hashimoto,17,0
PURE_017,hashimoto,18,0
PURE_017,llmrei-long,1,12
PURE_017,llmrei-long,2,3
PURE_017,llmrei-long,3,1
PURE_017,llmrei-long,4,0
PURE_017,llmrei-long,5,0
PURE_017,llmrei-long,6,0
PURE_017,llmrei-long,7,0
PURE_017,llmrei-long,8,0
PURE_017,llmrei-long,9,0
PURE_017,llmrei-long,10,0
PURE_017,llmrei-long,11,0
PURE_017,llmrei-long,12,0
PURE_017,llmrei-long,13,0
PURE_017,llmrei-long,14,0
PURE_017,llmrei-long,15,0
PURE_017,llmrei-long,16,0
PURE_017,llmrei-long,17,0
PURE_017,llmrei-long,18,0
PURE_017,sparkme,1,34
PURE_017,sparkme,2,14
PURE_017,sparkme,3,7
PURE_017,sparkme,4,0
PURE_017,sparkme,5,1
PURE_017,sparkme,6,0
PURE_017,sparkme,7,0
PURE_017,sparkme,8,1
PURE_017,sparkme,9,0
PURE_017,sparkme,10,0
PURE_017,sparkme,11,0
PURE_017,sparkme,12,0
PURE_017,sparkme,13,0
PURE_017,sparkme,14,0
PURE_017,sparkme,15,0
PURE_017,sparkme,16,0
PURE_017,sparkme,17,0
PURE_017,sparkme,18,0
PURE_017,proposed_method,1,29
PURE_017,proposed_method,2,22
PURE_017,proposed_method,3,2
PURE_017,proposed_method,4,5
PURE_017,proposed_method,5,0
PURE_017,proposed_method,6,1
PURE_017,proposed_method,7,0
PURE_017,proposed_method,8,0
PURE_017,proposed_method,9,0
PURE_017,proposed_method,10,0
PURE_017,proposed_method,11,0
PURE_017,proposed_method,12,0
PURE_017,proposed_method,13,0
PURE_017,proposed_method,14,0
PURE_017,proposed_method,15,0
PURE_017,proposed_method,16,0
PURE_017,proposed_method,17,0
PURE_017,proposed_method,18,0
PURE_018,hashimoto,1,18
PURE_018,hashimoto,2,2
PURE_018,hashimoto,3,3
PURE_018,hashimoto,4,2
PURE_018,hashimoto,5,0
PURE_018,hashimoto,6,0
PURE_018,hashimoto,7,0
PURE_018,hashimoto,8,0
PURE_018,hashimoto,9,0
PURE_018,hashimoto,10,1
PURE_018,hashimoto,11,0
PURE_018,hashimoto,12,0
PURE_018,hashimoto,13,0
PURE_018,hashimoto,14,0
PURE_018,hashimoto,15,0
PURE_018,hashimoto,16,0
PURE_018,hashimoto,17,0
PURE_018,hashimoto,18,0
PURE_018,llmrei-long,1,19
PURE_018,llmrei-long,2,2
PURE_018,llmrei-long,3,2
PURE_018,llmrei-long,4,0
PURE_018,llmrei-long,5,0
PURE_018,llmrei-long,6,0
PURE_018,llmrei-long,7,0
PURE_018,llmrei-long,8,0
PURE_018,llmrei-long,9,0
PURE_018,llmrei-long,10,0
PURE_018,llmrei-long,11,0
PURE_018,llmrei-long,12,0
PURE_018,llmrei-long,13,0
PURE_018,llmrei-long,14,0
PURE_018,llmrei-long,15,0
PURE_018,llmrei-long,16,0
PURE_018,llmrei-long,17,0
PURE_018,llmrei-long,18,0
PURE_018,sparkme,1,20
PURE_018,sparkme,2,13
PURE_018,sparkme,3,8
PURE_018,sparkme,4,2
PURE_018,sparkme,5,0
PURE_018,sparkme,6,0
PURE_018,sparkme,7,0
PURE_018,sparkme,8,0
PURE_018,sparkme,9,0
PURE_018,sparkme,10,0
PURE_018,sparkme,11,0
PURE_018,sparkme,12,0
PURE_018,sparkme,13,0
PURE_018,sparkme,14,0
PURE_018,sparkme,15,0
PURE_018,sparkme,16,0
PURE_018,sparkme,17,0
PURE_018,sparkme,18,0
PURE_018,proposed_method,1,37
PURE_018,proposed_method,2,36
PURE_018,proposed_method,3,13
PURE_018,proposed_method,4,2
PURE_018,proposed_method,5,1
PURE_018,proposed_method,6,0
PURE_018,proposed_method,7,0
PURE_018,proposed_method,8,1
PURE_018,proposed_method,9,0
PURE_018,proposed_method,10,0
PURE_018,proposed_method,11,0
PURE_018,proposed_method,12,0
PURE_018,proposed_method,13,0
PURE_018,proposed_method,14,0
PURE_018,proposed_method,15,0
PURE_018,proposed_method,16,0
PURE_018,proposed_method,17,0
PURE_018,proposed_method,18,0
PURE_019,hashimoto,1,2
PURE_019,hashimoto,2,3
PURE_019,hashimoto,3,1
PURE_019,hashimoto,4,0
PURE_019,hashimoto,5,0
PURE_019,hashimoto,6,0
PURE_019,hashimoto,7,0
PURE_019,hashimoto,8,0
PURE_019,hashimoto,9,0
PURE_019,hashimoto,10,0
PURE_019,hashimoto,11,0
PURE_019,hashimoto,12,0
PURE_019,hashimoto,13,0
PURE_019,hashimoto,14,0
PURE_019,hashimoto,15,0
PURE_019,hashimoto,16,0
PURE_019,hashimoto,17,0
PURE_019,hashimoto,18,0
PURE_019,llmrei-long,1,13
PURE_019,llmrei-long,2,3
PURE_019,llmrei-long,3,0
PURE_019,llmrei-long,4,0
PURE_019,llmrei-long,5,0
PURE_019,llmrei-long,6,0
PURE_019,llmrei-long,7,0
PURE_019,llmrei-long,8,0
PURE_019,llmrei-long,9,0
PURE_019,llmrei-long,10,0
PURE_019,llmrei-long,11,0
PURE_019,llmrei-long,12,0
PURE_019,llmrei-long,13,0
PURE_019,llmrei-long,14,0
PURE_019,llmrei-long,15,0
PURE_019,llmrei-long,16,0
PURE_019,llmrei-long,17,0
PURE_019,llmrei-long,18,0
PURE_019,sparkme,1,39
PURE_019,sparkme,2,16
PURE_019,sparkme,3,3
PURE_019,sparkme,4,0
PURE_019,sparkme,5,2
PURE_019,sparkme,6,0
PURE_019,sparkme,7,1
PURE_019,sparkme,8,0
PURE_019,sparkme,9,0
PURE_019,sparkme,10,0
PURE_019,sparkme,11,0
PURE_019,sparkme,12,0
PURE_019,sparkme,13,0
PURE_019,sparkme,14,0
PURE_019,sparkme,15,0
PURE_019,sparkme,16,0
PURE_019,sparkme,17,0
PURE_019,sparkme,18,0
PURE_019,proposed_method,1,32
PURE_019,proposed_method,2,25
PURE_019,proposed_method,3,4
PURE_019,proposed_method,4,0
PURE_019,proposed_method,5,0
PURE_019,proposed_method,6,0
PURE_019,proposed_method,7,1
PURE_019,proposed_method,8,0
PURE_019,proposed_method,9,0
PURE_019,proposed_method,10,0
PURE_019,proposed_method,11,0
PURE_019,proposed_method,12,0
PURE_019,proposed_method,13,0
PURE_019,proposed_method,14,0
PURE_019,proposed_method,15,0
PURE_019,proposed_method,16,0
PURE_019,proposed_method,17,0
PURE_019,proposed_method,18,0
PURE_020,hashimoto,1,5
PURE_020,hashimoto,2,2
PURE_020,hashimoto,3,0
PURE_020,hashimoto,4,0
PURE_020,hashimoto,5,0
PURE_020,hashimoto,6,0
PURE_020,hashimoto,7,0
PURE_020,hashimoto,8,0
PURE_020,hashimoto,9,0
PURE_020,hashimoto,10,0
PURE_020,hashimoto,11,0
PURE_020,hashimoto,12,0
PURE_020,hashimoto,13,0
PURE_020,hashimoto,14,0
PURE_020,hashimoto,15,0
PURE_020,hashimoto,16,0
PURE_020,hashimoto,17,0
PURE_020,hashimoto,18,0
PURE_020,llmrei-long,1,13
PURE_020,llmrei-long,2,1
PURE_020,llmrei-long,3,0
PURE_020,llmrei-long,4,1
PURE_020,llmrei-long,5,0
PURE_020,llmrei-long,6,0
PURE_020,llmrei-long,7,0
PURE_020,llmrei-long,8,0
PURE_020,llmrei-long,9,0
PURE_020,llmrei-long,10,0
PURE_020,llmrei-long,11,0
PURE_020,llmrei-long,12,0
PURE_020,llmrei-long,13,0
PURE_020,llmrei-long,14,0
PURE_020,llmrei-long,15,0
PURE_020,llmrei-long,16,0
PURE_020,llmrei-long,17,0
PURE_020,llmrei-long,18,0
PURE_020,sparkme,1,21
PURE_020,sparkme,2,24
PURE_020,sparkme,3,4
PURE_020,sparkme,4,1
PURE_020,sparkme,5,1
PURE_020,sparkme,6,1
PURE_020,sparkme,7,0
PURE_020,sparkme,8,0
PURE_020,sparkme,9,0
PURE_020,sparkme,10,0
PURE_020,sparkme,11,0
PURE_020,sparkme,12,0
PURE_020,sparkme,13,0
PURE_020,sparkme,14,0
PURE_020,sparkme,15,0
PURE_020,sparkme,16,0
PURE_020,sparkme,17,0
PURE_020,sparkme,18,0
PURE_020,proposed_method,1,28
PURE_020,proposed_method,2,24
PURE_020,proposed_method,3,1
PURE_020,proposed_method,4,3
PURE_020,proposed_method,5,0
PURE_020,proposed_method,6,1
PURE_020,proposed_method,7,1
PURE_020,proposed_method,8,0
PURE_020,proposed_method,9,0
PURE_020,proposed_method,10,0
PURE_020,proposed_method,11,0
PURE_020,proposed_method,12,0
PURE_020,proposed_method,13,0
PURE_020,proposed_method,14,0
PURE_020,proposed_method,15,0
PURE_020,proposed_method,16,0
PURE_020,proposed_method,17,0
PURE_020,proposed_method,18,0
PURE_021,hashimoto,1,12
PURE_021,hashimoto,2,2
PURE_021,hashimoto,3,0
PURE_021,hashimoto,4,1
PURE_021,hashimoto,5,0
PURE_021,hashimoto,6,0
PURE_021,hashimoto,7,0
PURE_021,hashimoto,8,1
PURE_021,hashimoto,9,0
PURE_021,hashimoto,10,0
PURE_021,hashimoto,11,0
PURE_021,hashimoto,12,0
PURE_021,hashimoto,13,0
PURE_021,hashimoto,14,0
PURE_021,hashimoto,15,0
PURE_021,hashimoto,16,0
PURE_021,hashimoto,17,0
PURE_021,hashimoto,18,0
PURE_021,llmrei-long,1,8
PURE_021,llmrei-long,2,1
PURE_021,llmrei-long,3,0
PURE_021,llmrei-long,4,0
PURE_021,llmrei-long,5,0
PURE_021,llmrei-long,6,0
PURE_021,llmrei-long,7,0
PURE_021,llmrei-long,8,0
PURE_021,llmrei-long,9,0
PURE_021,llmrei-long,10,0
PURE_021,llmrei-long,11,0
PURE_021,llmrei-long,12,0
PURE_021,llmrei-long,13,0
PURE_021,llmrei-long,14,0
PURE_021,llmrei-long,15,0
PURE_021,llmrei-long,16,0
PURE_021,llmrei-long,17,0
PURE_021,llmrei-long,18,0
PURE_021,sparkme,1,21
PURE_021,sparkme,2,12
PURE_021,sparkme,3,5
PURE_021,sparkme,4,0
PURE_021,sparkme,5,0
PURE_021,sparkme,6,0
PURE_021,sparkme,7,0
PURE_021,sparkme,8,0
PURE_021,sparkme,9,0
PURE_021,sparkme,10,0
PURE_021,sparkme,11,0
PURE_021,sparkme,12,0
PURE_021,sparkme,13,0
PURE_021,sparkme,14,0
PURE_021,sparkme,15,0
PURE_021,sparkme,16,0
PURE_021,sparkme,17,0
PURE_021,sparkme,18,0
PURE_021,proposed_method,1,14
PURE_021,proposed_method,2,11
PURE_021,proposed_method,3,3
PURE_021,proposed_method,4,2
PURE_021,proposed_method,5,2
PURE_021,proposed_method,6,0
PURE_021,proposed_method,7,0
PURE_021,proposed_method,8,0
PURE_021,proposed_method,9,0
PURE_021,proposed_method,10,0
PURE_021,proposed_method,11,0
PURE_021,proposed_method,12,0
PURE_021,proposed_method,13,0
PURE_021,proposed_method,14,0
PURE_021,proposed_method,15,0
PURE_021,proposed_method,16,0
PURE_021,proposed_method,17,0
PURE_021,proposed_method,18,0
PURE_022,hashimoto,1,11
PURE_022,hashimoto,2,3
PURE_022,hashimoto,3,1
PURE_022,hashimoto,4,1
PURE_022,hashimoto,5,0
PURE_022,hashimoto,6,1
PURE_022,hashimoto,7,0
PURE_022,hashimoto,8,0
PURE_022,hashimoto,9,0
PURE_022,hashimoto,10,0
PURE_022,hashimoto,11,0
PURE_022,hashimoto,12,0
PURE_022,hashimoto,13,0
PURE_022,hashimoto,14,0
PURE_022,hashimoto,15,0
PURE_022,hashimoto,16,0
PURE_022,hashimoto,17,0
PURE_022,hashimoto,18,0
PURE_022,llmrei-long,1,17
PURE_022,llmrei-long,2,6
PURE_022,llmrei-long,3,1
PURE_022,llmrei-long,4,0
PURE_022,llmrei-long,5,0
PURE_022,llmrei-long,6,1
PURE_022,llmrei-long,7,0
PURE_022,llmrei-long,8,0
PURE_022,llmrei-long,9,0
PURE_022,llmrei-long,10,0
PURE_022,llmrei-long,11,0
PURE_022,llmrei-long,12,0
PURE_022,llmrei-long,13,0
PURE_022,llmrei-long,14,0
PURE_022,llmrei-long,15,0
PURE_022,llmrei-long,16,0
PURE_022,llmrei-long,17,0
PURE_022,llmrei-long,18,0
PURE_022,sparkme,1,28
PURE_022,sparkme,2,18
PURE_022,sparkme,3,6
PURE_022,sparkme,4,2
PURE_022,sparkme,5,1
PURE_022,sparkme,6,0
PURE_022,sparkme,7,0
PURE_022,sparkme,8,0
PURE_022,sparkme,9,0
PURE_022,sparkme,10,0
PURE_022,sparkme,11,0
PURE_022,sparkme,12,0
PURE_022,sparkme,13,0
PURE_022,sparkme,14,0
PURE_022,sparkme,15,0
PURE_022,sparkme,16,0
PURE_022,sparkme,17,0
PURE_022,sparkme,18,0
PURE_022,proposed_method,1,38
PURE_022,proposed_method,2,5
PURE_022,proposed_method,3,8
PURE_022,proposed_method,4,1
PURE_022,proposed_method,5,0
PURE_022,proposed_method,6,0
PURE_022,proposed_method,7,0
PURE_022,proposed_method,8,0
PURE_022,proposed_method,9,0
PURE_022,proposed_method,10,0
PURE_022,proposed_method,11,0
PURE_022,proposed_method,12,0
PURE_022,proposed_method,13,0
PURE_022,proposed_method,14,0
PURE_022,proposed_method,15,0
PURE_022,proposed_method,16,0
PURE_022,proposed_method,17,0
PURE_022,proposed_method,18,0
PURE_023,hashimoto,1,9
PURE_023,hashimoto,2,4
PURE_023,hashimoto,3,0
PURE_023,hashimoto,4,1
PURE_023,hashimoto,5,0
PURE_023,hashimoto,6,0
PURE_023,hashimoto,7,0
PURE_023,hashimoto,8,0
PURE_023,hashimoto,9,0
PURE_023,hashimoto,10,0
PURE_023,hashimoto,11,0
PURE_023,hashimoto,12,0
PURE_023,hashimoto,13,0
PURE_023,hashimoto,14,0
PURE_023,hashimoto,15,0
PURE_023,hashimoto,16,0
PURE_023,hashimoto,17,0
PURE_023,hashimoto,18,0
PURE_023,llmrei-long,1,18
PURE_023,llmrei-long,2,3
PURE_023,llmrei-long,3,1
PURE_023,llmrei-long,4,1
PURE_023,llmrei-long,5,0
PURE_023,llmrei-long,6,1
PURE_023,llmrei-long,7,0
PURE_023,llmrei-long,8,0
PURE_023,llmrei-long,9,0
PURE_023,llmrei-long,10,0
PURE_023,llmrei-long,11,0
PURE_023,llmrei-long,12,0
PURE_023,llmrei-long,13,0
PURE_023,llmrei-long,14,0
PURE_023,llmrei-long,15,0
PURE_023,llmrei-long,16,0
PURE_023,llmrei-long,17,0
PURE_023,llmrei-long,18,0
PURE_023,sparkme,1,34
PURE_023,sparkme,2,17
PURE_023,sparkme,3,6
PURE_023,sparkme,4,5
PURE_023,sparkme,5,2
PURE_023,sparkme,6,1
PURE_023,sparkme,7,0
PURE_023,sparkme,8,0
PURE_023,sparkme,9,0
PURE_023,sparkme,10,0
PURE_023,sparkme,11,0
PURE_023,sparkme,12,0
PURE_023,sparkme,13,0
PURE_023,sparkme,14,1
PURE_023,sparkme,15,0
PURE_023,sparkme,16,0
PURE_023,sparkme,17,0
PURE_023,sparkme,18,0
PURE_023,proposed_method,1,45
PURE_023,proposed_method,2,30
PURE_023,proposed_method,3,14
PURE_023,proposed_method,4,4
PURE_023,proposed_method,5,1
PURE_023,proposed_method,6,0
PURE_023,proposed_method,7,0
PURE_023,proposed_method,8,3
PURE_023,proposed_method,9,1
PURE_023,proposed_method,10,0
PURE_023,proposed_method,11,0
PURE_023,proposed_method,12,1
PURE_023,proposed_method,13,0
PURE_023,proposed_method,14,0
PURE_023,proposed_method,15,0
PURE_023,proposed_method,16,0
PURE_023,proposed_method,17,0
PURE_023,proposed_method,18,0
PURE_024,hashimoto,1,11
PURE_024,hashimoto,2,0
PURE_024,hashimoto,3,0
PURE_024,hashimoto,4,0
PURE_024,hashimoto,5,0
PURE_024,hashimoto,6,0
PURE_024,hashimoto,7,0
PURE_024,hashimoto,8,0
PURE_024,hashimoto,9,0
PURE_024,hashimoto,10,0
PURE_024,hashimoto,11,0
PURE_024,hashimoto,12,0
PURE_024,hashimoto,13,0
PURE_024,hashimoto,14,0
PURE_024,hashimoto,15,0
PURE_024,hashimoto,16,0
PURE_024,hashimoto,17,0
PURE_024,hashimoto,18,0
PURE_024,llmrei-long,1,8
PURE_024,llmrei-long,2,10
PURE_024,llmrei-long,3,1
PURE_024,llmrei-long,4,1
PURE_024,llmrei-long,5,0
PURE_024,llmrei-long,6,0
PURE_024,llmrei-long,7,0
PURE_024,llmrei-long,8,0
PURE_024,llmrei-long,9,0
PURE_024,llmrei-long,10,0
PURE_024,llmrei-long,11,0
PURE_024,llmrei-long,12,0
PURE_024,llmrei-long,13,0
PURE_024,llmrei-long,14,0
PURE_024,llmrei-long,15,0
PURE_024,llmrei-long,16,0
PURE_024,llmrei-long,17,0
PURE_024,llmrei-long,18,0
PURE_024,sparkme,1,42
PURE_024,sparkme,2,19
PURE_024,sparkme,3,6
PURE_024,sparkme,4,1
PURE_024,sparkme,5,1
PURE_024,sparkme,6,0
PURE_024,sparkme,7,0
PURE_024,sparkme,8,0
PURE_024,sparkme,9,0
PURE_024,sparkme,10,0
PURE_024,sparkme,11,0
PURE_024,sparkme,12,0
PURE_024,sparkme,13,0
PURE_024,sparkme,14,0
PURE_024,sparkme,15,0
PURE_024,sparkme,16,0
PURE_024,sparkme,17,0
PURE_024,sparkme,18,0
PURE_024,proposed_method,1,52
PURE_024,proposed_method,2,21
PURE_024,proposed_method,3,10
PURE_024,proposed_method,4,3
PURE_024,proposed_method,5,1
PURE_024,proposed_method,6,0
PURE_024,proposed_method,7,1
PURE_024,proposed_method,8,1
PURE_024,proposed_method,9,1
PURE_024,proposed_method,10,0
PURE_024,proposed_method,11,0
PURE_024,proposed_method,12,0
PURE_024,proposed_method,13,0
PURE_024,proposed_method,14,0
PURE_024,proposed_method,15,0
PURE_024,proposed_method,16,0
PURE_024,proposed_method,17,0
PURE_024,proposed_method,18,0
PURE_025,hashimoto,1,4
PURE_025,hashimoto,2,1
PURE_025,hashimoto,3,1
PURE_025,hashimoto,4,0
PURE_025,hashimoto,5,0
PURE_025,hashimoto,6,0
PURE_025,hashimoto,7,0
PURE_025,hashimoto,8,0
PURE_025,hashimoto,9,0
PURE_025,hashimoto,10,0
PURE_025,hashimoto,11,0
PURE_025,hashimoto,12,0
PURE_025,hashimoto,13,0
PURE_025,hashimoto,14,0
PURE_025,hashimoto,15,0
PURE_025,hashimoto,16,0
PURE_025,hashimoto,17,0
PURE_025,hashimoto,18,0
PURE_025,llmrei-long,1,13
PURE_025,llmrei-long,2,4
PURE_025,llmrei-long,3,1
PURE_025,llmrei-long,4,2
PURE_025,llmrei-long,5,0
PURE_025,llmrei-long,6,1
PURE_025,llmrei-long,7,0
PURE_025,llmrei-long,8,0
PURE_025,llmrei-long,9,0
PURE_025,llmrei-long,10,0
PURE_025,llmrei-long,11,0
PURE_025,llmrei-long,12,0
PURE_025,llmrei-long,13,0
PURE_025,llmrei-long,14,0
PURE_025,llmrei-long,15,0
PURE_025,llmrei-long,16,0
PURE_025,llmrei-long,17,0
PURE_025,llmrei-long,18,0
PURE_025,sparkme,1,30
PURE_025,sparkme,2,22
PURE_025,sparkme,3,7
PURE_025,sparkme,4,2
PURE_025,sparkme,5,0
PURE_025,sparkme,6,0
PURE_025,sparkme,7,0
PURE_025,sparkme,8,0
PURE_025,sparkme,9,0
PURE_025,sparkme,10,0
PURE_025,sparkme,11,0
PURE_025,sparkme,12,0
PURE_025,sparkme,13,0
PURE_025,sparkme,14,0
PURE_025,sparkme,15,0
PURE_025,sparkme,16,0
PURE_025,sparkme,17,0
PURE_025,sparkme,18,0
PURE_025,proposed_method,1,37
PURE_025,proposed_method,2,11
PURE_025,proposed_method,3,6
PURE_025,proposed_method,4,0
PURE_025,proposed_method,5,1
PURE_025,proposed_method,6,0
PURE_025,proposed_method,7,0
PURE_025,proposed_method,8,0
PURE_025,proposed_method,9,0
PURE_025,proposed_method,10,0
PURE_025,proposed_method,11,0
PURE_025,proposed_method,12,0
PURE_025,proposed_method,13,0
PURE_025,proposed_method,14,0
PURE_025,proposed_method,15,0
PURE_025,proposed_method,16,0
PURE_025,proposed_method,17,0
PURE_025,proposed_method,18,0
PURE_026,hashimoto,1,4
PURE_026,hashimoto,2,0
PURE_026,hashimoto,3,1
PURE_026,hashimoto,4,0
PURE_026,hashimoto,5,0
PURE_026,hashimoto,6,0
PURE_026,hashimoto,7,0
PURE_026,hashimoto,8,0
PURE_026,hashimoto,9,0
PURE_026,hashimoto,10,0
PURE_026,hashimoto,11,0
PURE_026,hashimoto,12,0
PURE_026,hashimoto,13,0
PURE_026,hashimoto,14,0
PURE_026,hashimoto,15,0
PURE_026,hashimoto,16,0
PURE_026,hashimoto,17,0
PURE_026,hashimoto,18,0
PURE_026,llmrei-long,1,20
PURE_026,llmrei-long,2,3
PURE_026,llmrei-long,3,0
PURE_026,llmrei-long,4,0
PURE_026,llmrei-long,5,0
PURE_026,llmrei-long,6,0
PURE_026,llmrei-long,7,0
PURE_026,llmrei-long,8,0
PURE_026,llmrei-long,9,0
PURE_026,llmrei-long,10,1
PURE_026,llmrei-long,11,0
PURE_026,llmrei-long,12,0
PURE_026,llmrei-long,13,0
PURE_026,llmrei-long,14,0
PURE_026,llmrei-long,15,0
PURE_026,llmrei-long,16,0
PURE_026,llmrei-long,17,0
PURE_026,llmrei-long,18,0
PURE_026,sparkme,1,35
PURE_026,sparkme,2,24
PURE_026,sparkme,3,9
PURE_026,sparkme,4,1
PURE_026,sparkme,5,1
PURE_026,sparkme,6,0
PURE_026,sparkme,7,0
PURE_026,sparkme,8,0
PURE_026,sparkme,9,0
PURE_026,sparkme,10,0
PURE_026,sparkme,11,0
PURE_026,sparkme,12,0
PURE_026,sparkme,13,0
PURE_026,sparkme,14,0
PURE_026,sparkme,15,0
PURE_026,sparkme,16,0
PURE_026,sparkme,17,0
PURE_026,sparkme,18,0
PURE_026,proposed_method,1,46
PURE_026,proposed_method,2,14
PURE_026,proposed_method,3,8
PURE_026,proposed_method,4,2
PURE_026,proposed_method,5,2
PURE_026,proposed_method,6,0
PURE_026,proposed_method,7,0
PURE_026,proposed_method,8,0
PURE_026,proposed_method,9,0
PURE_026,proposed_method,10,0
PURE_026,proposed_method,11,0
PURE_026,proposed_method,12,0
PURE_026,proposed_method,13,0
PURE_026,proposed_method,14,0
PURE_026,proposed_method,15,0
PURE_026,proposed_method,16,0
PURE_026,proposed_method,17,0
PURE_026,proposed_method,18,0
PURE_027,hashimoto,1,5
PURE_027,hashimoto,2,1
PURE_027,hashimoto,3,0
PURE_027,hashimoto,4,0
PURE_027,hashimoto,5,0
PURE_027,hashimoto,6,0
PURE_027,hashimoto,7,0
PURE_027,hashimoto,8,0
PURE_027,hashimoto,9,0
PURE_027,hashimoto,10,0
PURE_027,hashimoto,11,0
PURE_027,hashimoto,12,0
PURE_027,hashimoto,13,0
PURE_027,hashimoto,14,0
PURE_027,hashimoto,15,0
PURE_027,hashimoto,16,0
PURE_027,hashimoto,17,0
PURE_027,hashimoto,18,0
PURE_027,llmrei-long,1,21
PURE_027,llmrei-long,2,4
PURE_027,llmrei-long,3,1
PURE_027,llmrei-long,4,0
PURE_027,llmrei-long,5,0
PURE_027,llmrei-long,6,0
PURE_027,llmrei-long,7,0
PURE_027,llmrei-long,8,0
PURE_027,llmrei-long,9,0
PURE_027,llmrei-long,10,0
PURE_027,llmrei-long,11,0
PURE_027,llmrei-long,12,0
PURE_027,llmrei-long,13,0
PURE_027,llmrei-long,14,0
PURE_027,llmrei-long,15,0
PURE_027,llmrei-long,16,0
PURE_027,llmrei-long,17,0
PURE_027,llmrei-long,18,0
PURE_027,sparkme,1,23
PURE_027,sparkme,2,12
PURE_027,sparkme,3,7
PURE_027,sparkme,4,2
PURE_027,sparkme,5,0
PURE_027,sparkme,6,1
PURE_027,sparkme,7,1
PURE_027,sparkme,8,0
PURE_027,sparkme,9,0
PURE_027,sparkme,10,0
PURE_027,sparkme,11,0
PURE_027,sparkme,12,1
PURE_027,sparkme,13,0
PURE_027,sparkme,14,0
PURE_027,sparkme,15,0
PURE_027,sparkme,16,0
PURE_027,sparkme,17,0
PURE_027,sparkme,18,0
PURE_027,proposed_method,1,44
PURE_027,proposed_method,2,18
PURE_027,proposed_method,3,13
PURE_027,proposed_method,4,6
PURE_027,proposed_method,5,2
PURE_027,proposed_method,6,0
PURE_027,proposed_method,7,1
PURE_027,proposed_method,8,0
PURE_027,proposed_method,9,0
PURE_027,proposed_method,10,0
PURE_027,proposed_method,11,0
PURE_027,proposed_method,12,0
PURE_027,proposed_method,13,1
PURE_027,proposed_method,14,0
PURE_027,proposed_method,15,0
PURE_027,proposed_method,16,0
PURE_027,proposed_method,17,0
PURE_027,proposed_method,18,0
PURE_028,hashimoto,1,3
PURE_028,hashimoto,2,1
PURE_028,hashimoto,3,0
PURE_028,hashimoto,4,0
PURE_028,hashimoto,5,0
PURE_028,hashimoto,6,0
PURE_028,hashimoto,7,0
PURE_028,hashimoto,8,0
PURE_028,hashimoto,9,0
PURE_028,hashimoto,10,0
PURE_028,hashimoto,11,0
PURE_028,hashimoto,12,0
PURE_028,hashimoto,13,0
PURE_028,hashimoto,14,0
PURE_028,hashimoto,15,0
PURE_028,hashimoto,16,0
PURE_028,hashimoto,17,0
PURE_028,hashimoto,18,0
PURE_028,llmrei-long,1,6
PURE_028,llmrei-long,2,2
PURE_028,llmrei-long,3,1
PURE_028,llmrei-long,4,0
PURE_028,llmrei-long,5,0
PURE_028,llmrei-long,6,0
PURE_028,llmrei-long,7,0
PURE_028,llmrei-long,8,0
PURE_028,llmrei-long,9,0
PURE_028,llmrei-long,10,0
PURE_028,llmrei-long,11,0
PURE_028,llmrei-long,12,0
PURE_028,llmrei-long,13,0
PURE_028,llmrei-long,14,0
PURE_028,llmrei-long,15,0
PURE_028,llmrei-long,16,0
PURE_028,llmrei-long,17,0
PURE_028,llmrei-long,18,0
PURE_028,sparkme,1,17
PURE_028,sparkme,2,12
PURE_028,sparkme,3,2
PURE_028,sparkme,4,2
PURE_028,sparkme,5,2
PURE_028,sparkme,6,3
PURE_028,sparkme,7,0
PURE_028,sparkme,8,0
PURE_028,sparkme,9,0
PURE_028,sparkme,10,0
PURE_028,sparkme,11,0
PURE_028,sparkme,12,0
PURE_028,sparkme,13,0
PURE_028,sparkme,14,0
PURE_028,sparkme,15,0
PURE_028,sparkme,16,0
PURE_028,sparkme,17,0
PURE_028,sparkme,18,0
PURE_028,proposed_method,1,30
PURE_028,proposed_method,2,21
PURE_028,proposed_method,3,12
PURE_028,proposed_method,4,2
PURE_028,proposed_method,5,0
PURE_028,proposed_method,6,0
PURE_028,proposed_method,7,0
PURE_028,proposed_method,8,0
PURE_028,proposed_method,9,0
PURE_028,proposed_method,10,0
PURE_028,proposed_method,11,0
PURE_028,proposed_method,12,0
PURE_028,proposed_method,13,0
PURE_028,proposed_method,14,0
PURE_028,proposed_method,15,0
PURE_028,proposed_method,16,0
PURE_028,proposed_method,17,0
PURE_028,proposed_method,18,0
PURE_029,hashimoto,1,11
PURE_029,hashimoto,2,4
PURE_029,hashimoto,3,2
PURE_029,hashimoto,4,0
PURE_029,hashimoto,5,1
PURE_029,hashimoto,6,0
PURE_029,hashimoto,7,0
PURE_029,hashimoto,8,0
PURE_029,hashimoto,9,0
PURE_029,hashimoto,10,0
PURE_029,hashimoto,11,0
PURE_029,hashimoto,12,0
PURE_029,hashimoto,13,0
PURE_029,hashimoto,14,0
PURE_029,hashimoto,15,0
PURE_029,hashimoto,16,0
PURE_029,hashimoto,17,0
PURE_029,hashimoto,18,0
PURE_029,llmrei-long,1,20
PURE_029,llmrei-long,2,1
PURE_029,llmrei-long,3,2
PURE_029,llmrei-long,4,0
PURE_029,llmrei-long,5,0
PURE_029,llmrei-long,6,0
PURE_029,llmrei-long,7,0
PURE_029,llmrei-long,8,0
PURE_029,llmrei-long,9,0
PURE_029,llmrei-long,10,0
PURE_029,llmrei-long,11,0
PURE_029,llmrei-long,12,0
PURE_029,llmrei-long,13,0
PURE_029,llmrei-long,14,0
PURE_029,llmrei-long,15,0
PURE_029,llmrei-long,16,0
PURE_029,llmrei-long,17,0
PURE_029,llmrei-long,18,0
PURE_029,sparkme,1,26
PURE_029,sparkme,2,17
PURE_029,sparkme,3,6
PURE_029,sparkme,4,1
PURE_029,sparkme,5,0
PURE_029,sparkme,6,0
PURE_029,sparkme,7,0
PURE_029,sparkme,8,0
PURE_029,sparkme,9,0
PURE_029,sparkme,10,0
PURE_029,sparkme,11,0
PURE_029,sparkme,12,0
PURE_029,sparkme,13,0
PURE_029,sparkme,14,0
PURE_029,sparkme,15,0
PURE_029,sparkme,16,0
PURE_029,sparkme,17,0
PURE_029,sparkme,18,0
PURE_029,proposed_method,1,24
PURE_029,proposed_method,2,15
PURE_029,proposed_method,3,3
PURE_029,proposed_method,4,2
PURE_029,proposed_method,5,2
PURE_029,proposed_method,6,0
PURE_029,proposed_method,7,0
PURE_029,proposed_method,8,0
PURE_029,proposed_method,9,0
PURE_029,proposed_method,10,0
PURE_029,proposed_method,11,0
PURE_029,proposed_method,12,0
PURE_029,proposed_method,13,0
PURE_029,proposed_method,14,0
PURE_029,proposed_method,15,0
PURE_029,proposed_method,16,0
PURE_029,proposed_method,17,0
PURE_029,proposed_method,18,0
PURE_030,hashimoto,1,9
PURE_030,hashimoto,2,2
PURE_030,hashimoto,3,0
PURE_030,hashimoto,4,0
PURE_030,hashimoto,5,0
PURE_030,hashimoto,6,0
PURE_030,hashimoto,7,0
PURE_030,hashimoto,8,1
PURE_030,hashimoto,9,0
PURE_030,hashimoto,10,0
PURE_030,hashimoto,11,0
PURE_030,hashimoto,12,0
PURE_030,hashimoto,13,0
PURE_030,hashimoto,14,0
PURE_030,hashimoto,15,0
PURE_030,hashimoto,16,0
PURE_030,hashimoto,17,0
PURE_030,hashimoto,18,0
PURE_030,llmrei-long,1,12
PURE_030,llmrei-long,2,3
PURE_030,llmrei-long,3,0
PURE_030,llmrei-long,4,1
PURE_030,llmrei-long,5,0
PURE_030,llmrei-long,6,0
PURE_030,llmrei-long,7,0
PURE_030,llmrei-long,8,0
PURE_030,llmrei-long,9,0
PURE_030,llmrei-long,10,0
PURE_030,llmrei-long,11,0
PURE_030,llmrei-long,12,0
PURE_030,llmrei-long,13,0
PURE_030,llmrei-long,14,0
PURE_030,llmrei-long,15,0
PURE_030,llmrei-long,16,0
PURE_030,llmrei-long,17,0
PURE_030,llmrei-long,18,0
PURE_030,sparkme,1,29
PURE_030,sparkme,2,16
PURE_030,sparkme,3,5
PURE_030,sparkme,4,3
PURE_030,sparkme,5,1
PURE_030,sparkme,6,0
PURE_030,sparkme,7,0
PURE_030,sparkme,8,0
PURE_030,sparkme,9,0
PURE_030,sparkme,10,0
PURE_030,sparkme,11,0
PURE_030,sparkme,12,0
PURE_030,sparkme,13,0
PURE_030,sparkme,14,0
PURE_030,sparkme,15,0
PURE_030,sparkme,16,0
PURE_030,sparkme,17,0
PURE_030,sparkme,18,0
PURE_030,proposed_method,1,38
PURE_030,proposed_method,2,10
PURE_030,proposed_method,3,4
PURE_030,proposed_method,4,1
PURE_030,proposed_method,5,0
PURE_030,proposed_method,6,0
PURE_030,proposed_method,7,0
PURE_030,proposed_method,8,1
PURE_030,proposed_method,9,0
PURE_030,proposed_method,10,0
PURE_030,proposed_method,11,0
PURE_030,proposed_method,12,0
PURE_030,proposed_method,13,0
PURE_030,proposed_method,14,0
PURE_030,proposed_method,15,0
PURE_030,proposed_method,16,0
PURE_030,proposed_method,17,0
PURE_030,proposed_method,18,0
PURE_031,hashimoto,1,12
PURE_031,hashimoto,2,5
PURE_031,hashimoto,3,0
PURE_031,hashimoto,4,0
PURE_031,hashimoto,5,0
PURE_031,hashimoto,6,0
PURE_031,hashimoto,7,0
PURE_031,hashimoto,8,0
PURE_031,hashimoto,9,0
PURE_031,hashimoto,10,0
PURE_031,hashimoto,11,0
PURE_031,hashimoto,12,0
PURE_031,hashimoto,13,0
PURE_031,hashimoto,14,0
PURE_031,hashimoto,15,0
PURE_031,hashimoto,16,0
PURE_031,hashimoto,17,0
PURE_031,hashimoto,18,0
PURE_031,llmrei-long,1,15
PURE_031,llmrei-long,2,7
PURE_031,llmrei-long,3,7
PURE_031,llmrei-long,4,0
PURE_031,llmrei-long,5,0
PURE_031,llmrei-long,6,0
PURE_031,llmrei-long,7,0
PURE_031,llmrei-long,8,0
PURE_031,llmrei-long,9,0
PURE_031,llmrei-long,10,0
PURE_031,llmrei-long,11,0
PURE_031,llmrei-long,12,0
PURE_031,llmrei-long,13,0
PURE_031,llmrei-long,14,0
PURE_031,llmrei-long,15,0
PURE_031,llmrei-long,16,0
PURE_031,llmrei-long,17,0
PURE_031,llmrei-long,18,0
PURE_031,sparkme,1,16
PURE_031,sparkme,2,11
PURE_031,sparkme,3,8
PURE_031,sparkme,4,0
PURE_031,sparkme,5,1
PURE_031,sparkme,6,0
PURE_031,sparkme,7,0
PURE_031,sparkme,8,0
PURE_031,sparkme,9,0
PURE_031,sparkme,10,0
PURE_031,sparkme,11,0
PURE_031,sparkme,12,0
PURE_031,sparkme,13,0
PURE_031,sparkme,14,0
PURE_031,sparkme,15,0
PURE_031,sparkme,16,1
PURE_031,sparkme,17,0
PURE_031,sparkme,18,0
PURE_031,proposed_method,1,39
PURE_031,proposed_method,2,13
PURE_031,proposed_method,3,9
PURE_031,proposed_method,4,3
PURE_031,proposed_method,5,0
PURE_031,proposed_method,6,1
PURE_031,proposed_method,7,1
PURE_031,proposed_method,8,1
PURE_031,proposed_method,9,0
PURE_031,proposed_method,10,0
PURE_031,proposed_method,11,0
PURE_031,proposed_method,12,0
PURE_031,proposed_method,13,1
PURE_031,proposed_method,14,0
PURE_031,proposed_method,15,0
PURE_031,proposed_method,16,0
PURE_031,proposed_method,17,0
PURE_031,proposed_method,18,0
PURE_032,hashimoto,1,14
PURE_032,hashimoto,2,4
PURE_032,hashimoto,3,0
PURE_032,hashimoto,4,1
PURE_032,hashimoto,5,0
PURE_032,hashimoto,6,0
PURE_032,hashimoto,7,0
PURE_032,hashimoto,8,0
PURE_032,hashimoto,9,0
PURE_032,hashimoto,10,0
PURE_032,hashimoto,11,0
PURE_032,hashimoto,12,0
PURE_032,hashimoto,13,0
PURE_032,hashimoto,14,0
PURE_032,hashimoto,15,0
PURE_032,hashimoto,16,0
PURE_032,hashimoto,17,0
PURE_032,hashimoto,18,0
PURE_032,llmrei-long,1,16
PURE_032,llmrei-long,2,2
PURE_032,llmrei-long,3,1
PURE_032,llmrei-long,4,0
PURE_032,llmrei-long,5,0
PURE_032,llmrei-long,6,0
PURE_032,llmrei-long,7,0
PURE_032,llmrei-long,8,0
PURE_032,llmrei-long,9,0
PURE_032,llmrei-long,10,0
PURE_032,llmrei-long,11,0
PURE_032,llmrei-long,12,0
PURE_032,llmrei-long,13,0
PURE_032,llmrei-long,14,0
PURE_032,llmrei-long,15,0
PURE_032,llmrei-long,16,0
PURE_032,llmrei-long,17,0
PURE_032,llmrei-long,18,0
PURE_032,sparkme,1,46
PURE_032,sparkme,2,19
PURE_032,sparkme,3,6
PURE_032,sparkme,4,0
PURE_032,sparkme,5,0
PURE_032,sparkme,6,0
PURE_032,sparkme,7,0
PURE_032,sparkme,8,0
PURE_032,sparkme,9,0
PURE_032,sparkme,10,0
PURE_032,sparkme,11,0
PURE_032,sparkme,12,0
PURE_032,sparkme,13,0
PURE_032,sparkme,14,0
PURE_032,sparkme,15,0
PURE_032,sparkme,16,0
PURE_032,sparkme,17,0
PURE_032,sparkme,18,0
PURE_032,proposed_method,1,38
PURE_032,proposed_method,2,12
PURE_032,proposed_method,3,6
PURE_032,proposed_method,4,4
PURE_032,proposed_method,5,1
PURE_032,proposed_method,6,2
PURE_032,proposed_method,7,0
PURE_032,proposed_method,8,0
PURE_032,proposed_method,9,1
PURE_032,proposed_method,10,0
PURE_032,proposed_method,11,0
PURE_032,proposed_method,12,1
PURE_032,proposed_method,13,0
PURE_032,proposed_method,14,0
PURE_032,proposed_method,15,0
PURE_032,proposed_method,16,0
PURE_032,proposed_method,17,0
PURE_032,proposed_method,18,0
PURE_033,hashimoto,1,2
PURE_033,hashimoto,2,3
PURE_033,hashimoto,3,1
PURE_033,hashimoto,4,0
PURE_033,hashimoto,5,0
PURE_033,hashimoto,6,1
PURE_033,hashimoto,7,0
PURE_033,hashimoto,8,0
PURE_033,hashimoto,9,0
PURE_033,hashimoto,10,0
PURE_033,hashimoto,11,0
PURE_033,hashimoto,12,0
PURE_033,hashimoto,13,0
PURE_033,hashimoto,14,0
PURE_033,hashimoto,15,0
PURE_033,hashimoto,16,0
PURE_033,hashimoto,17,0
PURE_033,hashimoto,18,0
PURE_033,llmrei-long,1,14
PURE_033,llmrei-long,2,2
PURE_033,llmrei-long,3,2
PURE_033,llmrei-long,4,0
PURE_033,llmrei-long,5,0
PURE_033,llmrei-long,6,0
PURE_033,llmrei-long,7,0
PURE_033,llmrei-long,8,0
PURE_033,llmrei-long,9,0
PURE_033,llmrei-long,10,0
PURE_033,llmrei-long,11,0
PURE_033,llmrei-long,12,0
PURE_033,llmrei-long,13,0
PURE_033,llmrei-long,14,0
PURE_033,llmrei-long,15,0
PURE_033,llmrei-long,16,0
PURE_033,llmrei-long,17,0
PURE_033,llmrei-long,18,0
PURE_033,sparkme,1,26
PURE_033,sparkme,2,9
PURE_033,sparkme,3,3
PURE_033,sparkme,4,0
PURE_033,sparkme,5,0
PURE_033,sparkme,6,0
PURE_033,sparkme,7,0
PURE_033,sparkme,8,1
PURE_033,sparkme,9,0
PURE_033,sparkme,10,0
PURE_033,sparkme,11,0
PURE_033,sparkme,12,0
PURE_033,sparkme,13,0
PURE_033,sparkme,14,0
PURE_033,sparkme,15,0
PURE_033,sparkme,16,0
PURE_033,sparkme,17,0
PURE_033,sparkme,18,0
PURE_033,proposed_method,1,28
PURE_033,proposed_method,2,13
PURE_033,proposed_method,3,8
PURE_033,proposed_method,4,2
PURE_033,proposed_method,5,1
PURE_033,proposed_method,6,1
PURE_033,proposed_method,7,0
PURE_033,proposed_method,8,0
PURE_033,proposed_method,9,0
PURE_033,proposed_method,10,0
PURE_033,proposed_method,11,0
PURE_033,proposed_method,12,0
PURE_033,proposed_method,13,0
PURE_033,proposed_method,14,0
PURE_033,proposed_method,15,0
PURE_033,proposed_method,16,0
PURE_033,proposed_method,17,0
PURE_033,proposed_method,18,0
PURE_034,hashimoto,1,5
PURE_034,hashimoto,2,1
PURE_034,hashimoto,3,0
PURE_034,hashimoto,4,0
PURE_034,hashimoto,5,0
PURE_034,hashimoto,6,0
PURE_034,hashimoto,7,0
PURE_034,hashimoto,8,0
PURE_034,hashimoto,9,0
PURE_034,hashimoto,10,0
PURE_034,hashimoto,11,0
PURE_034,hashimoto,12,0
PURE_034,hashimoto,13,0
PURE_034,hashimoto,14,0
PURE_034,hashimoto,15,0
PURE_034,hashimoto,16,0
PURE_034,hashimoto,17,0
PURE_034,hashimoto,18,0
PURE_034,llmrei-long,1,16
PURE_034,llmrei-long,2,8
PURE_034,llmrei-long,3,1
PURE_034,llmrei-long,4,2
PURE_034,llmrei-long,5,1
PURE_034,llmrei-long,6,0
PURE_034,llmrei-long,7,0
PURE_034,llmrei-long,8,0
PURE_034,llmrei-long,9,0
PURE_034,llmrei-long,10,0
PURE_034,llmrei-long,11,0
PURE_034,llmrei-long,12,0
PURE_034,llmrei-long,13,0
PURE_034,llmrei-long,14,0
PURE_034,llmrei-long,15,0
PURE_034,llmrei-long,16,0
PURE_034,llmrei-long,17,0
PURE_034,llmrei-long,18,0
PURE_034,sparkme,1,21
PURE_034,sparkme,2,19
PURE_034,sparkme,3,5
PURE_034,sparkme,4,1
PURE_034,sparkme,5,0
PURE_034,sparkme,6,0
PURE_034,sparkme,7,2
PURE_034,sparkme,8,0
PURE_034,sparkme,9,0
PURE_034,sparkme,10,0
PURE_034,sparkme,11,0
PURE_034,sparkme,12,0
PURE_034,sparkme,13,0
PURE_034,sparkme,14,0
PURE_034,sparkme,15,0
PURE_034,sparkme,16,0
PURE_034,sparkme,17,0
PURE_034,sparkme,18,0
PURE_034,proposed_method,1,35
PURE_034,proposed_method,2,17
PURE_034,proposed_method,3,9
PURE_034,proposed_method,4,3
PURE_034,proposed_method,5,2
PURE_034,proposed_method,6,0
PURE_034,proposed_method,7,2
PURE_034,proposed_method,8,1
PURE_034,proposed_method,9,0
PURE_034,proposed_method,10,0
PURE_034,proposed_method,11,1
PURE_034,proposed_method,12,0
PURE_034,proposed_method,13,0
PURE_034,proposed_method,14,0
PURE_034,proposed_method,15,0
PURE_034,proposed_method,16,0
PURE_034,proposed_method,17,0
PURE_034,proposed_method,18,0
PURE_035,hashimoto,1,9
PURE_035,hashimoto,2,1
PURE_035,hashimoto,3,3
PURE_035,hashimoto,4,1
PURE_035,hashimoto,5,0
PURE_035,hashimoto,6,0
PURE_035,hashimoto,7,1
PURE_035,hashimoto,8,0
PURE_035,hashimoto,9,0
PURE_035,hashimoto,10,0
PURE_035,hashimoto,11,0
PURE_035,hashimoto,12,0
PURE_035,hashimoto,13,0
PURE_035,hashimoto,14,0
PURE_035,hashimoto,15,0
PURE_035,hashimoto,16,0
PURE_035,hashimoto,17,0
PURE_035,hashimoto,18,0
PURE_035,llmrei-long,1,6
PURE_035,llmrei-long,2,2
PURE_035,llmrei-long,3,1
PURE_035,llmrei-long,4,0
PURE_035,llmrei-long,5,0
PURE_035,llmrei-long,6,0
PURE_035,llmrei-long,7,0
PURE_035,llmrei-long,8,0
PURE_035,llmrei-long,9,0
PURE_035,llmrei-long,10,0
PURE_035,llmrei-long,11,0
PURE_035,llmrei-long,12,0
PURE_035,llmrei-long,13,0
PURE_035,llmrei-long,14,0
PURE_035,llmrei-long,15,0
PURE_035,llmrei-long,16,0
PURE_035,llmrei-long,17,0
PURE_035,llmrei-long,18,0
PURE_035,sparkme,1,30
PURE_035,sparkme,2,14
PURE_035,sparkme,3,5
PURE_035,sparkme,4,3
PURE_035,sparkme,5,1
PURE_035,sparkme,6,1
PURE_035,sparkme,7,0
PURE_035,sparkme,8,0
PURE_035,sparkme,9,0
PURE_035,sparkme,10,0
PURE_035,sparkme,11,0
PURE_035,sparkme,12,0
PURE_035,sparkme,13,0
PURE_035,sparkme,14,1
PURE_035,sparkme,15,0
PURE_035,sparkme,16,0
PURE_035,sparkme,17,0
PURE_035,sparkme,18,0
PURE_035,proposed_method,1,29
PURE_035,proposed_method,2,16
PURE_035,proposed_method,3,5
PURE_035,proposed_method,4,5
PURE_035,proposed_method,5,1
PURE_035,proposed_method,6,1
PURE_035,proposed_method,7,2
PURE_035,proposed_method,8,0
PURE_035,proposed_method,9,0
PURE_035,proposed_method,10,0
PURE_035,proposed_method,11,0
PURE_035,proposed_method,12,0
PURE_035,proposed_method,13,0
PURE_035,proposed_method,14,1
PURE_035,proposed_method,15,0
PURE_035,proposed_method,16,0
PURE_035,proposed_method,17,0
PURE_035,proposed_method,18,0
PURE_036,hashimoto,1,8
PURE_036,hashimoto,2,4
PURE_036,hashimoto,3,0
PURE_036,hashimoto,4,0
PURE_036,hashimoto,5,0
PURE_036,hashimoto,6,0
PURE_036,hashimoto,7,0
PURE_036,hashimoto,8,0
PURE_036,hashimoto,9,0
PURE_036,hashimoto,10,0
PURE_036,hashimoto,11,0
PURE_036,hashimoto,12,0
PURE_036,hashimoto,13,0
PURE_036,hashimoto,14,0
PURE_036,hashimoto,15,0
PURE_036,hashimoto,16,0
PURE_036,hashimoto,17,0
PURE_036,hashimoto,18,0
PURE_036,llmrei-long,1,17
PURE_036,llmrei-long,2,1
PURE_036,llmrei-long,3,0
PURE_036,llmrei-long,4,1
PURE_036,llmrei-long,5,0
PURE_036,llmrei-long,6,0
PURE_036,llmrei-long,7,0
PURE_036,llmrei-long,8,0
PURE_036,llmrei-long,9,0
PURE_036,llmrei-long,10,0
PURE_036,llmrei-long,11,0
PURE_036,llmrei-long,12,0
PURE_036,llmrei-long,13,0
PURE_036,llmrei-long,14,0
PURE_036,llmrei-long,15,0
PURE_036,llmrei-long,16,0
PURE_036,llmrei-long,17,0
PURE_036,llmrei-long,18,0
PURE_036,sparkme,1,34
PURE_036,sparkme,2,13
PURE_036,sparkme,3,4
PURE_036,sparkme,4,2
PURE_036,sparkme,5,0
PURE_036,sparkme,6,0
PURE_036,sparkme,7,1
PURE_036,sparkme,8,0
PURE_036,sparkme,9,0
PURE_036,sparkme,10,0
PURE_036,sparkme,11,0
PURE_036,sparkme,12,0
PURE_036,sparkme,13,0
PURE_036,sparkme,14,0
PURE_036,sparkme,15,0
PURE_036,sparkme,16,0
PURE_036,sparkme,17,0
PURE_036,sparkme,18,0
PURE_036,proposed_method,1,23
PURE_036,proposed_method,2,16
PURE_036,proposed_method,3,8
PURE_036,proposed_method,4,2
PURE_036,proposed_method,5,2
PURE_036,proposed_method,6,0
PURE_036,proposed_method,7,0
PURE_036,proposed_method,8,0
PURE_036,proposed_method,9,1
PURE_036,proposed_method,10,0
PURE_036,proposed_method,11,0
PURE_036,proposed_method,12,0
PURE_036,proposed_method,13,0
PURE_036,proposed_method,14,0
PURE_036,proposed_method,15,0
PURE_036,proposed_method,16,0
PURE_036,proposed_method,17,0
PURE_036,proposed_method,18,0
PURE_037,hashimoto,1,5
PURE_037,hashimoto,2,2
PURE_037,hashimoto,3,0
PURE_037,hashimoto,4,0
PURE_037,hashimoto,5,0
PURE_037,hashimoto,6,0
PURE_037,hashimoto,7,0
PURE_037,hashimoto,8,0
PURE_037,hashimoto,9,0
PURE_037,hashimoto,10,0
PURE_037,hashimoto,11,0
PURE_037,hashimoto,12,0
PURE_037,hashimoto,13,0
PURE_037,hashimoto,14,0
PURE_037,hashimoto,15,0
PURE_037,hashimoto,16,0
PURE_037,hashimoto,17,0
PURE_037,hashimoto,18,0
PURE_037,llmrei-long,1,6
PURE_037,llmrei-long,2,6
PURE_037,llmrei-long,3,0
PURE_037,llmrei-long,4,0
PURE_037,llmrei-long,5,0
PURE_037,llmrei-long,6,0
PURE_037,llmrei-long,7,0
PURE_037,llmrei-long,8,0
PURE_037,llmrei-long,9,0
PURE_037,llmrei-long,10,0
PURE_037,llmrei-long,11,0
PURE_037,llmrei-long,12,0
PURE_037,llmrei-long,13,0
PURE_037,llmrei-long,14,0
PURE_037,llmrei-long,15,0
PURE_037,llmrei-long,16,0
PURE_037,llmrei-long,17,0
PURE_037,llmrei-long,18,0
PURE_037,sparkme,1,29
PURE_037,sparkme,2,16
PURE_037,sparkme,3,5
PURE_037,sparkme,4,1
PURE_037,sparkme,5,0
PURE_037,sparkme,6,0
PURE_037,sparkme,7,0
PURE_037,sparkme,8,0
PURE_037,sparkme,9,0
PURE_037,sparkme,10,0
PURE_037,sparkme,11,0
PURE_037,sparkme,12,0
PURE_037,sparkme,13,0
PURE_037,sparkme,14,0
PURE_037,sparkme,15,0
PURE_037,sparkme,16,0
PURE_037,sparkme,17,0
PURE_037,sparkme,18,0
PURE_037,proposed_method,1,34
PURE_037,proposed_method,2,21
PURE_037,proposed_method,3,10
PURE_037,proposed_method,4,4
PURE_037,proposed_method,5,1
PURE_037,proposed_method,6,0
PURE_037,proposed_method,7,0
PURE_037,proposed_method,8,0
PURE_037,proposed_method,9,0
PURE_037,proposed_method,10,0
PURE_037,proposed_method,11,0
PURE_037,proposed_method,12,0
PURE_037,proposed_method,13,0
PURE_037,proposed_method,14,0
PURE_037,proposed_method,15,0
PURE_037,proposed_method,16,0
PURE_037,proposed_method,17,0
PURE_037,proposed_method,18,0
PURE_038,hashimoto,1,5
PURE_038,hashimoto,2,0
PURE_038,hashimoto,3,0
PURE_038,hashimoto,4,0
PURE_038,hashimoto,5,0
PURE_038,hashimoto,6,0
PURE_038,hashimoto,7,0
PURE_038,hashimoto,8,0
PURE_038,hashimoto,9,0
PURE_038,hashimoto,10,0
PURE_038,hashimoto,11,0
PURE_038,hashimoto,12,0
PURE_038,hashimoto,13,0
PURE_038,hashimoto,14,0
PURE_038,hashimoto,15,0
PURE_038,hashimoto,16,0
PURE_038,hashimoto,17,0
PURE_038,hashimoto,18,0
PURE_038,llmrei-long,1,14
PURE_038,llmrei-long,2,3
PURE_038,llmrei-long,3,1
PURE_038,llmrei-long,4,1
PURE_038,llmrei-long,5,0
PURE_038,llmrei-long,6,0
PURE_038,llmrei-long,7,0
PURE_038,llmrei-long,8,0
PURE_038,llmrei-long,9,0
PURE_038,llmrei-long,10,0
PURE_038,llmrei-long,11,0
PURE_038,llmrei-long,12,0
PURE_038,llmrei-long,13,0
PURE_038,llmrei-long,14,0
PURE_038,llmrei-long,15,0
PURE_038,llmrei-long,16,0
PURE_038,llmrei-long,17,0
PURE_038,llmrei-long,18,0
PURE_038,sparkme,1,18
PURE_038,sparkme,2,16
PURE_038,sparkme,3,4
PURE_038,sparkme,4,0
PURE_038,sparkme,5,0
PURE_038,sparkme,6,0
PURE_038,sparkme,7,0
PURE_038,sparkme,8,0
PURE_038,sparkme,9,0
PURE_038,sparkme,10,0
PURE_038,sparkme,11,0
PURE_038,sparkme,12,0
PURE_038,sparkme,13,0
PURE_038,sparkme,14,0
PURE_038,sparkme,15,0
PURE_038,sparkme,16,0
PURE_038,sparkme,17,0
PURE_038,sparkme,18,0
PURE_038,proposed_method,1,30
PURE_038,proposed_method,2,23
PURE_038,proposed_method,3,3
PURE_038,proposed_method,4,2
PURE_038,proposed_method,5,1
PURE_038,proposed_method,6,1
PURE_038,proposed_method,7,1
PURE_038,proposed_method,8,0
PURE_038,proposed_method,9,1
PURE_038,proposed_method,10,0
PURE_038,proposed_method,11,0
PURE_038,proposed_method,12,0
PURE_038,proposed_method,13,0
PURE_038,proposed_method,14,0
PURE_038,proposed_method,15,0
PURE_038,proposed_method,16,0
PURE_038,proposed_method,17,0
PURE_038,proposed_method,18,0
PURE_039,hashimoto,1,10
PURE_039,hashimoto,2,4
PURE_039,hashimoto,3,0
PURE_039,hashimoto,4,1
PURE_039,hashimoto,5,0
PURE_039,hashimoto,6,0
PURE_039,hashimoto,7,0
PURE_039,hashimoto,8,0
PURE_039,hashimoto,9,0
PURE_039,hashimoto,10,0
PURE_039,hashimoto,11,0
PURE_039,hashimoto,12,0
PURE_039,hashimoto,13,0
PURE_039,hashimoto,14,0
PURE_039,hashimoto,15,0
PURE_039,hashimoto,16,0
PURE_039,hashimoto,17,0
PURE_039,hashimoto,18,0
PURE_039,llmrei-long,1,8
PURE_039,llmrei-long,2,1
PURE_039,llmrei-long,3,1
PURE_039,llmrei-long,4,0
PURE_039,llmrei-long,5,0
PURE_039,llmrei-long,6,0
PURE_039,llmrei-long,7,0
PURE_039,llmrei-long,8,0
PURE_039,llmrei-long,9,0
PURE_039,llmrei-long,10,0
PURE_039,llmrei-long,11,0
PURE_039,llmrei-long,12,0
PURE_039,llmrei-long,13,0
PURE_039,llmrei-long,14,0
PURE_039,llmrei-long,15,0
PURE_039,llmrei-long,16,0
PURE_039,llmrei-long,17,0
PURE_039,llmrei-long,18,0
PURE_039,sparkme,1,21
PURE_039,sparkme,2,11
PURE_039,sparkme,3,4
PURE_039,sparkme,4,0
PURE_039,sparkme,5,0
PURE_039,sparkme,6,0
PURE_039,sparkme,7,0
PURE_039,sparkme,8,0
PURE_039,sparkme,9,0
PURE_039,sparkme,10,0
PURE_039,sparkme,11,0
PURE_039,sparkme,12,0
PURE_039,sparkme,13,0
PURE_039,sparkme,14,0
PURE_039,sparkme,15,0
PURE_039,sparkme,16,0
PURE_039,sparkme,17,0
PURE_039,sparkme,18,0
PURE_039,proposed_method,1,43
PURE_039,proposed_method,2,24
PURE_039,proposed_method,3,4
PURE_039,proposed_method,4,3
PURE_039,proposed_method,5,1
PURE_039,proposed_method,6,0
PURE_039,proposed_method,7,1
PURE_039,proposed_method,8,0
PURE_039,proposed_method,9,0
PURE_039,proposed_method,10,0
PURE_039,proposed_method,11,0
PURE_039,proposed_method,12,0
PURE_039,proposed_method,13,0
PURE_039,proposed_method,14,0
PURE_039,proposed_method,15,0
PURE_039,proposed_method,16,0
PURE_039,proposed_method,17,0
PURE_039,proposed_method,18,0
PURE_040,hashimoto,1,3
PURE_040,hashimoto,2,3
PURE_040,hashimoto,3,1
PURE_040,hashimoto,4,0
PURE_040,hashimoto,5,0
PURE_040,hashimoto,6,0
PURE_040,hashimoto,7,0
PURE_040,hashimoto,8,0
PURE_040,hashimoto,9,0
PURE_040,hashimoto,10,0
PURE_040,hashimoto,11,0
PURE_040,hashimoto,12,0
PURE_040,hashimoto,13,0
PURE_040,hashimoto,14,0
PURE_040,hashimoto,15,0
PURE_040,hashimoto,16,0
PURE_040,hashimoto,17,0
PURE_040,hashimoto,18,0
PURE_040,llmrei-long,1,13
PURE_040,llmrei-long,2,4
PURE_040,llmrei-long,3,0
PURE_040,llmrei-long,4,0
PURE_040,llmrei-long,5,0
PURE_040,llmrei-long,6,0
PURE_040,llmrei-long,7,0
PURE_040,llmrei-long,8,0
PURE_040,llmrei-long,9,0
PURE_040,llmrei-long,10,0
PURE_040,llmrei-long,11,0
PURE_040,llmrei-long,12,0
PURE_040,llmrei-long,13,0
PURE_040,llmrei-long,14,0
PURE_040,llmrei-long,15,0
PURE_040,llmrei-long,16,0
PURE_040,llmrei-long,17,0
PURE_040,llmrei-long,18,0
PURE_040,sparkme,1,34
PURE_040,sparkme,2,10
PURE_040,sparkme,3,4
PURE_040,sparkme,4,2
PURE_040,sparkme,5,0
PURE_040,sparkme,6,1
PURE_040,sparkme,7,1
PURE_040,sparkme,8,0
PURE_040,sparkme,9,1
PURE_040,sparkme,10,0
PURE_040,sparkme,11,0
PURE_040,sparkme,12,0
PURE_040,sparkme,13,0
PURE_040,sparkme,14,0
PURE_040,sparkme,15,0
PURE_040,sparkme,16,0
PURE_040,sparkme,17,0
PURE_040,sparkme,18,0
PURE_040,proposed_method,1,33
PURE_040,proposed_method,2,24
PURE_040,proposed_method,3,5
PURE_040,proposed_method,4,1
PURE_040,proposed_method,5,1
PURE_040,proposed_method,6,1
PURE_040,proposed_method,7,1
PURE_040,proposed_method,8,0
PURE_040,proposed_method,9,0
PURE_040,proposed_method,10,0
PURE_040,proposed_method,11,0
PURE_040,proposed_method,12,0
PURE_040,proposed_method,13,0
PURE_040,proposed_method,14,0
PURE_040,proposed_method,15,0
PURE_040,proposed_method,16,0
PURE_040,proposed_method,17,0
PURE_040,proposed_method,18,0
PURE_041,hashimoto,1,15
PURE_041,hashimoto,2,7
PURE_041,hashimoto,3,1
PURE_041,hashimoto,4,1
PURE_041,hashimoto,5,0
PURE_041,hashimoto,6,0
PURE_041,hashimoto,7,0
PURE_041,hashimoto,8,0
PURE_041,hashimoto,9,0
PURE_041,hashimoto,10,0
PURE_041,hashimoto,11,0
PURE_041,hashimoto,12,0
PURE_041,hashimoto,13,0
PURE_041,hashimoto,14,0
PURE_041,hashimoto,15,0
PURE_041,hashimoto,16,0
PURE_041,hashimoto,17,0
PURE_041,hashimoto,18,0
PURE_041,llmrei-long,1,16
PURE_041,llmrei-long,2,7
PURE_041,llmrei-long,3,3
PURE_041,llmrei-long,4,0
PURE_041,llmrei-long,5,0
PURE_041,llmrei-long,6,0
PURE_041,llmrei-long,7,0
PURE_041,llmrei-long,8,0
PURE_041,llmrei-long,9,0
PURE_041,llmrei-long,10,0
PURE_041,llmrei-long,11,0
PURE_041,llmrei-long,12,0
PURE_041,llmrei-long,13,0
PURE_041,llmrei-long,14,0
PURE_041,llmrei-long,15,0
PURE_041,llmrei-long,16,0
PURE_041,llmrei-long,17,0
PURE_041,llmrei-long,18,0
PURE_041,sparkme,1,31
PURE_041,sparkme,2,24
PURE_041,sparkme,3,2
PURE_041,sparkme,4,5
PURE_041,sparkme,5,3
PURE_041,sparkme,6,1
PURE_041,sparkme,7,2
PURE_041,sparkme,8,0
PURE_041,sparkme,9,0
PURE_041,sparkme,10,0
PURE_041,sparkme,11,0
PURE_041,sparkme,12,0
PURE_041,sparkme,13,0
PURE_041,sparkme,14,0
PURE_041,sparkme,15,0
PURE_041,sparkme,16,0
PURE_041,sparkme,17,0
PURE_041,sparkme,18,0
PURE_041,proposed_method,1,44
PURE_041,proposed_method,2,29
PURE_041,proposed_method,3,12
PURE_041,proposed_method,4,5
PURE_041,proposed_method,5,6
PURE_041,proposed_method,6,1
PURE_041,proposed_method,7,3
PURE_041,proposed_method,8,1
PURE_041,proposed_method,9,0
PURE_041,proposed_method,10,0
PURE_041,proposed_method,11,0
PURE_041,proposed_method,12,0
PURE_041,proposed_method,13,0
PURE_041,proposed_method,14,0
PURE_041,proposed_method,15,0
PURE_041,proposed_method,16,0
PURE_041,proposed_method,17,0
PURE_041,proposed_method,18,0
PURE_042,hashimoto,1,10
PURE_042,hashimoto,2,6
PURE_042,hashimoto,3,4
PURE_042,hashimoto,4,1
PURE_042,hashimoto,5,1
PURE_042,hashimoto,6,1
PURE_042,hashimoto,7,1
PURE_042,hashimoto,8,0
PURE_042,hashimoto,9,0
PURE_042,hashimoto,10,0
PURE_042,hashimoto,11,0
PURE_042,hashimoto,12,0
PURE_042,hashimoto,13,0
PURE_042,hashimoto,14,0
PURE_042,hashimoto,15,0
PURE_042,hashimoto,16,0
PURE_042,hashimoto,17,0
PURE_042,hashimoto,18,0
PURE_042,llmrei-long,1,13
PURE_042,llmrei-long,2,6
PURE_042,llmrei-long,3,1
PURE_042,llmrei-long,4,1
PURE_042,llmrei-long,5,0
PURE_042,llmrei-long,6,0
PURE_042,llmrei-long,7,1
PURE_042,llmrei-long,8,0
PURE_042,llmrei-long,9,0
PURE_042,llmrei-long,10,0
PURE_042,llmrei-long,11,0
PURE_042,llmrei-long,12,0
PURE_042,llmrei-long,13,0
PURE_042,llmrei-long,14,0
PURE_042,llmrei-long,15,0
PURE_042,llmrei-long,16,0
PURE_042,llmrei-long,17,0
PURE_042,llmrei-long,18,0
PURE_042,sparkme,1,25
PURE_042,sparkme,2,15
PURE_042,sparkme,3,1
PURE_042,sparkme,4,0
PURE_042,sparkme,5,1
PURE_042,sparkme,6,0
PURE_042,sparkme,7,0
PURE_042,sparkme,8,0
PURE_042,sparkme,9,0
PURE_042,sparkme,10,0
PURE_042,sparkme,11,0
PURE_042,sparkme,12,0
PURE_042,sparkme,13,0
PURE_042,sparkme,14,0
PURE_042,sparkme,15,0
PURE_042,sparkme,16,0
PURE_042,sparkme,17,0
PURE_042,sparkme,18,0
PURE_042,proposed_method,1,28
PURE_042,proposed_method,2,12
PURE_042,proposed_method,3,13
PURE_042,proposed_method,4,5
PURE_042,proposed_method,5,3
PURE_042,proposed_method,6,0
PURE_042,proposed_method,7,0
PURE_042,proposed_method,8,0
PURE_042,proposed_method,9,1
PURE_042,proposed_method,10,0
PURE_042,proposed_method,11,1
PURE_042,proposed_method,12,0
PURE_042,proposed_method,13,0
PURE_042,proposed_method,14,0
PURE_042,proposed_method,15,0
PURE_042,proposed_method,16,0
PURE_042,proposed_method,17,0
PURE_042,proposed_method,18,0
PURE_043,hashimoto,1,1
PURE_043,hashimoto,2,3
PURE_043,hashimoto,3,0
PURE_043,hashimoto,4,0
PURE_043,hashimoto,5,0
PURE_043,hashimoto,6,0
PURE_043,hashimoto,7,0
PURE_043,hashimoto,8,0
PURE_043,hashimoto,9,0
PURE_043,hashimoto,10,0
PURE_043,hashimoto,11,0
PURE_043,hashimoto,12,0
PURE_043,hashimoto,13,0
PURE_043,hashimoto,14,0
PURE_043,hashimoto,15,0
PURE_043,hashimoto,16,0
PURE_043,hashimoto,17,0
PURE_043,hashimoto,18,0
PURE_043,llmrei-long,1,13
PURE_043,llmrei-long,2,2
PURE_043,llmrei-long,3,1
PURE_043,llmrei-long,4,0
PURE_043,llmrei-long,5,0
PURE_043,llmrei-long,6,0
PURE_043,llmrei-long,7,0
PURE_043,llmrei-long,8,0
PURE_043,llmrei-long,9,0
PURE_043,llmrei-long,10,0
PURE_043,llmrei-long,11,0
PURE_043,llmrei-long,12,0
PURE_043,llmrei-long,13,0
PURE_043,llmrei-long,14,0
PURE_043,llmrei-long,15,0
PURE_043,llmrei-long,16,0
PURE_043,llmrei-long,17,0
PURE_043,llmrei-long,18,0
PURE_043,sparkme,1,24
PURE_043,sparkme,2,17
PURE_043,sparkme,3,8
PURE_043,sparkme,4,1
PURE_043,sparkme,5,3
PURE_043,sparkme,6,0
PURE_043,sparkme,7,0
PURE_043,sparkme,8,0
PURE_043,sparkme,9,1
PURE_043,sparkme,10,0
PURE_043,sparkme,11,0
PURE_043,sparkme,12,0
PURE_043,sparkme,13,0
PURE_043,sparkme,14,0
PURE_043,sparkme,15,0
PURE_043,sparkme,16,0
PURE_043,sparkme,17,0
PURE_043,sparkme,18,0
PURE_043,proposed_method,1,41
PURE_043,proposed_method,2,15
PURE_043,proposed_method,3,7
PURE_043,proposed_method,4,6
PURE_043,proposed_method,5,3
PURE_043,proposed_method,6,1
PURE_043,proposed_method,7,0
PURE_043,proposed_method,8,0
PURE_043,proposed_method,9,0
PURE_043,proposed_method,10,0
PURE_043,proposed_method,11,0
PURE_043,proposed_method,12,1
PURE_043,proposed_method,13,0
PURE_043,proposed_method,14,0
PURE_043,proposed_method,15,0
PURE_043,proposed_method,16,0
PURE_043,proposed_method,17,0
PURE_043,proposed_method,18,0
PURE_044,hashimoto,1,10
PURE_044,hashimoto,2,4
PURE_044,hashimoto,3,0
PURE_044,hashimoto,4,0
PURE_044,hashimoto,5,0
PURE_044,hashimoto,6,0
PURE_044,hashimoto,7,0
PURE_044,hashimoto,8,0
PURE_044,hashimoto,9,0
PURE_044,hashimoto,10,0
PURE_044,hashimoto,11,0
PURE_044,hashimoto,12,0
PURE_044,hashimoto,13,0
PURE_044,hashimoto,14,0
PURE_044,hashimoto,15,0
PURE_044,hashimoto,16,0
PURE_044,hashimoto,17,0
PURE_044,hashimoto,18,0
PURE_044,llmrei-long,1,27
PURE_044,llmrei-long,2,12
PURE_044,llmrei-long,3,0
PURE_044,llmrei-long,4,1
PURE_044,llmrei-long,5,0
PURE_044,llmrei-long,6,0
PURE_044,llmrei-long,7,0
PURE_044,llmrei-long,8,0
PURE_044,llmrei-long,9,0
PURE_044,llmrei-long,10,0
PURE_044,llmrei-long,11,0
PURE_044,llmrei-long,12,0
PURE_044,llmrei-long,13,0
PURE_044,llmrei-long,14,0
PURE_044,llmrei-long,15,0
PURE_044,llmrei-long,16,0
PURE_044,llmrei-long,17,0
PURE_044,llmrei-long,18,0
PURE_044,sparkme,1,51
PURE_044,sparkme,2,32
PURE_044,sparkme,3,8
PURE_044,sparkme,4,1
PURE_044,sparkme,5,0
PURE_044,sparkme,6,0
PURE_044,sparkme,7,0
PURE_044,sparkme,8,0
PURE_044,sparkme,9,0
PURE_044,sparkme,10,0
PURE_044,sparkme,11,0
PURE_044,sparkme,12,1
PURE_044,sparkme,13,0
PURE_044,sparkme,14,0
PURE_044,sparkme,15,0
PURE_044,sparkme,16,0
PURE_044,sparkme,17,0
PURE_044,sparkme,18,0
PURE_044,proposed_method,1,51
PURE_044,proposed_method,2,26
PURE_044,proposed_method,3,13
PURE_044,proposed_method,4,4
PURE_044,proposed_method,5,1
PURE_044,proposed_method,6,1
PURE_044,proposed_method,7,2
PURE_044,proposed_method,8,0
PURE_044,proposed_method,9,0
PURE_044,proposed_method,10,0
PURE_044,proposed_method,11,0
PURE_044,proposed_method,12,0
PURE_044,proposed_method,13,0
PURE_044,proposed_method,14,0
PURE_044,proposed_method,15,0
PURE_044,proposed_method,16,0
PURE_044,proposed_method,17,0
PURE_044,proposed_method,18,0
PURE_045,hashimoto,1,18
PURE_045,hashimoto,2,4
PURE_045,hashimoto,3,2
PURE_045,hashimoto,4,0
PURE_045,hashimoto,5,0
PURE_045,hashimoto,6,0
PURE_045,hashimoto,7,0
PURE_045,hashimoto,8,0
PURE_045,hashimoto,9,0
PURE_045,hashimoto,10,0
PURE_045,hashimoto,11,0
PURE_045,hashimoto,12,0
PURE_045,hashimoto,13,0
PURE_045,hashimoto,14,0
PURE_045,hashimoto,15,0
PURE_045,hashimoto,16,0
PURE_045,hashimoto,17,0
PURE_045,hashimoto,18,0
PURE_045,llmrei-long,1,21
PURE_045,llmrei-long,2,7
PURE_045,llmrei-long,3,3
PURE_045,llmrei-long,4,0
PURE_045,llmrei-long,5,0
PURE_045,llmrei-long,6,0
PURE_045,llmrei-long,7,0
PURE_045,llmrei-long,8,0
PURE_045,llmrei-long,9,0
PURE_045,llmrei-long,10,0
PURE_045,llmrei-long,11,0
PURE_045,llmrei-long,12,0
PURE_045,llmrei-long,13,0
PURE_045,llmrei-long,14,0
PURE_045,llmrei-long,15,0
PURE_045,llmrei-long,16,0
PURE_045,llmrei-long,17,0
PURE_045,llmrei-long,18,0
PURE_045,sparkme,1,27
PURE_045,sparkme,2,15
PURE_045,sparkme,3,6
PURE_045,sparkme,4,2
PURE_045,sparkme,5,0
PURE_045,sparkme,6,1
PURE_045,sparkme,7,0
PURE_045,sparkme,8,0
PURE_045,sparkme,9,0
PURE_045,sparkme,10,0
PURE_045,sparkme,11,0
PURE_045,sparkme,12,0
PURE_045,sparkme,13,0
PURE_045,sparkme,14,0
PURE_045,sparkme,15,0
PURE_045,sparkme,16,0
PURE_045,sparkme,17,0
PURE_045,sparkme,18,0
PURE_045,proposed_method,1,34
PURE_045,proposed_method,2,15
PURE_045,proposed_method,3,1
PURE_045,proposed_method,4,2
PURE_045,proposed_method,5,3
PURE_045,proposed_method,6,0
PURE_045,proposed_method,7,0
PURE_045,proposed_method,8,1
PURE_045,proposed_method,9,0
PURE_045,proposed_method,10,0
PURE_045,proposed_method,11,0
PURE_045,proposed_method,12,0
PURE_045,proposed_method,13,0
PURE_045,proposed_method,14,0
PURE_045,proposed_method,15,0
PURE_045,proposed_method,16,0
PURE_045,proposed_method,17,0
PURE_045,proposed_method,18,0
PURE_046,hashimoto,1,7
PURE_046,hashimoto,2,3
PURE_046,hashimoto,3,0
PURE_046,hashimoto,4,0
PURE_046,hashimoto,5,0
PURE_046,hashimoto,6,0
PURE_046,hashimoto,7,0
PURE_046,hashimoto,8,0
PURE_046,hashimoto,9,0
PURE_046,hashimoto,10,0
PURE_046,hashimoto,11,0
PURE_046,hashimoto,12,0
PURE_046,hashimoto,13,0
PURE_046,hashimoto,14,0
PURE_046,hashimoto,15,0
PURE_046,hashimoto,16,0
PURE_046,hashimoto,17,0
PURE_046,hashimoto,18,0
PURE_046,llmrei-long,1,17
PURE_046,llmrei-long,2,6
PURE_046,llmrei-long,3,0
PURE_046,llmrei-long,4,1
PURE_046,llmrei-long,5,0
PURE_046,llmrei-long,6,1
PURE_046,llmrei-long,7,0
PURE_046,llmrei-long,8,0
PURE_046,llmrei-long,9,0
PURE_046,llmrei-long,10,0
PURE_046,llmrei-long,11,0
PURE_046,llmrei-long,12,0
PURE_046,llmrei-long,13,0
PURE_046,llmrei-long,14,0
PURE_046,llmrei-long,15,0
PURE_046,llmrei-long,16,0
PURE_046,llmrei-long,17,0
PURE_046,llmrei-long,18,0
PURE_046,sparkme,1,23
PURE_046,sparkme,2,11
PURE_046,sparkme,3,3
PURE_046,sparkme,4,6
PURE_046,sparkme,5,0
PURE_046,sparkme,6,0
PURE_046,sparkme,7,0
PURE_046,sparkme,8,0
PURE_046,sparkme,9,0
PURE_046,sparkme,10,0
PURE_046,sparkme,11,0
PURE_046,sparkme,12,0
PURE_046,sparkme,13,0
PURE_046,sparkme,14,0
PURE_046,sparkme,15,0
PURE_046,sparkme,16,0
PURE_046,sparkme,17,0
PURE_046,sparkme,18,0
PURE_046,proposed_method,1,27
PURE_046,proposed_method,2,6
PURE_046,proposed_method,3,3
PURE_046,proposed_method,4,1
PURE_046,proposed_method,5,1
PURE_046,proposed_method,6,0
PURE_046,proposed_method,7,1
PURE_046,proposed_method,8,0
PURE_046,proposed_method,9,0
PURE_046,proposed_method,10,0
PURE_046,proposed_method,11,0
PURE_046,proposed_method,12,0
PURE_046,proposed_method,13,0
PURE_046,proposed_method,14,0
PURE_046,proposed_method,15,0
PURE_046,proposed_method,16,0
PURE_046,proposed_method,17,0
PURE_046,proposed_method,18,0
PURE_047,hashimoto,1,5
PURE_047,hashimoto,2,1
PURE_047,hashimoto,3,0
PURE_047,hashimoto,4,0
PURE_047,hashimoto,5,0
PURE_047,hashimoto,6,0
PURE_047,hashimoto,7,0
PURE_047,hashimoto,8,0
PURE_047,hashimoto,9,0
PURE_047,hashimoto,10,0
PURE_047,hashimoto,11,0
PURE_047,hashimoto,12,0
PURE_047,hashimoto,13,0
PURE_047,hashimoto,14,0
PURE_047,hashimoto,15,0
PURE_047,hashimoto,16,0
PURE_047,hashimoto,17,0
PURE_047,hashimoto,18,0
PURE_047,llmrei-long,1,12
PURE_047,llmrei-long,2,3
PURE_047,llmrei-long,3,0
PURE_047,llmrei-long,4,0
PURE_047,llmrei-long,5,0
PURE_047,llmrei-long,6,0
PURE_047,llmrei-long,7,0
PURE_047,llmrei-long,8,0
PURE_047,llmrei-long,9,0
PURE_047,llmrei-long,10,0
PURE_047,llmrei-long,11,0
PURE_047,llmrei-long,12,0
PURE_047,llmrei-long,13,0
PURE_047,llmrei-long,14,0
PURE_047,llmrei-long,15,0
PURE_047,llmrei-long,16,0
PURE_047,llmrei-long,17,0
PURE_047,llmrei-long,18,0
PURE_047,sparkme,1,26
PURE_047,sparkme,2,21
PURE_047,sparkme,3,4
PURE_047,sparkme,4,2
PURE_047,sparkme,5,2
PURE_047,sparkme,6,1
PURE_047,sparkme,7,0
PURE_047,sparkme,8,0
PURE_047,sparkme,9,0
PURE_047,sparkme,10,0
PURE_047,sparkme,11,0
PURE_047,sparkme,12,0
PURE_047,sparkme,13,0
PURE_047,sparkme,14,0
PURE_047,sparkme,15,0
PURE_047,sparkme,16,0
PURE_047,sparkme,17,0
PURE_047,sparkme,18,0
PURE_047,proposed_method,1,22
PURE_047,proposed_method,2,16
PURE_047,proposed_method,3,11
PURE_047,proposed_method,4,3
PURE_047,proposed_method,5,3
PURE_047,proposed_method,6,4
PURE_047,proposed_method,7,0
PURE_047,proposed_method,8,0
PURE_047,proposed_method,9,0
PURE_047,proposed_method,10,0
PURE_047,proposed_method,11,1
PURE_047,proposed_method,12,0
PURE_047,proposed_method,13,0
PURE_047,proposed_method,14,0
PURE_047,proposed_method,15,0
PURE_047,proposed_method,16,0
PURE_047,proposed_method,17,0
PURE_047,proposed_method,18,0
PURE_048,hashimoto,1,16
PURE_048,hashimoto,2,4
PURE_048,hashimoto,3,3
PURE_048,hashimoto,4,0
PURE_048,hashimoto,5,0
PURE_048,hashimoto,6,1
PURE_048,hashimoto,7,0
PURE_048,hashimoto,8,0
PURE_048,hashimoto,9,0
PURE_048,hashimoto,10,0
PURE_048,hashimoto,11,0
PURE_048,hashimoto,12,0
PURE_048,hashimoto,13,0
PURE_048,hashimoto,14,0
PURE_048,hashimoto,15,0
PURE_048,hashimoto,16,0
PURE_048,hashimoto,17,0
PURE_048,hashimoto,18,0
PURE_048,llmrei-long,1,19
PURE_048,llmrei-long,2,6
PURE_048,llmrei-long,3,1
PURE_048,llmrei-long,4,0
PURE_048,llmrei-long,5,0
PURE_048,llmrei-long,6,0
PURE_048,llmrei-long,7,0
PURE_048,llmrei-long,8,0
PURE_048,llmrei-long,9,0
PURE_048,llmrei-long,10,0
PURE_048,llmrei-long,11,0
PURE_048,llmrei-long,12,0
PURE_048,llmrei-long,13,0
PURE_048,llmrei-long,14,0
PURE_048,llmrei-long,15,0
PURE_048,llmrei-long,16,0
PURE_048,llmrei-long,17,0
PURE_048,llmrei-long,18,0
PURE_048,sparkme,1,23
PURE_048,sparkme,2,18
PURE_048,sparkme,3,5
PURE_048,sparkme,4,0
PURE_048,sparkme,5,1
PURE_048,sparkme,6,0
PURE_048,sparkme,7,0
PURE_048,sparkme,8,1
PURE_048,sparkme,9,0
PURE_048,sparkme,10,0
PURE_048,sparkme,11,0
PURE_048,sparkme,12,0
PURE_048,sparkme,13,0
PURE_048,sparkme,14,0
PURE_048,sparkme,15,0
PURE_048,sparkme,16,0
PURE_048,sparkme,17,0
PURE_048,sparkme,18,0
PURE_048,proposed_method,1,35
PURE_048,proposed_method,2,16
PURE_048,proposed_method,3,5
PURE_048,proposed_method,4,1
PURE_048,proposed_method,5,2
PURE_048,proposed_method,6,1
PURE_048,proposed_method,7,0
PURE_048,proposed_method,8,0
PURE_048,proposed_method,9,0
PURE_048,proposed_method,10,0
PURE_048,proposed_method,11,0
PURE_048,proposed_method,12,0
PURE_048,proposed_method,13,0
PURE_048,proposed_method,14,0
PURE_048,proposed_method,15,0
PURE_048,proposed_method,16,0
PURE_048,proposed_method,17,0
PURE_048,proposed_method,18,0
PURE_049,hashimoto,1,5
PURE_049,hashimoto,2,1
PURE_049,hashimoto,3,0
PURE_049,hashimoto,4,0
PURE_049,hashimoto,5,0
PURE_049,hashimoto,6,0
PURE_049,hashimoto,7,0
PURE_049,hashimoto,8,0
PURE_049,hashimoto,9,0
PURE_049,hashimoto,10,0
PURE_049,hashimoto,11,0
PURE_049,hashimoto,12,0
PURE_049,hashimoto,13,0
PURE_049,hashimoto,14,0
PURE_049,hashimoto,15,0
PURE_049,hashimoto,16,0
PURE_049,hashimoto,17,0
PURE_049,hashimoto,18,0
PURE_049,llmrei-long,1,14
PURE_049,llmrei-long,2,3
PURE_049,llmrei-long,3,1
PURE_049,llmrei-long,4,0
PURE_049,llmrei-long,5,0
PURE_049,llmrei-long,6,0
PURE_049,llmrei-long,7,0
PURE_049,llmrei-long,8,0
PURE_049,llmrei-long,9,0
PURE_049,llmrei-long,10,0
PURE_049,llmrei-long,11,0
PURE_049,llmrei-long,12,0
PURE_049,llmrei-long,13,0
PURE_049,llmrei-long,14,0
PURE_049,llmrei-long,15,0
PURE_049,llmrei-long,16,0
PURE_049,llmrei-long,17,0
PURE_049,llmrei-long,18,0
PURE_049,sparkme,1,35
PURE_049,sparkme,2,23
PURE_049,sparkme,3,9
PURE_049,sparkme,4,0
PURE_049,sparkme,5,1
PURE_049,sparkme,6,0
PURE_049,sparkme,7,1
PURE_049,sparkme,8,1
PURE_049,sparkme,9,0
PURE_049,sparkme,10,0
PURE_049,sparkme,11,0
PURE_049,sparkme,12,0
PURE_049,sparkme,13,0
PURE_049,sparkme,14,0
PURE_049,sparkme,15,0
PURE_049,sparkme,16,0
PURE_049,sparkme,17,0
PURE_049,sparkme,18,0
PURE_049,proposed_method,1,38
PURE_049,proposed_method,2,17
PURE_049,proposed_method,3,10
PURE_049,proposed_method,4,0
PURE_049,proposed_method,5,0
PURE_049,proposed_method,6,2
PURE_049,proposed_method,7,0
PURE_049,proposed_method,8,0
PURE_049,proposed_method,9,0
PURE_049,proposed_method,10,0
PURE_049,proposed_method,11,0
PURE_049,proposed_method,12,0
PURE_049,proposed_method,13,0
PURE_049,proposed_method,14,0
PURE_049,proposed_method,15,0
PURE_049,proposed_method,16,0
PURE_049,proposed_method,17,0
PURE_049,proposed_method,18,0
PURE_050,hashimoto,1,2
PURE_050,hashimoto,2,2
PURE_050,hashimoto,3,1
PURE_050,hashimoto,4,0
PURE_050,hashimoto,5,0
PURE_050,hashimoto,6,0
PURE_050,hashimoto,7,0
PURE_050,hashimoto,8,0
PURE_050,hashimoto,9,0
PURE_050,hashimoto,10,0
PURE_050,hashimoto,11,0
PURE_050,hashimoto,12,0
PURE_050,hashimoto,13,0
PURE_050,hashimoto,14,0
PURE_050,hashimoto,15,0
PURE_050,hashimoto,16,0
PURE_050,hashimoto,17,0
PURE_050,hashimoto,18,0
PURE_050,llmrei-long,1,11
PURE_050,llmrei-long,2,6
PURE_050,llmrei-long,3,0
PURE_050,llmrei-long,4,0
PURE_050,llmrei-long,5,0
PURE_050,llmrei-long,6,0
PURE_050,llmrei-long,7,0
PURE_050,llmrei-long,8,0
PURE_050,llmrei-long,9,0
PURE_050,llmrei-long,10,0
PURE_050,llmrei-long,11,0
PURE_050,llmrei-long,12,0
PURE_050,llmrei-long,13,0
PURE_050,llmrei-long,14,0
PURE_050,llmrei-long,15,0
PURE_050,llmrei-long,16,0
PURE_050,llmrei-long,17,0
PURE_050,llmrei-long,18,0
PURE_050,sparkme,1,32
PURE_050,sparkme,2,19
PURE_050,sparkme,3,7
PURE_050,sparkme,4,2
PURE_050,sparkme,5,0
PURE_050,sparkme,6,0
PURE_050,sparkme,7,1
PURE_050,sparkme,8,0
PURE_050,sparkme,9,0
PURE_050,sparkme,10,0
PURE_050,sparkme,11,0
PURE_050,sparkme,12,0
PURE_050,sparkme,13,0
PURE_050,sparkme,14,0
PURE_050,sparkme,15,0
PURE_050,sparkme,16,0
PURE_050,sparkme,17,0
PURE_050,sparkme,18,0
PURE_050,proposed_method,1,31
PURE_050,proposed_method,2,9
PURE_050,proposed_method,3,5
PURE_050,proposed_method,4,7
PURE_050,proposed_method,5,1
PURE_050,proposed_method,6,1
PURE_050,proposed_method,7,0
PURE_050,proposed_method,8,1
PURE_050,proposed_method,9,0
PURE_050,proposed_method,10,0
PURE_050,proposed_method,11,0
PURE_050,proposed_method,12,0
PURE_050,proposed_method,13,0
PURE_050,proposed_method,14,0
PURE_050,proposed_method,15,0
PURE_050,proposed_method,16,0
PURE_050,proposed_method,17,0
PURE_050,proposed_method,18,0
PURE_051,hashimoto,1,2
PURE_051,hashimoto,2,3
PURE_051,hashimoto,3,0
PURE_051,hashimoto,4,0
PURE_051,hashimoto,5,0
PURE_051,hashimoto,6,0
PURE_051,hashimoto,7,0
PURE_051,hashimoto,8,0
PURE_051,hashimoto,9,0
PURE_051,hashimoto,10,0
PURE_051,hashimoto,11,0
PURE_051,hashimoto,12,0
PURE_051,hashimoto,13,0
PURE_051,hashimoto,14,0
PURE_051,hashimoto,15,0
PURE_051,hashimoto,16,0
PURE_051,hashimoto,17,0
PURE_051,hashimoto,18,0
PURE_051,llmrei-long,1,15
PURE_051,llmrei-long,2,6
PURE_051,llmrei-long,3,0
PURE_051,llmrei-long,4,1
PURE_051,llmrei-long,5,0
PURE_051,llmrei-long,6,0
PURE_051,llmrei-long,7,0
PURE_051,llmrei-long,8,0
PURE_051,llmrei-long,9,0
PURE_051,llmrei-long,10,0
PURE_051,llmrei-long,11,0
PURE_051,llmrei-long,12,0
PURE_051,llmrei-long,13,0
PURE_051,llmrei-long,14,0
PURE_051,llmrei-long,15,0
PURE_051,llmrei-long,16,0
PURE_051,llmrei-long,17,0
PURE_051,llmrei-long,18,0
PURE_051,sparkme,1,24
PURE_051,sparkme,2,19
PURE_051,sparkme,3,9
PURE_051,sparkme,4,2
PURE_051,sparkme,5,0
PURE_051,sparkme,6,1
PURE_051,sparkme,7,0
PURE_051,sparkme,8,0
PURE_051,sparkme,9,0
PURE_051,sparkme,10,0
PURE_051,sparkme,11,0
PURE_051,sparkme,12,0
PURE_051,sparkme,13,0
PURE_051,sparkme,14,0
PURE_051,sparkme,15,0
PURE_051,sparkme,16,0
PURE_051,sparkme,17,0
PURE_051,sparkme,18,0
PURE_051,proposed_method,1,33
PURE_051,proposed_method,2,13
PURE_051,proposed_method,3,7
PURE_051,proposed_method,4,2
PURE_051,proposed_method,5,1
PURE_051,proposed_method,6,0
PURE_051,proposed_method,7,1
PURE_051,proposed_method,8,0
PURE_051,proposed_method,9,0
PURE_051,proposed_method,10,0
PURE_051,proposed_method,11,0
PURE_051,proposed_method,12,0
PURE_051,proposed_method,13,0
PURE_051,proposed_method,14,0
PURE_051,proposed_method,15,0
PURE_051,proposed_method,16,0
PURE_051,proposed_method,17,0
PURE_051,proposed_method,18,0
PURE_052,hashimoto,1,7
PURE_052,hashimoto,2,5
PURE_052,hashimoto,3,2
PURE_052,hashimoto,4,1
PURE_052,hashimoto,5,0
PURE_052,hashimoto,6,0
PURE_052,hashimoto,7,0
PURE_052,hashimoto,8,0
PURE_052,hashimoto,9,0
PURE_052,hashimoto,10,0
PURE_052,hashimoto,11,0
PURE_052,hashimoto,12,0
PURE_052,hashimoto,13,0
PURE_052,hashimoto,14,0
PURE_052,hashimoto,15,0
PURE_052,hashimoto,16,0
PURE_052,hashimoto,17,0
PURE_052,hashimoto,18,0
PURE_052,llmrei-long,1,10
PURE_052,llmrei-long,2,3
PURE_052,llmrei-long,3,0
PURE_052,llmrei-long,4,1
PURE_052,llmrei-long,5,0
PURE_052,llmrei-long,6,0
PURE_052,llmrei-long,7,0
PURE_052,llmrei-long,8,1
PURE_052,llmrei-long,9,0
PURE_052,llmrei-long,10,0
PURE_052,llmrei-long,11,0
PURE_052,llmrei-long,12,0
PURE_052,llmrei-long,13,0
PURE_052,llmrei-long,14,0
PURE_052,llmrei-long,15,0
PURE_052,llmrei-long,16,0
PURE_052,llmrei-long,17,0
PURE_052,llmrei-long,18,0
PURE_052,sparkme,1,53
PURE_052,sparkme,2,23
PURE_052,sparkme,3,4
PURE_052,sparkme,4,1
PURE_052,sparkme,5,0
PURE_052,sparkme,6,0
PURE_052,sparkme,7,0
PURE_052,sparkme,8,0
PURE_052,sparkme,9,0
PURE_052,sparkme,10,0
PURE_052,sparkme,11,0
PURE_052,sparkme,12,0
PURE_052,sparkme,13,0
PURE_052,sparkme,14,0
PURE_052,sparkme,15,0
PURE_052,sparkme,16,0
PURE_052,sparkme,17,0
PURE_052,sparkme,18,0
PURE_052,proposed_method,1,43
PURE_052,proposed_method,2,19
PURE_052,proposed_method,3,11
PURE_052,proposed_method,4,2
PURE_052,proposed_method,5,0
PURE_052,proposed_method,6,0
PURE_052,proposed_method,7,2
PURE_052,proposed_method,8,0
PURE_052,proposed_method,9,1
PURE_052,proposed_method,10,0
PURE_052,proposed_method,11,1
PURE_052,proposed_method,12,0
PURE_052,proposed_method,13,0
PURE_052,proposed_method,14,0
PURE_052,proposed_method,15,0
PURE_052,proposed_method,16,0
PURE_052,proposed_method,17,0
PURE_052,proposed_method,18,0
PURE_053,hashimoto,1,13
PURE_053,hashimoto,2,2
PURE_053,hashimoto,3,1
PURE_053,hashimoto,4,0
PURE_053,hashimoto,5,0
PURE_053,hashimoto,6,0
PURE_053,hashimoto,7,0
PURE_053,hashimoto,8,0
PURE_053,hashimoto,9,0
PURE_053,hashimoto,10,0
PURE_053,hashimoto,11,0
PURE_053,hashimoto,12,0
PURE_053,hashimoto,13,0
PURE_053,hashimoto,14,0
PURE_053,hashimoto,15,0
PURE_053,hashimoto,16,0
PURE_053,hashimoto,17,0
PURE_053,hashimoto,18,0
PURE_053,llmrei-long,1,21
PURE_053,llmrei-long,2,6
PURE_053,llmrei-long,3,3
PURE_053,llmrei-long,4,0
PURE_053,llmrei-long,5,0
PURE_053,llmrei-long,6,0
PURE_053,llmrei-long,7,0
PURE_053,llmrei-long,8,0
PURE_053,llmrei-long,9,0
PURE_053,llmrei-long,10,0
PURE_053,llmrei-long,11,0
PURE_053,llmrei-long,12,0
PURE_053,llmrei-long,13,0
PURE_053,llmrei-long,14,0
PURE_053,llmrei-long,15,0
PURE_053,llmrei-long,16,0
PURE_053,llmrei-long,17,0
PURE_053,llmrei-long,18,0
PURE_053,sparkme,1,45
PURE_053,sparkme,2,15
PURE_053,sparkme,3,6
PURE_053,sparkme,4,4
PURE_053,sparkme,5,2
PURE_053,sparkme,6,0
PURE_053,sparkme,7,2
PURE_053,sparkme,8,0
PURE_053,sparkme,9,0
PURE_053,sparkme,10,0
PURE_053,sparkme,11,0
PURE_053,sparkme,12,0
PURE_053,sparkme,13,0
PURE_053,sparkme,14,0
PURE_053,sparkme,15,0
PURE_053,sparkme,16,0
PURE_053,sparkme,17,0
PURE_053,sparkme,18,0
PURE_053,proposed_method,1,41
PURE_053,proposed_method,2,21
PURE_053,proposed_method,3,14
PURE_053,proposed_method,4,1
PURE_053,proposed_method,5,0
PURE_053,proposed_method,6,1
PURE_053,proposed_method,7,0
PURE_053,proposed_method,8,0
PURE_053,proposed_method,9,1
PURE_053,proposed_method,10,0
PURE_053,proposed_method,11,0
PURE_053,proposed_method,12,0
PURE_053,proposed_method,13,1
PURE_053,proposed_method,14,0
PURE_053,proposed_method,15,0
PURE_053,proposed_method,16,0
PURE_053,proposed_method,17,0
PURE_053,proposed_method,18,0
PURE_054,hashimoto,1,9
PURE_054,hashimoto,2,4
PURE_054,hashimoto,3,1
PURE_054,hashimoto,4,1
PURE_054,hashimoto,5,0
PURE_054,hashimoto,6,0
PURE_054,hashimoto,7,0
PURE_054,hashimoto,8,1
PURE_054,hashimoto,9,0
PURE_054,hashimoto,10,0
PURE_054,hashimoto,11,0
PURE_054,hashimoto,12,0
PURE_054,hashimoto,13,0
PURE_054,hashimoto,14,0
PURE_054,hashimoto,15,0
PURE_054,hashimoto,16,0
PURE_054,hashimoto,17,0
PURE_054,hashimoto,18,0
PURE_054,llmrei-long,1,17
PURE_054,llmrei-long,2,5
PURE_054,llmrei-long,3,6
PURE_054,llmrei-long,4,0
PURE_054,llmrei-long,5,1
PURE_054,llmrei-long,6,0
PURE_054,llmrei-long,7,0
PURE_054,llmrei-long,8,0
PURE_054,llmrei-long,9,0
PURE_054,llmrei-long,10,0
PURE_054,llmrei-long,11,0
PURE_054,llmrei-long,12,0
PURE_054,llmrei-long,13,0
PURE_054,llmrei-long,14,0
PURE_054,llmrei-long,15,0
PURE_054,llmrei-long,16,0
PURE_054,llmrei-long,17,0
PURE_054,llmrei-long,18,0
PURE_054,sparkme,1,31
PURE_054,sparkme,2,12
PURE_054,sparkme,3,1
PURE_054,sparkme,4,2
PURE_054,sparkme,5,0
PURE_054,sparkme,6,0
PURE_054,sparkme,7,0
PURE_054,sparkme,8,0
PURE_054,sparkme,9,0
PURE_054,sparkme,10,0
PURE_054,sparkme,11,0
PURE_054,sparkme,12,0
PURE_054,sparkme,13,0
PURE_054,sparkme,14,0
PURE_054,sparkme,15,0
PURE_054,sparkme,16,0
PURE_054,sparkme,17,0
PURE_054,sparkme,18,0
PURE_054,proposed_method,1,40
PURE_054,proposed_method,2,22
PURE_054,proposed_method,3,9
PURE_054,proposed_method,4,3
PURE_054,proposed_method,5,0
PURE_054,proposed_method,6,0
PURE_054,proposed_method,7,0
PURE_054,proposed_method,8,1
PURE_054,proposed_method,9,1
PURE_054,proposed_method,10,0
PURE_054,proposed_method,11,0
PURE_054,proposed_method,12,0
PURE_054,proposed_method,13,0
PURE_054,proposed_method,14,0
PURE_054,proposed_method,15,0
PURE_054,proposed_method,16,0
PURE_054,proposed_method,17,0
PURE_054,proposed_method,18,0
PURE_055,hashimoto,1,8
PURE_055,hashimoto,2,8
PURE_055,hashimoto,3,1
PURE_055,hashimoto,4,2
PURE_055,hashimoto,5,0
PURE_055,hashimoto,6,0
PURE_055,hashimoto,7,0
PURE_055,hashimoto,8,0
PURE_055,hashimoto,9,0
PURE_055,hashimoto,10,0
PURE_055,hashimoto,11,0
PURE_055,hashimoto,12,0
PURE_055,hashimoto,13,0
PURE_055,hashimoto,14,0
PURE_055,hashimoto,15,0
PURE_055,hashimoto,16,0
PURE_055,hashimoto,17,0
PURE_055,hashimoto,18,0
PURE_055,llmrei-long,1,13
PURE_055,llmrei-long,2,1
PURE_055,llmrei-long,3,5
PURE_055,llmrei-long,4,0
PURE_055,llmrei-long,5,0
PURE_055,llmrei-long,6,0
PURE_055,llmrei-long,7,0
PURE_055,llmrei-long,8,0
PURE_055,llmrei-long,9,0
PURE_055,llmrei-long,10,0
PURE_055,llmrei-long,11,0
PURE_055,llmrei-long,12,0
PURE_055,llmrei-long,13,0
PURE_055,llmrei-long,14,0
PURE_055,llmrei-long,15,0
PURE_055,llmrei-long,16,0
PURE_055,llmrei-long,17,0
PURE_055,llmrei-long,18,0
PURE_055,sparkme,1,36
PURE_055,sparkme,2,24
PURE_055,sparkme,3,12
PURE_055,sparkme,4,4
PURE_055,sparkme,5,1
PURE_055,sparkme,6,3
PURE_055,sparkme,7,1
PURE_055,sparkme,8,0
PURE_055,sparkme,9,0
PURE_055,sparkme,10,1
PURE_055,sparkme,11,0
PURE_055,sparkme,12,0
PURE_055,sparkme,13,0
PURE_055,sparkme,14,0
PURE_055,sparkme,15,0
PURE_055,sparkme,16,0
PURE_055,sparkme,17,0
PURE_055,sparkme,18,0
PURE_055,proposed_method,1,38
PURE_055,proposed_method,2,24
PURE_055,proposed_method,3,13
PURE_055,proposed_method,4,4
PURE_055,proposed_method,5,2
PURE_055,proposed_method,6,1
PURE_055,proposed_method,7,0
PURE_055,proposed_method,8,1
PURE_055,proposed_method,9,0
PURE_055,proposed_method,10,1
PURE_055,proposed_method,11,0
PURE_055,proposed_method,12,0
PURE_055,proposed_method,13,0
PURE_055,proposed_method,14,0
PURE_055,proposed_method,15,0
PURE_055,proposed_method,16,0
PURE_055,proposed_method,17,0
PURE_055,proposed_method,18,0
PURE_056,hashimoto,1,13
PURE_056,hashimoto,2,6
PURE_056,hashimoto,3,0
PURE_056,hashimoto,4,0
PURE_056,hashimoto,5,0
PURE_056,hashimoto,6,0
PURE_056,hashimoto,7,0
PURE_056,hashimoto,8,0
PURE_056,hashimoto,9,0
PURE_056,hashimoto,10,0
PURE_056,hashimoto,11,0
PURE_056,hashimoto,12,0
PURE_056,hashimoto,13,0
PURE_056,hashimoto,14,0
PURE_056,hashimoto,15,0
PURE_056,hashimoto,16,0
PURE_056,hashimoto,17,0
PURE_056,hashimoto,18,0
PURE_056,llmrei-long,1,15
PURE_056,llmrei-long,2,4
PURE_056,llmrei-long,3,1
PURE_056,llmrei-long,4,0
PURE_056,llmrei-long,5,1
PURE_056,llmrei-long,6,0
PURE_056,llmrei-long,7,0
PURE_056,llmrei-long,8,0
PURE_056,llmrei-long,9,0
PURE_056,llmrei-long,10,0
PURE_056,llmrei-long,11,0
PURE_056,llmrei-long,12,0
PURE_056,llmrei-long,13,0
PURE_056,llmrei-long,14,0
PURE_056,llmrei-long,15,0
PURE_056,llmrei-long,16,0
PURE_056,llmrei-long,17,0
PURE_056,llmrei-long,18,0
PURE_056,sparkme,1,26
PURE_056,sparkme,2,17
PURE_056,sparkme,3,4
PURE_056,sparkme,4,0
PURE_056,sparkme,5,2
PURE_056,sparkme,6,0
PURE_056,sparkme,7,1
PURE_056,sparkme,8,0
PURE_056,sparkme,9,0
PURE_056,sparkme,10,1
PURE_056,sparkme,11,0
PURE_056,sparkme,12,0
PURE_056,sparkme,13,0
PURE_056,sparkme,14,0
PURE_056,sparkme,15,0
PURE_056,sparkme,16,0
PURE_056,sparkme,17,0
PURE_056,sparkme,18,0
PURE_056,proposed_method,1,37
PURE_056,proposed_method,2,29
PURE_056,proposed_method,3,7
PURE_056,proposed_method,4,2
PURE_056,proposed_method,5,1
PURE_056,proposed_method,6,0
PURE_056,proposed_method,7,0
PURE_056,proposed_method,8,0
PURE_056,proposed_method,9,0
PURE_056,proposed_method,10,0
PURE_056,proposed_method,11,0
PURE_056,proposed_method,12,0
PURE_056,proposed_method,13,0
PURE_056,proposed_method,14,0
PURE_056,proposed_method,15,0
PURE_056,proposed_method,16,0
PURE_056,proposed_method,17,0
PURE_056,proposed_method,18,0
PURE_057,hashimoto,1,8
PURE_057,hashimoto,2,4
PURE_057,hashimoto,3,1
PURE_057,hashimoto,4,0
PURE_057,hashimoto,5,1
PURE_057,hashimoto,6,0
PURE_057,hashimoto,7,0
PURE_057,hashimoto,8,0
PURE_057,hashimoto,9,0
PURE_057,hashimoto,10,0
PURE_057,hashimoto,11,0
PURE_057,hashimoto,12,0
PURE_057,hashimoto,13,1
PURE_057,hashimoto,14,0
PURE_057,hashimoto,15,0
PURE_057,hashimoto,16,0
PURE_057,hashimoto,17,0
PURE_057,hashimoto,18,0
PURE_057,llmrei-long,1,8
PURE_057,llmrei-long,2,2
PURE_057,llmrei-long,3,0
PURE_057,llmrei-long,4,1
PURE_057,llmrei-long,5,0
PURE_057,llmrei-long,6,0
PURE_057,llmrei-long,7,0
PURE_057,llmrei-long,8,0
PURE_057,llmrei-long,9,0
PURE_057,llmrei-long,10,0
PURE_057,llmrei-long,11,0
PURE_057,llmrei-long,12,0
PURE_057,llmrei-long,13,0
PURE_057,llmrei-long,14,0
PURE_057,llmrei-long,15,0
PURE_057,llmrei-long,16,0
PURE_057,llmrei-long,17,0
PURE_057,llmrei-long,18,0
PURE_057,sparkme,1,36
PURE_057,sparkme,2,33
PURE_057,sparkme,3,4
PURE_057,sparkme,4,3
PURE_057,sparkme,5,0
PURE_057,sparkme,6,1
PURE_057,sparkme,7,0
PURE_057,sparkme,8,0
PURE_057,sparkme,9,0
PURE_057,sparkme,10,0
PURE_057,sparkme,11,0
PURE_057,sparkme,12,0
PURE_057,sparkme,13,0
PURE_057,sparkme,14,0
PURE_057,sparkme,15,0
PURE_057,sparkme,16,0
PURE_057,sparkme,17,0
PURE_057,sparkme,18,0
PURE_057,proposed_method,1,44
PURE_057,proposed_method,2,25
PURE_057,proposed_method,3,10
PURE_057,proposed_method,4,2
PURE_057,proposed_method,5,1
PURE_057,proposed_method,6,0
PURE_057,proposed_method,7,0
PURE_057,proposed_method,8,0
PURE_057,proposed_method,9,0
PURE_057,proposed_method,10,0
PURE_057,proposed_method,11,0
PURE_057,proposed_method,12,0
PURE_057,proposed_method,13,0
PURE_057,proposed_method,14,0
PURE_057,proposed_method,15,0
PURE_057,proposed_method,16,0
PURE_057,proposed_method,17,0
PURE_057,proposed_method,18,0
PURE_058,hashimoto,1,9
PURE_058,hashimoto,2,5
PURE_058,hashimoto,3,0
PURE_058,hashimoto,4,0
PURE_058,hashimoto,5,0
PURE_058,hashimoto,6,0
PURE_058,hashimoto,7,0
PURE_058,hashimoto,8,0
PURE_058,hashimoto,9,0
PURE_058,hashimoto,10,0
PURE_058,hashimoto,11,0
PURE_058,hashimoto,12,0
PURE_058,hashimoto,13,0
PURE_058,hashimoto,14,0
PURE_058,hashimoto,15,0
PURE_058,hashimoto,16,0
PURE_058,hashimoto,17,0
PURE_058,hashimoto,18,0
PURE_058,llmrei-long,1,20
PURE_058,llmrei-long,2,8
PURE_058,llmrei-long,3,1
PURE_058,llmrei-long,4,1
PURE_058,llmrei-long,5,0
PURE_058,llmrei-long,6,0
PURE_058,llmrei-long,7,0
PURE_058,llmrei-long,8,0
PURE_058,llmrei-long,9,0
PURE_058,llmrei-long,10,0
PURE_058,llmrei-long,11,0
PURE_058,llmrei-long,12,0
PURE_058,llmrei-long,13,0
PURE_058,llmrei-long,14,0
PURE_058,llmrei-long,15,0
PURE_058,llmrei-long,16,0
PURE_058,llmrei-long,17,0
PURE_058,llmrei-long,18,0
PURE_058,sparkme,1,31
PURE_058,sparkme,2,17
PURE_058,sparkme,3,4
PURE_058,sparkme,4,0
PURE_058,sparkme,5,0
PURE_058,sparkme,6,0
PURE_058,sparkme,7,0
PURE_058,sparkme,8,0
PURE_058,sparkme,9,0
PURE_058,sparkme,10,0
PURE_058,sparkme,11,0
PURE_058,sparkme,12,0
PURE_058,sparkme,13,0
PURE_058,sparkme,14,0
PURE_058,sparkme,15,0
PURE_058,sparkme,16,0
PURE_058,sparkme,17,0
PURE_058,sparkme,18,0
PURE_058,proposed_method,1,42
PURE_058,proposed_method,2,15
PURE_058,proposed_method,3,10
PURE_058,proposed_method,4,3
PURE_058,proposed_method,5,2
PURE_058,proposed_method,6,2
PURE_058,proposed_method,7,0
PURE_058,proposed_method,8,1
PURE_058,proposed_method,9,0
PURE_058,proposed_method,10,0
PURE_058,proposed_method,11,0
PURE_058,proposed_method,12,0
PURE_058,proposed_method,13,0
PURE_058,proposed_method,14,0
PURE_058,proposed_method,15,0
PURE_058,proposed_method,16,0
PURE_058,proposed_method,17,0
PURE_058,proposed_method,18,0
PURE_059,hashimoto,1,5
PURE_059,hashimoto,2,0
PURE_059,hashimoto,3,1
PURE_059,hashimoto,4,0
PURE_059,hashimoto,5,0
PURE_059,hashimoto,6,0
PURE_059,hashimoto,7,0
PURE_059,hashimoto,8,0
PURE_059,hashimoto,9,0
PURE_059,hashimoto,10,0
PURE_059,hashimoto,11,0
PURE_059,hashimoto,12,0
PURE_059,hashimoto,13,0
PURE_059,hashimoto,14,0
PURE_059,hashimoto,15,0
PURE_059,hashimoto,16,0
PURE_059,hashimoto,17,0
PURE_059,hashimoto,18,0
PURE_059,llmrei-long,1,6
PURE_059,llmrei-long,2,5
PURE_059,llmrei-long,3,0
PURE_059,llmrei-long,4,0
PURE_059,llmrei-long,5,1
PURE_059,llmrei-long,6,0
PURE_059,llmrei-long,7,0
PURE_059,llmrei-long,8,0
PURE_059,llmrei-long,9,0
PURE_059,llmrei-long,10,0
PURE_059,llmrei-long,11,0
PURE_059,llmrei-long,12,0
PURE_059,llmrei-long,13,0
PURE_059,llmrei-long,14,0
PURE_059,llmrei-long,15,0
PURE_059,llmrei-long,16,0
PURE_059,llmrei-long,17,0
PURE_059,llmrei-long,18,0
PURE_059,sparkme,1,17
PURE_059,sparkme,2,10
PURE_059,sparkme,3,4
PURE_059,sparkme,4,1
PURE_059,sparkme,5,0
PURE_059,sparkme,6,0
PURE_059,sparkme,7,0
PURE_059,sparkme,8,0
PURE_059,sparkme,9,0
PURE_059,sparkme,10,0
PURE_059,sparkme,11,0
PURE_059,sparkme,12,0
PURE_059,sparkme,13,0
PURE_059,sparkme,14,0
PURE_059,sparkme,15,0
PURE_059,sparkme,16,0
PURE_059,sparkme,17,0
PURE_059,sparkme,18,0
PURE_059,proposed_method,1,12
PURE_059,proposed_method,2,10
PURE_059,proposed_method,3,4
PURE_059,proposed_method,4,0
PURE_059,proposed_method,5,3
PURE_059,proposed_method,6,0
PURE_059,proposed_method,7,0
PURE_059,proposed_method,8,0
PURE_059,proposed_method,9,0
PURE_059,proposed_method,10,0
PURE_059,proposed_method,11,0
PURE_059,proposed_method,12,0
PURE_059,proposed_method,13,0
PURE_059,proposed_method,14,0
PURE_059,proposed_method,15,0
PURE_059,proposed_method,16,0
PURE_059,proposed_method,17,0
PURE_059,proposed_method,18,0
PURE_060,hashimoto,1,5
PURE_060,hashimoto,2,3
PURE_060,hashimoto,3,2
PURE_060,hashimoto,4,0
PURE_060,hashimoto,5,0
PURE_060,hashimoto,6,0
PURE_060,hashimoto,7,0
PURE_060,hashimoto,8,0
PURE_060,hashimoto,9,0
PURE_060,hashimoto,10,0
PURE_060,hashimoto,11,0
PURE_060,hashimoto,12,0
PURE_060,hashimoto,13,0
PURE_060,hashimoto,14,0
PURE_060,hashimoto,15,0
PURE_060,hashimoto,16,0
PURE_060,hashimoto,17,0
PURE_060,hashimoto,18,0
PURE_060,llmrei-long,1,8
PURE_060,llmrei-long,2,2
PURE_060,llmrei-long,3,0
PURE_060,llmrei-long,4,0
PURE_060,llmrei-long,5,0
PURE_060,llmrei-long,6,0
PURE_060,llmrei-long,7,0
PURE_060,llmrei-long,8,0
PURE_060,llmrei-long,9,0
PURE_060,llmrei-long,10,0
PURE_060,llmrei-long,11,0
PURE_060,llmrei-long,12,0
PURE_060,llmrei-long,13,0
PURE_060,llmrei-long,14,0
PURE_060,llmrei-long,15,0
PURE_060,llmrei-long,16,0
PURE_060,llmrei-long,17,0
PURE_060,llmrei-long,18,0
PURE_060,sparkme,1,17
PURE_060,sparkme,2,12
PURE_060,sparkme,3,4
PURE_060,sparkme,4,2
PURE_060,sparkme,5,1
PURE_060,sparkme,6,1
PURE_060,sparkme,7,0
PURE_060,sparkme,8,0
PURE_060,sparkme,9,1
PURE_060,sparkme,10,0
PURE_060,sparkme,11,0
PURE_060,sparkme,12,0
PURE_060,sparkme,13,0
PURE_060,sparkme,14,0
PURE_060,sparkme,15,0
PURE_060,sparkme,16,0
PURE_060,sparkme,17,0
PURE_060,sparkme,18,0
PURE_060,proposed_method,1,28
PURE_060,proposed_method,2,9
PURE_060,proposed_method,3,7
PURE_060,proposed_method,4,1
PURE_060,proposed_method,5,1
PURE_060,proposed_method,6,1
PURE_060,proposed_method,7,0
PURE_060,proposed_method,8,1
PURE_060,proposed_method,9,1
PURE_060,proposed_method,10,0
PURE_060,proposed_method,11,0
PURE_060,proposed_method,12,0
PURE_060,proposed_method,13,0
PURE_060,proposed_method,14,0
PURE_060,proposed_method,15,0
PURE_060,proposed_method,16,0
PURE_060,proposed_method,17,0
PURE_060,proposed_method,18,0
PURE_061,hashimoto,1,5
PURE_061,hashimoto,2,2
PURE_061,hashimoto,3,1
PURE_061,hashimoto,4,0
PURE_061,hashimoto,5,0
PURE_061,hashimoto,6,0
PURE_061,hashimoto,7,0
PURE_061,hashimoto,8,0
PURE_061,hashimoto,9,0
PURE_061,hashimoto,10,0
PURE_061,hashimoto,11,0
PURE_061,hashimoto,12,0
PURE_061,hashimoto,13,0
PURE_061,hashimoto,14,0
PURE_061,hashimoto,15,0
PURE_061,hashimoto,16,0
PURE_061,hashimoto,17,0
PURE_061,hashimoto,18,0
PURE_061,llmrei-long,1,10
PURE_061,llmrei-long,2,2
PURE_061,llmrei-long,3,1
PURE_061,llmrei-long,4,0
PURE_061,llmrei-long,5,0
PURE_061,llmrei-long,6,0
PURE_061,llmrei-long,7,0
PURE_061,llmrei-long,8,0
PURE_061,llmrei-long,9,0
PURE_061,llmrei-long,10,0
PURE_061,llmrei-long,11,0
PURE_061,llmrei-long,12,0
PURE_061,llmrei-long,13,0
PURE_061,llmrei-long,14,0
PURE_061,llmrei-long,15,0
PURE_061,llmrei-long,16,0
PURE_061,llmrei-long,17,0
PURE_061,llmrei-long,18,0
PURE_061,sparkme,1,40
PURE_061,sparkme,2,15
PURE_061,sparkme,3,5
PURE_061,sparkme,4,6
PURE_061,sparkme,5,5
PURE_061,sparkme,6,0
PURE_061,sparkme,7,0
PURE_061,sparkme,8,0
PURE_061,sparkme,9,0
PURE_061,sparkme,10,0
PURE_061,sparkme,11,0
PURE_061,sparkme,12,0
PURE_061,sparkme,13,0
PURE_061,sparkme,14,0
PURE_061,sparkme,15,0
PURE_061,sparkme,16,0
PURE_061,sparkme,17,0
PURE_061,sparkme,18,0
PURE_061,proposed_method,1,40
PURE_061,proposed_method,2,23
PURE_061,proposed_method,3,8
PURE_061,proposed_method,4,3
PURE_061,proposed_method,5,3
PURE_061,proposed_method,6,0
PURE_061,proposed_method,7,0
PURE_061,proposed_method,8,0
PURE_061,proposed_method,9,0
PURE_061,proposed_method,10,0
PURE_061,proposed_method,11,0
PURE_061,proposed_method,12,0
PURE_061,proposed_method,13,0
PURE_061,proposed_method,14,0
PURE_061,proposed_method,15,0
PURE_061,proposed_method,16,0
PURE_061,proposed_method,17,0
PURE_061,proposed_method,18,0
PURE_062,hashimoto,1,15
PURE_062,hashimoto,2,4
PURE_062,hashimoto,3,0
PURE_062,hashimoto,4,0
PURE_062,hashimoto,5,0
PURE_062,hashimoto,6,0
PURE_062,hashimoto,7,0
PURE_062,hashimoto,8,0
PURE_062,hashimoto,9,0
PURE_062,hashimoto,10,0
PURE_062,hashimoto,11,0
PURE_062,hashimoto,12,0
PURE_062,hashimoto,13,0
PURE_062,hashimoto,14,0
PURE_062,hashimoto,15,0
PURE_062,hashimoto,16,0
PURE_062,hashimoto,17,0
PURE_062,hashimoto,18,0
PURE_062,llmrei-long,1,16
PURE_062,llmrei-long,2,9
PURE_062,llmrei-long,3,5
PURE_062,llmrei-long,4,1
PURE_062,llmrei-long,5,0
PURE_062,llmrei-long,6,0
PURE_062,llmrei-long,7,0
PURE_062,llmrei-long,8,0
PURE_062,llmrei-long,9,0
PURE_062,llmrei-long,10,0
PURE_062,llmrei-long,11,0
PURE_062,llmrei-long,12,0
PURE_062,llmrei-long,13,0
PURE_062,llmrei-long,14,0
PURE_062,llmrei-long,15,0
PURE_062,llmrei-long,16,0
PURE_062,llmrei-long,17,0
PURE_062,llmrei-long,18,0
PURE_062,sparkme,1,36
PURE_062,sparkme,2,25
PURE_062,sparkme,3,3
PURE_062,sparkme,4,1
PURE_062,sparkme,5,2
PURE_062,sparkme,6,1
PURE_062,sparkme,7,0
PURE_062,sparkme,8,0
PURE_062,sparkme,9,0
PURE_062,sparkme,10,0
PURE_062,sparkme,11,0
PURE_062,sparkme,12,0
PURE_062,sparkme,13,0
PURE_062,sparkme,14,0
PURE_062,sparkme,15,0
PURE_062,sparkme,16,0
PURE_062,sparkme,17,0
PURE_062,sparkme,18,0
PURE_062,proposed_method,1,32
PURE_062,proposed_method,2,16
PURE_062,proposed_method,3,7
PURE_062,proposed_method,4,4
PURE_062,proposed_method,5,1
PURE_062,proposed_method,6,0
PURE_062,proposed_method,7,1
PURE_062,proposed_method,8,1
PURE_062,proposed_method,9,0
PURE_062,proposed_method,10,0
PURE_062,proposed_method,11,1
PURE_062,proposed_method,12,0
PURE_062,proposed_method,13,1
PURE_062,proposed_method,14,0
PURE_062,proposed_method,15,0
PURE_062,proposed_method,16,0
PURE_062,proposed_method,17,0
PURE_062,proposed_method,18,0
PURE_063,hashimoto,1,12
PURE_063,hashimoto,2,3
PURE_063,hashimoto,3,1
PURE_063,hashimoto,4,0
PURE_063,hashimoto,5,0
PURE_063,hashimoto,6,0
PURE_063,hashimoto,7,0
PURE_063,hashimoto,8,0
PURE_063,hashimoto,9,0
PURE_063,hashimoto,10,0
PURE_063,hashimoto,11,0
PURE_063,hashimoto,12,0
PURE_063,hashimoto,13,0
PURE_063,hashimoto,14,0
PURE_063,hashimoto,15,0
PURE_063,hashimoto,16,0
PURE_063,hashimoto,17,0
PURE_063,hashimoto,18,0
PURE_063,llmrei-long,1,15
PURE_063,llmrei-long,2,3
PURE_063,llmrei-long,3,1
PURE_063,llmrei-long,4,0
PURE_063,llmrei-long,5,0
PURE_063,llmrei-long,6,0
PURE_063,llmrei-long,7,0
PURE_063,llmrei-long,8,1
PURE_063,llmrei-long,9,0
PURE_063,llmrei-long,10,0
PURE_063,llmrei-long,11,0
PURE_063,llmrei-long,12,0
PURE_063,llmrei-long,13,0
PURE_063,llmrei-long,14,0
PURE_063,llmrei-long,15,0
PURE_063,llmrei-long,16,0
PURE_063,llmrei-long,17,0
PURE_063,llmrei-long,18,0
PURE_063,sparkme,1,30
PURE_063,sparkme,2,22
PURE_063,sparkme,3,14
PURE_063,sparkme,4,3
PURE_063,sparkme,5,1
PURE_063,sparkme,6,1
PURE_063,sparkme,7,2
PURE_063,sparkme,8,2
PURE_063,sparkme,9,0
PURE_063,sparkme,10,0
PURE_063,sparkme,11,0
PURE_063,sparkme,12,1
PURE_063,sparkme,13,0
PURE_063,sparkme,14,0
PURE_063,sparkme,15,0
PURE_063,sparkme,16,0
PURE_063,sparkme,17,0
PURE_063,sparkme,18,0
PURE_063,proposed_method,1,30
PURE_063,proposed_method,2,31
PURE_063,proposed_method,3,9
PURE_063,proposed_method,4,1
PURE_063,proposed_method,5,1
PURE_063,proposed_method,6,1
PURE_063,proposed_method,7,2
PURE_063,proposed_method,8,0
PURE_063,proposed_method,9,1
PURE_063,proposed_method,10,0
PURE_063,proposed_method,11,1
PURE_063,proposed_method,12,0
PURE_063,proposed_method,13,0
PURE_063,proposed_method,14,0
PURE_063,proposed_method,15,0
PURE_063,proposed_method,16,0
PURE_063,proposed_method,17,0
PURE_063,proposed_method,18,0
PURE_064,hashimoto,1,8
PURE_064,hashimoto,2,4
PURE_064,hashimoto,3,6
PURE_064,hashimoto,4,0
PURE_064,hashimoto,5,0
PURE_064,hashimoto,6,0
PURE_064,hashimoto,7,1
PURE_064,hashimoto,8,0
PURE_064,hashimoto,9,0
PURE_064,hashimoto,10,0
PURE_064,hashimoto,11,0
PURE_064,hashimoto,12,0
PURE_064,hashimoto,13,0
PURE_064,hashimoto,14,0
PURE_064,hashimoto,15,0
PURE_064,hashimoto,16,0
PURE_064,hashimoto,17,0
PURE_064,hashimoto,18,0
PURE_064,llmrei-long,1,11
PURE_064,llmrei-long,2,4
PURE_064,llmrei-long,3,0
PURE_064,llmrei-long,4,1
PURE_064,llmrei-long,5,0
PURE_064,llmrei-long,6,0
PURE_064,llmrei-long,7,0
PURE_064,llmrei-long,8,0
PURE_064,llmrei-long,9,0
PURE_064,llmrei-long,10,0
PURE_064,llmrei-long,11,0
PURE_064,llmrei-long,12,0
PURE_064,llmrei-long,13,0
PURE_064,llmrei-long,14,0
PURE_064,llmrei-long,15,0
PURE_064,llmrei-long,16,0
PURE_064,llmrei-long,17,0
PURE_064,llmrei-long,18,0
PURE_064,sparkme,1,29
PURE_064,sparkme,2,15
PURE_064,sparkme,3,4
PURE_064,sparkme,4,2
PURE_064,sparkme,5,0
PURE_064,sparkme,6,2
PURE_064,sparkme,7,0
PURE_064,sparkme,8,0
PURE_064,sparkme,9,1
PURE_064,sparkme,10,0
PURE_064,sparkme,11,0
PURE_064,sparkme,12,0
PURE_064,sparkme,13,0
PURE_064,sparkme,14,0
PURE_064,sparkme,15,0
PURE_064,sparkme,16,0
PURE_064,sparkme,17,0
PURE_064,sparkme,18,0
PURE_064,proposed_method,1,34
PURE_064,proposed_method,2,16
PURE_064,proposed_method,3,5
PURE_064,proposed_method,4,4
PURE_064,proposed_method,5,2
PURE_064,proposed_method,6,1
PURE_064,proposed_method,7,1
PURE_064,proposed_method,8,0
PURE_064,proposed_method,9,0
PURE_064,proposed_method,10,0
PURE_064,proposed_method,11,0
PURE_064,proposed_method,12,0
PURE_064,proposed_method,13,1
PURE_064,proposed_method,14,0
PURE_064,proposed_method,15,0
PURE_064,proposed_method,16,0
PURE_064,proposed_method,17,0
PURE_064,proposed_method,18,0
PURE_065,hashimoto,1,8
PURE_065,hashimoto,2,0
PURE_065,hashimoto,3,1
PURE_065,hashimoto,4,0
PURE_065,hashimoto,5,0
PURE_065,hashimoto,6,0
PURE_065,hashimoto,7,0
PURE_065,hashimoto,8,0
PURE_065,hashimoto,9,0
PURE_065,hashimoto,10,0
PURE_065,hashimoto,11,0
PURE_065,hashimoto,12,0
PURE_065,hashimoto,13,0
PURE_065,hashimoto,14,0
PURE_065,hashimoto,15,0
PURE_065,hashimoto,16,0
PURE_065,hashimoto,17,0
PURE_065,hashimoto,18,0
PURE_065,llmrei-long,1,22
PURE_065,llmrei-long,2,8
PURE_065,llmrei-long,3,3
PURE_065,llmrei-long,4,0
PURE_065,llmrei-long,5,0
PURE_065,llmrei-long,6,2
PURE_065,llmrei-long,7,0
PURE_065,llmrei-long,8,0
PURE_065,llmrei-long,9,0
PURE_065,llmrei-long,10,0
PURE_065,llmrei-long,11,0
PURE_065,llmrei-long,12,0
PURE_065,llmrei-long,13,0
PURE_065,llmrei-long,14,0
PURE_065,llmrei-long,15,0
PURE_065,llmrei-long,16,0
PURE_065,llmrei-long,17,0
PURE_065,llmrei-long,18,0
PURE_065,sparkme,1,44
PURE_065,sparkme,2,23
PURE_065,sparkme,3,10
PURE_065,sparkme,4,4
PURE_065,sparkme,5,0
PURE_065,sparkme,6,0
PURE_065,sparkme,7,0
PURE_065,sparkme,8,0
PURE_065,sparkme,9,0
PURE_065,sparkme,10,0
PURE_065,sparkme,11,0
PURE_065,sparkme,12,0
PURE_065,sparkme,13,0
PURE_065,sparkme,14,0
PURE_065,sparkme,15,0
PURE_065,sparkme,16,0
PURE_065,sparkme,17,0
PURE_065,sparkme,18,0
PURE_065,proposed_method,1,52
PURE_065,proposed_method,2,22
PURE_065,proposed_method,3,10
PURE_065,proposed_method,4,1
PURE_065,proposed_method,5,1
PURE_065,proposed_method,6,1
PURE_065,proposed_method,7,0
PURE_065,proposed_method,8,1
PURE_065,proposed_method,9,0
PURE_065,proposed_method,10,1
PURE_065,proposed_method,11,0
PURE_065,proposed_method,12,0
PURE_065,proposed_method,13,0
PURE_065,proposed_method,14,0
PURE_065,proposed_method,15,0
PURE_065,proposed_method,16,0
PURE_065,proposed_method,17,0
PURE_065,proposed_method,18,0
PURE_066,hashimoto,1,10
PURE_066,hashimoto,2,4
PURE_066,hashimoto,3,1
PURE_066,hashimoto,4,0
PURE_066,hashimoto,5,0
PURE_066,hashimoto,6,0
PURE_066,hashimoto,7,0
PURE_066,hashimoto,8,0
PURE_066,hashimoto,9,0
PURE_066,hashimoto,10,0
PURE_066,hashimoto,11,0
PURE_066,hashimoto,12,0
PURE_066,hashimoto,13,0
PURE_066,hashimoto,14,0
PURE_066,hashimoto,15,0
PURE_066,hashimoto,16,0
PURE_066,hashimoto,17,0
PURE_066,hashimoto,18,0
PURE_066,llmrei-long,1,27
PURE_066,llmrei-long,2,6
PURE_066,llmrei-long,3,0
PURE_066,llmrei-long,4,0
PURE_066,llmrei-long,5,0
PURE_066,llmrei-long,6,0
PURE_066,llmrei-long,7,0
PURE_066,llmrei-long,8,0
PURE_066,llmrei-long,9,0
PURE_066,llmrei-long,10,0
PURE_066,llmrei-long,11,0
PURE_066,llmrei-long,12,0
PURE_066,llmrei-long,13,0
PURE_066,llmrei-long,14,0
PURE_066,llmrei-long,15,0
PURE_066,llmrei-long,16,0
PURE_066,llmrei-long,17,0
PURE_066,llmrei-long,18,0
PURE_066,sparkme,1,31
PURE_066,sparkme,2,23
PURE_066,sparkme,3,3
PURE_066,sparkme,4,1
PURE_066,sparkme,5,1
PURE_066,sparkme,6,0
PURE_066,sparkme,7,1
PURE_066,sparkme,8,0
PURE_066,sparkme,9,0
PURE_066,sparkme,10,0
PURE_066,sparkme,11,0
PURE_066,sparkme,12,0
PURE_066,sparkme,13,0
PURE_066,sparkme,14,0
PURE_066,sparkme,15,0
PURE_066,sparkme,16,0
PURE_066,sparkme,17,0
PURE_066,sparkme,18,0
PURE_066,proposed_method,1,42
PURE_066,proposed_method,2,19
PURE_066,proposed_method,3,8
PURE_066,proposed_method,4,1
PURE_066,proposed_method,5,1
PURE_066,proposed_method,6,0
PURE_066,proposed_method,7,2
PURE_066,proposed_method,8,2
PURE_066,proposed_method,9,0
PURE_066,proposed_method,10,0
PURE_066,proposed_method,11,0
PURE_066,proposed_method,12,0
PURE_066,proposed_method,13,0
PURE_066,proposed_method,14,0
PURE_066,proposed_method,15,0
PURE_066,proposed_method,16,0
PURE_066,proposed_method,17,0
PURE_066,proposed_method,18,0
PURE_067,hashimoto,1,11
PURE_067,hashimoto,2,2
PURE_067,hashimoto,3,0
PURE_067,hashimoto,4,0
PURE_067,hashimoto,5,1
PURE_067,hashimoto,6,0
PURE_067,hashimoto,7,0
PURE_067,hashimoto,8,0
PURE_067,hashimoto,9,0
PURE_067,hashimoto,10,0
PURE_067,hashimoto,11,0
PURE_067,hashimoto,12,0
PURE_067,hashimoto,13,0
PURE_067,hashimoto,14,0
PURE_067,hashimoto,15,0
PURE_067,hashimoto,16,0
PURE_067,hashimoto,17,0
PURE_067,hashimoto,18,0
PURE_067,llmrei-long,1,11
PURE_067,llmrei-long,2,1
PURE_067,llmrei-long,3,1
PURE_067,llmrei-long,4,1
PURE_067,llmrei-long,5,0
PURE_067,llmrei-long,6,0
PURE_067,llmrei-long,7,0
PURE_067,llmrei-long,8,0
PURE_067,llmrei-long,9,0
PURE_067,llmrei-long,10,0
PURE_067,llmrei-long,11,0
PURE_067,llmrei-long,12,0
PURE_067,llmrei-long,13,0
PURE_067,llmrei-long,14,0
PURE_067,llmrei-long,15,0
PURE_067,llmrei-long,16,0
PURE_067,llmrei-long,17,0
PURE_067,llmrei-long,18,0
PURE_067,sparkme,1,29
PURE_067,sparkme,2,14
PURE_067,sparkme,3,2
PURE_067,sparkme,4,3
PURE_067,sparkme,5,0
PURE_067,sparkme,6,0
PURE_067,sparkme,7,0
PURE_067,sparkme,8,0
PURE_067,sparkme,9,1
PURE_067,sparkme,10,0
PURE_067,sparkme,11,0
PURE_067,sparkme,12,0
PURE_067,sparkme,13,0
PURE_067,sparkme,14,0
PURE_067,sparkme,15,0
PURE_067,sparkme,16,0
PURE_067,sparkme,17,0
PURE_067,sparkme,18,0
PURE_067,proposed_method,1,25
PURE_067,proposed_method,2,13
PURE_067,proposed_method,3,3
PURE_067,proposed_method,4,2
PURE_067,proposed_method,5,2
PURE_067,proposed_method,6,1
PURE_067,proposed_method,7,2
PURE_067,proposed_method,8,0
PURE_067,proposed_method,9,0
PURE_067,proposed_method,10,0
PURE_067,proposed_method,11,0
PURE_067,proposed_method,12,0
PURE_067,proposed_method,13,0
PURE_067,proposed_method,14,0
PURE_067,proposed_method,15,0
PURE_067,proposed_method,16,0
PURE_067,proposed_method,17,0
PURE_067,proposed_method,18,0
PURE_068,hashimoto,1,17
PURE_068,hashimoto,2,5
PURE_068,hashimoto,3,1
PURE_068,hashimoto,4,0
PURE_068,hashimoto,5,0
PURE_068,hashimoto,6,0
PURE_068,hashimoto,7,0
PURE_068,hashimoto,8,0
PURE_068,hashimoto,9,0
PURE_068,hashimoto,10,0
PURE_068,hashimoto,11,0
PURE_068,hashimoto,12,0
PURE_068,hashimoto,13,0
PURE_068,hashimoto,14,0
PURE_068,hashimoto,15,0
PURE_068,hashimoto,16,0
PURE_068,hashimoto,17,0
PURE_068,hashimoto,18,0
PURE_068,llmrei-long,1,31
PURE_068,llmrei-long,2,8
PURE_068,llmrei-long,3,3
PURE_068,llmrei-long,4,0
PURE_068,llmrei-long,5,0
PURE_068,llmrei-long,6,0
PURE_068,llmrei-long,7,0
PURE_068,llmrei-long,8,0
PURE_068,llmrei-long,9,0
PURE_068,llmrei-long,10,0
PURE_068,llmrei-long,11,0
PURE_068,llmrei-long,12,0
PURE_068,llmrei-long,13,0
PURE_068,llmrei-long,14,0
PURE_068,llmrei-long,15,0
PURE_068,llmrei-long,16,0
PURE_068,llmrei-long,17,0
PURE_068,llmrei-long,18,0
PURE_068,sparkme,1,45
PURE_068,sparkme,2,11
PURE_068,sparkme,3,5
PURE_068,sparkme,4,2
PURE_068,sparkme,5,1
PURE_068,sparkme,6,1
PURE_068,sparkme,7,0
PURE_068,sparkme,8,0
PURE_068,sparkme,9,0
PURE_068,sparkme,10,0
PURE_068,sparkme,11,0
PURE_068,sparkme,12,0
PURE_068,sparkme,13,0
PURE_068,sparkme,14,0
PURE_068,sparkme,15,0
PURE_068,sparkme,16,0
PURE_068,sparkme,17,0
PURE_068,sparkme,18,0
PURE_068,proposed_method,1,62
PURE_068,proposed_method,2,34
PURE_068,proposed_method,3,12
PURE_068,proposed_method,4,6
PURE_068,proposed_method,5,6
PURE_068,proposed_method,6,1
PURE_068,proposed_method,7,1
PURE_068,proposed_method,8,0
PURE_068,proposed_method,9,1
PURE_068,proposed_method,10,0
PURE_068,proposed_method,11,0
PURE_068,proposed_method,12,1
PURE_068,proposed_method,13,0
PURE_068,proposed_method,14,0
PURE_068,proposed_method,15,0
PURE_068,proposed_method,16,0
PURE_068,proposed_method,17,0
PURE_068,proposed_method,18,0
PURE_069,hashimoto,1,10
PURE_069,hashimoto,2,2
PURE_069,hashimoto,3,0
PURE_069,hashimoto,4,0
PURE_069,hashimoto,5,0
PURE_069,hashimoto,6,0
PURE_069,hashimoto,7,0
PURE_069,hashimoto,8,0
PURE_069,hashimoto,9,0
PURE_069,hashimoto,10,0
PURE_069,hashimoto,11,0
PURE_069,hashimoto,12,0
PURE_069,hashimoto,13,0
PURE_069,hashimoto,14,0
PURE_069,hashimoto,15,0
PURE_069,hashimoto,16,0
PURE_069,hashimoto,17,0
PURE_069,hashimoto,18,0
PURE_069,llmrei-long,1,10
PURE_069,llmrei-long,2,0
PURE_069,llmrei-long,3,0
PURE_069,llmrei-long,4,1
PURE_069,llmrei-long,5,0
PURE_069,llmrei-long,6,0
PURE_069,llmrei-long,7,0
PURE_069,llmrei-long,8,0
PURE_069,llmrei-long,9,0
PURE_069,llmrei-long,10,0
PURE_069,llmrei-long,11,0
PURE_069,llmrei-long,12,0
PURE_069,llmrei-long,13,0
PURE_069,llmrei-long,14,0
PURE_069,llmrei-long,15,0
PURE_069,llmrei-long,16,0
PURE_069,llmrei-long,17,0
PURE_069,llmrei-long,18,0
PURE_069,sparkme,1,41
PURE_069,sparkme,2,25
PURE_069,sparkme,3,0
PURE_069,sparkme,4,4
PURE_069,sparkme,5,1
PURE_069,sparkme,6,2
PURE_069,sparkme,7,0
PURE_069,sparkme,8,0
PURE_069,sparkme,9,0
PURE_069,sparkme,10,1
PURE_069,sparkme,11,0
PURE_069,sparkme,12,0
PURE_069,sparkme,13,0
PURE_069,sparkme,14,0
PURE_069,sparkme,15,0
PURE_069,sparkme,16,0
PURE_069,sparkme,17,0
PURE_069,sparkme,18,0
PURE_069,proposed_method,1,37
PURE_069,proposed_method,2,28
PURE_069,proposed_method,3,6
PURE_069,proposed_method,4,5
PURE_069,proposed_method,5,0
PURE_069,proposed_method,6,2
PURE_069,proposed_method,7,0
PURE_069,proposed_method,8,0
PURE_069,proposed_method,9,0
PURE_069,proposed_method,10,1
PURE_069,proposed_method,11,0
PURE_069,proposed_method,12,0
PURE_069,proposed_method,13,0
PURE_069,proposed_method,14,0
PURE_069,proposed_method,15,0
PURE_069,proposed_method,16,0
PURE_069,proposed_method,17,0
PURE_069,proposed_method,18,0
