requirement_id,run_index,status,evidence_ids,rationale,limitation,decision,revised_status,revised_evidence_ids,revised_rationale,revised_limitation,notes
FR-001,1,observed_satisfied,EV-01-SCEN-FR-001-04-01; EV-01-SCEN-FR-001-04-05; EV-01-SCEN-FR-001-04-06; EV-01-SCEN-FR-001-04-08; EV-01-SCEN-FR-001-04-09; EV-01-SCEN-FR-001-04-10,"The analyst created a requirement, policy, goal, scenario, and legal-compliance note. The subsequent project response contains all five, establishing that users can capture each stated kind of information.",,accept,,,,,
FR-002,1,observed_partial,EV-01-SCEN-FR-002-05-05; EV-01-SCEN-FR-002-05-06; EV-01-SCEN-FR-002-05-07; EV-01-SCEN-FR-002-05-09; EV-01-SCEN-FR-002-05-16,"Users linked an existing requirement to goals, a policy, and a scenario. The project readback shows those links with their recorded rationale, establishing traceability for those item types.","No derived analysis was identified and linked, so that required item type remains untested.",accept,,,,,
FR-003,1,observed_partial,EV-01-SCEN-FR-003-06-05; EV-01-SCEN-FR-003-06-06; EV-01-SCEN-FR-003-06-07; EV-01-SCEN-FR-003-06-11; EV-01-SCEN-FR-003-06-14; EV-01-SCEN-FR-003-06-16,The requirement I1 and goal G1 were each linked to the policy item I2. The requirement-to-policy link also appears in the project readback.,Tracing a requirement or goal to a source legal rule was not demonstrated.,accept,,,,,
FR-004,1,observed_satisfied,EV-01-SCEN-FR-004-07-01; EV-01-SCEN-FR-004-07-11; EV-01-SCEN-FR-004-07-16,"The system recorded a policy reference, the specific policy excerpt, and a short rationale on traces involving a requirement and a goal. A subsequent project readback shows those fields retained on the requirement’s trace.","The underlying policy text was not shown, so the excerpt’s accuracy against that policy cannot be independently checked.",accept,,,,,
FR-005,1,observed_satisfied,EV-01-SCEN-FR-005-08-05; EV-01-SCEN-FR-005-08-06; EV-01-SCEN-FR-005-08-07; EV-01-SCEN-FR-005-08-11; EV-01-SCEN-FR-005-08-16,"The project response shows requirement I1 linked to goal G1, identifying which requirement supports that goal. It also shows I1 linked to policy item I2 with a policy reference and rationale, identifying a policy source justifying the requirement. The recorded G1-to-I2 trace additionally shows the policy linked to the goal.",,accept,,,,,
FR-006,1,observed_partial,EV-01-SCEN-FR-006-09-05; EV-01-SCEN-FR-006-09-06; EV-01-SCEN-FR-006-09-07; EV-01-SCEN-FR-006-09-08; EV-01-SCEN-FR-006-09-16,"The readback shows requirement I1 linked to two goals, G1 and G2, and shows both I1 and G1 linked to policy I2. This establishes multiple relationships involving requirements, goals, and policies.","Only one requirement and one policy were created, so the evidence does not establish that multiple requirements can share a goal or that an item can link to multiple policies.",accept,,,,,
FR-007,1,observed_satisfied,EV-01-SCEN-FR-007-10-01; EV-01-SCEN-FR-007-10-11; EV-01-SCEN-FR-007-10-13; EV-01-SCEN-FR-007-10-14; EV-01-SCEN-FR-007-10-15; EV-01-SCEN-FR-007-10-16,"The project response shows I1's separate links to G1, G2, I2 and S1 rather than a single path. The recorded trace response also shows G1 linked to I2, making I2 a visible shared dependency of I1 and G1.",,accept,,,,,
FR-008,1,observed_partial,EV-01-SCEN-FR-008-11-01; EV-01-SCEN-FR-008-11-13; EV-01-SCEN-FR-008-11-14; EV-01-SCEN-FR-008-11-15; EV-01-SCEN-FR-008-11-16,"Item I1 was linked to multiple targets, and the project response showed all four recorded links for I1. This establishes the multiple-link display obligation.","No team designation of a primary link was recorded, so whether the system clearly indicates a designated primary link remains untested.",accept,,,,,
FR-009,1,not_observable,EV-01-SCEN-FR-009-12-01; EV-01-SCEN-FR-009-12-05; EV-01-SCEN-FR-009-12-06,"No required obligation was established. The comparison response presents two records as left and right, but both prepared records are explicitly type 'requirement', not analyses.",Comparison of two analyses side by side was not exercised.,accept,,,,,
FR-010,1,not_observable,EV-01-SCEN-FR-010-13-01; EV-01-SCEN-FR-010-13-05; EV-01-SCEN-FR-010-13-06,"No required branch was established. The recorded comparison shows matching titles and types and different classifications for two requirement items, but it does not show a comparison of analyses.","Whether analysis comparisons show matching, differing, and one-analysis-only goals, policies, and requirements remains untested.",accept,,,,,
FR-011,1,not_observable,EV-01-SCEN-FR-011-14-01; EV-01-SCEN-FR-011-14-05; EV-01-SCEN-FR-011-14-06,"None of the required behaviour was established. Two people created similarly titled requirement items, but both items had empty trace_links. The comparison showed different classifications, not different source-policy traces.","No comparison was recorded in which two people traced the same requirement to different source policies, so visibility of that difference remains untested.",accept,,,,,
FR-012,1,not_observable,EV-01-SCEN-FR-012-15-05; EV-01-SCEN-FR-012-15-06; EV-01-SCEN-FR-012-15-01,"No complete required obligation was established. An analyst created one requirement item, a project manager created another, and the project manager compared them. These observations do not show analysts independently building analyses and comparing them.",No analyst comparison was recorded. The comparison response also does not establish whether the reasoning behind decisions remains available.,accept,,,,,
FR-013,1,not_observable,EV-01-SCEN-FR-013-16-01,No observation was recorded for the scenarios of this requirement.,"The existing probe does not replay the recorded action; this delivery exposes create, trace, compare, project-view and export operations only. Missing observation: SPRAT displays the review, comment, compare-analysis, and traceability-check functions for the project manager, and the newly added comment and traceability-check results are shown within the project context. The target action was not executed; this is an observation limitation, not a software failure.",accept,,,,,
FR-014,1,observed_partial,EV-01-SCEN-FR-014-17-01,"A request identifying the actor as a guest returned project materials marked approved, establishing that guests can view approved materials.",The evidence does not establish whether guests were allowed to compare published analyses or show a guest performing a comparison.,accept,,,,,
FR-015,1,not_observable,EV-01-SCEN-FR-015-18-01,No observation was recorded for the scenarios of this requirement.,"The existing probe does not replay the recorded action; this delivery exposes create, trace, compare, project-view and export operations only. Missing observation: The analysis items remain organized under the selected classifications, and the same items can be browsed through different classification views without losing their organization data. The target action was not executed; this is an observation limitation, not a software failure.",accept,,,,,
FR-016,1,not_observable,EV-01-SCEN-FR-016-19-01,No observation was recorded for the scenarios of this requirement.,"The existing probe does not replay the recorded action; this delivery exposes create, trace, compare, project-view and export operations only. Missing observation: The artifact appears in both relevant classifications, and each classification view shows the artifact without removing or replacing the other classification. The target action was not executed; this is an observation limitation, not a software failure.",accept,,,,,
FR-017,1,not_observable,EV-01-SCEN-FR-017-20-01,No observation was recorded for the scenarios of this requirement.,"The existing probe does not replay the recorded action; this delivery exposes create, trace, compare, project-view and export operations only. Missing observation: SPRAT updates the current classification while preserving the previous classification in the item history, so the reclassification can be reviewed later as part of the audit trail. The target action was not executed; this is an observation limitation, not a software failure.",accept,,,,,
FR-018,1,not_observable,EV-01-SCEN-FR-018-21-01,No observation was recorded for the scenarios of this requirement.,"The existing probe does not replay the recorded action; this delivery exposes create, trace, compare, project-view and export operations only. Missing observation: The derived-from link remains visible in the trace view, and the system still shows the relationship to the original source item even though the source is revised or inactive. The target action was not executed; this is an observation limitation, not a software failure.",accept,,,,,
FR-019,1,observed_satisfied,EV-01-SCEN-FR-019-22-01; EV-01-SCEN-FR-019-22-11; EV-01-SCEN-FR-019-22-16,"The system accepted derived-from links from I1 to G1 and from G1 to I2, establishing a multi-level chain. The project readback lists I1’s immediate link to G1 under I1’s own trace_links, keeping that direct relationship identifiable.",,accept,,,,,
FR-020,1,observed_satisfied,EV-01-SCEN-FR-020-23-01; EV-01-SCEN-FR-020-23-11; EV-01-SCEN-FR-020-23-13; EV-01-SCEN-FR-020-23-14; EV-01-SCEN-FR-020-23-16,"The readback preserves the requirement’s links to intermediate goals G1 and G2 and its direct link to policy item I2. That direct link remains visible in the requirement’s top-level trace_links, with the policy reference recorded on the links, rather than appearing only through an intermediate goal.",No policy-version example was exercised; the requirement permits intermediate goals or policy versions.,accept,,,,,
FR-021,1,not_observable,EV-01-SCEN-FR-021-24-01,No observation was recorded for the scenarios of this requirement.,"The existing probe does not replay the recorded action; this delivery exposes create, trace, compare, project-view and export operations only. Missing observation: SPRAT begins importing the legacy work in a controlled migration flow rather than requiring a full manual rebuild, and the migrated content becomes available in the target workspace. The target action was not executed; this is an observation limitation, not a software failure.",accept,,,,,
FR-022,1,not_observable,EV-01-SCEN-FR-022-25-01,No observation was recorded for the scenarios of this requirement.,"The existing probe does not replay the recorded action; this delivery exposes create, trace, compare, project-view and export operations only. Missing observation: The migrated work retains its traceability and contextual information well enough for review, so reviewers can follow the relationships and trust the provenance of the imported analysis. The target action was not executed; this is an observation limitation, not a software failure.",accept,,,,,
FR-023,1,not_observable,EV-01-SCEN-FR-023-26-01,No observation was recorded for the scenarios of this requirement.,"The existing probe does not replay the recorded action; this delivery exposes create, trace, compare, project-view and export operations only. Missing observation: SPRAT brings over the core active content and the links needed for current work, while unnecessary formatting artifacts or historical clutter are not imported when they are not needed. The target action was not executed; this is an observation limitation, not a software failure.",accept,,,,,
FR-024,1,not_observable,EV-01-SCEN-FR-024-27-01,No observation was recorded for the scenarios of this requirement.,"The existing probe does not replay the recorded action; this delivery exposes create, trace, compare, project-view and export operations only. Missing observation: SPRAT migrates the active projects, authoritative source documents, and traceability-critical items first, making the current work available before lower-priority legacy content. The target action was not executed; this is an observation limitation, not a software failure.",accept,,,,,
FR-025,1,observed_partial,EV-01-SCEN-FR-025-28-06; EV-01-SCEN-FR-025-28-14; EV-01-SCEN-FR-025-28-16,"The active I1 trace link to policy item I2 is present on readback, along with the policy excerpt and supporting rationale. This establishes a linked policy source and notes that help explain the link.",POL-1 is recorded as a policy reference; the evidence does not identify a specific obligation reference within that policy.,accept,,,,,
FR-026,1,observed_partial,EV-01-SCEN-FR-026-29-01; EV-01-SCEN-FR-026-29-11; EV-01-SCEN-FR-026-29-12,"The guest could read the project and was forbidden from creating an item, supporting read-only guest use. The project manager could read the project, supporting review access.","No project-manager write action was attempted, so the review-only restriction for project managers remains untested.",accept,,,,,
FR-027,1,observed_partial,EV-01-SCEN-FR-027-30-01; EV-01-SCEN-FR-027-30-05; EV-01-SCEN-FR-027-30-10; EV-01-SCEN-FR-027-30-11,"The guest's attempt to add an item was forbidden, supporting the restriction on guest changes. However, the guest's project response exposed the description of an item marked sensitive within its audit details, violating the restriction on viewing restricted details.",Other kinds of guest changes were not tested.,accept,,,,,
FR-028,1,observed_unsatisfied,EV-01-SCEN-FR-028-31-01; EV-01-SCEN-FR-028-31-10,"The guest project response exposes the unapproved legal-compliance note N1 and includes its description in audit details. It also exposes audit details for sensitive item I1. No explicit owner grant is recorded, so the default guest-viewing restriction is violated. No required blocking branch is positively established.",No unapproved trace link was prepared or tested.,accept,,,,,
FR-029,1,not_observable,EV-01-SCEN-FR-029-32-01,No observation was recorded for the scenarios of this requirement.,"The existing probe does not replay the recorded action; this delivery exposes create, trace, compare, project-view and export operations only. Missing observation: The project workspace loads successfully in the browser and the user can access the analysis tool through the web without requiring a separate desktop application. The target action was not executed; this is an observation limitation, not a software failure.",accept,,,,,
FR-030,1,not_observable,EV-01-SCEN-FR-030-33-01,No observation was recorded for the scenarios of this requirement.,"The existing probe does not replay the recorded action; this delivery exposes create, trace, compare, project-view and export operations only. Missing observation: The system allows access only if the device or network is approved and the stronger authentication succeeds; for the especially sensitive project, access remains blocked until explicit approval is granted, with a clear denial shown when approval is missing. The target action was not executed; this is an observation limitation, not a software failure.",accept,,,,,
FR-031,1,not_observable,EV-01-SCEN-FR-031-34-01,No observation was recorded for the scenarios of this requirement.,"The existing probe does not replay the recorded action; this delivery exposes create, trace, compare, project-view and export operations only. Missing observation: The system grants access only for the approved exception window, records the exception in the audit log with requester, reason, approver, and expiry time, and automatically revokes the access when the time limit expires. The target action was not executed; this is an observation limitation, not a software failure.",accept,,,,,
FR-032,1,observed_partial,EV-01-SCEN-FR-032-35-05; EV-01-SCEN-FR-032-35-01; EV-01-SCEN-FR-032-35-16,"An analyst captured an item, created a trace link, and retrieved a project response showing the recorded item and link. Basic capture and trace tasks are supported in the observed workflow.",The record does not establish that the analyst was new or show whether these tasks could be completed with minimal guidance.,accept,,,,,
FR-033,1,not_observable,EV-01-SCEN-FR-033-36-01,No observation was recorded for the scenarios of this requirement.,"The existing probe does not replay the recorded action; this delivery exposes create, trace, compare, project-view and export operations only. Missing observation: The system permits the edit, reclassification, and linking without forcing heavy approval or review steps, and the updated trace is saved successfully. The target action was not executed; this is an observation limitation, not a software failure.",accept,,,,,
FR-034,1,not_observable,EV-01-SCEN-FR-034-37-01,No observation was recorded for the scenarios of this requirement.,"The existing probe does not replay the recorded action; this delivery exposes create, trace, compare, project-view and export operations only. Missing observation: The system prevents publication, shows that review is required, and keeps the trace in a pending state until an eligible reviewer approves it. The target action was not executed; this is an observation limitation, not a software failure.",accept,,,,,
FR-035,1,not_observable,EV-01-SCEN-FR-035-38-01,No observation was recorded for the scenarios of this requirement.,"The existing probe does not replay the recorded action; this delivery exposes create, trace, compare, project-view and export operations only. Missing observation: The system provides guided setup instructions, example acceptable classifications, and routes the configuration to a short administrator or project manager review before the setup is accepted. The target action was not executed; this is an observation limitation, not a software failure.",accept,,,,,
FR-036,1,not_observable,EV-01-SCEN-FR-036-39-01,No observation was recorded for the scenarios of this requirement.,"The existing probe does not replay the recorded action; this delivery exposes create, trace, compare, project-view and export operations only. Missing observation: The system displays a clear explanation of how the comparison was interpreted, including what was considered a match, mismatch, or partial match. The target action was not executed; this is an observation limitation, not a software failure.",accept,,,,,
FR-037,1,not_observable,EV-01-SCEN-FR-037-40-01,No observation was recorded for the scenarios of this requirement.,"The existing probe does not replay the recorded action; this delivery exposes create, trace, compare, project-view and export operations only. Missing observation: The system stores and displays both the title or name and the description for the analysis item. The target action was not executed; this is an observation limitation, not a software failure.",accept,,,,,
FR-038,1,not_observable,EV-01-SCEN-FR-038-41-01,No observation was recorded for the scenarios of this requirement.,"The existing probe does not replay the recorded action; this delivery exposes create, trace, compare, project-view and export operations only. Missing observation: The scenario form captures the actor, trigger, and outcome as distinct fields and shows them in the saved scenario record. The target action was not executed; this is an observation limitation, not a software failure.",accept,,,,,
FR-039,1,not_observable,EV-01-SCEN-FR-039-42-01,No observation was recorded for the scenarios of this requirement.,"The existing probe does not replay the recorded action; this delivery exposes create, trace, compare, project-view and export operations only. Missing observation: The system rejects the save or flags the item as incomplete and indicates that trace links are required before a policy-derived requirement can be accepted. The target action was not executed; this is an observation limitation, not a software failure.",accept,,,,,
FR-040,1,not_observable,EV-01-SCEN-FR-040-43-01,No observation was recorded for the scenarios of this requirement.,"The existing probe does not replay the recorded action; this delivery exposes create, trace, compare, project-view and export operations only. Missing observation: The system flags the missing or inconsistent classifications clearly and does not silently accept the item as valid. The target action was not executed; this is an observation limitation, not a software failure.",accept,,,,,
FR-041,1,not_observable,EV-01-SCEN-FR-041-44-01,No observation was recorded for the scenarios of this requirement.,"The existing probe does not replay the recorded action; this delivery exposes create, trace, compare, project-view and export operations only. Missing observation: The system reports whether required links are present, whether classifications are used correctly, and whether obvious trace gaps exist, highlighting structural issues for review. The target action was not executed; this is an observation limitation, not a software failure.",accept,,,,,
FR-042,1,not_observable,EV-01-SCEN-FR-042-45-01,No observation was recorded for the scenarios of this requirement.,"The existing probe does not replay the recorded action; this delivery exposes create, trace, compare, project-view and export operations only. Missing observation: The system clearly flags the questionable content for attention without making the semantic decision itself, leaving the final judgment to the analyst or reviewer. The target action was not executed; this is an observation limitation, not a software failure.",accept,,,,,
FR-043,1,not_observable,EV-01-SCEN-FR-043-46-01,No observation was recorded for the scenarios of this requirement.,"The existing probe does not replay the recorded action; this delivery exposes create, trace, compare, project-view and export operations only. Missing observation: The trace is saved with the analyst's identity and a timestamp showing when the trace was created, and both details are visible in the trace record or audit view. The target action was not executed; this is an observation limitation, not a software failure.",accept,,,,,
FR-044,1,not_observable,EV-01-SCEN-FR-044-47-01,No observation was recorded for the scenarios of this requirement.,"The existing probe does not replay the recorded action; this delivery exposes create, trace, compare, project-view and export operations only. Missing observation: The goal shows all supported policies, and the indirect trace is accepted and displayed as explainable through the requirement or scenario rather than being rejected as incomplete. The target action was not executed; this is an observation limitation, not a software failure.",accept,,,,,
FR-045,1,not_observable,EV-01-SCEN-FR-045-48-01,No observation was recorded for the scenarios of this requirement.,"The existing probe does not replay the recorded action; this delivery exposes create, trace, compare, project-view and export operations only. Missing observation: The derived requirement still displays its derived-from link to the original source item, and the link remains visible even after the source item changes. The target action was not executed; this is an observation limitation, not a software failure.",accept,,,,,
FR-046,1,not_observable,EV-01-SCEN-FR-046-49-01,No observation was recorded for the scenarios of this requirement.,"The existing probe does not replay the recorded action; this delivery exposes create, trace, compare, project-view and export operations only. Missing observation: The system shows the immediate parent in the derived-from chain, making the direct origin of the requirement clear and unambiguous. The target action was not executed; this is an observation limitation, not a software failure.",accept,,,,,
FR-047,1,not_observable,EV-01-SCEN-FR-047-50-01,No observation was recorded for the scenarios of this requirement.,"The existing probe does not replay the recorded action; this delivery exposes create, trace, compare, project-view and export operations only. Missing observation: The audit trail records what was changed, who made the change, and when the change occurred, and the entry is available for review. The target action was not executed; this is an observation limitation, not a software failure.",accept,,,,,
FR-048,1,not_observable,EV-01-SCEN-FR-048-51-01,No observation was recorded for the scenarios of this requirement.,"The existing probe does not replay the recorded action; this delivery exposes create, trace, compare, project-view and export operations only. Missing observation: The system preserves the prior version or sufficient reconstruction detail so the earlier state can be viewed or recovered from the history. The target action was not executed; this is an observation limitation, not a software failure.",accept,,,,,
FR-049,1,not_observable,EV-01-SCEN-FR-049-52-01,No observation was recorded for the scenarios of this requirement.,"The existing probe does not replay the recorded action; this delivery exposes create, trace, compare, project-view and export operations only. Missing observation: The system shows which downstream items were derived from the changed artifact or were reviewed against it, allowing the analyst to see affected items. The target action was not executed; this is an observation limitation, not a software failure.",accept,,,,,
FR-050,1,observed_partial,EV-01-SCEN-FR-050-53-01; EV-01-SCEN-FR-050-53-08,"The system exported project data as JSON and CSV, satisfying the structured machine-readable format obligation.",No export in a human-readable format such as PDF or Word was exercised.,accept,,,,,
FR-051,1,observed_satisfied,EV-01-SCEN-FR-051-54-01; EV-01-SCEN-FR-051-54-05; EV-01-SCEN-FR-051-54-06; EV-01-SCEN-FR-051-54-07,"The JSON export preserves I1’s recorded trace link to I2, including its relation and policy reference. It also preserves the items’ creation audit entries and I1’s trace audit entry, including actors, timestamps, and details.",,accept,,,,,
FR-052,1,not_observable,EV-01-SCEN-FR-052-55-01; EV-01-SCEN-FR-052-55-04; EV-01-SCEN-FR-052-55-05; EV-01-SCEN-FR-052-55-06,"The project and items were created, and a guest request to the export endpoint received a generic 403. No complete role-based raw-export restriction is established: the response does not link the refusal to the guest's role.","No authorization policy or matched successful export by an authorized role was recorded, so the reason for the refusal and the role-based restriction remain unknown.",accept,,,,,
FR-053,1,not_observable,EV-01-SCEN-FR-053-56-01,No observation was recorded for the scenarios of this requirement.,"The existing probe does not replay the recorded action; this delivery exposes create, trace, compare, project-view and export operations only. Missing observation: The system requires a redacted or approved version for external sharing and blocks or rejects the unfiltered export. The target action was not executed; this is an observation limitation, not a software failure.",accept,,,,,
FR-054,1,not_observable,EV-01-SCEN-FR-054-57-01,No observation was recorded for the scenarios of this requirement.,"The existing probe does not replay the recorded action; this delivery exposes create, trace, compare, project-view and export operations only. Missing observation: The system either redacts the sensitive portions or blocks the export according to the sensitivity of the content, and the user is informed of the restriction. The target action was not executed; this is an observation limitation, not a software failure.",accept,,,,,
FR-055,1,not_observable,EV-01-SCEN-FR-055-58-01,No observation was recorded for the scenarios of this requirement.,"The existing probe does not replay the recorded action; this delivery exposes create, trace, compare, project-view and export operations only. Missing observation: The system withholds release until explicit approval is recorded, and the export remains pending or blocked until approval is granted. The target action was not executed; this is an observation limitation, not a software failure.",accept,,,,,
FR-056,1,not_observable,EV-01-SCEN-FR-056-59-01,No observation was recorded for the scenarios of this requirement.,"The existing probe does not replay the recorded action; this delivery exposes create, trace, compare, project-view and export operations only. Missing observation: The exported output is automatically reduced in detail by excluding draft comments, sensitive source links, and personal data. The target action was not executed; this is an observation limitation, not a software failure.",accept,,,,,
FR-057,1,not_observable,EV-01-SCEN-FR-057-60-01,No observation was recorded for the scenarios of this requirement.,"The existing probe does not replay the recorded action; this delivery exposes create, trace, compare, project-view and export operations only. Missing observation: The system blocks the export and clearly indicates that the requested information is above the user's clearance level or outside their authorized project scope. The target action was not executed; this is an observation limitation, not a software failure.",accept,,,,,
FR-058,1,not_observable,EV-01-SCEN-FR-058-61-01,No observation was recorded for the scenarios of this requirement.,"The existing probe does not replay the recorded action; this delivery exposes create, trace, compare, project-view and export operations only. Missing observation: The request is marked as pending review, a clear ownership-unclear flag is shown, and the system does not allow approval until a user with confirmed authority explicitly approves or assigns ownership. The target action was not executed; this is an observation limitation, not a software failure.",accept,,,,,
FR-059,1,not_observable,EV-01-SCEN-FR-059-62-01,No observation was recorded for the scenarios of this requirement.,"The existing probe does not replay the recorded action; this delivery exposes create, trace, compare, project-view and export operations only. Missing observation: The system routes the item to the configured fallback approver, displays the fallback relationship explicitly, and records an auditable trail showing why the fallback was used and who handled the review. The target action was not executed; this is an observation limitation, not a software failure.",accept,,,,,
FR-060,1,not_observable,EV-01-SCEN-FR-060-63-01,No observation was recorded for the scenarios of this requirement.,"The existing probe does not replay the recorded action; this delivery exposes create, trace, compare, project-view and export operations only. Missing observation: The original decision records remain unchanged, a new version is created with provenance information, and the history view shows the prior and current versions rather than overwriting the earlier decisions. The target action was not executed; this is an observation limitation, not a software failure.",accept,,,,,
FR-061,1,not_observable,EV-01-SCEN-FR-061-64-01,No observation was recorded for the scenarios of this requirement.,"The existing probe does not replay the recorded action; this delivery exposes create, trace, compare, project-view and export operations only. Missing observation: The system shows what changed, the timestamp of the change, and a list of impacted analyses or reports, with the affected items clearly identified in the change summary. The target action was not executed; this is an observation limitation, not a software failure.",accept,,,,,
FR-062,1,not_observable,EV-01-SCEN-FR-062-65-01,No observation was recorded for the scenarios of this requirement.,"The existing probe does not replay the recorded action; this delivery exposes create, trace, compare, project-view and export operations only. Missing observation: The submission is blocked or returned for correction, the specific validation issue is highlighted, and the system prevents the flawed review from being treated as authoritative until the mistake is resolved. The target action was not executed; this is an observation limitation, not a software failure.",accept,,,,,
FR-063,1,observed_satisfied,EV-01-SCEN-FR-063-66-05; EV-01-SCEN-FR-063-66-06; EV-01-SCEN-FR-063-66-07; EV-01-SCEN-FR-063-66-01; EV-01-SCEN-FR-063-66-11; EV-01-SCEN-FR-063-66-14; EV-01-SCEN-FR-063-66-16,"The project readback keeps the requirement’s trace links visible, including links to the source policy and intermediate goal G1, with the policy reference and rationale. A recorded trace also connects G1 to the policy, preserving the observed justification path.",The readback is truncated before G1’s stored trace links are shown; its link to the policy is evidenced by the trace-creation response.,accept,,,,,
BR-001,1,observed_partial,EV-01-SCEN-BR-001-67-05; EV-01-SCEN-BR-001-67-07; EV-01-SCEN-BR-001-67-08; EV-01-SCEN-BR-001-67-01; EV-01-SCEN-BR-001-67-13; EV-01-SCEN-BR-001-67-16,"The requirement I1 was traced to both goals G1 and G2, and the project readback shows both links. This establishes that one requirement may be traced to several goals.",The evidence does not show one policy driving multiple requirements; only one requirement is shown linked to the policy.,accept,,,,,
BR-002,1,observed_partial,EV-01-SCEN-BR-002-68-05; EV-01-SCEN-BR-002-68-09; EV-01-SCEN-BR-002-68-15; EV-01-SCEN-BR-002-68-16,"The requirement I1 has a visible, persisted 'derived-from' link to scenario S1, satisfying the scenario-derived branch.","No requirement derived through another requirement was shown, so that branch remains untested.",accept,,,,,
BR-003,1,observed_satisfied,EV-01-SCEN-BR-003-69-01; EV-01-SCEN-BR-003-69-11; EV-01-SCEN-BR-003-69-13; EV-01-SCEN-BR-003-69-14; EV-01-SCEN-BR-003-69-15; EV-01-SCEN-BR-003-69-16,"I1 was linked through multiple paths, including directly to I2 and through G1 to I2. The subsequent project readback retained I1 and all four of its recorded trace links, showing that its appearance in multiple analysis routes did not cause those records to be lost.",,accept,,,,,
BR-004,1,observed_satisfied,EV-01-SCEN-BR-004-70-01; EV-01-SCEN-BR-004-70-13; EV-01-SCEN-BR-004-70-14; EV-01-SCEN-BR-004-70-15; EV-01-SCEN-BR-004-70-16,"I1 was linked to four targets, and the project response shows all four links in I1's trace_links. This satisfies the requirement for the observed item with multiple paths.","The response is truncated after I1, so links on other items cannot be assessed.",accept,,,,,
BR-005,1,observed_partial,EV-01-SCEN-BR-005-71-04; EV-01-SCEN-BR-005-71-01; EV-01-SCEN-BR-005-71-11; EV-01-SCEN-BR-005-71-12,"The project was marked high-sensitivity. Compared with the project manager's response, the guest's response omitted item descriptions, and the guest's attempt to add an item was forbidden. These observations establish tighter guest access on this sensitive project.","No analyst established as unassigned to the project was tested, so that access-control branch remains unknown.",accept,,,,,
BR-006,1,not_observable,EV-01-SCEN-BR-006-72-01,No observation was recorded for the scenarios of this requirement.,"The existing probe does not replay the recorded action; this delivery exposes create, trace, compare, project-view and export operations only. Missing observation: The system enforces the configured restriction, blocks access, and indicates that the rule is driven by the project's sensitivity and administrator policy. The target action was not executed; this is an observation limitation, not a software failure.",accept,,,,,
BR-007,1,observed_partial,EV-01-SCEN-BR-007-73-05; EV-01-SCEN-BR-007-73-07; EV-01-SCEN-BR-007-73-08; EV-01-SCEN-BR-007-73-01; EV-01-SCEN-BR-007-73-13; EV-01-SCEN-BR-007-73-16,"The readback shows requirement I1 linked to two distinct goals, G1 and G2, satisfying the requirement-to-several-goals obligation.",The evidence does not show one policy driving multiple distinct requirements; only I1 is shown as a linked requirement.,accept,,,,,
BR-008,1,not_observable,EV-01-SCEN-BR-008-74-01,No observation was recorded for the scenarios of this requirement.,"The existing probe does not replay the recorded action; this delivery exposes create, trace, compare, project-view and export operations only. Missing observation: The system locks or protects the classification from direct change and presents a message explaining that the edit would break trace links, access rules, or compliance reporting. The target action was not executed; this is an observation limitation, not a software failure.",accept,,,,,
BR-009,1,not_observable,EV-01-SCEN-BR-009-75-01,No observation was recorded for the scenarios of this requirement.,"The existing probe does not replay the recorded action; this delivery exposes create, trace, compare, project-view and export operations only. Missing observation: The system routes the change through review before it can take effect, and only trivial corrections that do not change meaning or visibility are allowed to bypass review. The target action was not executed; this is an observation limitation, not a software failure.",accept,,,,,
BR-010,1,not_observable,EV-01-SCEN-BR-010-76-01,No observation was recorded for the scenarios of this requirement.,"The existing probe does not replay the recorded action; this delivery exposes create, trace, compare, project-view and export operations only. Missing observation: The updated value is shown on screen, and the audit trail records the original value, the corrected value, the timestamp, and the identity of the person who made the change. The target action was not executed; this is an observation limitation, not a software failure.",accept,,,,,
BR-011,1,not_observable,EV-01-SCEN-BR-011-77-01,No observation was recorded for the scenarios of this requirement.,"The existing probe does not replay the recorded action; this delivery exposes create, trace, compare, project-view and export operations only. Missing observation: Core collaboration functions are available, trace links and change history can be viewed, and role-based access control restricts actions according to the user's assigned role. The target action was not executed; this is an observation limitation, not a software failure.",accept,,,,,
BR-012,1,not_observable,EV-01-SCEN-BR-012-78-01,No observation was recorded for the scenarios of this requirement.,"The existing probe does not replay the recorded action; this delivery exposes create, trace, compare, project-view and export operations only. Missing observation: Those advanced capabilities are not included in the first release by default, and the system or release configuration indicates they remain out of scope unless explicitly justified as essential for a pilot customer or compliance need. The target action was not executed; this is an observation limitation, not a software failure.",accept,,,,,
BR-013,1,not_observable,EV-01-SCEN-BR-013-79-01,No observation was recorded for the scenarios of this requirement.,"The existing probe does not replay the recorded action; this delivery exposes create, trace, compare, project-view and export operations only. Missing observation: The minimal capability operates only within the existing capture, trace, and compare flow, preserves access control and redaction, and still allows the analysis to be reviewed and revised without broader feature expansion. The target action was not executed; this is an observation limitation, not a software failure.",accept,,,,,
BR-014,1,not_observable,EV-01-SCEN-BR-014-80-01,No observation was recorded for the scenarios of this requirement.,"The existing probe does not replay the recorded action; this delivery exposes create, trace, compare, project-view and export operations only. Missing observation: The workaround is owned by the person accountable for the pilot or compliance outcome, typically the project manager or lead analyst, and the ownership is visible in the record. The target action was not executed; this is an observation limitation, not a software failure.",accept,,,,,
BR-015,1,not_observable,EV-01-SCEN-BR-015-81-01,No observation was recorded for the scenarios of this requirement.,"The existing probe does not replay the recorded action; this delivery exposes create, trace, compare, project-view and export operations only. Missing observation: The workaround is stored as a time-bounded exception with a reason, the workaround method used, and either a target date or a closure condition. The target action was not executed; this is an observation limitation, not a software failure.",accept,,,,,
BR-016,1,not_observable,EV-01-SCEN-BR-016-82-01,No observation was recorded for the scenarios of this requirement.,"The existing probe does not replay the recorded action; this delivery exposes create, trace, compare, project-view and export operations only. Missing observation: The workaround is marked as ended or closed, and it no longer applies to subsequent work in the affected process. The target action was not executed; this is an observation limitation, not a software failure.",accept,,,,,
BR-017,1,not_observable,EV-01-SCEN-BR-017-83-01,No observation was recorded for the scenarios of this requirement.,"The existing probe does not replay the recorded action; this delivery exposes create, trace, compare, project-view and export operations only. Missing observation: The feature is classified as essential only when both conditions are met; otherwise it is not treated as essential. The target action was not executed; this is an observation limitation, not a software failure.",accept,,,,,
BR-018,1,not_observable,EV-01-SCEN-BR-018-84-01,No observation was recorded for the scenarios of this requirement.,"The existing probe does not replay the recorded action; this delivery exposes create, trace, compare, project-view and export operations only. Missing observation: The feature remains limited to the smallest direct path for the approved outcome and does not expand to broader teams, extra document types, or wider reporting. The target action was not executed; this is an observation limitation, not a software failure.",accept,,,,,
BR-019,1,not_observable,EV-01-SCEN-BR-019-85-01,No observation was recorded for the scenarios of this requirement.,"The existing probe does not replay the recorded action; this delivery exposes create, trace, compare, project-view and export operations only. Missing observation: The action is allowed with reduced steps, while the record still captures who performed it, what changed, when it happened, and the source policy or requirement that justified it. The target action was not executed; this is an observation limitation, not a software failure.",accept,,,,,
BR-020,1,not_observable,EV-01-SCEN-BR-020-86-01,No observation was recorded for the scenarios of this requirement.,"The existing probe does not replay the recorded action; this delivery exposes create, trace, compare, project-view and export operations only. Missing observation: The system blocks the shortcut and requires the extra steps before the change can be completed. The target action was not executed; this is an observation limitation, not a software failure.",accept,,,,,
BR-021,1,not_observable,EV-01-SCEN-BR-021-87-04; EV-01-SCEN-BR-021-87-01; EV-01-SCEN-BR-021-87-11,"None of the required access-control obligations is established. A guest retrieved the high-sensitivity project, but the record does not establish whether the request came from an approved corporate network or trusted device. The guest's rejected edit does not test those restrictions.","Network and device approval, stronger authentication for remote access, and explicit approval for especially sensitive work remain untested. Item-level approval fields do not establish approval to access the work.",accept,,,,,
BR-022,1,not_observable,EV-01-SCEN-BR-022-88-01,No observation was recorded for the scenarios of this requirement.,"The existing probe does not replay the recorded action; this delivery exposes create, trace, compare, project-view and export operations only. Missing observation: The exception is recorded in the audit trail, the access is granted only for the approved limited duration, and the time limit is clearly visible for later review. The target action was not executed; this is an observation limitation, not a software failure.",accept,,,,,
QR-001,1,not_observable,EV-01-SCEN-QR-001-89-01,No observation was recorded for the scenarios of this requirement.,"The existing probe does not replay the recorded action; this delivery exposes create, trace, compare, project-view and export operations only. Missing observation: The system is reachable during normal working hours and remains continuously available or near-continuously available with no significant interruption to user access. The target action was not executed; this is an observation limitation, not a software failure.",accept,,,,,
QR-002,1,not_observable,EV-01-SCEN-QR-002-90-01,No observation was recorded for the scenarios of this requirement.,"The existing probe does not replay the recorded action; this delivery exposes create, trace, compare, project-view and export operations only. Missing observation: The user's current work is preserved, no entered content is lost, and the user can resume from the previous state quickly after recovery. The target action was not executed; this is an observation limitation, not a software failure.",accept,,,,,
QR-003,1,not_observable,EV-01-SCEN-QR-003-91-01,No observation was recorded for the scenarios of this requirement.,"The existing probe does not replay the recorded action; this delivery exposes create, trace, compare, project-view and export operations only. Missing observation: Each operation completes within a normal interactive workflow without the interface freezing, timing out, or preventing the analyst from continuing to work. The target action was not executed; this is an observation limitation, not a software failure.",accept,,,,,
QR-004,1,not_observable,EV-01-SCEN-QR-004-92-01,No observation was recorded for the scenarios of this requirement.,"The existing probe does not replay the recorded action; this delivery exposes create, trace, compare, project-view and export operations only. Missing observation: The application may show brief processing feedback, but search, trace navigation, and saving remain clearly usable and do not feel noticeably sluggish in a way that interrupts routine work. The target action was not executed; this is an observation limitation, not a software failure.",accept,,,,,
QR-005,1,not_observable,EV-01-SCEN-QR-005-93-01,No observation was recorded for the scenarios of this requirement.,"The existing probe does not replay the recorded action; this delivery exposes create, trace, compare, project-view and export operations only. Missing observation: The analyst can complete the workflow with acceptable responsiveness, and the system remains usable for the group without widespread delays or session instability. The target action was not executed; this is an observation limitation, not a software failure.",accept,,,,,
QR-006,1,not_observable,EV-01-SCEN-QR-006-94-01,No observation was recorded for the scenarios of this requirement.,"The existing probe does not replay the recorded action; this delivery exposes create, trace, compare, project-view and export operations only. Missing observation: The system remains available and responsive enough for meaningful work, with any slowdown staying within acceptable bounds and without blocking the ongoing collaborative activity. The target action was not executed; this is an observation limitation, not a software failure.",accept,,,,,
QR-007,1,not_observable,EV-01-SCEN-QR-007-95-01,No observation was recorded for the scenarios of this requirement.,"The existing probe does not replay the recorded action; this delivery exposes create, trace, compare, project-view and export operations only. Missing observation: The application works end-to-end through the web interface without requiring special tooling, desktop add-ons, or a nonstandard environment. The target action was not executed; this is an observation limitation, not a software failure.",accept,,,,,
QR-008,1,not_observable,EV-01-SCEN-QR-008-96-01,No observation was recorded for the scenarios of this requirement.,"The existing probe does not replay the recorded action; this delivery exposes create, trace, compare, project-view and export operations only. Missing observation: The analyst can complete the basic capture and trace tasks with only minimal guidance from the interface, such as prompts, labels, or inline field hints. The target action was not executed; this is an observation limitation, not a software failure.",accept,,,,,
QR-009,1,not_observable,EV-01-SCEN-QR-009-97-01,No observation was recorded for the scenarios of this requirement.,"The existing probe does not replay the recorded action; this delivery exposes create, trace, compare, project-view and export operations only. Missing observation: The advanced features require more explanation, reference material, or guided instruction than the basic tasks, and are not presented as equally self-explanatory. The target action was not executed; this is an observation limitation, not a software failure.",accept,,,,,
QR-010,1,not_observable,EV-01-SCEN-QR-010-98-01,No observation was recorded for the scenarios of this requirement.,"The existing probe does not replay the recorded action; this delivery exposes create, trace, compare, project-view and export operations only. Missing observation: The system provides guided setup steps, example acceptable classifications, and inline explanations that help the user interpret comparisons correctly. The target action was not executed; this is an observation limitation, not a software failure.",accept,,,,,
QR-011,1,not_observable,EV-01-SCEN-QR-011-99-01,No observation was recorded for the scenarios of this requirement.,"The existing probe does not replay the recorded action; this delivery exposes create, trace, compare, project-view and export operations only. Missing observation: The original context remains visible or recoverable as part of the record history, rather than being overwritten by the newer version. The target action was not executed; this is an observation limitation, not a software failure.",accept,,,,,
QR-012,1,observed_partial,EV-01-SCEN-QR-012-100-01; EV-01-SCEN-QR-012-100-05; EV-01-SCEN-QR-012-100-06; EV-01-SCEN-QR-012-100-07,"The export preserves the recorded creation and trace audit entries, including actors and timestamps, and retains the link from I1 to I2. This establishes audit-trail preservation and traceability for the observed export.","No migration was exercised, so preservation during migration remains untested.",accept,,,,,
EX-001,1,not_observable,EV-01-SCEN-EX-001-101-01,No observation was recorded for the scenarios of this requirement.,"The existing probe does not replay the recorded action; this delivery exposes create, trace, compare, project-view and export operations only. Missing observation: The system warns that the analyses are from unrelated contexts or prevents the comparison from being treated as meaningful, rather than presenting it as a valid policy comparison. The target action was not executed; this is an observation limitation, not a software failure.",accept,,,,,
EX-002,1,not_observable,EV-01-SCEN-EX-002-102-01,No observation was recorded for the scenarios of this requirement.,"The existing probe does not replay the recorded action; this delivery exposes create, trace, compare, project-view and export operations only. Missing observation: The basic capture task remains self-service, but the final approval or official wording change is blocked pending a senior role or delegated approver. The target action was not executed; this is an observation limitation, not a software failure.",accept,,,,,
EX-003,1,not_observable,EV-01-SCEN-EX-003-103-01,No observation was recorded for the scenarios of this requirement.,"The existing probe does not replay the recorded action; this delivery exposes create, trace, compare, project-view and export operations only. Missing observation: The system requires a review step before the sensitive source can be finalized, even though the broader project is low risk. The target action was not executed; this is an observation limitation, not a software failure.",accept,,,,,
EX-004,1,not_observable,EV-01-SCEN-EX-004-104-01,No observation was recorded for the scenarios of this requirement.,"The existing probe does not replay the recorded action; this delivery exposes create, trace, compare, project-view and export operations only. Missing observation: The system allows the immediate correction without forcing a review, because the change is clearly a non-substantive correction. The target action was not executed; this is an observation limitation, not a software failure.",accept,,,,,
EX-005,1,not_observable,EV-01-SCEN-EX-005-105-01,No observation was recorded for the scenarios of this requirement.,"The existing probe does not replay the recorded action; this delivery exposes create, trace, compare, project-view and export operations only. Missing observation: The system treats the change as review required and does not apply it immediately until the potential impact has been assessed. The target action was not executed; this is an observation limitation, not a software failure.",accept,,,,,
EX-006,1,not_observable,EV-01-SCEN-EX-006-106-01,No observation was recorded for the scenarios of this requirement.,"The existing probe does not replay the recorded action; this delivery exposes create, trace, compare, project-view and export operations only. Missing observation: The scope review marks the expansion as out of bounds for the stated requirement, and the release plan retains only the original minimal essential capability without the added teams, document types, reporting, or future-proofing work. The target action was not executed; this is an observation limitation, not a software failure.",accept,,,,,
FR-001,2,observed_partial,EV-02-SCEN-FR-001-04-01,"The system accepted and returned a captured requirement, establishing the ability to capture requirements.","Capture of goals, scenarios, policies, and legal-compliance information was not exercised. A policy-area classification does not establish capture of a policy.",accept,,,,,
FR-002,2,observed_partial,EV-02-SCEN-FR-002-05-04; EV-02-SCEN-FR-002-05-05; EV-02-SCEN-FR-002-05-01,"The system created a trace between a recorded requirement and policy, returning both item IDs and the link's rationale. This establishes a rationale-bearing link for that pair.","Linking goals, scenarios, and derived analyses was not exercised.",accept,,,,,
FR-003,2,not_observable,EV-02-SCEN-FR-003-06-04; EV-02-SCEN-FR-003-06-01,"A requirement was created and retrieved, but its recorded traces were empty. No complete tracing obligation was established positively or negatively.","No source policy or legal rule was linked to the requirement, and no trace back to such a source was exercised.",accept,,,,,
FR-004,2,not_observable,EV-02-SCEN-FR-004-07-04; EV-02-SCEN-FR-004-07-01,"No required trace-recording obligation was exercised. A requirement item was created and retrieved, but its traces were empty; no policy reference, exact policy passage, or trace rationale was submitted.",Whether the system can record all three required trace details remains untested.,accept,,,,,
FR-005,2,not_observable,EV-02-SCEN-FR-005-08-01,"No required linkage was observed. The export succeeded but returned an empty items list, so it showed neither which requirement supports a goal nor which policy or legal source justifies a goal or requirement.","A response containing requirements, goals, and policy or legal sources is needed to assess whether those relationships are shown.",accept,,,,,
FR-006,2,not_observable,EV-02-SCEN-FR-006-09-04; EV-02-SCEN-FR-006-09-01,"A requirement item was created and retrieved, but no relationship among requirements, goals, or policies was created or observed. No required relationship behavior was established.","The evidence does not test whether multiple requirements, goals, and policies can be linked to one another.",accept,,,,,
FR-007,2,not_observable,EV-02-SCEN-FR-007-10-04; EV-02-SCEN-FR-007-10-01,None of the required visibility behaviour was exercised. The recorded item was created and retrieved with no overlaps or shared dependencies established.,"No record with an overlap or shared dependency was prepared or viewed, so the evidence cannot show whether the system makes those relationships visible rather than presenting a single path.",accept,,,,,
FR-008,2,not_observable,EV-02-SCEN-FR-008-11-04; EV-02-SCEN-FR-008-11-01,None of the required branches was exercised. The created item and its retrieved response show no recorded links or multiple paths.,"The evidence does not show an item belonging to multiple paths, or an item with a team-designated primary link. Neither link display nor primary-link indication can be assessed.",accept,,,,,
FR-009,2,observed_satisfied,EV-02-SCEN-FR-009-12-06; EV-02-SCEN-FR-009-12-07; EV-02-SCEN-FR-009-12-01,"Two distinct analyses were created, and the comparison request returned their results in separate A and B fields, allowing their contents to be compared together.",,accept,,,,,
FR-010,2,observed_partial,EV-02-SCEN-FR-010-13-01; EV-02-SCEN-FR-010-13-04; EV-02-SCEN-FR-010-13-05; EV-02-SCEN-FR-010-13-06; EV-02-SCEN-FR-010-13-07,The comparison correctly shows the requirement present only in the left analysis and the policy present only in the right analysis.,"No goal was compared, and the analyses had no shared items, so the evidence does not show how the system identifies matches or differences between items in both analyses.",accept,,,,,
FR-011,2,not_observable,EV-02-SCEN-FR-011-14-04; EV-02-SCEN-FR-011-14-05; EV-02-SCEN-FR-011-14-06; EV-02-SCEN-FR-011-14-07; EV-02-SCEN-FR-011-14-01,None of the required conditional behaviour was exercised. The two analyses were created by the same recorded user and contained different items—a requirement in one and a policy in the other—with no recorded traces from the same requirement to different source policies.,It remains unknown whether comparison makes differing source-policy traces visible when two people trace the same requirement differently.,accept,,,,,
FR-012,2,observed_partial,EV-02-SCEN-FR-012-15-06; EV-02-SCEN-FR-012-15-07; EV-02-SCEN-FR-012-15-01,"An analyst created two separate analyses, and the comparison returned their differing items. This establishes independent creation and comparison.","Neither analysis recorded decision reasoning, and the comparison's note that explanations are available does not show that reasoning was preserved or accessible.",accept,,,,,
FR-013,2,not_observable,EV-02-SCEN-FR-013-16-01; EV-02-SCEN-FR-013-16-06; EV-02-SCEN-FR-013-16-07,"The recorded comparison returned differences between two prepared analyses, but the request identified its user as analyst, not project manager. None of the required activities is established for a project manager.","Project-manager review, commenting, compare-analysis, and traceability checks remain untested.",accept,,,,,
FR-014,2,not_observable,EV-02-SCEN-FR-014-17-01; EV-02-SCEN-FR-014-17-04; EV-02-SCEN-FR-014-17-05; EV-02-SCEN-FR-014-17-06; EV-02-SCEN-FR-014-17-07,"No required obligation was established. The recorded comparison succeeded with X-User set to analyst, and the preparation responses do not establish that the materials were approved or the analyses published.","Guest viewing of approved materials and, if allowed, guest comparison of published analyses remain untested.",accept,,,,,
FR-015,2,observed_satisfied,EV-02-SCEN-FR-015-18-01,"An analyst created an analysis item with two distinct classifications, and the response returned both classifications on the created item. This establishes organization using flexible classifications.",,accept,,,,,
FR-016,2,observed_satisfied,EV-02-SCEN-FR-016-19-01,"The system created an artifact with two classifications and returned both classifications on the artifact, demonstrating that an artifact can have multiple classifications.",,accept,,,,,
FR-017,2,not_observable,EV-02-SCEN-FR-017-20-01,"An analyst created an item with classifications, but no complete required obligation was observed: the item was not reclassified after creation.",Later reclassification and preservation of its history were not tested.,accept,,,,,
FR-018,2,not_observable,EV-02-SCEN-FR-018-21-04; EV-02-SCEN-FR-018-21-01,"No required branch was exercised. The created item had no derived-from link, and the subsequent read showed it still active at version 1.",Link visibility after the source item is revised and after it is marked inactive remains untested.,accept,,,,,
FR-019,2,not_observable,EV-02-SCEN-FR-019-22-04; EV-02-SCEN-FR-019-22-01,"None of the required behaviour was established. The created item was retrieved with derived_from set to null, so the evidence shows no derived-from link or chain.","Whether links can chain through multiple levels, and whether the direct parent remains clear in such a chain, was not tested.",accept,,,,,
FR-020,2,not_observable,EV-02-SCEN-FR-020-23-04; EV-02-SCEN-FR-020-23-01,None of the required trace behavior was established. The recorded requirement was created and retrieved with an empty trace.,"No trace containing a direct policy link and explanatory intermediate goals or policy versions was created or inspected, so their preservation and prominence remain untested.",accept,,,,,
FR-021,2,not_observable,EV-02-SCEN-FR-021-24-01,"None of the required migration behaviour is established. An analyst created a requirement item described as captured from policy, but the response shows only item creation, not migration of existing analysis work.",The evidence does not show whether existing analysis work can be moved into SPRAT gradually.,accept,,,,,
FR-022,2,not_observable,EV-02-SCEN-FR-022-25-04; EV-02-SCEN-FR-022-25-01,"None of the required behaviour was established. The evidence shows a newly created requirement item being retrieved, not work being migrated.","No migration or subsequent review of migrated work was observed, so preservation of its traceability and context remains unknown.",accept,,,,,
FR-023,2,not_observable,EV-02-SCEN-FR-023-26-01,"None of the migration obligations was exercised. The recorded request created an item, but does not show content or links being brought over during migration.","Whether migration preserves core content and links needed for active work, while allowing formatting or historical clutter to be left behind, remains untested.",accept,,,,,
FR-024,2,not_observable,EV-02-SCEN-FR-024-27-01,"An active requirement item was created, but no migration or prioritization was observed. None of the required migration-priority behaviour was established.","Whether active projects, authoritative source documents, and items needed for current-work traceability are migrated first remains untested.",accept,,,,,
FR-025,2,not_observable,EV-02-SCEN-FR-025-28-04; EV-02-SCEN-FR-025-28-01,None of the required information for an active trace link was observed. The created item and subsequent readback both show an empty traces list.,"No active trace link was prepared or retrieved, so inclusion of a linked policy source, specific obligation reference, and current supporting notes or evidence remains untested.",accept,,,,,
FR-026,2,not_observable,EV-02-SCEN-FR-026-29-01; EV-02-SCEN-FR-026-29-04,"An analyst created and viewed an item. Neither request establishes review-only use by a project manager or read-only use by a guest, so no required branch was observed.","Project-manager review access and restrictions, and guest read access and write restrictions, remain untested.",accept,,,,,
FR-027,2,not_observable,EV-02-SCEN-FR-027-30-01,None of the required guest restrictions was exercised. The recorded export request identified the requester as an analyst and returned empty items and audit lists; it does not show a guest changing anything or viewing restricted details.,Guest attempts to change data or access restricted details were not recorded.,accept,,,,,
FR-028,2,not_observable,EV-02-SCEN-FR-028-31-01,"No required restriction was established. The recorded request identified the user as analyst and returned an empty export, so it did not test whether a guest could view any of the protected information.","Guest access to sensitive notes, draft legal-compliance information, and unapproved trace links without an explicit owner grant remains untested.",accept,,,,,
FR-029,2,not_observable,EV-02-SCEN-FR-029-32-01; EV-02-SCEN-FR-029-32-04,"None of the required office or remote working-setup access is established. The recorded requests show that the service accepted HTTP requests on localhost, but do not identify either working setup.",Web access from office and remote working setups remains untested.,accept,,,,,
FR-030,2,not_observable,EV-02-SCEN-FR-030-33-01,"None of the required access-control branches was established. The recorded export succeeded, but the evidence does not identify alpha as a sensitive project or establish whether the request came from an approved network or trusted device.","No sensitive-project access attempt under a known disallowed condition was recorded. Remote access, stronger authentication, and explicit approval for especially sensitive work were not exercised.",accept,,,,,
FR-031,2,not_observable,EV-02-SCEN-FR-031-34-01; EV-02-SCEN-FR-031-34-02,"None of the required obligations was established. The response shows creation of a policy item titled “Urgent access exception,” not an urgent-access exception being granted. The service log records the HTTP request, not an exception.","The exception process, exception logging, and time limit were not exercised or shown.",accept,,,,,
FR-032,2,observed_partial,EV-02-SCEN-FR-032-35-01,"The analyst successfully captured a requirement item. This establishes the basic capture task, but not the trace task.","No trace task was exercised, and the evidence does not establish whether a new analyst could perform either task with minimal guidance.",accept,,,,,
FR-033,2,not_observable,EV-02-SCEN-FR-033-36-01,"None of the required capabilities was established. The recorded action created an item with classifications; it did not show a new analyst editing, reclassifying, or linking an existing item.","The evidence does not establish that the analyst was new, had learned the workflow, or was working in a low-risk project. It also does not exercise the required operations on ordinary source types or show whether approval friction applies.",accept,,,,,
FR-034,2,not_observable,EV-02-SCEN-FR-034-37-01; EV-02-SCEN-FR-034-37-04; EV-02-SCEN-FR-034-37-05,"The evidence shows an analyst created two items and a trace, but no complete required obligation or condition branch was exercised. The trace response shows creation, not finalization or publication.","The record does not establish that the analyst was new, that the project was sensitive, or that finalization or publication was attempted with or without the required review.",accept,,,,,
FR-035,2,not_observable,EV-02-SCEN-FR-035-38-01,"The recorded request created an item with classifications. It does not establish any complete required obligation: guided setup, examples of acceptable classifications, or a short administrator or project manager review.","Guided setup and classification examples were not observed. No very sensitive project or complex policy set was established, and no review was observed.",accept,,,,,
FR-036,2,observed_unsatisfied,EV-02-SCEN-FR-036-39-01; EV-02-SCEN-FR-036-39-06; EV-02-SCEN-FR-036-39-07,"The recorded comparison returned results, but its only note says that inline explanations are available; it does not explain how the comparison was interpreted. The required explanation was not provided in the captured response.",Other comparison outputs or interfaces were not observed.,accept,,,,,
FR-037,2,observed_satisfied,EV-02-SCEN-FR-037-40-01,"The system created an analysis item and returned the submitted title and description, establishing that both fields can be captured.",,accept,,,,,
FR-038,2,not_observable,EV-02-SCEN-FR-038-41-01,"None of the required captures is established. The request submitted actor, trigger, and outcome for a scenario, but the creation response did not show those values.",No readback or other observation establishes whether the values were retained. Their omission from the response alone does not prove they were discarded.,accept,,,,,
FR-039,2,observed_satisfied,EV-02-SCEN-FR-039-42-01; EV-02-SCEN-FR-039-42-04; EV-02-SCEN-FR-039-42-05,"The prepared requirement and policy had no trace links. When a request asserted a policy claim without supplying trace links, the system rejected it with the specific error ""trace links required for policy claims."" This establishes enforcement of the required restriction.",,accept,,,,,
FR-040,2,not_observable,EV-02-SCEN-FR-040-43-01,"No required branch was established. The export returned no items, so it does not show how the system handles a missing or inconsistent classification.",No record with a missing or inconsistent classification was exercised; whether the system flags either condition remains unknown.,accept,,,,,
FR-041,2,not_observable,EV-02-SCEN-FR-041-44-01,None of the required structural checks was observed. The export returned an empty analysis and did not show a consistency-check result.,"Checking for missing links, improper classification use, and obvious trace gaps remains untested.",accept,,,,,
FR-042,2,not_observable,EV-02-SCEN-FR-042-45-01,"None of the required behavior was observed. The export contained no analysis items, so it did not show whether questionable content is clearly flagged or whether semantic judgment is left to an analyst or reviewer.",No questionable analysis content or flagging and review outcome was captured.,accept,,,,,
FR-043,2,observed_satisfied,EV-02-SCEN-FR-043-46-01,"The created trace includes created_by='analyst', matching the acting user in the request, and a created_at timestamp. Both required details are recorded in the trace response.",,accept,,,,,
FR-044,2,not_observable,EV-02-SCEN-FR-044-47-04; EV-02-SCEN-FR-044-47-05; EV-02-SCEN-FR-044-47-01,None of the required branches is established. The recorded action creates one direct trace from a requirement to one policy; it does not show a goal supported by several policies or an explainable indirect trace through a requirement or scenario.,"No goal, multiple supporting policies, or indirect trace was exercised.",accept,,,,,
FR-045,2,not_observable,EV-02-SCEN-FR-045-48-01,None of the required behaviours was established. The recorded action created a requirement with no derived-from link.,"Derivation from a requirement, derivation from a scenario, and visibility of a derived-from link after its source changes were not tested.",accept,,,,,
FR-046,2,not_observable,EV-02-SCEN-FR-046-49-04; EV-02-SCEN-FR-046-49-01,"None of the required behavior was exercised. The created item and its retrieved response both have derived_from set to null, so neither shows a derived-from chain or its direct parent.",No item with a direct parent in a derived-from chain was retrieved; whether the system shows that parent remains unknown.,accept,,,,,
FR-047,2,not_observable,EV-02-SCEN-FR-047-50-01; EV-02-SCEN-FR-047-50-02,"None of the required audit-trail details is established. An item was created by a request carrying X-User: analyst, and the service log records the request time, but the captured item has an empty history. These observations do not show a preserved trail entry identifying what changed, who changed it, and when.",No later change or audit-trail readback was captured. The empty item history does not rule out a trail stored elsewhere.,accept,,,,,
FR-048,2,not_observable,EV-02-SCEN-FR-048-51-01,"No required recording behavior was established. The export contained no items or audit entries, so it shows no previous version or reconstructable earlier state.","No changes to goals, requirements, policies, or traces were observed, so recording of their earlier states remains untested.",accept,,,,,
FR-049,2,not_observable,EV-02-SCEN-FR-049-52-04; EV-02-SCEN-FR-049-52-01,"No required obligation was exercised. The recorded requests created and retrieved an item, but did not show a changed artifact or any downstream items derived from or reviewed against it.",Whether the system shows downstream items for a changed artifact remains untested.,accept,,,,,
FR-050,2,observed_partial,EV-02-SCEN-FR-050-53-01,"The export endpoint returned a JSON response for project alpha, satisfying the structured machine-readable format obligation.",No export in a human-readable format such as PDF or Word was observed.,accept,,,,,
FR-051,2,not_observable,EV-02-SCEN-FR-051-54-01,"No required preservation behavior was established. The export returned empty items and audit arrays, so it shows neither preserved trace links nor preserved audit metadata.",No export of records containing trace links or audit metadata was observed.,accept,,,,,
FR-052,2,not_observable,EV-02-SCEN-FR-052-55-01,"No required restriction is established. The export request identified an analyst and returned an empty export response, but the evidence does not establish whether the analyst was authorized.",No authorized-role policy or comparison with an unauthorized role was recorded.,accept,,,,,
FR-053,2,not_observable,EV-02-SCEN-FR-053-56-01,"No required behaviour was established. The recorded request returned an empty export, but it did not exercise external sharing or show whether an unfiltered export would be permitted for that purpose.",Whether external sharing requires a redacted or approved version remains untested.,accept,,,,,
FR-054,2,not_observable,EV-02-SCEN-FR-054-57-01,"None of the required redaction or blocking behaviours was established. The recorded export returned an empty items list, with no identified sensitive content.","No export containing personal data, legal interpretations, unresolved disputes, or security weaknesses was tested, so sensitivity-dependent redaction or blocking remains unknown.",accept,,,,,
FR-055,2,not_observable,EV-02-SCEN-FR-055-58-01,"No required branch was established. The recorded export returned empty items and audit arrays, so it does not show an export that could identify individuals or expose a control gap.",No qualifying export or approval-and-release sequence was observed; the explicit-approval requirement remains untested.,accept,,,,,
FR-056,2,not_observable,EV-02-SCEN-FR-056-59-01,"None of the required exclusions is established. The export requested as analyst returned empty items and audit arrays, so it does not show whether export detail was reduced for a lower role.","No populated export containing draft comments, sensitive source links, or personal data, or role comparison, was observed.",accept,,,,,
FR-057,2,not_observable,EV-02-SCEN-FR-057-60-01,"No required blocking branch was established. The analyst received an empty export response for project alpha, but the record does not show that the request exceeded the analyst’s clearance or project scope.",Blocking of exports above the user's clearance and outside the user's project scope remains untested.,accept,,,,,
FR-058,2,not_observable,EV-02-SCEN-FR-058-61-01,"None of the required obligations was exercised. The recorded request created an item with classifications, but did not identify an ownership-unclear change or show it being flagged for review.",The evidence does not show whether such a request remains pending until someone with authority confirms it.,accept,,,,,
FR-059,2,not_observable,EV-02-SCEN-FR-059-62-01,None of the required fallback behaviour was observed. The recorded request created an item but did not exercise a process for when its responsible person is temporarily unavailable.,"No fallback invocation, explicit fallback arrangement, or auditable record of its use was observed.",accept,,,,,
FR-060,2,not_observable,EV-02-SCEN-FR-060-63-01,"The response shows an item created with classifications and an initial version number, but no complete history-or-provenance obligation was exercised. No change to an existing decision was observed.",Whether later classification decisions preserve history or provenance remains unknown; storage and revision of rules and permissions were not observed.,accept,,,,,
FR-061,2,not_observable,EV-02-SCEN-FR-061-64-01,"No required branch was established. The export returned an empty audit, but the record does not show that any classification, rule, or permission had changed.","No change was exercised, so the evidence cannot show whether the system displays what changed, when it changed, and which analyses were affected.",accept,,,,,
FR-062,2,not_observable,EV-02-SCEN-FR-062-65-01,None of the required validation behaviour was observed. The recorded export returned no items or audit entries and did not show the system identifying a mistake.,"No mistake that could undermine review confidence was submitted or evaluated, so the system's ability to catch one remains untested.",accept,,,,,
FR-063,2,not_observable,EV-02-SCEN-FR-063-66-04; EV-02-SCEN-FR-063-66-01,"None of the required tracing behaviour was established. A requirement was created and retrieved, but its traces were empty; no link to a source policy was recorded.",The evidence does not test whether an existing source-policy trace remains visible or preserves intermediate goals or policy versions when needed to explain the justification path.,accept,,,,,
BR-001,2,not_observable,EV-02-SCEN-BR-001-67-04; EV-02-SCEN-BR-001-67-01,"None of the required relationships was exercised. The recorded request created a requirement, and the subsequent read showed it with no traces.","No requirement was traced to several goals, and no policy was shown driving multiple requirements.",accept,,,,,
BR-002,2,not_observable,EV-02-SCEN-BR-002-68-04; EV-02-SCEN-BR-002-68-01,"No required branch was exercised. The created requirement had derived_from set to null, so the evidence does not show whether a connection is visible when a requirement is derived from another requirement or scenario.",No derived requirement or scenario connection was created and then viewed.,accept,,,,,
BR-003,2,not_observable,EV-02-SCEN-BR-003-69-04; EV-02-SCEN-BR-003-69-01,"None of the required behaviour was established: the evidence shows one item created and retrieved, but not an item appearing in more than one analysis route.",Whether an item is retained when it appears in multiple analysis routes remains untested.,accept,,,,,
BR-004,2,not_observable,EV-02-SCEN-BR-004-70-04; EV-02-SCEN-BR-004-70-01,"None of the required behavior was established. The recorded item was created and retrieved, but the evidence does not show that it belongs to multiple paths.",Whether the system shows all relevant links for an item belonging to multiple paths remains untested.,accept,,,,,
BR-005,2,not_observable,EV-02-SCEN-BR-005-71-01,"No required access-control obligation is established as met or violated. The analyst request returned an empty export, but the evidence does not establish that alpha is sensitive, that the analyst is unassigned, or what tighter access policy applies.","No relevant access-control baseline or policy comparison is recorded, and access for unassigned guests remains untested.",accept,,,,,
BR-006,2,not_observable,EV-02-SCEN-BR-006-72-01,"None of the required conditional behaviour was established. The recorded export response does not show whether location or device restrictions were used or, if used, what drove them.","Project sensitivity, administrator policy, and any location or device restriction remain unobserved.",accept,,,,,
BR-007,2,not_observable,EV-02-SCEN-BR-007-73-04; EV-02-SCEN-BR-007-73-01,"None of the required mapping capabilities was exercised. The evidence shows a requirement being created and retrieved, but no mapping to goals or policy-driven requirements.","Whether one requirement can map to several goals, or one policy can drive many requirements, remains untested.",accept,,,,,
BR-008,2,not_observable,EV-02-SCEN-BR-008-74-01,None of the required locking behavior was observed. The evidence shows only creation of an item with classifications.,"No classification change, lock, or condition involving established trace links, access rules, or compliance reporting was tested.",accept,,,,,
BR-009,2,not_observable,EV-02-SCEN-BR-009-75-01,The recorded action created an item with classifications; it did not change an existing classification. No required obligation or branch was exercised.,"No consequential classification change, prior review, or obvious correction was observed.",accept,,,,,
BR-010,2,not_observable,EV-02-SCEN-BR-010-76-01,"The evidence shows item creation, not an obvious correction. No required obligation or branch is established.","No correction was attempted or observed, so immediate application and logging of the before value, after value, and person who made the change remain untested.",accept,,,,,
BR-011,2,not_observable,EV-02-SCEN-BR-011-77-04; EV-02-SCEN-BR-011-77-01,"None of the required functions is established. The same analyst created and retrieved an item, but this does not demonstrate collaboration, traceability, or role-based access control.","Collaboration between users, traceability operations, and access differences between roles were not tested.",accept,,,,,
BR-012,2,not_observable,EV-02-SCEN-BR-012-78-04; EV-02-SCEN-BR-012-78-01,The evidence shows creation and retrieval of a requirement item. None of the first-release exclusions is established or violated by those operations.,"The evidence does not establish whether deep workflow automation, advanced analytics dashboards, or tight integration with every possible document repository are included in the first release.",accept,,,,,
BR-013,2,not_observable,EV-02-SCEN-BR-013-79-01,"The recorded request created a requirement item, but no complete obligation of BR-013 was established. The item was not identified as an essential deferred capability, and its creation alone does not show the required scope or integration.","The evidence does not establish whether the condition applies or show the capability's scope, its use in the capture, trace, and compare flow, or preservation of access control, redaction, and review and revision.",accept,,,,,
BR-014,2,not_observable,EV-02-SCEN-BR-014-80-01,"An item titled “Urgent access exception” was created, but no exception-workaround owner or person accountable for the pilot or compliance outcome was identified. No required ownership obligation was established.",The evidence does not show who owns the workaround or whether that person is accountable for the relevant outcome.,accept,,,,,
BR-015,2,not_observable,EV-02-SCEN-BR-015-81-01,"None of the required tracking obligations is established. The recorded action created a policy item titled “Urgent access exception,” but does not identify a workaround or show it tracked with a reason, the workaround used, and a closing target.",Whether a workaround was tracked in SPRAT as a time-bounded exception with all required details remains untested.,accept,,,,,
BR-016,2,not_observable,EV-02-SCEN-BR-016-82-01,"The response shows creation of a policy item, but no workaround or stopping event. No required branch was established.","There is no observation of a workaround stopping when a deadline was met, an integration became available, or compliance evidence was formally accepted and archived.",accept,,,,,
BR-017,2,not_observable,EV-02-SCEN-BR-017-83-04; EV-02-SCEN-BR-017-83-01,"None of the required restriction was exercised. The evidence shows a requirement item being created and retrieved, but not a feature being considered essential.","No essential designation, inability to meet a pilot or compliance need through the normal SPRAT workflow, or real deadline or contractual expectation was observed.",accept,,,,,
BR-018,2,not_observable,EV-02-SCEN-BR-018-84-04; EV-02-SCEN-BR-018-84-01,The recorded requests create and retrieve a requirement item. None establishes that a feature was treated as essential or that its scope was limited to the smallest path supporting a specific pilot or compliance outcome. No required obligation is established.,"The essential-feature condition, the specific pilot or compliance outcome, and whether the feature extends to broader teams, extra document types, or broader reporting remain untested.",accept,,,,,
BR-019,2,not_observable,EV-02-SCEN-BR-019-85-01,"The recorded action created a requirement item, but no complete BR-019 obligation was established. It was not shown to be a routine, low-risk action using an approved template or validated pattern, or to use a fast path with the required audit details.","Fast-path eligibility and capture of who acted, what changed, when, and the source policy or requirement remain untested.",accept,,,,,
BR-020,2,not_observable,EV-02-SCEN-BR-020-86-01,"None of the required conditional restrictions was exercised. The recorded request exported an empty project; it does not show an action affecting sensitive classifications, legal compliance, access permissions, or a new trace link.",No qualifying action or attempt to skip extra steps was observed.,accept,,,,,
BR-021,2,not_observable,EV-02-SCEN-BR-021-87-01,"The export request succeeded, but the evidence does not establish that project alpha is sensitive or identify the network, device, or approval conditions. None of the required restriction branches was exercised.","Access from unapproved networks or untrusted devices, stronger authentication for remote access, and explicit approval for especially sensitive work remain untested.",accept,,,,,
BR-022,2,not_observable,EV-02-SCEN-BR-022-88-01; EV-02-SCEN-BR-022-88-02,"No required obligation is established. The response shows creation of a policy item titled “Urgent access exception,” not an urgent-access exception for a sensitive project. The service log records the HTTP request, not exception logging.","No actual urgent-access exception, exception log entry, or enforced time limit was observed.",accept,,,,,
QR-001,2,not_observable,EV-02-SCEN-QR-001-89-01,No observation was recorded for the scenarios of this requirement.,"The existing GET /health only opens a generic page or health endpoint; no scenario-specific setup or target interaction was defined. Missing observation: The system is reachable during normal working hours and remains continuously available or near-continuously available with no significant interruption to user access. The target action was not executed; this is an observation limitation, not a software failure.",accept,,,,,
QR-002,2,not_observable,EV-02-SCEN-QR-002-90-01,No observation was recorded for the scenarios of this requirement.,"The existing GET /health only opens a generic page or health endpoint; no scenario-specific setup or target interaction was defined. Missing observation: The user's current work is preserved, no entered content is lost, and the user can resume from the previous state quickly after recovery. The target action was not executed; this is an observation limitation, not a software failure.",accept,,,,,
QR-003,2,observed_partial,EV-02-SCEN-QR-003-91-01; EV-02-SCEN-QR-003-91-06; EV-02-SCEN-QR-003-91-07,"Saving two small analyses completed with HTTP 201 responses, and comparing their outputs completed with an HTTP 200 response containing the differences. These observations support responsiveness for the recorded saves and comparison.","Search, trace navigation, loading dense analyses, tracing links, large imports, and bulk updates were not exercised. The recorded saves and comparison do not establish responsiveness under larger or sustained workloads.",accept,,,,,
QR-004,2,not_observable,EV-02-SCEN-QR-004-92-01; EV-02-SCEN-QR-004-92-04,"None of the required performance behaviours was established. The recorded requests created and retrieved an item, but did not exercise search, trace navigation, or saving analyses.",No response-time measurements or day-to-day workflow observations show whether those operations are noticeably sluggish.,accept,,,,,
QR-005,2,not_observable,EV-02-SCEN-QR-005-93-01; EV-02-SCEN-QR-005-93-02; EV-02-SCEN-QR-005-93-04,"The recorded creation and retrieval succeeded, but they establish no complete part of the concurrent-use requirement.",No test shows a few dozen people using the system at once or measures responsiveness under that load.,accept,,,,,
QR-006,2,not_observable,EV-02-SCEN-QR-006-94-04; EV-02-SCEN-QR-006-94-01,"A single item was created and retrieved successfully. Neither operation exercised a burst, so no required burst-handling behaviour was established.","Heavy collaborative sessions, large imports, bulk updates, and cross-project reviews were not exercised, and their performance under load remains unknown.",accept,,,,,
QR-007,2,not_observable,EV-02-SCEN-QR-007-95-01,"None of the required usability conditions is established. The recorded request shows a successful HTTP operation against a local address using python-requests, but not use from a normal office or remote setup without special tooling.",Browser usability and access from an office or remote setup were not tested.,accept,,,,,
QR-008,2,not_observable,EV-02-SCEN-QR-008-96-01,An analyst successfully captured a requirement item. No complete required branch is established because the record does not show that the analyst was new or started the task with minimal guidance.,"No trace task was exercised, and the analyst's experience and level of guidance are unknown.",accept,,,,,
QR-009,2,not_observable,EV-02-SCEN-QR-009-97-01,"An analyst created an item with classifications, but no complete onboarding comparison was observed. None of the requirement's comparative obligations was established.",The evidence does not show onboarding requirements for advanced classification or comparison features relative to basic capture and trace tasks.,accept,,,,,
QR-010,2,not_observable,EV-02-SCEN-QR-010-98-01,"The recorded request created an item with classifications, but it did not establish that the project was very sensitive or had a complex policy set. None of the required guidance, examples, or inline explanations was observed.",The qualifying condition and all three required forms of assistance remain untested.,accept,,,,,
QR-011,2,not_observable,EV-02-SCEN-QR-011-99-01,None of the required preservation behavior was observed. The export contains no analysis items or audit entries.,"No migrated or changed analysis work, or its original context, was recorded for comparison.",accept,,,,,
QR-012,2,not_observable,EV-02-SCEN-QR-012-100-01,"No required preservation obligation was established. The export returned empty items and audit arrays, so it does not show audit trail information or traceability being preserved.","Migration was not observed, and export of records with existing audit trail information was not tested.",accept,,,,,
EX-001,2,observed_partial,EV-02-SCEN-EX-001-101-06; EV-02-SCEN-EX-001-101-07; EV-02-SCEN-EX-001-101-01,"Both analyses were created in project alpha, and comparing them returned results. This establishes comparison within the same project.","No comparison of analyses from unrelated projects or policy contexts was recorded, so the intended boundary for unrelated analyses remains untested.",accept,,,,,
EX-002,2,not_observable,EV-02-SCEN-EX-002-102-01,"None of the required branches is established. An analyst created a capture item, but the record does not establish that project alpha was low-risk or that the workflow had been learned.","Self-service capture under the stated conditions, and senior-role restrictions on final approval and official compliance wording changes, remain untested.",accept,,,,,
EX-003,2,not_observable,EV-02-SCEN-EX-003-103-01,"None of the required behavior was observed. The response shows creation of a requirement classified as policy-area, but does not show that it came from an especially sensitive source or that a review step was required.",The project's risk level and any review requirement or review step are unobserved.,accept,,,,,
EX-004,2,not_observable,EV-02-SCEN-EX-004-104-01,"The recorded request created an item with classifications. No classification change was attempted, so no required branch was established as met or violated.","Whether the system immediately allows obvious corrections that leave meaning and visibility unchanged, and blocks other immediate classification changes, remains untested.",accept,,,,,
EX-005,2,not_observable,EV-02-SCEN-EX-005-105-01,No required branch was established. The recorded request created an item with classifications; it did not change an existing classification or establish doubt about the impact of such a change.,"Whether a classification change with uncertain impact on traceability, access, or compliance evidence is treated as review required remains untested.",accept,,,,,
EX-006,2,not_observable,EV-02-SCEN-EX-006-106-04; EV-02-SCEN-EX-006-106-01,The evidence shows an analyst creating and retrieving a requirement item in project alpha. No complete obligation or condition branch of the scope restriction was exercised.,"The record does not establish whether this was a minimal essential capability, whether it expanded beyond a specific pilot or compliance need, or whether such an expansion was kept out of scope.",accept,,,,,
FR-001,3,observed_partial,EV-03-SCEN-FR-001-04-01; EV-03-SCEN-FR-001-04-05,An analyst successfully captured a requirement in the prepared analysis: the item creation returned HTTP 201 and an ID. The 'policy-area' classification does not establish that a policy itself was captured.,"Capturing goals, scenarios, policies, and legal-compliance information was not tested.",accept,,,,,
FR-002,3,not_observable,EV-03-SCEN-FR-002-05-01; EV-03-SCEN-FR-002-05-05,"An analysis was created, and a request to create a requirement item containing a policy reference and rationale returned an item ID. No complete linking or rationale-traceability obligation is established: the response does not show that the reference or rationale was retained, and the referenced policy was not shown to exist.","No readback or use of a link was recorded, and links involving goals, scenarios, or derived analyses remain untested.",accept,,,,,
FR-003,3,not_observable,EV-03-SCEN-FR-003-06-01; EV-03-SCEN-FR-003-06-04; EV-03-SCEN-FR-003-06-05,"None of the required tracing behaviour was observed. A project and analysis were created, but the analysis-items request returned an empty list.","No requirement or goal, source policy or legal rule, or trace between them was recorded.",accept,,,,,
FR-004,3,not_observable,EV-03-SCEN-FR-004-07-01; EV-03-SCEN-FR-004-07-04; EV-03-SCEN-FR-004-07-05,"None of the required recording obligations was observed. A project and analysis were created, but the analysis-items request returned an empty list.","No trace was created or read back, so the evidence does not show whether the system records a source policy reference, the exact justifying policy passage, or a short rationale.",accept,,,,,
FR-005,3,not_observable,EV-03-SCEN-FR-005-08-06; EV-03-SCEN-FR-005-08-01,"None of the required relationships was exercised. The test created a requirement without a goal or policy/legal source, and the export showed only that requirement with null source fields.",No recorded goal-support or policy/legal justification relationship was available to test whether the system shows it.,accept,,,,,
FR-006,3,not_observable,EV-03-SCEN-FR-006-09-01; EV-03-SCEN-FR-006-09-04; EV-03-SCEN-FR-006-09-05,"None of the required relationship behavior was observed. A project and analysis were created, but the analysis-items request returned an empty list.","No requirements, goals, policies, or links among them were recorded, so many-to-many representation remains untested.",accept,,,,,
FR-007,3,not_observable,EV-03-SCEN-FR-007-10-01; EV-03-SCEN-FR-007-10-04; EV-03-SCEN-FR-007-10-05,None of the required visibility of overlaps or shared dependencies was established. The newly created analysis returned an empty items list.,"No overlapping items or shared dependencies were recorded, so the response does not show whether the system displays them or hides them under a single path.",accept,,,,,
FR-008,3,not_observable,EV-03-SCEN-FR-008-11-01; EV-03-SCEN-FR-008-11-04; EV-03-SCEN-FR-008-11-05,"The project and analysis were created, but the items request returned an empty list. No required branch was exercised: there was no item belonging to multiple paths and no designated primary link to display.","Whether the system shows all relevant links for a multi-path item, and clearly identifies a team-designated primary link, remains untested.",accept,,,,,
FR-009,3,not_observable,EV-03-SCEN-FR-009-12-01; EV-03-SCEN-FR-009-12-05; EV-03-SCEN-FR-009-12-06,"Two analyses were created, and the compare request returned both IDs in one response. Neither analysis had any returned items, so no comparison of analysis content side by side was demonstrated. No complete required behaviour was established or refuted.",The evidence does not show how populated analyses are presented for comparison.,accept,,,,,
FR-010,3,not_observable,EV-03-SCEN-FR-010-13-01; EV-03-SCEN-FR-010-13-05; EV-03-SCEN-FR-010-13-06,"Two analyses were created and compared, but the comparison response contained empty item lists. No complete required comparison behaviour was established.","No goals, policies, or requirements were prepared in either analysis, so the evidence does not show whether the system identifies matches, differences, or items present in only one analysis.",accept,,,,,
FR-011,3,not_observable,EV-03-SCEN-FR-011-14-01; EV-03-SCEN-FR-011-14-05; EV-03-SCEN-FR-011-14-06,"None of the required conditional behaviour was observed. The two analyses were created and compared, but the comparison returned empty item lists; no shared requirement traced by two people to different source policies was recorded.",Whether a comparison makes differing source-policy traces visible remains untested.,accept,,,,,
FR-012,3,observed_partial,EV-03-SCEN-FR-012-15-01; EV-03-SCEN-FR-012-15-05; EV-03-SCEN-FR-012-15-06,"An analyst successfully requested a comparison of two created analyses, and the response identified both analyses with separate item lists. This establishes that the analyst can invoke the comparison operation.",The analyses were created by an admin and contained no items. The evidence does not show analysts independently building analyses or comparing decisions while preserving their reasoning.,accept,,,,,
FR-013,3,not_observable,EV-03-SCEN-FR-013-16-01; EV-03-SCEN-FR-013-16-05; EV-03-SCEN-FR-013-16-06,"Two analyses were created and a comparison response was returned, but the comparison request identified the acting role as analyst, not project manager. None of the required project-manager activities is established.","Review, comment, compare-analysis, and traceability-check activities by a project manager remain untested.",accept,,,,,
FR-014,3,not_observable,EV-03-SCEN-FR-014-17-01; EV-03-SCEN-FR-014-17-05; EV-03-SCEN-FR-014-17-06,"No required obligation was established. The comparison request succeeded as an analyst, not a guest, and returned empty item lists. The preparation responses created two analyses but did not establish that either was published.","Guest viewing of approved materials was not tested. Guest comparison of published analyses, when allowed, was not tested.",accept,,,,,
FR-015,3,not_observable,EV-03-SCEN-FR-015-18-01; EV-03-SCEN-FR-015-18-05,"None of the required classification behaviour is established. An analyst submitted an analysis item with two classifications and received an item ID, but the response does not show that either classification was applied.",No readback or other recorded use shows that users can organize analysis items by those classifications or change them flexibly.,accept,,,,,
FR-016,3,not_observable,EV-03-SCEN-FR-016-19-01,"None of the required multiple-classification behavior was established. The item-creation request supplied two classifications, but the response returned only an item ID.",No response or readback shows that both classifications were applied to the artifact or that it appears in both views.,accept,,,,,
FR-017,3,not_observable,EV-03-SCEN-FR-017-20-01,"None of the required behaviour was observed. An analyst created an item with classifications, but did not reclassify an existing item.","Later reclassification during refinement or correction, and preservation of the item's classification history, were not tested.",accept,,,,,
FR-018,3,not_observable,EV-03-SCEN-FR-018-21-01; EV-03-SCEN-FR-018-21-04; EV-03-SCEN-FR-018-21-05,"None of the required behaviour was observed. A project and analysis were created, but the analysis items response was empty; no derived-from link was shown.","No source item was revised or marked inactive, and link visibility after either change was not tested.",accept,,,,,
FR-019,3,not_observable,EV-03-SCEN-FR-019-22-01; EV-03-SCEN-FR-019-22-05,"No required obligation was exercised. An analysis was created, but its items response was empty, so no derived-from links or parent relationships were observed.",Whether links can chain through multiple levels while clearly identifying each direct parent remains untested.,accept,,,,,
FR-020,3,not_observable,EV-03-SCEN-FR-020-23-01; EV-03-SCEN-FR-020-23-04; EV-03-SCEN-FR-020-23-05,"The project and analysis were created, but the analysis items response was empty. No requirement trace was observed, so no required obligation was established as met or violated.","Preservation of useful intermediate goals or policy versions, and prominence of the direct policy link, remain untested.",accept,,,,,
FR-021,3,not_observable,EV-03-SCEN-FR-021-24-01; EV-03-SCEN-FR-021-24-04; EV-03-SCEN-FR-021-24-05,"The requests created a new project, analysis, and requirement item. None establishes that existing analysis work was migrated into SPRAT or that migration can occur gradually.",No existing analysis work or incremental migration of that work was observed.,accept,,,,,
FR-022,3,not_observable,EV-03-SCEN-FR-022-25-04; EV-03-SCEN-FR-022-25-05; EV-03-SCEN-FR-022-25-01,"None of the required behaviour was established. A project and analysis were created, but the analysis items response was empty; no migrated work or preserved traceability and context was observed.",The evidence does not test whether migrated work retains the information needed to make it trustworthy and reviewable.,accept,,,,,
FR-023,3,not_observable,EV-03-SCEN-FR-023-26-01; EV-03-SCEN-FR-023-26-04; EV-03-SCEN-FR-023-26-05,"The recorded requests create a project, an analysis, and a requirement item. None exercises migration or establishes that existing core content and links were brought over. No required migration obligation is established positively or negatively.",Transfer of core content and links needed for active work remains untested.,accept,,,,,
FR-024,3,not_observable,EV-03-SCEN-FR-024-27-04; EV-03-SCEN-FR-024-27-05; EV-03-SCEN-FR-024-27-01,"The responses show creation of a project, an analysis, and a requirement item. None establishes migration or that active projects, authoritative source documents, and traceability items for current work were migrated first. No required obligation is established.","The records do not show which items were eligible for migration, any migration outcome, or the order of migration.",accept,,,,,
FR-025,3,not_observable,EV-03-SCEN-FR-025-28-01; EV-03-SCEN-FR-025-28-05,"None of the required contents of an active trace link were established or shown missing. The newly created analysis returned an empty items list, so no active trace link was inspected.","Whether an active trace link includes its linked policy source, specific obligation reference, and current supporting notes or evidence remains untested.",accept,,,,,
FR-026,3,not_observable,EV-03-SCEN-FR-026-29-01,"No required role-specific branch was established. The recorded export succeeded with X-Role set to analyst, not project manager or guest.","Project-manager review-only use and guest read-only use were not exercised, including whether either role is prevented from making changes.",accept,,,,,
FR-027,3,observed_partial,EV-03-SCEN-FR-027-30-01,"A request without authentication to create a project was rejected with HTTP 403, establishing that this guest change attempt was blocked.","Guest access to restricted details was not tested, and the evidence does not establish whether other changes are blocked.",accept,,,,,
FR-028,3,not_observable,EV-03-SCEN-FR-028-31-01,"No required viewing restriction was exercised. The recorded 403 blocked project creation, not guest access to sensitive notes, draft legal-compliance information, or unapproved trace links.",Guest viewing of each protected information type without an explicit owner grant remains untested.,accept,,,,,
FR-029,3,not_observable,EV-03-SCEN-FR-029-32-01,The analysis endpoint responded over HTTP on localhost. No complete office-access or remote-access branch was established.,The evidence does not show access from an office or remote working setup.,accept,,,,,
FR-030,3,not_observable,EV-03-SCEN-FR-030-33-01,"None of the required access restrictions was exercised. The recorded request attempted to create a project and received a generic 403; it did not test access to a sensitive project under a specified network, device, or remote-access condition.","Access from approved versus unapproved networks or devices, stronger authentication for remote access, and explicit approval for especially sensitive remote work remain untested.",accept,,,,,
FR-031,3,not_observable,EV-03-SCEN-FR-031-34-01; EV-03-SCEN-FR-031-34-04; EV-03-SCEN-FR-031-34-05,"None of the required obligations is established. The recorded action created a policy item titled “Urgent access exception” in a project analysis, but does not show an urgent-access exception being requested or granted for a sensitive project.","The exception process, logging of an exception, and enforcement of a time limit were not observed.",accept,,,,,
FR-032,3,observed_partial,EV-03-SCEN-FR-032-35-01; EV-03-SCEN-FR-032-35-05,"An analyst successfully captured a requirement item in an existing analysis, establishing support for a basic capture task.","No trace task was exercised, and the evidence does not show whether a new analyst could perform either task with minimal guidance.",accept,,,,,
FR-033,3,not_observable,EV-03-SCEN-FR-033-36-01; EV-03-SCEN-FR-033-36-04; EV-03-SCEN-FR-033-36-05,"None of the required operations is established. An analyst created an item with initial classifications, but the record does not show editing or reclassifying an existing item, or linking it to a source.","The project is not shown to be low-risk, the analyst is not shown to be new or to have learned the workflow, and the required operations and their approval friction remain untested.",accept,,,,,
FR-034,3,not_observable,EV-03-SCEN-FR-034-37-04; EV-03-SCEN-FR-034-37-05; EV-03-SCEN-FR-034-37-01,"The recorded requests created a project, an analysis, and an item as an analyst. None establishes a complete required branch: the evidence does not show a new analyst attempting to finalize or publish a trace in a sensitive project, with or without the required review.","The project's sensitivity, the analyst's experience, any review, and the outcome of a trace finalization or publication attempt remain untested.",accept,,,,,
FR-035,3,not_observable,EV-03-SCEN-FR-035-38-01; EV-03-SCEN-FR-035-38-04; EV-03-SCEN-FR-035-38-05,"None of the required behaviours was established. The responses show creation of a project, an analysis, and an item with classifications, but not guided setup, examples of acceptable classifications, or an administrator or project manager review.","No guided setup or classification examples were observed. No very sensitive project or complex policy set, or review of one, was established.",accept,,,,,
FR-036,3,not_observable,EV-03-SCEN-FR-036-39-01; EV-03-SCEN-FR-036-39-05; EV-03-SCEN-FR-036-39-06,"None of the required explanation behaviour was established. The two analyses were created, but the comparison response contained empty item lists, so it showed no interpreted comparison to which an inline explanation could be attached.",Whether the system provides inline explanations for comparisons with results remains untested.,accept,,,,,
FR-037,3,observed_satisfied,EV-03-SCEN-FR-037-40-01; EV-03-SCEN-FR-037-40-05,"An analysis was created, then the system accepted a new item with both a clear title and a description and returned HTTP 201 with an item ID. This establishes support for capturing both fields on item creation.","The response did not repeat the fields, so their later retrieval or persistence was not observed.",revise,not_observable,EV-03-SCEN-FR-037-40-01; EV-03-SCEN-FR-037-40-05,"Title and description were submitted together; HTTP 201 returns only an item ID. Neither field is returned or read back, so no complete title-or-description capture obligation is established.",The submitted fields were not read back; parent-analysis creation is setup rather than satisfaction of this requirement.,
FR-038,3,not_observable,EV-03-SCEN-FR-038-41-01,"None of the required actor, trigger, or outcome capture is established. The scenario request supplied all three values and received a created-item ID, but the response did not show that those values were recorded.","No response or readback shows the scenario's stored actor, trigger, and outcome.",accept,,,,,
FR-039,3,observed_satisfied,EV-03-SCEN-FR-039-42-01,A requirement claiming a policy source was submitted without trace links. The system rejected it with an error explicitly stating that trace links are required for policy-derived requirements.,,accept,,,,,
FR-040,3,observed_unsatisfied,EV-03-SCEN-FR-040-43-06; EV-03-SCEN-FR-040-43-01,"An item was accepted with a kind and title but no classification information, and validation returned an empty findings list. The missing-classification case was therefore not flagged.",No inconsistent classification was tested.,accept,,,,,
FR-041,3,not_observable,EV-03-SCEN-FR-041-44-01; EV-03-SCEN-FR-041-44-06,"None of the required structural checks is established. An analysis item was created, and validation returned an empty findings list, but the record does not show whether the system checked link existence, classification use, or trace gaps.","No prepared broken link, improper classification, or demonstrable trace gap was tested. The empty findings list alone does not establish that those checks work or fail.",accept,,,,,
FR-042,3,not_observable,EV-03-SCEN-FR-042-45-06; EV-03-SCEN-FR-042-45-01,"None of the required behavior is established. An analyst requested validation of the created analysis, and the response contained no findings; the recorded item was not shown to contain questionable content.",The evidence does not show how the system flags questionable content or whether it leaves semantic judgment to an analyst or reviewer.,accept,,,,,
FR-043,3,not_observable,EV-03-SCEN-FR-043-46-01,"None of the required recording behaviour is established. The request identifies an analyst and creates an item, but the response shows only the item's ID; it does not show a trace recording its maker or when it was added.",No trace record or readback showing its maker and addition time was captured.,accept,,,,,
FR-044,3,not_observable,EV-03-SCEN-FR-044-47-01,"A requirement item was created with a policy reference and rationale, but no goal or trace relationship was observed. Neither required capability was established.",Untested whether several policies can jointly support one goal or whether an explainable trace can reach a goal indirectly through a requirement or scenario.,accept,,,,,
FR-045,3,not_observable,EV-03-SCEN-FR-045-48-01,"None of the required behaviours was exercised. An analyst created a requirement item, but the request did not identify a source requirement or scenario or create a derived-from link.","Derivation from requirements and from scenarios, and visibility of derived-from links after a source item changes, remain untested.",accept,,,,,
FR-046,3,not_observable,EV-03-SCEN-FR-046-49-01; EV-03-SCEN-FR-046-49-04; EV-03-SCEN-FR-046-49-05,"None of the required behaviour was observed. The created analysis returned an empty items list, so the response did not show a derived-from chain or its direct parent.",No item with a derived-from parent was prepared or viewed; whether the system shows the direct parent remains untested.,accept,,,,,
FR-047,3,not_observable,EV-03-SCEN-FR-047-50-01; EV-03-SCEN-FR-047-50-02,"An analyst created an item, and the service log recorded the request path and time. Neither response nor log shows a preserved audit entry identifying what changed, who changed it, and when. No complete audit-trail obligation is established.","No audit-trail retrieval or readback was captured, so preservation and the contents of any audit entry remain unknown.",accept,,,,,
FR-048,3,not_observable,EV-03-SCEN-FR-048-51-06; EV-03-SCEN-FR-048-51-01,"None of the required previous-state recording is established. The evidence shows creation of a requirement and an export of its initial version, but no change that would create an earlier state to reconstruct.","Recording or reconstruction of earlier states remains untested for goals, requirements, policies, and traces.",accept,,,,,
FR-049,3,not_observable,EV-03-SCEN-FR-049-52-04; EV-03-SCEN-FR-049-52-05; EV-03-SCEN-FR-049-52-01,"None of the required behavior was established. The recorded requests created a project and an analysis, then retrieved an empty items list; they did not show a changed artifact or any downstream items derived from or reviewed against it.",Whether the system shows the relevant downstream items when an artifact changes remains untested.,accept,,,,,
FR-050,3,observed_partial,EV-03-SCEN-FR-050-53-01; EV-03-SCEN-FR-050-53-05; EV-03-SCEN-FR-050-53-06,"The system exported a prepared analysis and its item as JSON, satisfying the structured machine-readable format obligation.",No export in a human-readable format such as PDF or Word was exercised.,accept,,,,,
FR-051,3,observed_partial,EV-03-SCEN-FR-051-54-01; EV-03-SCEN-FR-051-54-06,"The export includes audit metadata for the created item: creator, creation time, last updater, update time, and version. This establishes preservation of audit metadata in the recorded export.","No trace link was created or shown in the export, so preservation of trace links remains untested.",accept,,,,,
FR-052,3,not_observable,EV-03-SCEN-FR-052-55-01,"None of the required raw-export restriction was exercised. The recorded 403 response concerns project creation, not a raw export.",No raw-export request or role-based authorization outcome was observed.,accept,,,,,
FR-053,3,not_observable,EV-03-SCEN-FR-053-56-01,"No required obligation was exercised. The recorded 403 rejects project creation, not an attempt to share or export externally.",Whether external sharing requires a redacted or approved version instead of an unfiltered export remains untested.,accept,,,,,
FR-054,3,not_observable,EV-03-SCEN-FR-054-57-01,"None of the required export behaviours was observed. The recorded 403 response concerns project creation, not redacting or blocking a sensitive export.","No export containing personal data, legal interpretations, unresolved disputes, or security weaknesses was attempted, so sensitivity-dependent redaction or blocking remains untested.",accept,,,,,
FR-055,3,not_observable,EV-03-SCEN-FR-055-58-01,"No required obligation or condition branch was exercised. The recorded 403 response concerns project creation, not approval or release of an export.","No export that could identify individuals or expose a control gap was tested, so the approval-before-release requirement remains unknown.",accept,,,,,
FR-056,3,not_observable,EV-03-SCEN-FR-056-59-01,"No required obligation was exercised. The recorded 403 response concerns project creation, not an export by a lower role.","No lower-role export or exported content was observed, so exclusion of draft comments, sensitive source links, and personal data remains untested.",accept,,,,,
FR-057,3,not_observable,EV-03-SCEN-FR-057-60-01,"No required export-blocking branch was exercised. The recorded 403 response was for project creation, not an export request.",No export attempt involving information above the user's clearance or outside their project scope was recorded.,accept,,,,,
FR-058,3,not_observable,EV-03-SCEN-FR-058-61-01,"None of the required obligations was observed. The analyst created an item, but the response shows only its ID; it does not show an ownership-unclear change being flagged for review.",The evidence does not show whether a flagged request remains pending or requires confirmation by someone with authority.,accept,,,,,
FR-059,3,not_observable,EV-03-SCEN-FR-059-62-01,"None of the required fallback behaviour was observed. The recorded action created an analysis item, not a fallback for an unavailable responsible person.","No responsible person's temporary unavailability, fallback process, explicit fallback designation, or audit record was exercised or shown.",accept,,,,,
FR-060,3,not_observable,EV-03-SCEN-FR-060-63-01,"An item was created with classifications, but the response shows only its ID. No required history or provenance obligation was established.","No update or readback shows whether classifications, rules, or permissions retain versioned history or clear provenance rather than rewriting old decisions.",accept,,,,,
FR-061,3,not_observable,EV-03-SCEN-FR-061-64-01; EV-03-SCEN-FR-061-64-06,"None of the required change-reporting behaviour was exercised. The recorded item was newly created, and its export shows creation and update timestamps, but no classification, rule, or permission change was made. The export therefore does not establish that the system shows what changed or which analyses were affected.","Change reporting for classifications, rules, and permissions—including the change details, time, and affected analyses—remains untested.",accept,,,,,
FR-062,3,not_observable,EV-03-SCEN-FR-062-65-06; EV-03-SCEN-FR-062-65-01,"None of the required mistake-catching behavior was established. An analysis item was created, and validation returned no findings, but the recorded item shows no mistake for validation to catch.",Whether validation detects mistakes that would undermine review confidence remains untested.,accept,,,,,
FR-063,3,not_observable,EV-03-SCEN-FR-063-66-04; EV-03-SCEN-FR-063-66-05; EV-03-SCEN-FR-063-66-01,"None of the required trace behaviours was established or violated. A project and analysis were created, but the analysis items response was empty; no requirement was traced to a source policy.",The evidence does not show whether a trace link remains visible or whether intermediate goals or policy versions are preserved when needed to explain the justification path.,accept,,,,,
BR-001,3,not_observable,EV-03-SCEN-BR-001-67-01; EV-03-SCEN-BR-001-67-04; EV-03-SCEN-BR-001-67-05,"None of the required tracing relationships was established. The evidence shows a project and analysis being created, followed by an empty analysis-items response, but shows no requirement-to-goal or policy-to-requirement links.","Whether a requirement can be traced to several goals, or one policy can drive many requirements, remains untested.",accept,,,,,
BR-002,3,not_observable,EV-03-SCEN-BR-002-68-04; EV-03-SCEN-BR-002-68-05; EV-03-SCEN-BR-002-68-01,"None of the required behaviour was established. A project and an analysis were created, but no requirement derived through another requirement or scenario was shown. The analysis items response was empty.",Whether a derived requirement displays its connection remains untested.,accept,,,,,
BR-003,3,not_observable,EV-03-SCEN-BR-003-69-05; EV-03-SCEN-BR-003-69-01,"None of the required preservation behaviour was established. An analysis was created, but its items response was empty; no item appeared in more than one analysis route.",The evidence does not show whether an item appearing in multiple analysis routes is retained.,accept,,,,,
BR-004,3,not_observable,EV-03-SCEN-BR-004-70-01; EV-03-SCEN-BR-004-70-04; EV-03-SCEN-BR-004-70-05,"The project and analysis were created, but the analysis's items response was empty. No item belonging to multiple paths was observed, so no required branch was established as met or violated.",Whether the system shows all relevant links for an item belonging to multiple paths remains untested.,accept,,,,,
BR-005,3,not_observable,EV-03-SCEN-BR-005-71-01,No required access-control obligation or branch was established. The recorded request attempted to create a project and received a generic 403; it did not test access to an existing sensitive project by an unassigned guest or analyst.,"No sensitive-project access attempt, actor assignment, or relevant baseline or permission policy was recorded, so tighter controls cannot be assessed.",accept,,,,,
BR-006,3,not_observable,EV-03-SCEN-BR-006-72-01,"No required branch was established. The guest project-creation request was forbidden, but the response does not show that a location or device restriction was used or how any such restriction was determined.","Whether location or device restrictions are used, and whether they are driven by project sensitivity and the administrator’s policy, remains untested.",accept,,,,,
BR-007,3,not_observable,EV-03-SCEN-BR-007-73-04; EV-03-SCEN-BR-007-73-05; EV-03-SCEN-BR-007-73-01,"None of the required mapping behaviours was established. The recorded requests created a project and an analysis, then retrieved an empty analysis-item list; they did not exercise requirement-to-goal or policy-to-requirement mappings.",It remains unknown whether one requirement can map to several goals or one policy can drive many requirements.,accept,,,,,
BR-008,3,not_observable,EV-03-SCEN-BR-008-74-01,None of the required locking behaviour was established. The recorded action created an item with classifications; it did not attempt to change an existing classification.,"No established trace links, access rules, or compliance reporting impact was shown, and no classification change or lock response was observed.",accept,,,,,
BR-009,3,not_observable,EV-03-SCEN-BR-009-75-01,The recorded action created an item with classifications; it did not change an existing classification. No required branch was established as met or violated.,"No classification change, its potential effect on traceability, access, or compliance evidence, or review before such a change was observed. The obvious-correction exception was also untested.",accept,,,,,
BR-010,3,not_observable,EV-03-SCEN-BR-010-76-01,None of the required behaviour was established. The recorded action created a new item; it did not correct an existing value.,"No obvious correction or audit record was observed, so immediate application and logging of the before value, after value, and person who made the change remain untested.",accept,,,,,
BR-011,3,observed_partial,EV-03-SCEN-BR-011-77-04; EV-03-SCEN-BR-011-77-05; EV-03-SCEN-BR-011-77-06; EV-03-SCEN-BR-011-77-01,"An admin created a project, analysis and requirement item, and an analyst retrieved that analysis and item. This establishes a basic cross-role sharing function. The exported item identifies its creator, updater and version, establishing basic traceability.","No role-dependent permission comparison or denial was recorded, so basic role-based access control remains untested. No collaborative editing or change-history behaviour was exercised.",accept,,,,,
BR-012,3,not_observable,EV-03-SCEN-BR-012-78-01; EV-03-SCEN-BR-012-78-04; EV-03-SCEN-BR-012-78-05,The recorded requests created a project and analysis and retrieved an empty item list. None of the required first-release exclusions is established or violated by those operations.,"The evidence does not show whether deep workflow automation, advanced analytics dashboards, or tight integration with every possible document repository are included in the first release.",accept,,,,,
BR-013,3,not_observable,EV-03-SCEN-BR-013-79-01; EV-03-SCEN-BR-013-79-04; EV-03-SCEN-BR-013-79-05,"A project and analysis were created, and an analyst added a requirement item. These are contextual facts; no complete obligation of the conditional requirement was established.","The evidence does not identify an essential deferred capability or show its smallest acceptable version. It does not exercise the capture, trace, and compare flow or show whether access control, redaction, and analysis review and revision remain intact.",accept,,,,,
BR-014,3,not_observable,EV-03-SCEN-BR-014-80-01,"No required obligation was established. An analyst created an item titled “Urgent access exception,” but the response shows only its ID, not whether it is an exception workaround or who owns it.","The workaround’s owner and the person accountable for the pilot or compliance outcome were not observed, so their relationship cannot be assessed.",accept,,,,,
BR-015,3,not_observable,EV-03-SCEN-BR-015-81-01,"None of the required workaround-tracking behaviour is established. The recorded action created a policy item titled “Urgent access exception,” but it did not identify a workaround or show an exception record containing the required details.","The evidence does not show a workaround tracked in SPRAT with its reason, the workaround used, and a target closing date or condition.",accept,,,,,
BR-016,3,not_observable,EV-03-SCEN-BR-016-82-01,"None of the required stopping conditions was exercised. The recorded action created a policy item described as a time-bounded exception, but did not show a workaround stopping.","No deadline being met, required integration becoming available, or formal acceptance and archiving of compliance evidence was observed, and no resulting stop was tested.",accept,,,,,
BR-017,3,not_observable,EV-03-SCEN-BR-017-83-01; EV-03-SCEN-BR-017-83-04; EV-03-SCEN-BR-017-83-05,"The recorded project and analysis were created, and the analysis returned an empty item list. None of these observations establishes that a feature was considered essential, so no required condition branch was exercised.","There is no observed essential-feature decision, assessment of whether the normal SPRAT workflow could meet the pilot or compliance need, or evidence of a real deadline or contractual expectation.",accept,,,,,
BR-018,3,not_observable,EV-03-SCEN-BR-018-84-04; EV-03-SCEN-BR-018-84-05; EV-03-SCEN-BR-018-84-01,"None of the required scope limits was established or violated. The evidence shows project and analysis creation and an empty analysis-items response, but does not show that a feature was treated as essential or what pilot or compliance outcome it directly supports.","The essential-feature condition and whether its implementation is limited to the smallest supporting path, without broader teams, extra document types, or broader reporting, remain untested.",accept,,,,,
BR-019,3,not_observable,EV-03-SCEN-BR-019-85-01,"The analyst created a requirement item, but no complete BR-019 obligation or condition branch was established. The response shows only the new item ID; it does not show that this was an eligible fast-path action or that the required details were captured.","The evidence does not establish that the action was routine, low risk, and based on an approved template or previously validated pattern. Fast-path use and capture of who acted, what changed, when, and the source policy or requirement remain unverified.",accept,,,,,
BR-020,3,not_observable,EV-03-SCEN-BR-020-86-01,"None of the required conditional branches was established. The project-creation request received a generic 403 response, which does not show that the action affected a sensitive classification, legal compliance, access permissions, or a new trace link, or that rejection prevented skipping extra steps.",No qualifying action or attempt to skip its extra steps was observed.,accept,,,,,
BR-021,3,not_observable,EV-03-SCEN-BR-021-87-01,"The guest project-creation request was rejected, but it did not exercise access to a sensitive project. None of the required access restrictions or approval conditions was established.","Access from approved networks or trusted devices, remote-access authentication, and explicit approval for especially sensitive work remain untested.",accept,,,,,
BR-022,3,not_observable,EV-03-SCEN-BR-022-88-01; EV-03-SCEN-BR-022-88-04; EV-03-SCEN-BR-022-88-05,"None of the required obligations was established. The recorded action created a policy item titled “Urgent access exception,” but did not show an urgent-access exception being granted for a sensitive project.","No exception record or access event was observed, so neither exception logging nor a time limit can be assessed.",accept,,,,,
QR-001,3,not_observable,EV-03-SCEN-QR-001-89-01,No observation was recorded for the scenarios of this requirement.,"The existing GET / only opens a generic page or health endpoint; no scenario-specific setup or target interaction was defined. Missing observation: The system is reachable during normal working hours and remains continuously available or near-continuously available with no significant interruption to user access. The target action was not executed; this is an observation limitation, not a software failure.",accept,,,,,
QR-002,3,not_observable,EV-03-SCEN-QR-002-90-01,No observation was recorded for the scenarios of this requirement.,"The existing GET / only opens a generic page or health endpoint; no scenario-specific setup or target interaction was defined. Missing observation: The user's current work is preserved, no entered content is lost, and the user can resume from the previous state quickly after recovery. The target action was not executed; this is an observation limitation, not a software failure.",accept,,,,,
QR-003,3,not_observable,EV-03-SCEN-QR-003-91-01; EV-03-SCEN-QR-003-91-05; EV-03-SCEN-QR-003-91-06,"None of the required responsiveness behaviours is established. The comparison request returned 200, but both newly created analyses had empty item lists, so it did not exercise comparing outputs.","Responsiveness remains untested for comparison of populated outputs, search, trace navigation, saving analyses, loading dense analyses, tracing links, large imports, and bulk updates.",accept,,,,,
QR-004,3,not_observable,EV-03-SCEN-QR-004-92-01; EV-03-SCEN-QR-004-92-05,"None of the required responsiveness behaviours is established. The recorded request retrieved an empty analysis-item list, and the preparation request created an analysis; neither shows whether a day-to-day workflow felt noticeably sluggish.","No response durations or representative search, trace-navigation, or analysis-saving workflow were recorded.",accept,,,,,
QR-005,3,not_observable,EV-03-SCEN-QR-005-93-01; EV-03-SCEN-QR-005-93-02,"A single request returned HTTP 200, and the service log shows the preparation requests and that request. Neither concurrent-use support nor acceptable responsiveness under concurrent load was established.",No test of approximately a few dozen simultaneous users or response times under that load was recorded.,accept,,,,,
QR-006,3,not_observable,EV-03-SCEN-QR-006-94-01; EV-03-SCEN-QR-006-94-04; EV-03-SCEN-QR-006-94-05,"None of the required burst-handling behaviour was exercised. The recorded requests created one project and one analysis, then retrieved an empty item list; they do not establish performance under load.","Heavy collaborative sessions, large imports, bulk updates, and cross-project reviews were not tested, and no slowdown measurements were recorded.",accept,,,,,
QR-007,3,not_observable,EV-03-SCEN-QR-007-95-01; EV-03-SCEN-QR-007-95-04; EV-03-SCEN-QR-007-95-05,"None of the required usability conditions is established. The recorded requests show successful HTTP operations against localhost using a Python client, but do not show use from a normal office or remote setup without special tooling.",Ordinary web use and access from an office or remote working setup were not tested.,accept,,,,,
QR-008,3,observed_partial,EV-03-SCEN-QR-008-96-01; EV-03-SCEN-QR-008-96-05,"An analyst successfully created a requirement item in an analysis, establishing a basic capture operation.","No trace task was exercised, and the recorded API requests do not show whether a new analyst could start either task with minimal guidance.",accept,,,,,
QR-009,3,not_observable,EV-03-SCEN-QR-009-97-04; EV-03-SCEN-QR-009-97-05; EV-03-SCEN-QR-009-97-01,"A project and analysis were created, then an item with classifications was accepted. These observations do not establish whether classification requires more onboarding than basic capture and trace tasks. No complete comparative obligation was established.","Onboarding for basic capture and trace tasks was not observed, and neither comparison-feature onboarding nor a comparison with the classification workflow was recorded.",accept,,,,,
QR-010,3,not_observable,EV-03-SCEN-QR-010-98-01; EV-03-SCEN-QR-010-98-04; EV-03-SCEN-QR-010-98-05,"A project, analysis, and classified item were created, but these are contextual setup facts. None of the required guided setup, examples of acceptable classifications, or inline explanations for comparison interpretation was observed.","The record does not establish a very sensitive project or complex policy set, or show the system's guidance and explanations under either condition.",accept,,,,,
QR-011,3,not_observable,EV-03-SCEN-QR-011-99-01; EV-03-SCEN-QR-011-99-05; EV-03-SCEN-QR-011-99-06,"None of the required preservation behaviour was exercised. The evidence shows a newly created analysis item and its export, but no migration or change to existing analysis work.",Whether the system preserves original context when analysis work is migrated or changed remains untested.,accept,,,,,
QR-012,3,observed_partial,EV-03-SCEN-QR-012-100-01; EV-03-SCEN-QR-012-100-04; EV-03-SCEN-QR-012-100-05; EV-03-SCEN-QR-012-100-06,"The export preserves the prepared item's creator and updater information, timestamps, version, and IDs linking it to its analysis and project. This establishes audit information and traceability for the recorded export.","No migration was exercised, so preservation during migration remains untested.",accept,,,,,
EX-001,3,observed_partial,EV-03-SCEN-EX-001-101-05; EV-03-SCEN-EX-001-101-06; EV-03-SCEN-EX-001-101-01,"Analyses 3 and 4 were created in the same project, and a comparison request for them succeeded with a response identifying both analyses. This establishes comparison availability within a shared project.","No comparison of unrelated analyses was recorded, so the intended boundary for unrelated contexts remains untested.",accept,,,,,
EX-002,3,not_observable,EV-03-SCEN-EX-002-102-01; EV-03-SCEN-EX-002-102-04; EV-03-SCEN-EX-002-102-05,"An analyst successfully created a requirement item in the prepared analysis. This shows a basic capture action, but no complete required branch is established because the project was not shown to be low-risk or the workflow learned.","Self-service capture under the stated conditions, and senior-role restrictions on final approval and official compliance wording changes, remain untested.",accept,,,,,
EX-003,3,not_observable,EV-03-SCEN-EX-003-103-01; EV-03-SCEN-EX-003-103-04; EV-03-SCEN-EX-003-103-05,"The project and analysis were created, and an analyst added a requirement classified as a policy area. These are contextual facts; no required review behaviour was observed.","The evidence does not establish a low-risk project, an especially sensitive source type, or whether such a source requires a review step.",accept,,,,,
EX-004,3,not_observable,EV-03-SCEN-EX-004-104-01,The recorded request created an item with classifications; it did not change an existing classification. No required obligation or condition branch was established.,Neither an immediate change for an obvious correction that preserves meaning and visibility nor a change that would alter meaning or visibility was tested.,accept,,,,,
EX-005,3,not_observable,EV-03-SCEN-EX-005-105-01,None of the required behavior was established. The recorded action created an item with classifications; it did not change an existing classification.,"No classification change with doubt about its impact on traceability, access, or compliance evidence was observed, and no review-required treatment was shown.",accept,,,,,
EX-006,3,not_observable,EV-03-SCEN-EX-006-106-04; EV-03-SCEN-EX-006-106-05; EV-03-SCEN-EX-006-106-01,"The recorded requests created a project and analysis and retrieved an empty item list. None shows a minimal capability expanding beyond the pilot or compliance need, or a decision to keep such an expansion out of scope. No required branch was established.","Whether any capability began serving additional teams, document types, broader reporting, or future-proofing—and whether it was then excluded—remains untested.",accept,,,,,
FR-001,4,observed_partial,EV-04-SCEN-FR-001-04-01,The system accepted and returned a captured requirement. This establishes the requirement-capture obligation. The policy-area classification does not establish capture of a policy.,"Capture of goals, scenarios, policies, and legal-compliance information was not tested.",accept,,,,,
FR-002,4,not_observable,EV-04-SCEN-FR-002-05-01; EV-04-SCEN-FR-002-05-04; EV-04-SCEN-FR-002-05-05,"None of the required linking or traceability behaviour is established. A requirement and a policy were created, and a link between their IDs was requested, but the response only acknowledged the request with {""ok"":true}; it did not show a link.","Whether the link was applied and can be used to trace rationale is unknown. Links involving goals, scenarios, and derived analyses were not observed.",accept,,,,,
FR-003,4,not_observable,EV-04-SCEN-FR-003-06-01,No required tracing behaviour was established. The only recorded response was an empty items list; it did not show a requirement or goal linked back to a source policy or legal rule.,The ability to trace a requirement or goal to its source policy or legal rule remains untested.,accept,,,,,
FR-004,4,not_observable,EV-04-SCEN-FR-004-07-01,No required recording obligation was observed. The only captured response is an empty items list; it does not show a trace being recorded.,"Recording a source policy reference, the exact justifying policy passage, and a short trace rationale remains untested.",accept,,,,,
FR-005,4,not_observable,EV-04-SCEN-FR-005-08-01,"No required relationship was shown. The export returned empty items and audit arrays, so it shows neither which requirement supports a goal nor which policy or legal source justifies a goal or requirement.","No populated requirements, goals, sources, or relationships were observed.",accept,,,,,
FR-006,4,not_observable,EV-04-SCEN-FR-006-09-01,None of the required many-to-many relationships is shown. The only captured response is an empty items list.,"Representation of relationships among requirements, goals, and policies was not exercised or observed.",accept,,,,,
FR-007,4,not_observable,EV-04-SCEN-FR-007-10-01,"No required visibility behavior was observed. The /items request returned an empty list, so it did not show how the system presents overlaps or shared dependencies.","No records with overlaps or shared dependencies were observed, leaving their presentation untested.",accept,,,,,
FR-008,4,not_observable,EV-04-SCEN-FR-008-11-01,"No required branch was observed. The items endpoint returned an empty list, so the response did not show an item belonging to multiple paths or a designated primary link.",Showing all relevant links for a multi-path item and indicating a team-designated primary link remain untested.,accept,,,,,
FR-009,4,not_observable,EV-04-SCEN-FR-009-12-04; EV-04-SCEN-FR-009-12-05; EV-04-SCEN-FR-009-12-01,"The comparison response places two records in left and right fields, but the prepared records are a requirement and a policy, not two analyses. No complete required obligation was exercised.",Whether users can compare two analyses side by side remains untested.,accept,,,,,
FR-010,4,not_observable,EV-04-SCEN-FR-010-13-01; EV-04-SCEN-FR-010-13-04; EV-04-SCEN-FR-010-13-05,"The recorded comparison shows matching and differing fields for two individual items: one requirement and one policy. Neither item is shown to be an analysis, so no complete analysis-comparison obligation is established.","Untested: comparison of two analyses showing where their goals, policies, and requirements match, differ, or appear in only one analysis.",accept,,,,,
FR-011,4,not_observable,EV-04-SCEN-FR-011-14-04; EV-04-SCEN-FR-011-14-05; EV-04-SCEN-FR-011-14-01,"No required branch was exercised. The comparison involved a requirement and a separate policy item, both with null source-policy references; it did not compare two people's analyses tracing the same requirement to different policies.",Whether the system makes differing source-policy traces visible under the stated condition remains untested.,accept,,,,,
FR-012,4,observed_partial,EV-04-SCEN-FR-012-15-04; EV-04-SCEN-FR-012-15-05; EV-04-SCEN-FR-012-15-01,"Two separate records were created and successfully compared side by side, with differences reported. This establishes a comparison capability for the recorded items.","The records were a requirement and a policy, not demonstrated analyst-built analyses. Both had null rationales, so the evidence does not show whether reasoning behind decisions is retained during comparison.",accept,,,,,
FR-013,4,observed_partial,EV-04-SCEN-FR-013-16-01; EV-04-SCEN-FR-013-16-04; EV-04-SCEN-FR-013-16-05,"Compare-analysis is supported: the public compare request for two created items returned matches and differences. This demonstrates availability to project managers, but does not establish any exclusive permission.","Review, comment, and traceability-check activities were not exercised.",accept,,,,,
FR-014,4,not_observable,EV-04-SCEN-FR-014-17-01; EV-04-SCEN-FR-014-17-04; EV-04-SCEN-FR-014-17-05,None of the required capabilities was established. The comparison returned two draft items—a requirement and a policy—not published analyses. The recorded requests did not exercise viewing approved materials.,"Guest viewing of approved materials remains untested, as does comparison of published analyses when allowed.",accept,,,,,
FR-015,4,observed_satisfied,EV-04-SCEN-FR-015-18-04; EV-04-SCEN-FR-015-18-01,"A user created an analysis item, then updated it with two distinct classifications. The response shows both classifications on the item, demonstrating organization with flexible classifications.",,accept,,,,,
FR-016,4,observed_partial,EV-04-SCEN-FR-016-19-04; EV-04-SCEN-FR-016-19-01,"An artifact was created, then successfully updated with two classifications. The update response shows both classifications on the artifact, establishing that an artifact can have multiple classifications.",The record does not establish whether this particular artifact naturally belongs in both views.,accept,,,,,
FR-017,4,observed_satisfied,EV-04-SCEN-FR-017-20-04; EV-04-SCEN-FR-017-20-01,"An item was created with no classifications, then an analyst reclassified it in a subsequent update. The updated response shows the new classifications and a history entry preserving the before and after states.",,accept,,,,,
FR-018,4,not_observable,EV-04-SCEN-FR-018-21-01,"No required obligation was observed. The items endpoint returned an empty list, so the response shows no derived-from link or source-item state.",Visibility of a derived-from link after its source item is revised or marked inactive remains untested.,accept,,,,,
FR-019,4,not_observable,EV-04-SCEN-FR-019-22-01,"No required obligation was observed. The items response was empty, so it showed neither a multi-level derived-from chain nor a clear direct parent.",Whether derived-from links can chain through multiple levels while preserving a clear direct parent remains untested.,accept,,,,,
FR-020,4,not_observable,EV-04-SCEN-FR-020-23-01,"None of the required trace behavior was observed. The recorded request returned an empty items list, not a requirement trace.","Whether intermediate goals or policy versions are preserved when useful, and whether the direct policy link remains prominent, was not tested.",accept,,,,,
FR-021,4,not_observable,EV-04-SCEN-FR-021-24-01,"A requirement item was created in SPRAT, but the record does not establish that it was existing analysis work being migrated. No complete migration obligation is demonstrated.",Support for gradually migrating existing analysis work remains untested.,accept,,,,,
FR-022,4,not_observable,EV-04-SCEN-FR-022-25-01,"No required obligation was observed. The items endpoint returned an empty list, so the evidence does not show migrated work preserving traceability or context.",No migrated work or its traceability and context was examined for trustworthiness or reviewability.,accept,,,,,
FR-023,4,not_observable,EV-04-SCEN-FR-023-26-01,"No migration obligation was established. The recorded request created a requirement item, but did not show content or links being brought over from an existing source.",Migration of core content and links needed for active work remains untested.,accept,,,,,
FR-024,4,not_observable,EV-04-SCEN-FR-024-27-01,"None of the required migration obligations was observed. The response shows creation of a draft requirement item, not migration of active projects, authoritative source documents, or traceability items.","No migration activity or ordering was recorded, so whether those records are migrated first is unknown.",accept,,,,,
FR-025,4,not_observable,EV-04-SCEN-FR-025-28-01,No required obligation was observed. The only captured response is an empty items list; it does not show an active trace link or its supporting information.,"Whether an active trace link includes its linked policy source, specific obligation reference, and current supporting notes or evidence remains untested.",accept,,,,,
FR-026,4,observed_partial,EV-04-SCEN-FR-026-29-01,"The successful public GET /items establishes a read operation available to guests, although the list was empty.",No project-manager review operation or role-specific access was exercised. No attempted modification tested whether project managers are limited to review or guests to read-only use.,accept,,,,,
FR-027,4,not_observable,EV-04-SCEN-FR-027-30-01,"None of the required restrictions was exercised. The recorded guest request viewed an empty items list, not restricted details, and attempted no change.",Guest attempts to change data and to view restricted details remain untested.,accept,,,,,
FR-028,4,not_observable,EV-04-SCEN-FR-028-31-01,"No required restriction was exercised. The unauthenticated GET returned an empty item list, not sensitive notes, draft legal-compliance information, or unapproved trace links.",Guest access to each protected content type without an explicit owner grant remains untested.,accept,,,,,
FR-029,4,not_observable,EV-04-SCEN-FR-029-32-01,"A local HTTP request to /items succeeded, but no complete office- or remote-working access branch was established.",The request used 127.0.0.1; access from an office or remote working setup was not tested.,accept,,,,,
FR-030,4,not_observable,EV-04-SCEN-FR-030-33-01,No required obligation or condition branch was established. The recorded request returned an empty items list; it did not exercise access to a sensitive project.,"Access restrictions based on approved networks or trusted devices, stronger authentication for remote access, and explicit approval for especially sensitive work remain untested.",accept,,,,,
FR-031,4,not_observable,EV-04-SCEN-FR-031-34-01; EV-04-SCEN-FR-031-34-02,"No required obligation was demonstrated. The system created a draft policy item titled “Urgent access exception”; the service log records that item-creation request, not an urgent-access exception.","The evidence does not show an exception being granted for a sensitive project, logged as an exception, or limited in time.",accept,,,,,
FR-032,4,observed_partial,EV-04-SCEN-FR-032-35-01,A basic capture task succeeded: the system created a requirement item and returned its recorded details.,"No trace task was exercised, and the evidence does not establish whether new analysts can perform these tasks with minimal guidance.",accept,,,,,
FR-033,4,not_observable,EV-04-SCEN-FR-033-36-01; EV-04-SCEN-FR-033-36-04,"None of the required conditional capabilities is established. An actor labeled ""analyst"" successfully edited and reclassified an item, but the record does not establish that the actor was a new analyst who had learned the workflow or that the project was low-risk.","Editing and reclassification under the stated conditions remain untested, as does linking to ordinary source types without heavy approval friction.",accept,,,,,
FR-034,4,not_observable,EV-04-SCEN-FR-034-37-01; EV-04-SCEN-FR-034-37-04; EV-04-SCEN-FR-034-37-05,No required branch was exercised. The recorded action linked two draft items; it did not attempt to finalize or publish a trace.,"The evidence does not establish a sensitive project, a new analyst, or whether manager or experienced-analyst review is required before finalization or publication.",accept,,,,,
FR-035,4,not_observable,EV-04-SCEN-FR-035-38-01; EV-04-SCEN-FR-035-38-04,"None of the required support is established. The recorded requests create an item and update its classifications, but do not show guided setup, examples of acceptable classifications, or an administrator or project manager review.","All three required forms of support remain untested, including review for a very sensitive project or complex policy set.",accept,,,,,
FR-036,4,observed_unsatisfied,EV-04-SCEN-FR-036-39-01; EV-04-SCEN-FR-036-39-04; EV-04-SCEN-FR-036-39-05,"None of the required explanatory behaviour was observed. The comparison of two prepared items returned matches and differences as booleans and lists, but provided no inline explanation of how those results should be interpreted.",Other comparison interfaces or outputs were not observed.,accept,,,,,
FR-037,4,observed_satisfied,EV-04-SCEN-FR-037-40-01,"The system created an analysis item and returned its captured title and description, establishing support for both fields.",,accept,,,,,
FR-038,4,observed_satisfied,EV-04-SCEN-FR-038-41-01,"The system created a scenario and returned it with the submitted actor, trigger, and outcome fields.",,accept,,,,,
FR-039,4,observed_unsatisfied,EV-04-SCEN-FR-039-42-01,"The system accepted a requirement claiming a policy source (source_policy_ref: ""POL-1"") while its trace links were empty. This violates the requirement to require trace links for policy-derived requirements.",,accept,,,,,
FR-040,4,not_observable,EV-04-SCEN-FR-040-43-01,"No required branch was exercised: the export contained no items, so it showed neither a missing nor an inconsistent classification being flagged or silently accepted.",Flagging of both missing and inconsistent classifications remains untested.,accept,,,,,
FR-041,4,not_observable,EV-04-SCEN-FR-041-44-01,"None of the required checks was observed. The export returned empty items and audit arrays, with no structural-check results.","Whether the system checks for existing links, proper classification use, or obvious trace gaps remains untested.",accept,,,,,
FR-042,4,not_observable,EV-04-SCEN-FR-042-45-01,"No required obligation was exercised. The export returned no analysis items, so it shows neither a clear flag on questionable content nor how semantic judgment is left to an analyst or reviewer.","No questionable analysis content, flag, or analyst/reviewer judgment was observed.",accept,,,,,
FR-043,4,not_observable,EV-04-SCEN-FR-043-46-01; EV-04-SCEN-FR-043-46-02,"None of the required recording is established. The link request supplied an actor and received only a generic acknowledgement; the timestamp appears in the service log, not in an observed trace record.",No trace record or readback shows who made the trace or when it was added.,accept,,,,,
FR-044,4,not_observable,EV-04-SCEN-FR-044-47-01; EV-04-SCEN-FR-044-47-04; EV-04-SCEN-FR-044-47-05,None of the required behaviours was established. The recorded request links one requirement to one policy and receives only a generic acknowledgement; it does not show a goal supported by several policies or an explainable indirect trace.,"Support of a goal by several policies, and an explainable trace through a requirement or scenario, remain untested.",accept,,,,,
FR-045,4,not_observable,EV-04-SCEN-FR-045-48-04; EV-04-SCEN-FR-045-48-01,"None of the required behaviours was exercised. The evidence shows a requirement being created and edited, but no requirement derived from it or from a scenario, and no derived-from link.",Derivation from each source type and visibility of a derived-from link after its source changes remain untested.,accept,,,,,
FR-046,4,not_observable,EV-04-SCEN-FR-046-49-01,"No required obligation was established or violated. The items response was an empty list, so it did not show a derived-from chain or its direct parent.",Whether the system shows the direct parent when a derived-from chain exists remains untested.,accept,,,,,
FR-047,4,observed_satisfied,EV-04-SCEN-FR-047-50-04; EV-04-SCEN-FR-047-50-01,"The item was created and then changed. The updated item’s history shows the before and after values, identifies the changer as analyst, and records when the change occurred. This covers what changed, who changed it, and when.",No later readback tested retention beyond the update response.,accept,,,,,
FR-048,4,observed_partial,EV-04-SCEN-FR-048-51-04; EV-04-SCEN-FR-048-51-01,"The created requirement was updated, and the response recorded its complete earlier state in a history entry. This establishes the obligation for requirements.","Previous-state recording for goals, policies, and traces was not tested.",accept,,,,,
FR-049,4,not_observable,EV-04-SCEN-FR-049-52-01,None of the required behavior was observed. The only captured response was an empty items list; it did not show a changed artifact or any downstream items derived from or reviewed against it.,"No changed artifact with downstream relationships was prepared or queried, so the required display remains untested.",accept,,,,,
FR-050,4,observed_partial,EV-04-SCEN-FR-050-53-01,"The system provides an export endpoint returning a valid JSON response, satisfying the structured machine-readable format obligation.",No human-readable export format such as PDF or Word was exercised or observed.,accept,,,,,
FR-051,4,not_observable,EV-04-SCEN-FR-051-54-01,"The export endpoint was reachable and returned an empty export with `items: []` and `audit: []`, but no exported records were present to demonstrate preservation of trace links or audit metadata. No complete requirement obligation was positively or negatively established.",Trace-link preservation and audit-metadata preservation remain untested because the export contained no records or metadata to inspect.,accept,,,,,
FR-052,4,observed_unsatisfied,EV-04-SCEN-FR-052-55-01,"The unauthenticated GET /export request returned HTTP 200 with an export-shaped JSON response, demonstrating public access to the raw export endpoint and violating the restriction to authorized roles.","The exported collections were empty, and no populated export or role-specific allow/deny comparison was recorded.",accept,,,,,
FR-053,4,not_observable,EV-04-SCEN-FR-053-56-01; EV-04-SCEN-FR-053-56-02; EV-04-SCEN-FR-053-56-03,"The export endpoint was accessed successfully, but the response contained no exported items and provides no evidence that external sharing required a redacted or approved version. It also does not demonstrate an unfiltered export of shareable data.","Whether external sharing blocks unredacted or unapproved exports remains untested. No populated export, redaction state, approval state, or rejection of an unfiltered export was recorded.",accept,,,,,
FR-054,4,not_observable,EV-04-SCEN-FR-054-57-01,"The evidence shows only that an empty export request succeeded and returned no items or audit records. No export containing personal data, legal interpretations, unresolved disputes, or security weaknesses was exercised, so no redaction or blocking behavior was established.","Redaction or blocking for each stated sensitive-data category, and the sensitivity-dependent choice between redaction and blocking, remain untested.",accept,,,,,
FR-055,4,not_observable,EV-04-SCEN-FR-055-58-01; EV-04-SCEN-FR-055-58-02; EV-04-SCEN-FR-055-58-03,"The export endpoint was accessed successfully and returned an empty export, but the evidence does not establish that the export could identify individuals or expose a control gap, nor does it show an explicit approval decision or an approval-gated release. No complete required condition branch was positively or negatively established.",Whether an export containing identifying information or a control gap requires explicit approval before release remains untested. The evidence also does not show approval handling for a qualifying export.,accept,,,,,
FR-056,4,not_observable,EV-04-SCEN-FR-056-59-01,"The export endpoint returned an empty export successfully, but no lower-role context or export records containing draft comments, sensitive source links, or personal data were observed. None of the required automatic exclusions or role-based detail reduction branches was positively established.","Automatic reduction for lower roles remains untested, including exclusion of draft comments, sensitive source links, and personal data. No comparison with a higher-role export or populated export data was recorded.",accept,,,,,
FR-057,4,not_observable,EV-04-SCEN-FR-057-60-01,"The export endpoint returned HTTP 200 with empty items and audit arrays, but no exported information, user clearance, or project scope was established. No required restriction branch was positively or negatively exercised.",Whether export is blocked for information above the user's clearance or outside their project scope remains untested.,accept,,,,,
FR-058,4,not_observable,EV-04-SCEN-FR-058-61-01; EV-04-SCEN-FR-058-61-04,"The evidence shows an item was created and updated by an analyst, but it does not establish that the change was ownership-unclear or demonstrate flagging, review, pending status, or confirmation by an authorized person. No complete required obligation or condition branch was positively or negatively established.","The ownership-unclear condition, review flag mechanism, pending state, authority confirmation, and release of the request after confirmation remain untested or unknown.",accept,,,,,
FR-059,4,not_observable,EV-04-SCEN-FR-059-62-01; EV-04-SCEN-FR-059-62-02; EV-04-SCEN-FR-059-62-04,"No complete required obligation was established. The evidence shows a generic item update with an audit history, but it does not exercise a fallback process, temporary unavailability of the responsible person, or an explicit auditable fallback action.","Support for a fallback process when the responsible person is temporarily unavailable remains untested. The explicitness and auditability of such a fallback also remain untested because no fallback event, process, or corresponding audit record was observed.",accept,,,,,
FR-060,4,observed_partial,EV-04-SCEN-FR-060-63-04; EV-04-SCEN-FR-060-63-01,"The classification update returned a history entry with the prior and revised classifications, a timestamp, and the named actor. This establishes versioned history for the observed classification change rather than merely replacing its prior value.",Versioned history or clear provenance for changes to rules and permissions was not tested.,accept,,,,,
FR-061,4,not_observable,EV-04-SCEN-FR-061-64-01; EV-04-SCEN-FR-061-64-04,"None of the required behaviour was exercised. The recorded change was to an item's title and actor field, not to a classification, rule, or permission. Its history shows what changed and when, but only for that unrelated change.","No classification, rule, or permission change was recorded, so the evidence does not show whether the system identifies the affected analyses for such a change.",accept,,,,,
FR-062,4,not_observable,EV-04-SCEN-FR-062-65-01,"No validation obligation was exercised. The recorded export contains no analysis items or mistakes, so it does not show whether the system catches mistakes that would undermine review confidence.",Validation of an analysis containing such a mistake remains untested.,accept,,,,,
FR-063,4,not_observable,EV-04-SCEN-FR-063-66-01,None of the required trace-link behaviour was observed. The recorded response shows only an empty items list.,"No requirement traced to a source policy was observed, so link visibility and preservation of intermediate goals or policy versions remain untested.",accept,,,,,
BR-001,4,not_observable,,None of the required tracing relationships was observed. The recorded request only returned an empty items list.,"Whether one requirement can be traced to several goals, or one policy can drive many requirements, remains untested.",accept,,,,,
BR-002,4,not_observable,EV-04-SCEN-BR-002-68-01,"None of the required behaviour was observed. The recorded request returned an empty items list, not a requirement or a visible derivation connection.","No derived requirement or scenario-to-requirement connection was examined, so its visibility remains unknown.",accept,,,,,
BR-003,4,not_observable,EV-04-SCEN-BR-003-69-01,"No required branch was established. The recorded request returned an empty item list, so it does not show what happens when an item appears in more than one analysis route.",No overlapping analysis routes or resulting item retention were observed.,accept,,,,,
BR-004,4,not_observable,EV-04-SCEN-BR-004-70-01,"None of the required behaviour was observed. The items response was an empty list, so it did not show an item belonging to multiple paths or any links for that item.",Whether the system shows all relevant links for an item belonging to multiple paths remains untested.,accept,,,,,
BR-005,4,not_observable,EV-04-SCEN-BR-005-71-01,No required access-control obligation or branch was established. The only captured request returned an empty item list; it did not exercise access to a sensitive project by a guest or analyst.,"The applicable access policy, baseline controls, project sensitivity, user roles, assignment status, and access outcomes remain untested.",accept,,,,,
BR-006,4,not_observable,EV-04-SCEN-BR-006-72-01,None of the required behaviour was observed. The empty public items response does not show whether location or device restrictions are used or what drives them.,"Whether any such restrictions are used, and whether they are driven by project sensitivity and the administrator’s policy, remains unknown.",accept,,,,,
BR-007,4,not_observable,EV-04-SCEN-BR-007-73-01,None of the required mapping behaviours was observed. The empty /items response does not show a requirement mapped to several goals or a policy driving multiple requirements.,Both mapping behaviours remain untested.,accept,,,,,
BR-008,4,not_observable,EV-04-SCEN-BR-008-74-04; EV-04-SCEN-BR-008-74-01,"None of the required locking behavior was observed. The item had no recorded trace links, and its classification change succeeded without a demonstrated risk to trace links, access rules, or compliance reporting.",No classification was shown to be lockable under any of the stated conditions.,accept,,,,,
BR-009,4,observed_unsatisfied,EV-04-SCEN-BR-009-75-04; EV-04-SCEN-BR-009-75-01,"The item was created with no classifications, then immediately updated to add “policy-obligation” and “supporting-evidence.” Those classifications could alter compliance evidence and are not an obvious correction that preserves meaning. The response shows the change applied to the draft item, with no prior review in the recorded sequence, violating the review-first requirement.",The evidence does not test how the service handles an obvious correction.,accept,,,,,
BR-010,4,observed_satisfied,EV-04-SCEN-BR-010-76-04; EV-04-SCEN-BR-010-76-01,"An existing item was corrected in a successful PUT response. That response showed the revised values and a history entry recording the before values, after values, and changed_by value of ""analyst"".",,accept,,,,,
BR-011,4,not_observable,EV-04-SCEN-BR-011-77-01,"None of the required functions is established. The recorded request returned an empty items list, which does not demonstrate collaboration, traceability, or role-based access control.",Core collaboration and traceability functions and basic role-based access control remain untested.,accept,,,,,
BR-012,4,not_observable,EV-04-SCEN-BR-012-78-01,None of the first-release exclusions is established. The recorded response shows only an empty items list.,"The evidence does not show whether the first release includes deep workflow automation, advanced analytics dashboards, or tight integration with every possible document repository, or whether any exception applies.",accept,,,,,
BR-013,4,not_observable,EV-04-SCEN-BR-013-79-01,"The evidence shows creation of a draft requirement item, but establishes none of the required obligations or branches for an essential deferred capability.","It does not establish that a deferred capability was essential, what its smallest acceptable version would do, or whether it fits the capture, trace, and compare flow while preserving access control, redaction, and review and revision.",accept,,,,,
BR-014,4,not_observable,EV-04-SCEN-BR-014-80-01,"A draft policy item titled “Urgent access exception” was created, but no complete obligation was established: the response does not identify an exception workaround or its owner.",Whether a workaround was assigned to the person accountable for the pilot or compliance outcome remains unknown.,accept,,,,,
BR-015,4,not_observable,EV-04-SCEN-BR-015-81-01,"None of the required workaround-tracking obligations was established. The recorded request created a draft policy item described as a time-bounded exception, but did not identify a workaround being tracked.","The evidence does not show a workaround recorded in SPRAT with its reason, the workaround used, and a target closing date or condition.",accept,,,,,
BR-016,4,not_observable,EV-04-SCEN-BR-016-82-01,"None of the required stopping branches was observed. The response shows only creation of a draft policy item, not a workaround stopping.","No workaround was observed when a deadline was met, an integration became available, or compliance evidence was formally accepted and archived.",accept,,,,,
BR-017,4,not_observable,EV-04-SCEN-BR-017-83-01,No required branch was exercised. The recorded response shows only an empty items list; it does not show a feature being considered essential.,"No evidence establishes whether a pilot or compliance need could be met through the normal SPRAT workflow, whether a real deadline or contractual expectation existed, or whether a feature was classified as essential.",accept,,,,,
BR-018,4,not_observable,EV-04-SCEN-BR-018-84-01,None of the required behaviour was established. The empty items response does not show a feature treated as essential or the scope of its implementation.,"No evidence identifies an essential feature, its specific pilot or compliance outcome, or whether its scope was limited to the smallest direct path without broader teams, document types, or reporting.",accept,,,,,
BR-019,4,not_observable,EV-04-SCEN-BR-019-85-01,"None of the required conditional behavior was established. The recorded request created a draft requirement, but it does not show that the action qualified as routine, low risk, and based on an approved template or validated pattern, or that it used a fast path.","No qualifying fast-path action was observed, so the required capture of who acted, what changed, when, and the source policy or requirement remains untested.",accept,,,,,
BR-020,4,not_observable,EV-04-SCEN-BR-020-86-01,"No required branch was exercised. The recorded request only retrieved an empty items list; it did not perform an action affecting a sensitive classification, legal compliance, access permissions, or a new trace link.",Whether the system prevents users from skipping extra steps for any of those actions remains untested.,accept,,,,,
BR-021,4,not_observable,EV-04-SCEN-BR-021-87-01,None of the required restrictions was exercised. The recorded request returned an empty item list and did not access a sensitive project.,"The evidence does not establish approved-network or trusted-device enforcement, stronger authentication for remote access, or explicit approval for especially sensitive work.",accept,,,,,
BR-022,4,not_observable,EV-04-SCEN-BR-022-88-01,"None of the required behavior was established. The response shows creation of a draft policy item describing an urgent-access exception, not an exception being granted or used.","No sensitive-project urgent-access exception was observed, so neither its logging nor its time limit could be assessed.",accept,,,,,
QR-001,4,not_observable,EV-04-SCEN-QR-001-89-01,No observation was recorded for the scenarios of this requirement.,"The existing GET /health only opens a generic page or health endpoint; no scenario-specific setup or target interaction was defined. Missing observation: The system is reachable during normal working hours and remains continuously available or near-continuously available with no significant interruption to user access. The target action was not executed; this is an observation limitation, not a software failure.",accept,,,,,
QR-002,4,not_observable,EV-04-SCEN-QR-002-90-01,No observation was recorded for the scenarios of this requirement.,"The existing GET /health only opens a generic page or health endpoint; no scenario-specific setup or target interaction was defined. Missing observation: The user's current work is preserved, no entered content is lost, and the user can resume from the previous state quickly after recovery. The target action was not executed; this is an observation limitation, not a software failure.",accept,,,,,
QR-003,4,observed_partial,EV-04-SCEN-QR-003-91-01; EV-04-SCEN-QR-003-91-04; EV-04-SCEN-QR-003-91-05,"The system returned a comparison of two created records, including matches and differences, demonstrating a responsive comparison operation.","Search, trace navigation, saving analyses, loading dense analyses, tracing links, large imports, and bulk updates were not exercised. The comparison involved only two small records.",accept,,,,,
QR-004,4,not_observable,EV-04-SCEN-QR-004-92-01,"None of the required performance behaviours was established. The recorded request returned an empty items list, but did not exercise search, trace navigation, or saving analyses.","No response-time or day-to-day workflow observations were recorded for the specified operations, so noticeable sluggishness cannot be assessed.",accept,,,,,
QR-005,4,not_observable,EV-04-SCEN-QR-005-93-01,"No required obligation was established. One GET /items request returned 200, but this does not demonstrate concurrent use or acceptable responsiveness under that load.","Support for approximately a few dozen simultaneous users, and responsiveness at that level, were not tested.",accept,,,,,
QR-006,4,not_observable,EV-04-SCEN-QR-006-94-01,No required burst-handling behaviour was established. The recorded request shows only a single successful GET for an empty items list.,"No heavy collaborative session, large import, bulk update, or cross-project review was exercised, and no performance under burst load was measured.",accept,,,,,
QR-007,4,not_observable,EV-04-SCEN-QR-007-95-01; EV-04-SCEN-QR-007-95-02,"None of the required usability is established. A local HTTP request created an item, but that does not show the system is usable through the web from a normal office or remote working setup without special tooling.",Access and usability from a normal office or remote setup without special tooling were not tested.,accept,,,,,
QR-008,4,observed_partial,EV-04-SCEN-QR-008-96-01,A basic capture task succeeded: the request created a requirement item. No trace task was exercised.,The evidence does not establish that a new analyst could perform either task with minimal guidance.,accept,,,,,
QR-009,4,observed_unsatisfied,EV-04-SCEN-QR-009-97-04; EV-04-SCEN-QR-009-97-01,"Basic item capture succeeded without onboarding, and an update adding classifications also succeeded with no onboarding step shown. The actor value in the update was a request field, not evidence of onboarding. The recorded classification operation therefore did not require more onboarding than basic capture.",Comparison features and basic trace tasks were not tested.,accept,,,,,
QR-010,4,not_observable,EV-04-SCEN-QR-010-98-04; EV-04-SCEN-QR-010-98-01,"The recorded requests created and updated an item, but established none of the required guided setup, acceptable-classification examples, or inline explanations for comparison interpretation.","The evidence does not establish a very sensitive project or complex policy set, or show how the system assists users under either condition.",accept,,,,,
QR-011,4,observed_partial,EV-04-SCEN-QR-011-99-04; EV-04-SCEN-QR-011-99-01,"The changed-work branch is demonstrated: the item was created with its original title, and the subsequent change retained that title in the history's before record rather than overwriting it.",Preservation of the original context of migrated analysis work was not exercised.,accept,,,,,
QR-012,4,not_observable,EV-04-SCEN-QR-012-100-01,The export endpoint returned empty items and audit arrays. No preservation of audit trail information or traceability was established.,"No migration or export of records with audit history was observed, so preservation and traceability during either operation remain untested.",accept,,,,,
EX-001,4,not_observable,EV-04-SCEN-EX-001-101-01; EV-04-SCEN-EX-001-101-04; EV-04-SCEN-EX-001-101-05,"None of the stated comparison-context behaviour is established. The successful comparison involved a requirement and a policy, not two analyses. Both creation requests specified project alpha, but the responses do not show whether that context was retained.","Comparison of analyses within a shared project or policy context, and comparison of unrelated analyses, remain untested.",accept,,,,,
EX-002,4,not_observable,EV-04-SCEN-EX-002-102-01,"A draft requirement was captured through a request with no acting-role credentials, but the record was not tied to a low-risk project or an established learned workflow. No complete required branch was demonstrated.","Self-service capture in the stated low-risk context, senior-role control of final approval, and senior-role control of changes to official compliance wording remain untested.",accept,,,,,
EX-003,4,not_observable,EV-04-SCEN-EX-003-103-01,"None of the required conditional behavior is established. The response shows a draft item classified as policy-area, but does not show that an especially sensitive source requires review in a low-risk project.","The project's risk level, whether the source is especially sensitive, and any resulting review step remain unobserved.",accept,,,,,
EX-004,4,observed_unsatisfied,EV-04-SCEN-EX-004-104-04; EV-04-SCEN-EX-004-104-01,"The system immediately accepted a change from no classifications to two substantive classifications, alongside a title change from “Quality requirement” to “Revised item.” This was not an obvious correction that preserved meaning, so the observed acceptance violates the restriction.",No visibility change or qualifying obvious correction was tested.,accept,,,,,
EX-005,4,not_observable,EV-04-SCEN-EX-005-105-04; EV-04-SCEN-EX-005-105-01,"A classification change was recorded, but no doubt about its impact on traceability, access, or compliance evidence was established. No complete required condition branch was observed.",The evidence does not show how a classification change is treated when such doubt exists.,accept,,,,,
EX-006,4,not_observable,EV-04-SCEN-EX-006-106-01,None of the required scope-boundary behavior was observed. The empty response from /items does not show whether an essential capability remains out of scope when it expands beyond the specific pilot or compliance need.,"No capability or proposed expansion serving additional teams, extra document types, broader reporting, or future-proofing was exercised.",accept,,,,,
FR-001,5,observed_partial,EV-05-SCEN-FR-001-04-01,The analyst successfully captured a requirement: the API returned 201 and a requirement item containing the submitted title and description.,"Capture of goals, scenarios, policies, and legal-compliance information was not demonstrated. A requirement described as coming from a policy does not establish capture of a policy.",accept,,,,,
FR-002,5,observed_partial,EV-05-SCEN-FR-002-05-04; EV-05-SCEN-FR-002-05-05; EV-05-SCEN-FR-002-05-01,"The analyst created a requirement and a policy, then received a trace record linking their IDs with a named relationship. This establishes traceable linking for the requirement–policy pair.","Linking involving goals, scenarios, and derived analyses was not exercised.",accept,,,,,
FR-003,5,observed_satisfied,EV-05-SCEN-FR-003-06-01,"The retrieved requirement includes source_policy_reference ""POL-1"", providing a trace from that requirement to its source policy. The statement permits tracing a requirement or goal to a policy or legal rule; this example satisfies that alternative.","The policy itself was not retrieved, but retrieval is not explicitly required.",accept,,,,,
FR-004,5,observed_partial,EV-05-SCEN-FR-004-07-01,"The existing requirement records a source policy reference (POL-1) and has a trace link, but its policy excerpt and trace rationale are null. The source-reference obligation is met; the exact-policy-part and rationale obligations are not met for this recorded trace.","The evidence does not show what values, if any, were submitted when the trace was created.",accept,,,,,
FR-005,5,observed_partial,EV-05-SCEN-FR-005-08-01,"The export shows a policy source reference, POL-1, on the requirement. It does not show which requirement supports the exported goal: the traces list is empty, and the requirement's trace link does not identify that goal.",The recorded export does not establish a requirement-to-goal relationship.,accept,,,,,
FR-006,5,not_observable,EV-05-SCEN-FR-006-09-01,"The response shows a goal and a requirement with a policy reference and a trace-link value, but no complete many-to-many relationship among requirements, goals, and policies is established.",The evidence does not show multiple relationships for any of these entities or demonstrate how the referenced entities are linked.,accept,,,,,
FR-007,5,not_observable,EV-05-SCEN-FR-007-10-01,"None of the required behaviour is established. The item list shows two records, but it does not show an overlap or shared dependency being made visible.",No recorded overlap or shared dependency was used to test how the system presents it.,accept,,,,,
FR-008,5,not_observable,EV-05-SCEN-FR-008-11-01,"None of the required branches was exercised. The recorded item has only one trace link, and no item is shown belonging to multiple paths or having a team-designated primary link.",Showing all relevant links for a multi-path item and clearly identifying a designated primary link remain untested.,accept,,,,,
FR-009,5,not_observable,EV-05-SCEN-FR-009-12-01; EV-05-SCEN-FR-009-12-04; EV-05-SCEN-FR-009-12-05,"No complete required behaviour was observed. The comparison request returned a summary of shared and differing titles, not two analyses presented side by side. The prepared records were a requirement and a policy, not identified analyses.",The evidence does not show whether users can select two analyses and view them side by side elsewhere in the system.,accept,,,,,
FR-010,5,not_observable,EV-05-SCEN-FR-010-13-01; EV-05-SCEN-FR-010-13-04; EV-05-SCEN-FR-010-13-05,"The comparison response lists shared and one-sided titles, but none is identified as a goal, policy, or requirement. The prepared policy and requirement belong to project alpha, while the comparison requests default and sensitive. No complete required comparison branch is established.","It remains unknown whether comparisons show matches, differences, and one-analysis-only items for goals, policies, and requirements.",accept,,,,,
FR-011,5,not_observable,EV-05-SCEN-FR-011-14-01; EV-05-SCEN-FR-011-14-04; EV-05-SCEN-FR-011-14-05,No required branch was established. The recorded items were created by the same analyst and have no source-policy trace links. The comparison response lists title differences but does not show two people tracing the same requirement to different policies.,"The required differing-policy condition was not exercised, so whether the system makes it visible remains unknown.",accept,,,,,
FR-012,5,not_observable,EV-05-SCEN-FR-012-15-01; EV-05-SCEN-FR-012-15-04; EV-05-SCEN-FR-012-15-05,"No complete required obligation is established. One analyst created a requirement and a policy, and the comparison response listed title differences; the record does not show independently built analyses being compared or the reasoning behind decisions being retained.","Independent analysis-building, comparison of those analyses, and preservation of decision reasoning remain untested.",accept,,,,,
FR-013,5,not_observable,EV-05-SCEN-FR-013-16-01,"The compare endpoint returned a comparison result, but the recorded request identified the user as analyst. No review, comment, compare-analysis, or traceability-check activity was established for a project manager.",All four activities remain untested for the stated actor.,accept,,,,,
FR-014,5,not_observable,EV-05-SCEN-FR-014-17-01; EV-05-SCEN-FR-014-17-04; EV-05-SCEN-FR-014-17-05,"No required obligation was established. The comparison request identified an analyst, not a guest, and the prepared items were drafts rather than approved materials or published analyses.","Guest viewing of approved materials and, when allowed, guest comparison of published analyses remain untested.",accept,,,,,
FR-015,5,observed_partial,EV-05-SCEN-FR-015-18-01,"The analyst created an analysis item with a chosen classification, and the response returned that classification on the item. This establishes classification at creation.",Only one classification value was exercised; the flexibility of classifications remains untested.,accept,,,,,
FR-016,5,not_observable,EV-05-SCEN-FR-016-19-01,The created artifact has one classification. No complete required behavior—allowing the same artifact to have multiple classifications—is established or refuted.,No attempt or response shows an artifact assigned multiple classifications or appearing in more than one classification view.,accept,,,,,
FR-017,5,not_observable,EV-05-SCEN-FR-017-20-01,An analyst created an item with an initial classification. No required reclassification or history-preservation obligation was exercised.,No later classification change or preserved history was observed.,accept,,,,,
FR-018,5,not_observable,EV-05-SCEN-FR-018-21-01,"No required branch was observed: the listed items had no derived-from links, and neither source item was shown as revised or inactive.",Visibility of an existing derived-from link after its source is revised or marked inactive remains untested.,accept,,,,,
FR-019,5,not_observable,EV-05-SCEN-FR-019-22-01,"None of the required behaviour was established. The returned items have empty derived_from lists, so the response shows neither a multilevel chain nor how its direct parent is identified.","Creating or viewing a multilevel derived-from chain, and the clarity of its direct parent, remain untested.",accept,,,,,
FR-020,5,observed_partial,EV-05-SCEN-FR-020-23-01,"The requirement record exposes its direct policy link as a top-level source_policy_reference field, satisfying the direct-link obligation in the recorded response.","The separate goal has no recorded link to the requirement, and the response does not show an intermediate goal or policy version preserved in a justification path.",accept,,,,,
FR-021,5,not_observable,EV-05-SCEN-FR-021-24-01,"None of the required migration behaviour is established. The response shows creation of one draft requirement, but does not show that existing analysis work was migrated into SPRAT.",No recorded transfer of existing analysis work or gradual migration is shown.,accept,,,,,
FR-022,5,not_observable,EV-05-SCEN-FR-022-25-01,"The item listing shows trace links, a source policy reference, and contextual fields, but no item is established as migrated. No complete required obligation is demonstrated.",No migration or post-migration check shows whether traceability and context are preserved for review.,accept,,,,,
FR-023,5,not_observable,EV-05-SCEN-FR-023-26-01,"None of the migration obligations is established. The recorded response shows creation of a requirement item, not migration of core content or links.","No migration was observed, so it is unknown whether content and links needed for active work are brought over or whether formatting and historical clutter can be left behind.",accept,,,,,
FR-024,5,not_observable,EV-05-SCEN-FR-024-27-01,None of the required migration priorities is established. The recorded action creates a draft requirement item; it does not show a migration or which records were migrated first.,"Migration of active projects, authoritative source documents, and items needed for current-work traceability, including their priority over other records, remains untested.",accept,,,,,
FR-025,5,not_observable,EV-05-SCEN-FR-025-28-01,"None of the required information for an active trace link is established. The response shows a draft requirement with a trace_links value of ""x"" and a policy reference, but does not establish that ""x"" is an active trace link.","No active trace link was established, so the evidence cannot show whether its linked policy source, specific obligation reference, and current supporting notes or evidence are included.",accept,,,,,
FR-026,5,not_observable,EV-05-SCEN-FR-026-29-01,"None of the required role-specific behaviours is established. The recorded request shows that an analyst could read project items, but it does not establish review-only use by a project manager or read-only use by a guest.","Project-manager review capability and restrictions, and guest read capability and restrictions, were not tested.",accept,,,,,
FR-027,5,not_observable,EV-05-SCEN-FR-027-30-01; EV-05-SCEN-FR-027-30-04; EV-05-SCEN-FR-027-30-05,"None of the guest restrictions was exercised. The recorded item creation and trace creation requests identify the acting user as analyst, not a guest.",No guest attempt to change anything or view restricted details was recorded.,accept,,,,,
FR-028,5,not_observable,EV-05-SCEN-FR-028-31-01; EV-05-SCEN-FR-028-31-04; EV-05-SCEN-FR-028-31-05,"The analyst created two draft items and an unapproved trace link. No guest viewing request was recorded, so no required blocking branch was established.","Guest access to sensitive notes, draft legal-compliance information, and unapproved trace links remains untested.",accept,,,,,
FR-029,5,not_observable,EV-05-SCEN-FR-029-32-01,"The service returned data over HTTP on localhost. This establishes local web access, but no complete office or remote working setup branch was demonstrated.",The evidence does not establish access from an office setup or a remote working setup.,accept,,,,,
FR-030,5,not_observable,EV-05-SCEN-FR-030-33-04; EV-05-SCEN-FR-030-33-05; EV-05-SCEN-FR-030-33-01,"None of the required access-control branches was exercised. The created records have normal sensitivity, and the successful request created a trace between them; it did not demonstrate access to a sensitive project.","Access from approved versus unapproved networks or devices, stronger authentication for remote access, and explicit approval for especially sensitive work remain untested.",accept,,,,,
FR-031,5,not_observable,EV-05-SCEN-FR-031-34-01; EV-05-SCEN-FR-031-34-02,"No required obligation was established. The exception request was rejected because manager approval was required. The service log records the rejected HTTP request, not a granted exception.","No approved urgent-access exception for a sensitive project was observed, so the exception process, exception logging, and time limit remain untested.",accept,,,,,
FR-032,5,observed_partial,EV-05-SCEN-FR-032-35-01,A basic capture task succeeded: a request identified as coming from an analyst created a requirement item and returned its recorded details.,"No trace task was exercised, and the evidence does not establish whether new analysts can perform either task with minimal guidance.",accept,,,,,
FR-033,5,not_observable,EV-05-SCEN-FR-033-36-01,"No required operation or condition branch was established. The recorded request shows an analyst creating an item with an initial classification, not editing or reclassifying an existing item or linking it to a source.","The evidence does not establish that the analyst was new and had learned the workflow, that the project was low-risk, or that editing, reclassifying, and linking to ordinary source types could be completed without heavy approval friction.",accept,,,,,
FR-034,5,not_observable,EV-05-SCEN-FR-034-37-01; EV-05-SCEN-FR-034-37-04; EV-05-SCEN-FR-034-37-05,"None of the required review-before-finalization or review-before-publication behavior was exercised. An analyst created a trace that was returned as unapproved, linking two draft items marked with normal sensitivity.","The evidence does not establish that the actor was a new analyst or that the project was sensitive. It records no attempt to finalize or publish a trace, with or without the required review.",accept,,,,,
FR-035,5,not_observable,EV-05-SCEN-FR-035-38-01,"None of the required capabilities was observed. The response shows creation of a normally sensitive item with a classification, but not guided setup, classification examples, or a review.",Guided setup and examples remain untested. No very sensitive project or complex policy set was exercised to assess administrator or project manager review.,accept,,,,,
FR-036,5,observed_unsatisfied,EV-05-SCEN-FR-036-39-01,The comparison response contains only result lists and no inline explanation of how the comparison was interpreted. The required explanation was not provided in the observed comparison output.,Other comparison interfaces were not observed.,accept,,,,,
FR-037,5,observed_satisfied,EV-05-SCEN-FR-037-40-01,"An analysis item was created successfully, and the response includes the supplied title and description. This establishes that the system supports capturing both fields.",,accept,,,,,
FR-038,5,observed_satisfied,EV-05-SCEN-FR-038-41-01,"The system created a scenario and returned its actor, trigger, and outcome with the submitted values. All three required fields were captured.",,accept,,,,,
FR-039,5,observed_unsatisfied,EV-05-SCEN-FR-039-42-01,"The system created a requirement claiming a policy source (source_policy_reference: ""POL-1"") with an empty trace_links list. It therefore did not require trace links for this policy-derived requirement.",,accept,,,,,
FR-040,5,not_observable,EV-05-SCEN-FR-040-43-01,"The validation endpoint returned an empty warnings list, but the record does not establish that any classification was missing or inconsistent. Neither required flagging behavior was observed.",Flagging of missing classifications and flagging of inconsistent classifications remain untested.,accept,,,,,
FR-041,5,not_observable,EV-05-SCEN-FR-041-44-01,"None of the required structural checks is established. The validation endpoint returned an empty warnings list, but the evidence does not show what analysis it evaluated.","Checks for missing links, improper classification use, and obvious trace gaps remain untested.",accept,,,,,
FR-042,5,not_observable,EV-05-SCEN-FR-042-45-01,"No required obligation was established. The validation request returned an empty warnings list, but no questionable analysis content was shown to have been submitted or evaluated.",It remains untested whether the system clearly flags questionable content and leaves semantic judgment to an analyst or reviewer.,accept,,,,,
FR-043,5,observed_satisfied,EV-05-SCEN-FR-043-46-01,The created trace response records who made it as created_by='analyst' and when it was added as created_at='2026-10-02T12:20:51.577419+00:00'. Both required fields are shown for the trace.,,accept,,,,,
FR-044,5,not_observable,EV-05-SCEN-FR-044-47-04; EV-05-SCEN-FR-044-47-05; EV-05-SCEN-FR-044-47-01,"None of the required obligations was exercised. The recorded action created a direct trace from one requirement to one policy, not support for a goal by several policies or an indirect trace through a requirement or scenario.","Whether the system allows multiple policies to support one goal, or allows an explainable indirect trace through a requirement or scenario, remains untested.",accept,,,,,
FR-045,5,not_observable,EV-05-SCEN-FR-045-48-01,"None of the required behaviours was established. An analyst created a requirement, but the response shows an empty derived_from list.","Derivation from another requirement and from a scenario were not tested, nor was link visibility after a source item changed.",accept,,,,,
FR-046,5,not_observable,EV-05-SCEN-FR-046-49-01,"None of the required behavior was observed. The listed items have empty derived_from arrays, so the response does not show how the system presents a direct parent in a derived-from chain.",No item with a recorded derived-from chain was viewed; direct-parent display remains untested.,accept,,,,,
FR-047,5,not_observable,EV-05-SCEN-FR-047-50-01,"None of the required audit-trail behavior was established. The creation response shows item details, a creator, and a creation time, but not a preserved record of changes showing what changed, who changed it, and when.","No subsequent change or audit-trail readback was recorded, so preservation of change history remains untested.",accept,,,,,
FR-048,5,not_observable,EV-05-SCEN-FR-048-51-01,"None of the required earlier-state recording is established. The audit response shows creation entries for goals and a requirement, with no previous version to reconstruct.","No changes to existing goals, requirements, policies, or traces were observed, so recording their earlier states remains untested.",accept,,,,,
FR-049,5,not_observable,EV-05-SCEN-FR-049-52-01,"None of the required behavior was observed. The response lists items, but does not show downstream items derived from or reviewed against a changed artifact.",No changed artifact or downstream derivation or review relationship was exercised or shown.,accept,,,,,
FR-050,5,observed_partial,EV-05-SCEN-FR-050-53-01,"The export endpoint returned project items as JSON, satisfying the structured machine-readable format obligation.",No export in a human-readable format such as PDF or Word was observed.,accept,,,,,
FR-051,5,observed_satisfied,EV-05-SCEN-FR-051-54-01,"The JSON export includes a populated trace_links field and audit metadata, including created_by, created_at, updated_at, and version, on the exported item.",,accept,,,,,
FR-052,5,not_observable,EV-05-SCEN-FR-052-55-01,"No complete restriction obligation is established. An export succeeded with X-User set to analyst, but the evidence does not establish that user's role or whether it is authorized.",The authorized-role policy and the handling of exports requested by an unauthorized role remain untested.,accept,,,,,
FR-053,5,not_observable,EV-05-SCEN-FR-053-56-01,"The system returned an export containing item fields, but the recorded request does not establish that it was for external sharing. No required external-sharing branch was established as met or violated.",Whether external sharing requires a redacted or approved version remains untested.,accept,,,,,
FR-054,5,not_observable,EV-05-SCEN-FR-054-57-01,The export returned only items marked with normal sensitivity. No complete required redaction or blocking behaviour was exercised.,"No export containing personal data, legal interpretations, unresolved disputes, or security weaknesses was tested, so sensitivity-dependent redaction or blocking remains unknown.",accept,,,,,
FR-055,5,not_observable,EV-05-SCEN-FR-055-58-01,"The export returned data, but the record does not establish that it could identify individuals or expose a control gap. No required conditional approval branch was established as met or violated.","Whether this export required explicit approval, and whether approval occurred before release, remain unknown.",accept,,,,,
FR-056,5,not_observable,EV-05-SCEN-FR-056-59-01,"None of the required exclusions is established as met or violated. The export contains a created_by value and a trace link, but the record does not establish that the requester has a lower role, that the link is sensitive, or that the value is personal data subject to exclusion.","No lower-role designation or export containing identifiable draft comments, sensitive source links, or personal data was established, so automatic reduction of those details remains untested.",accept,,,,,
FR-057,5,not_observable,EV-05-SCEN-FR-057-60-01,"No required blocking branch was established. The export returned items from the requested default project, but the evidence does not establish that either item was classified above the analyst's clearance or outside the analyst's project scope.",Blocking exports above the user's clearance and blocking exports outside the user's project scope remain untested.,accept,,,,,
FR-058,5,not_observable,EV-05-SCEN-FR-058-61-01,None of the required behavior was observed. The recorded request created a draft item; it did not flag an ownership-unclear change for review or show a change request held pending confirmation.,"No ownership-unclear change, review flag, pending request, or confirmation by someone with authority was exercised.",accept,,,,,
FR-059,5,not_observable,EV-05-SCEN-FR-059-62-01,The recorded request created a requirement item. It did not exercise a fallback process; no required obligation was established.,"Whether a fallback is supported when the responsible person is temporarily unavailable, and whether it is explicit and auditable, remains untested.",accept,,,,,
FR-060,5,not_observable,EV-05-SCEN-FR-060-63-01,"The response shows a newly created classified item with a creator, timestamps, and version 1. None of the required preservation behaviour is established: no earlier decision was changed or retrieved to show versioned history or clear provenance.","Changes to classifications, rules, and permissions—and whether their earlier decisions remain traceable—were not observed.",accept,,,,,
FR-061,5,not_observable,EV-05-SCEN-FR-061-64-01,"None of the required change-reporting obligations was established. The audit response shows timestamped item creations, not changes to classifications, rules, or permissions, and does not show which analyses were affected.","No relevant change or resulting display of what changed, when, and which analyses were affected was observed.",accept,,,,,
FR-062,5,not_observable,EV-05-SCEN-FR-062-65-01,"No mistake-catching behavior was established. The validation endpoint returned an empty warnings list, but the record does not show a mistake for it to detect.",Whether the system catches mistakes that would undermine review confidence remains untested.,accept,,,,,
FR-063,5,observed_partial,EV-05-SCEN-FR-063-66-01,"The requirement record visibly retains its source policy reference, POL-1, establishing a direct trace back to the policy.","The goal in the response is not linked to the requirement, and no policy-version path is shown. Preservation of intermediate goals or policy versions when they explain a justification path remains untested.",accept,,,,,
BR-001,5,not_observable,EV-05-SCEN-BR-001-67-01,No required branch was established. The response shows one requirement with one trace link and one policy reference; it does not show a requirement traced to several goals or a policy driving many requirements.,Neither many-to-many relationship was exercised or observed.,accept,,,,,
BR-002,5,not_observable,EV-05-SCEN-BR-002-68-01,"None of the required conditional behaviour was established. The listed requirement has an empty derived_from field, but the evidence does not show that it was derived through another requirement or scenario.",No requirement known to be derived through another requirement or scenario was examined to determine whether that connection is visible.,accept,,,,,
BR-003,5,not_observable,EV-05-SCEN-BR-003-69-01,"The response lists two items, but does not show an item appearing in more than one analysis route. No required preservation behaviour was established or violated.",No overlapping analysis routes or subsequent result showing whether an item was retained were observed.,accept,,,,,
BR-004,5,not_observable,EV-05-SCEN-BR-004-70-01,"None of the required behaviour was established: the recorded items do not show an item belonging to multiple paths, so the response does not exercise whether all relevant links are shown.",An item belonging to multiple paths and the links shown for that item were not observed.,accept,,,,,
BR-005,5,not_observable,EV-05-SCEN-BR-005-71-01; EV-05-SCEN-BR-005-71-04; EV-05-SCEN-BR-005-71-05,"None of the required access-control behaviour was established. An analyst created a trace between two items recorded with normal sensitivity, so the successful request does not show how access is controlled for a sensitive project.","No sensitive-project access policy or comparison with ordinary-project access was recorded, and access by unassigned guests or analysts was not tested.",accept,,,,,
BR-006,5,not_observable,EV-05-SCEN-BR-006-72-04; EV-05-SCEN-BR-006-72-05; EV-05-SCEN-BR-006-72-01,"No required branch was established. The responses show items with normal sensitivity and a trace between them, but no location or device restriction in use.",The evidence does not show whether any location or device restriction is driven by project sensitivity and the administrator’s policy.,accept,,,,,
BR-007,5,not_observable,EV-05-SCEN-BR-007-73-01,"No required mapping is established. The response shows one goal and one requirement with a policy reference, but not a requirement mapped to several goals or a policy driving multiple requirements.",Both many-to-many mapping capabilities remain untested.,accept,,,,,
BR-008,5,not_observable,EV-05-SCEN-BR-008-74-01,"None of the required locking behaviour was observed. The response shows an item created with a classification, not a classification change or a lock.","No change was attempted under conditions where it would break established trace links, access rules, or compliance reporting, so the ability to lock the classification remains unknown.",accept,,,,,
BR-009,5,not_observable,EV-05-SCEN-BR-009-75-01,None of the required behaviour was exercised. The recorded request created an item with a classification; it did not change an existing item's classification.,"No classification change that could alter traceability, access, or compliance evidence was attempted, so whether review occurs first is unknown.",accept,,,,,
BR-010,5,not_observable,EV-05-SCEN-BR-010-76-01,None of the required correction or change-logging behavior was exercised. The recorded action created an item; it did not correct an existing value.,"Whether an obvious correction can be applied immediately, and whether its before value, after value, and changer are logged, remain untested.",accept,,,,,
BR-011,5,observed_partial,EV-05-SCEN-BR-011-77-01,"The item listing exposes a requirement's trace links and source policy reference, demonstrating retrieval of traceability information. No collaboration function or role-based access-control decision was exercised.","Core collaboration functions, trace-link creation or maintenance, and role-based permission enforcement remain untested.",accept,,,,,
BR-012,5,not_observable,EV-05-SCEN-BR-012-78-01,"None of the first-release exclusions is established. The response lists two draft items but does not show whether deep workflow automation, advanced analytics dashboards, or repository integrations are included or excluded.",The first-release feature scope and whether any exception applies are unobserved.,accept,,,,,
BR-013,5,not_observable,EV-05-SCEN-BR-013-79-01,"A requirement item was created, but no deferred capability was identified as essential for a pilot customer or compliance obligation. None of the conditional obligations was exercised.","The evidence does not show a smallest acceptable version of such a capability, its use in the capture, trace, and compare flow, or whether access control, redaction, and review and revision remain intact.",accept,,,,,
BR-014,5,not_observable,EV-05-SCEN-BR-014-80-01,"None of the required ownership behavior was established. The analyst’s exception request was rejected for lack of manager approval, but approval is not evidence of who owns the workaround or who is accountable for the pilot or compliance outcome.","No created exception, workaround owner, or relationship between an owner and the accountable person was observed.",accept,,,,,
BR-015,5,not_observable,EV-05-SCEN-BR-015-81-01,"No required tracking obligation was established. The exception-creation request was rejected with a manager-approval error, so the response does not show a workaround tracked in SPRAT.","Whether an approved workaround can be recorded as a time-bounded exception with its reason, workaround used, and closing date or condition remains untested.",accept,,,,,
BR-016,5,not_observable,EV-05-SCEN-BR-016-82-01,None of the required stop conditions was exercised. The recorded request to create an exception was rejected for lack of manager approval; it does not show an existing workaround stopping.,"It remains unknown whether a workaround stops when its deadline is met, the required integration becomes available, or compliance evidence is formally accepted and archived.",accept,,,,,
BR-017,5,not_observable,EV-05-SCEN-BR-017-83-01,"No required branch was established. The recorded item list shows draft, uncategorized items, not a decision to consider a feature essential.",There is no observed essential-feature decision or evidence about whether the pilot or compliance need could be met through the normal SPRAT workflow and whether a real deadline or contractual expectation existed.,accept,,,,,
BR-018,5,not_observable,EV-05-SCEN-BR-018-84-01,None of the required scope limitations was established. The response lists two draft items but does not show that either feature was treated as essential or that its scope was limited to a specific pilot or compliance outcome.,"No essential-feature decision, defined pilot or compliance outcome, or evidence of limits on teams, document types, or reporting was recorded.",accept,,,,,
BR-019,5,not_observable,EV-05-SCEN-BR-019-85-01,"None of the required conditional behavior was established. The recorded item creation identifies who created the item and when, but does not show that the action was routine, low risk, based on an approved template or validated pattern, or handled through a fast path.",No qualifying fast-path action was observed. Its capture of what changed and the source policy or requirement therefore remains untested.,accept,,,,,
BR-020,5,not_observable,EV-05-SCEN-BR-020-86-01; EV-05-SCEN-BR-020-86-04; EV-05-SCEN-BR-020-86-05,"None of the required extra-step restrictions is established as met or violated. The analyst created a new trace link, but the response marks it unapproved; it does not show whether the user could skip any required extra step.","Enforcement of extra steps for new trace links and actions affecting sensitive classifications, legal compliance, or access permissions remains unknown.",accept,,,,,
BR-021,5,not_observable,EV-05-SCEN-BR-021-87-01; EV-05-SCEN-BR-021-87-04; EV-05-SCEN-BR-021-87-05,None of the required access restrictions is established as met or violated. The recorded actions created normal-sensitivity items and a trace between them; they did not exercise access to a sensitive project.,"Access from approved corporate networks or trusted devices, stronger authentication for remote access, and explicit approval for especially sensitive work remain untested.",accept,,,,,
BR-022,5,not_observable,EV-05-SCEN-BR-022-88-01,"No required obligation was established. The exception request was rejected, so the response shows neither a granted urgent-access exception nor whether one would be logged and time-limited.","No granted exception for a sensitive project, exception log entry, or enforced time limit was observed.",accept,,,,,
QR-001,5,not_observable,EV-05-SCEN-QR-001-89-01,No observation was recorded for the scenarios of this requirement.,"The existing GET / only opens a generic page or health endpoint; no scenario-specific setup or target interaction was defined. Missing observation: The system is reachable during normal working hours and remains continuously available or near-continuously available with no significant interruption to user access. The target action was not executed; this is an observation limitation, not a software failure.",accept,,,,,
QR-002,5,not_observable,EV-05-SCEN-QR-002-90-01,No observation was recorded for the scenarios of this requirement.,"The existing GET / only opens a generic page or health endpoint; no scenario-specific setup or target interaction was defined. Missing observation: The user's current work is preserved, no entered content is lost, and the user can resume from the previous state quickly after recovery. The target action was not executed; this is an observation limitation, not a software failure.",accept,,,,,
QR-003,5,observed_partial,EV-05-SCEN-QR-003-91-01; EV-05-SCEN-QR-003-91-02,"The comparison request returned HTTP 200 with a comparison result, positively establishing that the system responded when comparing these outputs.","No measured latency or sustained-load test was recorded. Responsiveness for search, trace navigation, saving analyses, loading dense analyses, tracing links, large imports, and bulk updates remains untested.",accept,,,,,
QR-004,5,not_observable,EV-05-SCEN-QR-004-92-01,"None of the required performance behaviours was established. The recorded request returned items successfully, but it does not show whether search, trace navigation, or saving analyses was noticeably sluggish.",No response-time measurements or day-to-day workflow observations were recorded for the three stated operations.,accept,,,,,
QR-005,5,not_observable,EV-05-SCEN-QR-005-93-01,"A single request succeeded, but no complete required obligation was established: it does not show support for a few dozen concurrent users or acceptable responsiveness under that load.",No concurrent-use test or response-time measurements were recorded.,accept,,,,,
QR-006,5,not_observable,EV-05-SCEN-QR-006-94-01,"None of the required burst-handling behaviours was established. The recorded request was a single successful project-item retrieval, not a burst or a performance measurement.","Heavy collaborative sessions, large imports, bulk updates, and cross-project reviews were not exercised under burst load; acceptable response times remain unknown.",accept,,,,,
QR-007,5,not_observable,EV-05-SCEN-QR-007-95-01,"None of the complete requirement is established. A local HTTP API request succeeded, but the recorded client was Python requests; this does not show usability through the web from a normal office or remote setup without special tooling.","Usability through an ordinary web interface without special tooling, including from a normal office or remote setup, was not tested.",accept,,,,,
QR-008,5,not_observable,EV-05-SCEN-QR-008-96-01,"An analyst successfully created a requirement item, showing a basic capture operation. No complete requirement branch is established because the record does not show that the analyst was new or that the task was started with minimal guidance.",Starting a trace task and the amount of guidance needed remain untested.,accept,,,,,
QR-009,5,not_observable,EV-05-SCEN-QR-009-97-01,"None of the required onboarding comparison is established. An item was created with a classification value, but this does not show what onboarding classification requires relative to basic capture or trace tasks.","No onboarding requirements for basic capture, trace, advanced classification, or comparison were observed.",accept,,,,,
QR-010,5,not_observable,EV-05-SCEN-QR-010-98-01,"None of the required behaviours was observed. The response shows creation of an item with normal sensitivity, not guided setup, classification examples, or inline explanations for comparison interpretation.","No very sensitive project or complex policy set was exercised, and none of the three required forms of guidance was observed.",accept,,,,,
QR-011,5,not_observable,EV-05-SCEN-QR-011-99-01,"None of the required preservation behavior is established. The audit response shows creation records, but no migrated or changed analysis work whose original context can be compared with its later state.",Preservation of original context during migration and subsequent changes remains untested.,accept,,,,,
QR-012,5,observed_partial,EV-05-SCEN-QR-012-100-01,"The export response includes audit metadata (creator, timestamps and version) and a trace link for an item, establishing preservation of that information in the recorded export.",Migration was not exercised. The response does not establish whether any additional audit history was preserved.,accept,,,,,
EX-001,5,not_observable,EV-05-SCEN-EX-001-101-01; EV-05-SCEN-EX-001-101-04; EV-05-SCEN-EX-001-101-05,"No required comparison branch was established. The recorded comparison returned a result, but the evidence does not identify its inputs as analyses or establish their project or policy contexts. The prepared records were a requirement and a policy, not demonstrated comparison inputs.","It remains unknown whether comparisons are meaningful within a shared project or policy context, or how the interface handles unrelated analyses.",accept,,,,,
EX-002,5,not_observable,EV-05-SCEN-EX-002-102-01,"No complete required branch was established. An analyst created a draft capture item, but the evidence does not establish that the project was low-risk or that the workflow had been learned.","Self-service capture under the stated conditions, and senior-role restrictions on final approval and changes to official compliance wording, remain untested.",accept,,,,,
EX-003,5,not_observable,EV-05-SCEN-EX-003-103-01,None of the required behaviour was established. The recorded item was created with normal sensitivity; its creation does not show whether an especially sensitive source requires review in a low-risk project.,"No low-risk project, especially sensitive source type, or resulting review requirement was observed.",accept,,,,,
EX-004,5,not_observable,EV-05-SCEN-EX-004-104-01,"The evidence shows an item created with a classification, but no classification change. No required branch was exercised.","Immediate changes for obvious corrections, and restrictions on changes that alter meaning or visibility, remain untested.",accept,,,,,
EX-005,5,not_observable,EV-05-SCEN-EX-005-105-01,None of the required behavior was exercised. The recorded request created an item with a classification; it did not change an existing classification or establish doubt about the impact of a change.,"Whether a classification change with uncertain impact on traceability, access, or compliance evidence is treated as review required remains untested.",accept,,,,,
EX-006,5,not_observable,EV-05-SCEN-EX-006-106-01,None of the required scope-boundary behavior was observed. The response lists items in the default project but shows no decision about whether a minimal essential capability stayed out of scope.,"The evidence does not establish that a capability began serving additional teams, document types, broader reporting, or future-proofing, or show how its scope was handled.",accept,,,,,
