requirement_id,run_index,status,evidence_ids,rationale,limitation,decision,revised_status,revised_evidence_ids,revised_rationale,revised_limitation,notes
FR-001,1,observed_satisfied,EV-01-SCEN-FR-001-06-01,"The public products page returned a browsable listing that identified an available product, including its name, SKU, price, stock, category, and availability status.",,accept,,,,,
FR-002,1,observed_partial,EV-01-SCEN-FR-002-07-01,Adding a product succeeded: the redirected cart displayed Starter Tee x 1. This establishes one cart operation.,"Changing or removing existing cart contents was not tested, so ongoing cart maintenance remains unestablished.",accept,,,,,
FR-003,1,observed_satisfied,EV-01-SCEN-FR-003-08-01,"The online checkout request redirected to the Orders page, which displayed an order ID for Alex Customer. This establishes that an order was placed online.",The record does not show cart contents or a nonzero-value order.,accept,,,,,
FR-004,1,observed_partial,EV-01-SCEN-FR-004-09-01,"A product availability toggle succeeded, and the follow-up listing showed the existing product as unavailable. This supports an update operation available through the recorded public interface.","No product-add operation was tested, and the product's status before the toggle was not captured.",accept,,,,,
FR-005,1,not_observable,EV-01-SCEN-FR-005-10-01,No observation was recorded for the scenarios of this requirement.,"The existing GET / only opens a generic page or health endpoint; no scenario-specific setup or target interaction was defined. Missing observation: The system displays the selected customer account details for review, including the stored account information available to the owner. The target action was not executed; this is an observation limitation, not a software failure.",accept,,,,,
FR-006,1,not_observable,EV-01-SCEN-FR-006-11-01,"No required obligation was demonstrated. The Orders page returned 200 but displayed “No orders yet,” so no incoming order was reviewed.",Review of an incoming order by a store owner remains untested.,accept,,,,,
FR-007,1,observed_satisfied,EV-01-SCEN-FR-007-12-01,"The recorded POST to the product availability toggle completed and redirected to a product listing showing the product as Unavailable. The complete request shows the operation was publicly available, which supports sales staff being able to use it.","The product's prior availability was not captured, so the record does not establish that its status changed.",accept,,,,,
FR-008,1,not_observable,EV-01-SCEN-FR-008-13-01,None of the required capabilities was established. The recorded request only viewed an orders page showing no orders; it did not enter or correct an order.,Order entry and correction by sales staff remain untested.,accept,,,,,
FR-009,1,not_observable,EV-01-SCEN-FR-009-14-01,"The setup page displays a form labeled “Guided setup - Step 1 of 3,” but no complete guided setup flow was observed.","No form submission or subsequent setup steps were captured, so it is unknown whether new sellers can progress through the flow.",accept,,,,,
FR-010,1,observed_satisfied,EV-01-SCEN-FR-010-15-01,The setup flow accepted a store name at step 1 and then advanced to a page labeled step 2 of 3. This shows that the flow starts with basic store information.,,accept,,,,,
FR-011,1,not_observable,EV-01-SCEN-FR-011-16-01,"The setup flow accepted a category submission and advanced to step 3, but the response does not show that the category was added. No complete required obligation is established.","Category addition was not verified, and the evidence does not exercise adding products or customer account settings.",accept,,,,,
FR-012,1,observed_partial,EV-01-SCEN-FR-012-17-01,Setup step 1 shows a simple “Store name” prompt and a clear “Example Store” placeholder example.,"The page identifies three setup steps, but steps 2 and 3 were not observed, so prompts and examples throughout setup remain unverified.",accept,,,,,
FR-013,1,observed_satisfied,EV-01-SCEN-FR-013-18-01,Submitting setup step 1 with an empty store name immediately returned the same step with the error “Store name is required.” This demonstrates that an incomplete setup entry is flagged in the response.,,accept,,,,,
FR-014,1,observed_satisfied,EV-01-SCEN-FR-014-19-01,"During guided setup, submitting an empty store name returned the plain-language explanation “Store name is required” and kept the store-name form available for correction.",Other setup mistakes were not tested.,accept,,,,,
FR-015,1,not_observable,EV-01-SCEN-FR-015-20-01,"The logs page displayed an empty change log. No edits to orders or products were recorded, so no required change-logging behavior was established.",Whether edits to orders and products create change-log entries remains untested.,accept,,,,,
FR-016,1,not_observable,EV-01-SCEN-FR-016-21-01,"None of the required notification behaviours was exercised. The notifications page displayed “No notifications,” but no important update was recorded.","Notifications following stock changes, cancelled orders, and customer account edits remain untested.",accept,,,,,
FR-017,1,not_observable,EV-01-SCEN-FR-017-22-01,"No required obligation was established. The notifications page showed only an empty state, with no notification content whose summary could be assessed.",Brief tips and plain-language summaries for logs or notifications were not exercised; the logs page was not observed.,accept,,,,,
FR-018,1,not_observable,EV-01-SCEN-FR-018-23-01,"The observed setup page shows a guided store-setup form and navigation links, but no complete part of the required onboarding walkthrough was observed.",Whether the system provides a short walkthrough showing where to find recent changes and explaining what notifications mean remains untested.,accept,,,,,
FR-019,1,not_observable,EV-01-SCEN-FR-019-24-01,"The checkout request produced an order marked paid, but no complete payment-processing obligation was established. The response does not show a payment operation or identify a mainstream gateway.",Whether the initial release processes payments through a mainstream gateway remains untested.,accept,,,,,
FR-020,1,not_observable,EV-01-SCEN-FR-020-25-01,No required obligation was established. The orders page showed no orders and no shipping carrier operation.,Basic shipping carrier integration was not exercised or otherwise demonstrated.,accept,,,,,
FR-021,1,not_observable,EV-01-SCEN-FR-021-26-01,No required obligation was established. Checkout rejected incomplete payment information; the response does not show an order with a failed payment or an unpaid status visible to staff.,Whether staff can see that an order remains unpaid after a payment failure was not tested.,accept,,,,,
FR-022,1,not_observable,EV-01-SCEN-FR-022-27-01,No required branch was established. The recorded checkout led to an order shown as paid; it does not show a payment failure or a subsequent retry or change of payment method.,Customer ability to retry payment or use a different method after a payment failure remains untested.,accept,,,,,
FR-023,1,not_observable,EV-01-SCEN-FR-023-28-01,"No required alert behavior was observed. The orders page showed no orders, so this response does not establish an alert for a delayed or failed shipping update.","No delayed or failed shipping update, staff-facing alert, or alert delivery was recorded.",accept,,,,,
FR-024,1,not_observable,EV-01-SCEN-FR-024-29-01,"None of the required behaviour was exercised. The recorded action toggled product availability, not a manual override or retry for a payment or shipping issue.","No payment or shipping issue, staff action, or corresponding override or retry option was observed.",accept,,,,,
FR-025,1,not_observable,EV-01-SCEN-FR-025-30-01; EV-01-SCEN-FR-025-30-02,"None of the required recording behaviour was established. The captured action toggled product availability; the evidence does not identify it as a manual override or retry, and the service log shows only the HTTP requests.","No use of a manual override or retry option, or resulting record of who used it and why, was observed.",accept,,,,,
FR-026,1,not_observable,EV-01-SCEN-FR-026-31-01,"The notifications page was viewed, but no payment or shipping error was exercised. No required alert behaviour was established.",In-app alerts for payment errors and shipping errors remain untested.,accept,,,,,
FR-027,1,not_observable,EV-01-SCEN-FR-027-32-01,"None of the required notification behaviours was observed. The page showed no notifications, but no serious or long-unresolved issue was established.",The evidence does not show whether either type of issue triggers an email notification.,accept,,,,,
FR-028,1,not_observable,EV-01-SCEN-FR-028-33-01,"No required dashboard-indicator behaviour was observed. The captured response is a change-log page with no log entries, not a dashboard showing unresolved issues.","No dashboard response or unresolved issue was recorded, so the indicator cannot be assessed.",accept,,,,,
FR-029,1,not_observable,EV-01-SCEN-FR-029-34-01,The notifications page showed no notifications. No required prioritization behavior was established positively or negatively.,"No payment failure and shipping issue were observed together, so their relative priority remains untested.",accept,,,,,
FR-030,1,observed_satisfied,EV-01-SCEN-FR-030-35-01,"The checkout request contained missing customer and shipping information, an invalid email address, and incomplete payment information. Before an order was submitted, the response displayed validation errors for those inputs and returned the checkout form.",,accept,,,,,
FR-031,1,observed_satisfied,EV-01-SCEN-FR-031-36-01,"The checkout submission left the address blank and supplied an obviously incomplete payment value. The response identified missing shipping information and incomplete payment information as validation errors, covering both required checks.",,accept,,,,,
FR-032,1,observed_partial,EV-01-SCEN-FR-032-37-01,"Checkout rejected the submission with an explicit invalid-email error and an incomplete-payment error, establishing validation of customer and payment information before submission.","The shipping address was also empty, but the response gave only a combined missing-information error. This does not isolate whether shipping information is checked when the other information is valid.",accept,,,,,
FR-033,1,observed_satisfied,EV-01-SCEN-FR-033-38-01,The checkout response to a completed form with missing and invalid information displays specific validation errors and returns the form rather than a submitted order. This establishes order validation feedback before order submission.,,accept,,,,,
FR-034,1,observed_satisfied,EV-01-SCEN-FR-034-39-01,"The invalid checkout submission returned validation errors and the checkout form in the same response, with no redirect. The customer remained on the checkout screen to correct the issues.",,accept,,,,,
FR-035,1,not_observable,EV-01-SCEN-FR-035-40-01,"The submitted product rows appeared in an import review marked ready, but no completed product import was observed. No complete required obligation was established.",The evidence does not show the rows being imported into product records.,accept,,,,,
FR-036,1,not_observable,EV-01-SCEN-FR-036-41-01,"The submitted CSV product rows were parsed and displayed in an import review, but no completed product import was observed. No complete required obligation was established.",The record does not show the reviewed rows being imported as products.,accept,,,,,
FR-037,1,not_observable,EV-01-SCEN-FR-037-42-01,"The empty import review page is a contextual observation. None of the required operations—product file upload, field mapping, preview of imported data, or validation before commit—was exercised.","No product file was uploaded or mapped, and no populated preview, validation result, or commit sequence was observed.",accept,,,,,
FR-038,1,not_observable,EV-01-SCEN-FR-038-43-01,The import review showed two ready items and no issues. No required correction behaviour was exercised.,"No import issue, correction attempt, or continuation without restarting the import was observed.",accept,,,,,
FR-039,1,not_observable,EV-01-SCEN-FR-039-44-01,"None of the required post-import summary behavior was observed. The captured page is an empty import review showing Ready: 0 and Need attention: 0, not a result after an import.","No import or post-import result was captured, so whether a summary identifies succeeded, skipped, and attention-needed items remains unknown.",accept,,,,,
FR-040,1,not_observable,EV-01-SCEN-FR-040-45-01,"None of the required inline-fixing behaviour was observed. The review screen loaded, but it contained no problem fields to edit.","No import item needing attention was prepared, so the evidence does not show whether a user can edit and save a problem field within the review screen.",accept,,,,,
FR-041,1,not_observable,EV-01-SCEN-FR-041-46-01,"None of the required duplicate-handling obligations was established. The import review showed two records with no issues or suggestions, but did not show a potential duplicate being compared.","Comparison of matching records and the user's ability to keep, merge, or skip them remain untested.",accept,,,,,
FR-042,1,not_observable,EV-01-SCEN-FR-042-47-01,"An empty Import review page was observed, but no complete required obligation was established: the evidence does not show a review of staged data before finalization or a user resolving missing or inconsistent data.","No import was staged, reviewed, corrected, or finalized in the recorded evidence.",accept,,,,,
FR-043,1,observed_unsatisfied,EV-01-SCEN-FR-043-48-01,"The captured import page has a CSV entry form and a “Review import” button, but no progress indicator. Neither the clear-progress obligation nor guidance through small steps is positively established.","The review step and any later steps were not exercised, so their guidance and progress display are unknown.",accept,,,,,
FR-044,1,not_observable,EV-01-SCEN-FR-044-49-01,"The import review page loaded with an empty table, but no column mapping was recorded. No required branch was established positively or negatively.",Whether the wizard shows a live preview after column mapping remains untested.,accept,,,,,
FR-045,1,not_observable,EV-01-SCEN-FR-045-50-01,"None of the required behavior was exercised: the import review showed zero rows needing attention, so it did not show how the wizard highlights or explains an issue.",Highlighting of problematic rows or fields and plain-language explanations remain untested.,accept,,,,,
FR-046,1,not_observable,EV-01-SCEN-FR-046-51-01,"No required action was observed. The import review showed zero issues and no suggested corrections, so it did not exercise actions to fix, ignore, or apply a correction.",Whether those actions are provided when issues or suggested corrections exist remains untested.,accept,,,,,
FR-047,1,observed_satisfied,EV-01-SCEN-FR-047-52-01,"The import review page shows separate counts for items ready (0) and items needing attention (0), fulfilling the required display.",Only an empty import review was observed; counts for a nonempty import were not tested.,accept,,,,,
FR-048,1,not_observable,EV-01-SCEN-FR-048-53-01,"No required branch was established. The recorded response shows only the initial import form, where there is no previous step to return to.",No later wizard step or attempt to go back to a previous step was observed.,accept,,,,,
FR-049,1,not_observable,EV-01-SCEN-FR-049-54-01,None of the required suggestion types was observed. The import review showed “None” for suggestions on both submitted products; importing those products does not itself establish support for optional suggestions.,"The evidence does not show whether category, unit-of-measure, brand, or cleaner-title suggestions are available when applicable.",accept,,,,,
FR-050,1,not_observable,EV-01-SCEN-FR-050-55-01,"The import review showed two rows with no suggestions. No acceptance, editing, or rejection of an import suggestion was observed; none of the required operations was established.","The ability to accept, edit, and reject import suggestions remains untested.",accept,,,,,
FR-051,1,not_observable,EV-01-SCEN-FR-051-56-01,"The import review showed no category suggestions for “Widget A” or “Gadget.” Neither name or description establishes a category the system could confidently infer, so no required suggestion is shown to be met or violated.",No product with a name or description supporting a confidently inferable category was tested.,accept,,,,,
FR-052,1,observed_unsatisfied,EV-01-SCEN-FR-052-57-01,"The import review showed two products without descriptions or images, yet marked both as needing no attention and displayed no suggestions. It did not prompt for those missing storefront details.",The record does not show whether prompts appear elsewhere in the product workflow.,accept,,,,,
FR-053,1,not_observable,EV-01-SCEN-FR-053-58-01,"The import review showed two ordinary entries with no suggestions. Neither entry exercised unit detection or spelling normalization, so no required obligation was established.",Optional unit-detection and common-term spelling-normalization helpers remain untested.,accept,,,,,
FR-054,1,not_observable,EV-01-SCEN-FR-054-59-01,"The import reached a review page, but both rows showed “Suggestions: None.” No complete obligation concerning import suggestions was exercised.",The evidence does not show whether actual suggestions are presented for user review or whether they leave records unchanged until reviewed.,accept,,,,,
FR-055,1,observed_partial,EV-01-SCEN-FR-055-60-01,The import review page shows a simple count labeled “Ready: 0 | Need attention: 0.”,"No step indicators or distinct plain-language import messages are shown. With no items in the review, the evidence also does not establish whether the counts reflect items during an import.",accept,,,,,
FR-056,1,not_observable,EV-01-SCEN-FR-056-61-01,"The import review displays the submitted categories for two products, but no completed category assignment is shown. No complete required obligation is established.",The evidence does not show a completed import with assigned categories or category assignment during normal product management.,accept,,,,,
FR-057,1,not_observable,EV-01-SCEN-FR-057-62-01,"The recorded action toggled product availability, and the resulting product list showed categories. Neither establishes support for product variations distinct from categories; no required behaviour was established.","No product variation was created, displayed, or otherwise exercised.",accept,,,,,
FR-058,1,observed_satisfied,EV-01-SCEN-FR-058-63-01,"The system served an HTML products page with navigation, product listings, and form buttons, establishing a simple browser-based web interface.",,accept,,,,,
FR-059,1,observed_satisfied,EV-01-SCEN-FR-059-64-01,"The products page returned a usable interface made of standard HTML links, forms, buttons, and CSS. The recorded interface requires no special client software beyond a standard browser.",The page was fetched with an HTTP client rather than exercised in a browser; other pages and interactions were not tested.,accept,,,,,
FR-060,1,observed_partial,EV-01-SCEN-FR-060-65-01,"The setup advances from the submitted first step to a page labeled “Guided setup - Step 2 of 3,” with a labeled field and a Continue button. This supports the guided-setup obligation.",The evidence does not establish that the interface as a whole stays simple or that users with limited technical experience can complete the setup.,accept,,,,,
FR-061,1,not_observable,EV-01-SCEN-FR-061-66-01,No required notice behaviour was observed. The orders page showed no orders; its Notifications link does not demonstrate that notices are sent automatically.,"No order confirmation, refund, or cancellation event and resulting customer notice was captured.",accept,,,,,
FR-062,1,not_observable,EV-01-SCEN-FR-062-67-01,The recorded cart page says the cart is empty and shows no pricing information. No required pricing behaviour was established positively or negatively.,Pricing information for a product or populated cart was not observed.,accept,,,,,
FR-063,1,observed_partial,EV-01-SCEN-FR-063-68-01,"The checkout form requests only name, email, address, and payment information, all related to placing an order. This supports the restriction for the fields shown on that form.","No submission or account form was observed, so the data actually collected during order processing or account creation remains unknown.",accept,,,,,
FR-064,1,observed_unsatisfied,EV-01-SCEN-FR-064-69-01,The captured checkout page presents a form for placing an order but contains no consent or privacy notice. The checkout obligation is therefore unmet.,Signup was not observed.,accept,,,,,
FR-065,1,not_observable,EV-01-SCEN-FR-065-70-01,"The logs page displayed no entries. No edit to a customer record, price, order, or payment was recorded, so none of the required logging behaviors was established.",Whether the system keeps logs for edits in any of the four required categories remains untested.,accept,,,,,
FR-066,1,observed_partial,EV-01-SCEN-FR-066-71-01,"The availability-toggle request completed, and the resulting product listing showed the item as Unavailable despite having stock. This supports urgent marking as unavailable.","No sale or restock was exercised, so availability updates after either event remain untested. The item's state before the toggle was not recorded.",accept,,,,,
FR-067,1,not_observable,EV-01-SCEN-FR-067-72-01,"The product catalog returned successfully for one request, but no complete requirement branch was established: the evidence does not show browsing remaining responsive during growth or seasonal spikes.",Cart updates and order entry were not exercised. No response-time or load observations establish responsiveness for any of the three operations under the stated conditions.,accept,,,,,
FR-068,1,not_observable,EV-01-SCEN-FR-068-73-01,A products page loaded successfully under ordinary activity. No required responsiveness behaviour during higher activity was established.,"Higher-activity responsiveness was not tested for page loads, browsing, cart checkout, staff order processing, or product updates.",accept,,,,,
FR-069,1,not_observable,EV-01-SCEN-FR-069-74-01,"No required obligation was established. The response says setup is complete, but shows the store as “Not set up yet”; it does not show a new store being added.",Adding a new store and whether doing so affects other stores remain untested.,accept,,,,,
FR-070,1,not_observable,EV-01-SCEN-FR-070-75-01,"The checkout redirected to an orders page showing the new order. This shows one order was recorded, but no complete reliability or increased-activity obligation was exercised.",The evidence does not test whether orders or updates remain saved when activity increases.,accept,,,,,
FR-071,1,not_observable,EV-01-SCEN-FR-071-76-01,"None of the required stock-management behaviour is established. The response shows stock quantities and an availability-toggle action, but no stock change or stock-management outcome.",The evidence does not establish whether full inventory integration is absent or whether the store can manage stock inside GAMMA-J in that condition.,accept,,,,,
BR-001,1,not_observable,EV-01-SCEN-BR-001-77-01,No observation was recorded for the scenarios of this requirement.,"The existing GET / only opens a generic page or health endpoint; no scenario-specific setup or target interaction was defined. Missing observation: The account is displayed as a customer profile containing contact and order information, and it is not labeled or treated as a paid subscription. The target action was not executed; this is an observation limitation, not a software failure.",accept,,,,,
BR-002,1,not_observable,EV-01-SCEN-BR-002-78-01,"The product list displays a Category column, but no complete required obligation is established: it does not show categories being used to organize products for navigation or management, or show how categories differ from product variations.","Category-based navigation and management, and the distinction between categories and variations, remain untested.",accept,,,,,
BR-003,1,not_observable,EV-01-SCEN-BR-003-79-01,"The setup response shows completion, but no payment gateway or shipping carrier integration. No required limit is established or violated.",The number of payment gateway and shipping carrier integrations in the initial release remains unknown.,accept,,,,,
BR-004,1,not_observable,EV-01-SCEN-BR-004-80-01,The recorded response shows only the first step of store setup. No required obligation or condition branch was established: it does not show whether the store can manage stock inside GAMMA-J or whether a full inventory integration is required.,Stock-management capability and the initial release's integration requirement were not exercised or observed.,accept,,,,,
BR-005,1,not_observable,EV-01-SCEN-BR-005-81-01,"No required obligation was established. The notifications page reported no notifications, so it did not show how a payment failure was prioritized.",No payment failure or comparison with other issues was observed.,accept,,,,,
BR-006,1,not_observable,EV-01-SCEN-BR-006-82-01,"No prioritization obligation was established. The notifications page showed no notifications, so it did not demonstrate how shipping issues are ranked against minor delays.",No missed dispatch or bad-address issue was observed alongside a minor shipping delay for comparison.,accept,,,,,
BR-007,1,observed_unsatisfied,EV-01-SCEN-BR-007-83-01,"The product availability toggle was accepted and redirected to a listing showing p1 as unavailable, although the fully recorded request supplied neither a staff identity nor a reason. This violates the requirement for a manual change to require both before it is saved.",The product’s prior availability and longer-term persistence were not captured.,accept,,,,,
BR-008,1,not_observable,EV-01-SCEN-BR-008-84-01,"None of the required behaviour was observed. The change-log page displayed no entries, so it did not show who changed an order or product or when.",No order or product change was recorded and then inspected in the evidence.,accept,,,,,
BR-009,1,not_observable,EV-01-SCEN-BR-009-85-01,None of the required duplicate-detection comparisons was exercised. The import review shows two products with different names and SKUs and reports no issues.,"Detection of duplicates by product name, SKU, or barcode when available remains untested.",accept,,,,,
BR-010,1,not_observable,EV-01-SCEN-BR-010-86-01,The import review showed two products with no issues. None of the four required highlighting behaviours was exercised.,"No product with a missing price, inconsistent name, wrong category, or unclear stock quantity was submitted, so the corresponding highlights remain untested.",accept,,,,,
BR-011,1,observed_satisfied,EV-01-SCEN-BR-011-87-01,"The checkout response rejected submission with explicit errors for missing customer and shipping information, an invalid customer email, and incomplete payment information. This demonstrates checks for all three required information categories before an order is submitted.",,accept,,,,,
BR-012,1,observed_partial,EV-01-SCEN-BR-012-88-01,"The checkout created an order from a request containing only a name, email, address, and payment value. This demonstrates an order can be placed without supplying additional customer details.","The evidence does not show what customer data the system stored or collected outside the request, or whether data collection for an account can likewise be limited.",accept,,,,,
DI-001,1,not_observable,EV-01-SCEN-DI-001-89-01,"The interface accepted spreadsheet-like product rows and displayed both in an import review, but the recorded action stopped at review. No completed product import was observed.",Whether the reviewed products can be imported into the product data remains untested.,accept,,,,,
DI-002,1,not_observable,EV-01-SCEN-DI-002-90-01,"No required obligation was established. The checkout request led to an order displayed as paid, but the response does not identify a mainstream payment gateway or show a gateway payment operation.",Gateway availability and payment processing through it remain unobserved.,accept,,,,,
DI-003,1,not_observable,EV-01-SCEN-DI-003-91-01,"None of the required shipping carrier integration behavior was observed. The orders page returned 200 and showed no orders, but that does not exercise carrier integration.",No carrier-related operation or result was captured.,accept,,,,,
DI-004,1,observed_satisfied,EV-01-SCEN-DI-004-92-01,"The running system served a standard HTML page over HTTP, with navigation links and forms usable through a standard browser. This establishes a browser-compatible runtime interface.",,accept,,,,,
QR-001,1,not_observable,EV-01-SCEN-QR-001-93-01,"The recorded cart page has labeled navigation and a readable item and total, but no complete required obligation is established: this one page does not show that the system presents a simple interface for users with limited technical experience.",The rest of the interface and its usability for users with limited technical experience were not observed.,accept,,,,,
QR-002,1,observed_unsatisfied,EV-01-SCEN-QR-002-94-01,"The complete Products page shows operations such as “Toggle availability” and “Add to cart,” and the technical term “SKU,” but provides no plain-language explanations, brief tips, or short help text for them. No required guidance is established on the observed page.",Guidance on other pages was not observed.,accept,,,,,
QR-003,1,observed_partial,EV-01-SCEN-QR-003-95-01,"The setup page presents a guided first step, labeled “Step 1 of 3,” with a store-name field and a Continue button.","No step was submitted, so progression through the remaining steps is untested.",accept,,,,,
QR-004,1,observed_partial,EV-01-SCEN-QR-004-96-01,"The initial import screen presents one CSV-entry task and one “Review import” action, supporting a focused first step rather than multiple simultaneous decisions.","No later wizard steps were observed, so the evidence does not establish that the wizard consistently presents one decision at a time or avoids overwhelming users throughout.",accept,,,,,
QR-005,1,observed_satisfied,EV-01-SCEN-QR-005-97-01,"The captured import review uses calm, practical language: “Ready: 2 | Need attention: 0” summarizes the result reassuringly, and the issues and suggestions are plainly labeled “None.”",Other import-wizard messages were not captured.,accept,,,,,
QR-006,1,observed_partial,EV-01-SCEN-QR-006-98-01,The observed products page uses color sparingly and conveys product status and actions through text labels rather than alarms or popups.,"Only the products page was observed. Feedback elsewhere in the interface, including whether it uses inline messages instead of popups, remains untested.",accept,,,,,
QR-007,1,not_observable,EV-01-SCEN-QR-007-99-01,"The product page returned HTTP 200, but no complete responsiveness obligation was established under normal growth or seasonal-spike conditions.","No response-time or load observations were recorded for browsing, cart checkout, order processing, or product updates during growth or seasonal spikes.",accept,,,,,
QR-008,1,observed_partial,EV-01-SCEN-QR-008-100-01,"The checkout request was followed by an orders-page response showing the newly created order, demonstrating that this change was saved and could be read back.",One immediate readback does not establish that changes are saved reliably across other operations or repeated attempts.,accept,,,,,
QR-009,1,not_observable,EV-01-SCEN-QR-009-101-01,"No required obligation was established. The recorded request shows an orders page with no orders, but does not exercise order or update handling under increased activity.",Whether orders or updates are retained when activity increases remains untested.,accept,,,,,
QR-010,1,observed_unsatisfied,EV-01-SCEN-QR-010-102-01,"The captured import page shows a form and a “Review import” button, but no progress bar or indicator and no label identifying the current step. Neither required display element is shown on the observed page.",Later import steps were not observed.,accept,,,,,
QR-011,1,observed_partial,EV-01-SCEN-QR-011-103-01,"The initial import view has a clear layout: a Product import heading, CSV-format instructions, an input area, and a Review import button.","Only one wizard view was captured, so predictability across steps and consistency of button positions and terminology remain untested.",accept,,,,,
QR-012,1,not_observable,EV-01-SCEN-QR-012-104-01,The import review showed two items with no suggestions. Neither optional automation nor a user override was exercised; no required obligation was established.,Whether users can choose to use automation during import suggestions or override a suggestion remains untested.,accept,,,,,
QR-013,1,observed_partial,EV-01-SCEN-QR-013-105-01,The import review page clearly shows a count of items needing attention: 0. This establishes the count-display obligation.,The captured page does not show an import in progress or establish that the process presents small steps or progress feedback.,accept,,,,,
EX-001,1,not_observable,EV-01-SCEN-EX-001-106-01,"The checkout response rejects incomplete payment information, but no failed payment is observed. Neither the customer message after a payment failure nor the order's unpaid status is established.","A payment-failure outcome, its customer-facing message, and the resulting order status remain untested.",accept,,,,,
EX-002,1,not_observable,EV-01-SCEN-EX-002-107-01,"The orders page showed no orders. No delayed or failed shipping update was observed, so neither the staff alert nor the customer status update was exercised.",Both required responses to a delayed or failed shipping update remain untested.,accept,,,,,
EX-003,1,not_observable,EV-01-SCEN-EX-003-108-01,No required branch was established. The recorded action toggled product availability; it does not establish that a manual override was used.,"No manual override or resulting record was observed, so whether the system records the staff member, reason, original error, action taken, and time remains unknown.",accept,,,,,
EX-004,1,not_observable,EV-01-SCEN-EX-004-109-01,"No required branch was exercised. The import review showed two ready rows and no issues, so there was no blocking import problem for which an explanation or suggested fix needed to appear.","No import problem that blocks completion was observed; placement next to an affected row or field, explanation, and suggested fix remain untested.",accept,,,,,
EX-005,1,observed_partial,EV-01-SCEN-EX-005-110-01,"The invalid submission returned the checkout page with validation errors, so the customer remained on checkout. The response identifies the invalid email, but groups the missing name and address under a general instruction and says only that payment information looks incomplete. It does not tell the customer exactly what to correct for each issue.",Precise corrective guidance for every failed field is not established.,accept,,,,,
FR-001,2,observed_satisfied,EV-02-SCEN-FR-001-06-04; EV-02-SCEN-FR-001-06-01,"A product marked available was added, and a public GET displayed it in the Products list. This demonstrates browsing an available product.",,accept,,,,,
FR-002,2,observed_partial,EV-02-SCEN-FR-002-07-01,"The cart-add request succeeded, and the follow-up page showed one item in the cart. This establishes adding an item as one cart operation.","Changing or removing existing cart contents was not tested, so ongoing cart maintenance is not established.",accept,,,,,
FR-003,2,observed_satisfied,EV-02-SCEN-FR-003-08-01,An online POST to /orders was followed by a page showing Order 1 for Alex Customer and an audit entry recording its creation. This establishes that an order was placed online.,,accept,,,,,
FR-004,2,observed_partial,EV-02-SCEN-FR-004-09-01,"The product-add request succeeded, and the redirected page lists Widget with its submitted SKU and price. The complete request shows no acting-role protocol, so this demonstrates a publicly available add operation that store owners can use.",Updating an existing product was not tested.,accept,,,,,
FR-005,2,not_observable,EV-02-SCEN-FR-005-10-01,No observation was recorded for the scenarios of this requirement.,"The previous GET /api/state read a generic dashboard or state dump without exercising this requirement: Store owners shall be able to check customer accounts. No replay of its target action or specific observation is defined. This is an observation limitation, not evidence that the delivered feature failed.",accept,,,,,
FR-006,2,not_observable,EV-02-SCEN-FR-006-11-01,No observation was recorded for the scenarios of this requirement.,"The previous GET /api/state read a generic dashboard or state dump without exercising this requirement: Store owners shall be able to review incoming orders. No replay of its target action or specific observation is defined. This is an observation limitation, not evidence that the delivered feature failed.",accept,,,,,
FR-007,2,not_observable,EV-02-SCEN-FR-007-12-01,"The recorded request added a new product, which was displayed as unavailable. No update to an existing product's availability was observed, so no required operation was established.",Sales staff capability to change an existing product's availability remains untested.,accept,,,,,
FR-008,2,not_observable,EV-02-SCEN-FR-008-13-01,"No required obligation was exercised. The recorded request attempted to mark order 1 as having a failed payment, then redirected to a store page showing no orders; it did not demonstrate sales staff entering or correcting an order.","No sales-staff actor, existing order for correction, order-entry attempt, or completed correction was observed.",accept,,,,,
FR-009,2,not_observable,EV-02-SCEN-FR-009-14-01,"The setup form saved basic store information, but this does not establish a guided setup flow for new sellers. No complete required behaviour was observed.",The evidence does not show whether sellers are guided through setup beyond this form.,accept,,,,,
FR-010,2,observed_satisfied,EV-02-SCEN-FR-010-15-01,The setup section appears first in the displayed flow and collects basic store information (store name and currency). The submitted values are shown on the resulting page as saved store information.,,accept,,,,,
FR-011,2,observed_partial,EV-02-SCEN-FR-011-16-01,"After setup, the page provides an Add product form, establishing assistance with adding products.","The evidence does not show a way to add categories or configure customer account settings. No product submission was recorded, so successful product creation is unverified.",accept,,,,,
FR-012,2,observed_partial,EV-02-SCEN-FR-012-17-01,"The setup form provides simple prompts for the store name and currency. Its prefilled USD value is a default setting, not a clear example explaining how to complete setup.",Clear setup examples were not observed.,accept,,,,,
FR-013,2,observed_unsatisfied,EV-02-SCEN-FR-013-18-01,An empty store name was submitted during setup. The immediate redirect and resulting page showed no incomplete-entry flag; the page instead reported that setup information was saved.,Other incomplete setup entries were not tested.,accept,,,,,
FR-014,2,observed_unsatisfied,EV-02-SCEN-FR-014-19-01,"The setup form accepted a blank store name, displayed “Unnamed store,” and recorded that setup was saved. It gave no plain-language explanation of the blank-name mistake or how to correct it.",Other setup mistakes and whether selling could begin were not tested.,accept,,,,,
FR-015,2,not_observable,EV-02-SCEN-FR-015-20-01,No observation was recorded for the scenarios of this requirement.,"The previous GET /api/state read a generic dashboard or state dump without exercising this requirement: The system shall support a change log for edits to orders and products. No replay of its target action or specific observation is defined. This is an observation limitation, not evidence that the delivered feature failed.",accept,,,,,
FR-016,2,not_observable,EV-02-SCEN-FR-016-21-01,No observation was recorded for the scenarios of this requirement.,"The previous GET /api/state read a generic dashboard or state dump without exercising this requirement: The system shall provide notifications for important updates such as stock changes, cancelled orders, and customer account edits. No replay of its target action or specific observation is defined. This is an observation limitation, not evidence that the delivered feature failed.",accept,,,,,
FR-017,2,not_observable,EV-02-SCEN-FR-017-22-01,No observation was recorded for the scenarios of this requirement.,"The previous GET /api/state read a generic dashboard or state dump without exercising this requirement: The system shall provide brief tips and plain-language summaries to help users learn logs and notifications. No replay of its target action or specific observation is defined. This is an observation limitation, not evidence that the delivered feature failed.",accept,,,,,
FR-018,2,not_observable,EV-02-SCEN-FR-018-23-01,"The page shown after setup has Audit log and Notifications sections, but no onboarding walkthrough was exercised or shown. None of the walkthrough's required content is established.",Whether a short walkthrough is available elsewhere and explains where to find recent changes and what notifications mean remains untested.,accept,,,,,
FR-019,2,not_observable,EV-02-SCEN-FR-019-24-01,"No required payment-processing obligation is established. The response shows an order marked paid after payment details were submitted, but does not show a payment operation or its result through a mainstream gateway.",Gateway integration and payment processing remain unobserved.,accept,,,,,
FR-020,2,not_observable,EV-02-SCEN-FR-020-25-01,No observation was recorded for the scenarios of this requirement.,"The previous GET /api/state read a generic dashboard or state dump without exercising this requirement: The system shall support basic shipping carrier integration in the initial release. No replay of its target action or specific observation is defined. This is an observation limitation, not evidence that the delivered feature failed.",accept,,,,,
FR-021,2,not_observable,EV-02-SCEN-FR-021-26-01,"No required behaviour was established. The payment-failure request redirected to a page with no orders, so the response does not show an order remaining unpaid or staff being able to see that status.","No existing order, recorded payment failure for that order, or staff view of its payment status was observed.",accept,,,,,
FR-022,2,not_observable,EV-02-SCEN-FR-022-27-01,No required obligation was established. The fail-payment request redirected to a store page showing no orders; it did not establish a failed payment on an existing order or a customer retrying payment.,Neither retrying payment nor using a different payment method after a payment failure was exercised.,accept,,,,,
FR-023,2,not_observable,EV-02-SCEN-FR-023-28-01,No observation was recorded for the scenarios of this requirement.,"The previous GET /api/state read a generic dashboard or state dump without exercising this requirement: The system shall alert store staff when shipping updates are delayed or fail. No replay of its target action or specific observation is defined. This is an observation limitation, not evidence that the delivered feature failed.",accept,,,,,
FR-024,2,not_observable,EV-02-SCEN-FR-024-29-01,"No required obligation was established. The request targeted order 1 without evidence that the order existed, and the redirect led to a page showing no orders. It does not demonstrate a staff override or retry for a payment or shipping issue.","Staff access to an override or retry option, and its outcome for an existing order with a payment or shipping issue, remain untested.",accept,,,,,
FR-025,2,not_observable,EV-02-SCEN-FR-025-30-01,"None of the required recording behaviour was established. The fail-payment request redirected to the home page, which showed no orders or audit-log entries; it did not demonstrate use of a manual override or retry option.","No override or retry was observed on an existing order, so whether the system records who used it and why remains unknown.",accept,,,,,
FR-026,2,not_observable,EV-02-SCEN-FR-026-31-01,No observation was recorded for the scenarios of this requirement.,"The previous GET /api/state read a generic dashboard or state dump without exercising this requirement: The system shall provide in-app alerts for payment and shipping errors. No replay of its target action or specific observation is defined. This is an observation limitation, not evidence that the delivered feature failed.",accept,,,,,
FR-027,2,not_observable,EV-02-SCEN-FR-027-32-01,No observation was recorded for the scenarios of this requirement.,"The previous GET /api/state read a generic dashboard or state dump without exercising this requirement: The system shall provide email notifications for serious issues or issues that remain unresolved too long. No replay of its target action or specific observation is defined. This is an observation limitation, not evidence that the delivered feature failed.",accept,,,,,
FR-028,2,not_observable,EV-02-SCEN-FR-028-33-01,No observation was recorded for the scenarios of this requirement.,"The previous GET /api/state read a generic dashboard or state dump without exercising this requirement: The system shall provide a dashboard indicator for unresolved issues. No replay of its target action or specific observation is defined. This is an observation limitation, not evidence that the delivered feature failed.",accept,,,,,
FR-029,2,not_observable,EV-02-SCEN-FR-029-34-01,No observation was recorded for the scenarios of this requirement.,"The previous GET /api/state read a generic dashboard or state dump without exercising this requirement: The system shall prioritize payment failures ahead of shipping issues. No replay of its target action or specific observation is defined. This is an observation limitation, not evidence that the delivered feature failed.",accept,,,,,
FR-030,2,observed_satisfied,EV-02-SCEN-FR-030-35-01,The order submission was rejected with HTTP 400 and specific checkout validation messages for the missing customer name and shipping address and incomplete payment details. No order appeared in the response. This demonstrates basic validation before submission.,The evidence covers one invalid checkout request; other inputs were not tested.,accept,,,,,
FR-031,2,observed_satisfied,EV-02-SCEN-FR-031-36-01,"Order submission returned validation errors for a missing shipping address and obviously incomplete payment details, covering both stated checks.",,accept,,,,,
FR-032,2,observed_satisfied,EV-02-SCEN-FR-032-37-01,"The order submission request was rejected with HTTP 400 before an order appeared. The response identified missing customer name and shipping address and incomplete payment details, demonstrating checks for all three required information categories.",,accept,,,,,
FR-033,2,not_observable,EV-02-SCEN-FR-033-38-01,The response displayed order validation errors after a POST to submit an incomplete form. No required timing branch—feedback before submission or immediately after form completion—was observed.,The record does not show whether feedback appears before submission or immediately after a form is completed.,accept,,,,,
FR-034,2,observed_satisfied,EV-02-SCEN-FR-034-39-01,"The invalid order submission returned checkout validation issues on a page that still contained the checkout form, allowing the customer to correct the fields on the same screen.",,accept,,,,,
FR-035,2,not_observable,EV-02-SCEN-FR-035-40-01,"No spreadsheet import was established as working or failing. The request used a URL-encoded Content-Type for a multipart-style file body, and the service responded that the file was missing.",A correctly submitted spreadsheet file and its import outcome were not observed.,accept,,,,,
FR-036,2,not_observable,EV-02-SCEN-FR-036-41-01,"No CSV product import was established. The request contained multipart-style text but declared application/x-www-form-urlencoded, and the service responded that the file was missing.",A correctly encoded CSV file upload and its import outcome were not observed.,accept,,,,,
FR-037,2,not_observable,EV-02-SCEN-FR-037-42-01,"None of the required capabilities was established. The request declared a URL-encoded body while sending multipart-style file content, and the service responded that the file was missing.","A valid product file upload, field mapping, preview, validation, and commitment of imported data were not exercised.",accept,,,,,
FR-038,2,not_observable,EV-02-SCEN-FR-038-43-01,"No required obligation was exercised. The request was sent as form-urlencoded data, and the service rejected it because it received no file; no import issue was created or corrected.",The evidence does not show whether a user can correct an issue in an accepted import and continue without restarting the whole import.,accept,,,,,
FR-039,2,not_observable,EV-02-SCEN-FR-039-44-01,"No required part of the post-import summary was exercised. The request returned 400 with “missing file,” so no import result was shown.","A completed import and its result summary were not observed; whether the system identifies succeeded, skipped, and attention-needed items remains unknown.",accept,,,,,
FR-040,2,not_observable,EV-02-SCEN-FR-040-45-01,"No required behavior was observed. The import request was rejected as missing a file, so it did not reach a review screen or exercise inline correction.",Whether users can fix problem fields inline within the review screen remains untested.,accept,,,,,
FR-041,2,not_observable,EV-02-SCEN-FR-041-46-01,No required obligation was exercised. The import request was rejected as missing a file before any records could be compared.,"Duplicate comparison and the user's ability to keep, merge, or skip matching records remain untested.",accept,,,,,
FR-042,2,not_observable,EV-02-SCEN-FR-042-47-01,No required obligation was observed. The import request returned “missing file” before the process reached a review screen.,The request used a form-urlencoded Content-Type for a multipart-style file body. The evidence does not show whether a valid import presents a review screen before finalization or lets users resolve missing or inconsistent data.,accept,,,,,
FR-043,2,not_observable,EV-02-SCEN-FR-043-48-01,No observation was recorded for the scenarios of this requirement.,"The previous GET /api/state read a generic dashboard or state dump without exercising this requirement: The import wizard shall guide users through small steps with a clear progress indicator. No replay of its target action or specific observation is defined. This is an observation limitation, not evidence that the delivered feature failed.",accept,,,,,
FR-044,2,not_observable,EV-02-SCEN-FR-044-49-01,"No required behavior was exercised. The upload returned “missing file,” so the recorded request did not reach column mapping.",Whether the wizard shows a live preview after column mapping remains untested.,accept,,,,,
FR-045,2,not_observable,EV-02-SCEN-FR-045-50-01,"None of the required behaviour was observed. The request was rejected as missing a file, so the import wizard did not evaluate the CSV rows or fields.",Whether the wizard highlights problematic rows or fields and explains their issues in plain language remains untested.,accept,,,,,
FR-046,2,not_observable,EV-02-SCEN-FR-046-51-01,"No required action was observed. The import request was rejected as ""missing file"" before the wizard could present an issue or suggested correction.","Whether the wizard provides fix, ignore, and apply-suggested-correction actions remains untested.",accept,,,,,
FR-047,2,not_observable,EV-02-SCEN-FR-047-52-01,"No required behaviour was observed. The request declared form-urlencoded content despite containing multipart-style file data, and the endpoint returned “missing file” rather than showing ready and needs-attention counts.",No successfully uploaded file or import-wizard count display was captured.,accept,,,,,
FR-048,2,not_observable,EV-02-SCEN-FR-048-53-01,No observation was recorded for the scenarios of this requirement.,"The previous GET /api/state read a generic dashboard or state dump without exercising this requirement: The import wizard shall allow users to go back to a previous step if something looks wrong. No replay of its target action or specific observation is defined. This is an observation limitation, not evidence that the delivered feature failed.",accept,,,,,
FR-049,2,not_observable,EV-02-SCEN-FR-049-54-01,"None of the required suggestion capabilities was exercised. The import request was rejected as missing a file, so it did not reach product-import suggestions.","Optional suggestions for categories, units of measure, brand, and cleaner product titles remain untested.",accept,,,,,
FR-050,2,not_observable,EV-02-SCEN-FR-050-55-01,"None of the required operations was observed. The import request returned 400 with “missing file,” so it did not produce suggestions to accept, edit, or reject.","The ability to accept, edit, and reject import suggestions remains untested.",accept,,,,,
FR-051,2,not_observable,EV-02-SCEN-FR-051-56-01,No category-suggestion obligation was exercised. The import request returned “missing file” before a product name or description could be evaluated.,Whether the system suggests likely categories when it can confidently infer them remains untested.,accept,,,,,
FR-052,2,not_observable,EV-02-SCEN-FR-052-57-01,"No required prompting behavior was observed. The import request returned “missing file,” so it did not establish how the system handles products lacking a short description or image.",Whether the system prompts for missing product details when they would improve the storefront remains untested.,accept,,,,,
FR-053,2,not_observable,EV-02-SCEN-FR-053-58-01,"None of the required import-helper behaviours was exercised. The request was rejected as missing a file, so it did not test unit detection or spelling normalization.",Whether either helper is available as an optional import feature remains unknown.,accept,,,,,
FR-054,2,not_observable,EV-02-SCEN-FR-054-59-01,No required behaviour was observed. The import request returned “missing file” before any suggestions were generated or presented.,The evidence does not show whether import suggestions are presented for user review or whether they make silent automatic changes.,accept,,,,,
FR-055,2,not_observable,EV-02-SCEN-FR-055-60-01,"None of the required import indicators, messages, or counts was observed. The request was rejected as missing a file before an import began.","Step indicators, plain messages during import, and counts of items ready versus needing review remain untested.",accept,,,,,
FR-056,2,not_observable,EV-02-SCEN-FR-056-61-01,No required obligation was established. The import request returned “missing file” because the submitted form-data body was labelled application/x-www-form-urlencoded; it did not reach product category assignment.,Category assignment during a valid import and during normal product management remain untested.,accept,,,,,
FR-057,2,not_observable,EV-02-SCEN-FR-057-62-01,"The recorded request created a product with a category, but no product variation was created or shown. No required variation behaviour was established.",Whether the system supports product variations as distinct from categories remains untested.,accept,,,,,
FR-058,2,observed_satisfied,EV-02-SCEN-FR-058-63-01,"The root URL returned an HTML web-store page with simple navigation sections, input fields, and forms for store operations. This establishes a simple browser-based web interface.",,accept,,,,,
FR-059,2,observed_satisfied,EV-02-SCEN-FR-059-64-01,The system served a complete HTML page with standard browser forms and controls over HTTP. The recorded page shows a browser-usable interface without any indication that special client software is required.,The probe used an HTTP client rather than directly recording a browser session or form interaction.,accept,,,,,
FR-060,2,observed_partial,EV-02-SCEN-FR-060-65-01,"The captured interface uses straightforward sections and a two-field setup form, and submitting that form saved the store information. This supports the simple-interface obligation. The captured setup page does not demonstrate a guided process for users with limited technical experience.",No further setup guidance or use by an inexperienced user was observed.,accept,,,,,
FR-061,2,not_observable,EV-02-SCEN-FR-061-66-01,"No required notice is established. The fail-payment request redirected to a store page showing no orders, but the record does not establish an existing order or show a customer notice.",Automatic order-confirmation notices and refund or cancellation notices remain untested.,accept,,,,,
FR-062,2,observed_satisfied,EV-02-SCEN-FR-062-67-01; EV-02-SCEN-FR-062-67-04,"The public store page displays Widget with a price of 9.99 and identifies the store currency as USD, providing clear consumer-facing pricing for the listed product.",,accept,,,,,
FR-063,2,not_observable,EV-02-SCEN-FR-063-68-01,"The page shows checkout fields for customer name, shipping address, and payment details, but no customer data was submitted or collected. No complete obligation was established.","The evidence does not show what customer data the system collects for orders or accounts, or whether collection is limited to data needed for those purposes.",revise,not_observable,EV-02-SCEN-FR-063-68-01,"The checkout form contains order-related fields, but no customer data submission or collection was observed. A displayed form does not establish the restriction on collected data.","Order and account data collection, including unnecessary fields, was not exercised.",
FR-064,2,observed_unsatisfied,EV-02-SCEN-FR-064-69-01,"The captured checkout form contains no consent or privacy notice, violating the checkout obligation. No required branch is shown to be met.","Signup was not exercised, so notices during signup remain unknown.",accept,,,,,
FR-065,2,not_observable,EV-02-SCEN-FR-065-70-01,No observation was recorded for the scenarios of this requirement.,"The previous GET /api/state read a generic dashboard or state dump without exercising this requirement: The system shall support keeping logs of edits to customer records, prices, orders, and payments. No replay of its target action or specific observation is defined. This is an observation limitation, not evidence that the delivered feature failed.",accept,,,,,
FR-066,2,not_observable,EV-02-SCEN-FR-066-71-01,"None of the required operations was observed. The response shows a newly created product as unavailable, but does not show an availability update to an existing product.","Availability updates after a sale or restock, and urgent marking of an item as unavailable, were not exercised.",accept,,,,,
FR-067,2,not_observable,EV-02-SCEN-FR-067-72-01,No observation was recorded for the scenarios of this requirement.,"The previous GET /api/state read a generic dashboard or state dump without exercising this requirement: The system shall support browsing, cart updates, and order entry that remain responsive during normal growth and seasonal spikes. No replay of its target action or specific observation is defined. This is an observation limitation, not evidence that the delivered feature failed.",accept,,,,,
FR-068,2,not_observable,EV-02-SCEN-FR-068-73-01,No observation was recorded for the scenarios of this requirement.,"The previous GET /api/state read a generic dashboard or state dump without exercising this requirement: The system shall allow page loads, browsing, cart checkout, staff order processing, and product updates to remain responsive during higher activity. No replay of its target action or specific observation is defined. This is an observation limitation, not evidence that the delivered feature failed.",accept,,,,,
FR-069,2,not_observable,EV-02-SCEN-FR-069-74-01,"The response shows basic setup information saved and displayed for GAMMA-J Store. It does not establish that a new store was added alongside another store, so no complete required obligation is observed.",Adding stores and showing that one store does not affect another remain untested.,accept,,,,,
FR-070,2,observed_partial,EV-02-SCEN-FR-070-75-01,"One submitted order appeared in the redirected order list, establishing that this order was saved and immediately readable under the observed activity.","No updates, repeated saves, or increased activity were observed, so reliable saving and protection against dropped orders or updates under increased activity remain untested.",accept,,,,,
FR-071,2,not_observable,EV-02-SCEN-FR-071-76-01,"None of the required stock-management behaviour is established. A product was added after a request supplied stock=5, but the response does not show that the stock value was saved or can be managed.","No stock readback or change to existing stock was recorded, and the evidence does not establish whether a full inventory integration was absent.",accept,,,,,
BR-001,2,not_observable,EV-02-SCEN-BR-001-77-01,No observation was recorded for the scenarios of this requirement.,"The previous GET /api/state read a generic dashboard or state dump without exercising this requirement: Account means a customer profile with contact and order details, not a paid subscription. No replay of its target action or specific observation is defined. This is an observation limitation, not evidence that the delivered feature failed.",accept,,,,,
BR-002,2,not_observable,EV-02-SCEN-BR-002-78-01,No observation was recorded for the scenarios of this requirement.,"The previous GET /api/state read a generic dashboard or state dump without exercising this requirement: Categories are used to organize products for navigation and management, and are not the same as product variations. No replay of its target action or specific observation is defined. This is an observation limitation, not evidence that the delivered feature failed.",accept,,,,,
BR-003,2,not_observable,EV-02-SCEN-BR-003-79-01,"None of the required integration limits is established. The response shows basic store setup and a checkout form, but does not identify payment gateway or shipping carrier integrations.",The number of payment gateway integrations and shipping carrier integrations in the initial release remains unknown.,accept,,,,,
BR-004,2,not_observable,EV-02-SCEN-BR-004-80-01,No observation was recorded for the scenarios of this requirement.,"The previous GET /api/state read a generic dashboard or state dump without exercising this requirement: The initial release shall not require a full inventory system integration if the store can manage stock inside GAMMA-J. No replay of its target action or specific observation is defined. This is an observation limitation, not evidence that the delivered feature failed.",accept,,,,,
BR-005,2,not_observable,EV-02-SCEN-BR-005-81-01,No observation was recorded for the scenarios of this requirement.,"The previous GET /api/state read a generic dashboard or state dump without exercising this requirement: Payment failures shall be treated as the highest-priority issues. No replay of its target action or specific observation is defined. This is an observation limitation, not evidence that the delivered feature failed.",accept,,,,,
BR-006,2,not_observable,EV-02-SCEN-BR-006-82-01,No observation was recorded for the scenarios of this requirement.,"The previous GET /api/state read a generic dashboard or state dump without exercising this requirement: Shipping issues such as missed dispatches or bad addresses shall be prioritized ahead of minor shipping delays. No replay of its target action or specific observation is defined. This is an observation limitation, not evidence that the delivered feature failed.",accept,,,,,
BR-007,2,not_observable,EV-02-SCEN-BR-007-83-01,"No required branch was established. The request supplied neither a staff identity nor a reason, but the redirect and empty orders list do not show that a manual override was saved.","No existing order or saved override was observed, so enforcement of either required field remains untested.",accept,,,,,
BR-008,2,not_observable,EV-02-SCEN-BR-008-84-01,No observation was recorded for the scenarios of this requirement.,"The previous GET /api/state read a generic dashboard or state dump without exercising this requirement: The system shall show who changed an order or product and when the change happened. No replay of its target action or specific observation is defined. This is an observation limitation, not evidence that the delivered feature failed.",accept,,,,,
BR-009,2,not_observable,EV-02-SCEN-BR-009-85-01,No duplicate-detection obligation was exercised. The import request returned “missing file” because it was sent as application/x-www-form-urlencoded rather than a file upload.,"Detection by product name, SKU, and barcode remains untested.",accept,,,,,
BR-010,2,not_observable,EV-02-SCEN-BR-010-86-01,None of the required highlighting behaviours was observed. The import request returned “missing file” before product data cleanup was exercised.,"Highlighting of missing prices, inconsistent product names, wrong categories, and unclear stock quantities remains untested.",accept,,,,,
BR-011,2,observed_satisfied,EV-02-SCEN-BR-011-87-01,"The order submission was rejected with HTTP 400, and the response identified separate issues with the missing customer name, missing shipping address, and incomplete payment details. This demonstrates checks for all three required kinds of information before submission.",The evidence does not show how other invalid values are handled.,accept,,,,,
BR-012,2,observed_partial,EV-02-SCEN-BR-012-88-01,"An order was created after submission of only a customer name, shipping address, and payment details. This establishes that additional customer details were not required to place that order.",Account data collection and what customer data was retained were not observed.,accept,,,,,
DI-001,2,not_observable,EV-02-SCEN-DI-001-89-01,"No product spreadsheet import was observed. The request declared a URL-encoded content type while sending a multipart-style body, and the service responded that the file was missing.",A correctly submitted spreadsheet file and its import result were not observed.,accept,,,,,
DI-002,2,not_observable,EV-02-SCEN-DI-002-90-01,"None of the required gateway-support behavior was established. The recorded order was marked paid after payment details were submitted, but the response does not show a mainstream gateway or a gateway payment operation.",Whether the initial release integrates with and can process a payment through at least one mainstream gateway remains untested.,accept,,,,,
DI-003,2,not_observable,EV-02-SCEN-DI-003-91-01,No observation was recorded for the scenarios of this requirement.,"The previous GET /api/state read a generic dashboard or state dump without exercising this requirement: The initial release shall support basic shipping carrier integration. No replay of its target action or specific observation is defined. This is an observation limitation, not evidence that the delivered feature failed.",accept,,,,,
DI-004,2,observed_satisfied,EV-02-SCEN-DI-004-92-01,"The running system served an HTML page over HTTP with standard browser forms and controls for store operations, establishing a standard-browser runtime interface.",,accept,,,,,
QR-001,2,observed_satisfied,EV-02-SCEN-QR-001-93-01,"The recorded interface presents a straightforward single-page web store with clearly separated sections, labeled forms, familiar input controls, and direct action buttons for setup, products, cart, checkout, imports, orders, notifications, and audit logs. This positively establishes presentation of a simple user interface.","No direct usability observation or testing with users having limited technical experience was recorded, so the evidence does not independently validate ease of use for that specific audience.",accept,,,,,
QR-002,2,observed_partial,EV-02-SCEN-QR-002-94-01,"The interface includes concise, plain-language operation labels and prompts such as ""Save setup,"" ""Add product,"" ""Add product #1 to cart,"" ""Place order,"" and ""Upload CSV,"" positively covering brief operational wording.","The evidence does not show explanatory text, brief tips, or short help text explaining operations or technical concepts, including the meaning or use of fields such as SKU, barcode, CSV, or payment details.",accept,,,,,
QR-003,2,observed_unsatisfied,EV-02-SCEN-QR-003-95-01; EV-02-SCEN-QR-003-95-02,"The captured setup interface presents a single setup form with a Save setup action, and the completed submission redirects directly to the main page. The evidence shows no guided sequence, step progression, or separate setup steps, so the required step-by-step guided setup behavior is not met.","The evidence does not show any additional setup flow beyond the captured page and submission, so only the demonstrated setup path is assessed.",accept,,,,,
QR-004,2,not_observable,EV-02-SCEN-QR-004-96-01,No observation was recorded for the scenarios of this requirement.,"The previous GET /api/state read a generic dashboard or state dump without exercising this requirement: The import wizard shall present one decision at a time and avoid overwhelming the user. No replay of its target action or specific observation is defined. This is an observation limitation, not evidence that the delivered feature failed.",accept,,,,,
QR-005,2,not_observable,EV-02-SCEN-QR-005-97-01,"The import endpoint returned the terse error message ""missing file,"" but the evidence does not establish that this was an import wizard message or that it represents the wizard's normal messaging behavior. No complete positive or negative assessment of calm, practical, and reassuring wizard messages is established.","The wizard interface and its user-facing messages were not observed, and the malformed multipart request only exercised an endpoint error response.",accept,,,,,
QR-006,2,observed_partial,EV-02-SCEN-QR-006-98-01,"The captured interface uses limited explicit color styling, with color reserved for warning and error text classes, and presents content through labeled sections, headings, form labels, and inline page elements. The captured HTML contains no alarm or popup mechanism, which positively supports reliance on labels and inline presentation for the initial interface.","Icon use is not demonstrated, and the evidence covers only the initial page load; interactive validation, warning, error, and notification behavior was not exercised. Therefore, the requirement's broader reliance on labels, icons, and inline messages instead of alarms or popups is only partially established.",accept,,,,,
QR-007,2,not_observable,EV-02-SCEN-QR-007-99-01,No observation was recorded for the scenarios of this requirement.,"The previous GET /api/state read a generic dashboard or state dump without exercising this requirement: The system shall keep browsing, cart checkout, order processing, and product updates responsive during normal growth and seasonal spikes. No replay of its target action or specific observation is defined. This is an observation limitation, not evidence that the delivered feature failed.",accept,,,,,
QR-008,2,observed_partial,EV-02-SCEN-QR-008-100-01,A completed order creation is visible after the redirect: Order 1 appears in the orders list and the audit log records its creation. This positively establishes that this change was saved.,"Only one order-creation operation is observed; reliability across repeated saves, other changes, or persistence beyond this response is untested.",accept,,,,,
QR-009,2,not_observable,EV-02-SCEN-QR-009-101-01,No observation was recorded for the scenarios of this requirement.,"The previous GET /api/state read a generic dashboard or state dump without exercising this requirement: The system shall not drop orders or updates when activity increases. No replay of its target action or specific observation is defined. This is an observation limitation, not evidence that the delivered feature failed.",accept,,,,,
QR-010,2,not_observable,EV-02-SCEN-QR-010-102-01,No observation was recorded for the scenarios of this requirement.,"The previous GET /api/state read a generic dashboard or state dump without exercising this requirement: The import wizard shall show a progress bar or progress indicator and a current step label. No replay of its target action or specific observation is defined. This is an observation limitation, not evidence that the delivered feature failed.",accept,,,,,
QR-011,2,not_observable,EV-02-SCEN-QR-011-103-01,No observation was recorded for the scenarios of this requirement.,"The previous GET /api/state read a generic dashboard or state dump without exercising this requirement: The import wizard shall provide a clear, predictable layout with consistent button positions and terminology. No replay of its target action or specific observation is defined. This is an observation limitation, not evidence that the delivered feature failed.",accept,,,,,
QR-012,2,not_observable,EV-02-SCEN-QR-012-104-01; EV-02-SCEN-QR-012-104-02; EV-02-SCEN-QR-012-104-03,"The import request was rejected with HTTP 400 and the response stated ""missing file,"" so no import suggestions, optional automation behavior, or user override operation was exercised. No complete required obligation or branch was established positively or negatively.","The evidence does not show an import succeeding, suggestions being generated, automation being optional, or users overriding suggestions.",accept,,,,,
QR-013,2,not_observable,EV-02-SCEN-QR-013-105-01; EV-02-SCEN-QR-013-105-02; EV-02-SCEN-QR-013-105-03,"No required obligation was positively or negatively established. The probe received a 400 response for a missing file, but this does not exercise or evaluate small-step presentation, progress feedback, or clear counts of items needing attention.","The evidence does not show the import interface or workflow, incremental steps, progress updates, or counts of items needing attention. The request failed before the import behavior could be observed.",accept,,,,,
EX-001,2,not_observable,EV-02-SCEN-EX-001-106-01; EV-02-SCEN-EX-001-106-02,"The recorded POST to the fail-payment endpoint was followed only by a generic redirect. No prepared order or confirmed payment-failure result was established, and the response does not positively show either a clear customer message or an unpaid order visible to staff.",The payment-failure condition was not established for an existing order. The clear-message obligation and the requirement that the order remain unpaid and visible to staff therefore remain untested.,accept,,,,,
EX-002,2,not_observable,EV-02-SCEN-EX-002-107-01,No observation was recorded for the scenarios of this requirement.,"The previous GET /api/state read a generic dashboard or state dump without exercising this requirement: If shipping updates are delayed or fail, staff shall receive an alert and the customer shall see a simple status update. No replay of its target action or specific observation is defined. This is an observation limitation, not evidence that the delivered feature failed.",accept,,,,,
EX-003,2,not_observable,EV-02-SCEN-EX-003-108-01; EV-02-SCEN-EX-003-108-02; EV-02-SCEN-EX-003-108-03,"The evidence shows a request to fail payment, but does not establish that a manual override was used or that any override record was created. No required recording obligation is positively or negatively established.","It is unknown whether the action constituted a manual override and whether the system recorded the staff member, reason, original error, action taken, and time.",accept,,,,,
EX-004,2,not_observable,EV-02-SCEN-EX-004-109-01; EV-02-SCEN-EX-004-109-02; EV-02-SCEN-EX-004-109-03,"The import request was rejected with a generic ""missing file"" response, but the recorded request used an incorrect content type and did not establish an application-level import problem affecting a specific row or field. No evidence shows a row- or field-adjacent issue, simple explanation, or suggested fix.",Whether a valid import with a blocking row or field problem produces the required localized explanation and suggested fix remains untested.,accept,,,,,
EX-005,2,observed_satisfied,EV-02-SCEN-EX-005-110-01,"Order validation failed with HTTP 400, and the response returned the checkout form containing a Checkout section. It explicitly identified what to correct: customer name, shipping address, and incomplete payment details.",,accept,,,,,
FR-001,3,observed_satisfied,EV-03-SCEN-FR-001-06-01,"The public products page returned a browsable table of products with names, prices, and stock, satisfying the requirement to browse available products.",,accept,,,,,
FR-002,3,observed_partial,EV-03-SCEN-FR-002-07-01,"Adding three Starter T-Shirts succeeded, and the cart response displayed the item and quantity. This establishes an add-to-cart operation.","Changing or removing existing cart contents was not tested, so ongoing cart maintenance is not established.",accept,,,,,
FR-003,3,observed_satisfied,EV-03-SCEN-FR-003-08-01,"The online checkout accepted the submitted order and returned an “Order submitted” confirmation, establishing the ability to place an order online.",,accept,,,,,
FR-004,3,observed_partial,EV-03-SCEN-FR-004-09-01,"The product-add request succeeded, and the response displayed the new Widget product. The fully captured request used no acting-role protocol, demonstrating public availability of the add operation, which supports the owner's ability to add products.",Updating an existing product was not exercised.,accept,,,,,
FR-005,3,not_observable,EV-03-SCEN-FR-005-10-01,"No required obligation was established. The staff dashboard displayed an order issue, not customer account information or an account-checking operation.",The evidence does not show a store owner checking a customer account.,accept,,,,,
FR-006,3,observed_satisfied,EV-03-SCEN-FR-006-11-01,"The publicly available Orders page displays an order with its customer, status, payment state, and total. This establishes that store owners can review incoming orders.",,accept,,,,,
FR-007,3,not_observable,EV-03-SCEN-FR-007-12-01,"None of the required behaviour was exercised. The response shows a new product added with stock set to 0, not an update to an existing product's availability.",No sales-staff update to an existing product's availability was observed.,accept,,,,,
FR-008,3,not_observable,EV-03-SCEN-FR-008-13-01,"None of the required capabilities was exercised. The response shows an order list, but no sales staff member entered or corrected an order.",Sales staff's ability to enter and correct orders remains untested.,accept,,,,,
FR-009,3,not_observable,EV-03-SCEN-FR-009-14-01,"The setup page displays a form labeled “Step 1 of 4,” but no complete guided setup flow was observed. No required obligation was established.",Submission of the first step and progression through the remaining steps were not observed.,accept,,,,,
FR-010,3,observed_satisfied,EV-03-SCEN-FR-010-15-01,The setup page identifies basic store information as Step 1 of 4 and presents store name and currency fields.,,accept,,,,,
FR-011,3,not_observable,EV-03-SCEN-FR-011-16-01,"The setup response shows only that basic store information was saved. None of the stated obligations—helping users add categories, products, or customer account settings—was exercised.","The recorded flow does not show the setup steps for categories, products, or customer account settings.",accept,,,,,
FR-012,3,observed_partial,EV-03-SCEN-FR-012-17-01,The first setup step provides simple prompts through labeled Store name and Currency fields and a Save button.,The captured step does not establish that clear examples are provided during setup. Later setup steps were not observed.,accept,,,,,
FR-013,3,observed_satisfied,EV-03-SCEN-FR-013-18-01,"When the setup form was submitted with an empty store name, the immediate response flagged the incomplete entry with “Store name is required” and asked for the issue to be fixed before continuing.",,accept,,,,,
FR-014,3,observed_satisfied,EV-03-SCEN-FR-014-19-01,"When the store name was left blank during setup, the system explained the mistake in plain language—“Store name is required”—and showed the field so the user could correct it before continuing.",,accept,,,,,
FR-015,3,not_observable,EV-03-SCEN-FR-015-20-01,"The change-log page displays a seeded order-creation entry, but no edit to an order or product was observed. Neither required edit-logging obligation is established.",It remains unknown whether edits to orders and products produce change-log entries.,accept,,,,,
FR-016,3,observed_partial,EV-03-SCEN-FR-016-21-01,"The notifications page displays a payment-failure notification, establishing that the system provides a notification for one important update.","Notifications for stock changes, cancelled orders, and customer account edits were not exercised.",accept,,,,,
FR-017,3,observed_partial,EV-03-SCEN-FR-017-22-01,"The notifications page provides a plain-language summary of a payment failure, satisfying that part of the requirement for notifications.","The captured notifications page shows no brief tips, and no logs content was observed. Tips and summaries for logs remain untested.",accept,,,,,
FR-018,3,not_observable,EV-03-SCEN-FR-018-23-01,"No required obligation was established. The captured setup page shows a store-setup step and navigation links, but no onboarding walkthrough explaining where to find recent changes or what notifications mean.","No onboarding walkthrough was exercised or captured, so its availability and content remain unknown.",accept,,,,,
FR-019,3,not_observable,EV-03-SCEN-FR-019-24-01,"Checkout accepted a payment reference and displayed “Payment received,” but no complete required obligation was established: the response does not identify a mainstream gateway or show a gateway processing result.",Whether payment was processed through at least one mainstream gateway remains unobserved.,accept,,,,,
FR-020,3,not_observable,EV-03-SCEN-FR-020-25-01,"None of the required shipping-carrier integration behaviour was observed. The captured response shows an orders list, but no carrier-related operation or result.",Carrier integration in the initial release was not exercised or otherwise shown.,accept,,,,,
FR-021,3,not_observable,EV-03-SCEN-FR-021-26-01,"The checkout response says payment failed and the order remains unpaid. It does not show staff viewing the order or its payment status, so no required staff-visibility obligation was established.",No staff-facing order view after the payment failure was captured.,accept,,,,,
FR-022,3,not_observable,EV-03-SCEN-FR-022-27-01,No required branch was established. The recorded checkout reported that payment was received; it did not show a payment failure followed by a retry or a switch to another payment method.,Customer ability to retry payment or use a different method after a payment failure remains untested.,accept,,,,,
FR-023,3,not_observable,EV-03-SCEN-FR-023-28-01,"No required alert behaviour was observed. The orders page shows a failed payment, not a delayed or failed shipping update or an alert to store staff.","Neither a delayed nor a failed shipping update was exercised, and no staff alert was observed.",accept,,,,,
FR-024,3,not_observable,EV-03-SCEN-FR-024-29-01,"The checkout response reports a failed payment and an unpaid order. No staff manual override or retry was exercised or shown, so no required obligation is established.",Whether staff have a manual override or retry option for payment or shipping issues remains untested.,accept,,,,,
FR-025,3,not_observable,EV-03-SCEN-FR-025-30-01,"None of the required recording behavior was observed. The checkout response reports a failed payment, but does not show anyone using a manual override or retry option.","No override or retry use, or record identifying who used it and why, was captured.",accept,,,,,
FR-026,3,observed_partial,EV-03-SCEN-FR-026-31-01,The in-app Notifications page displays an alert stating that Order #1’s payment failed and remains unpaid. This establishes the payment-error alert obligation.,"No shipping-error alert was observed, so the shipping-error alert obligation remains untested.",accept,,,,,
FR-027,3,not_observable,EV-03-SCEN-FR-027-32-01,"The notifications page displays a high-priority payment issue, but no email notification is observed. No required email-notification branch is established.",Email delivery for serious issues and for issues unresolved too long remains untested.,accept,,,,,
FR-028,3,observed_satisfied,EV-03-SCEN-FR-028-33-01,The staff dashboard displays an unresolved issue: a high-priority notice that Order #1’s payment failed and remains unpaid. This satisfies the dashboard-indicator requirement.,,accept,,,,,
FR-029,3,not_observable,EV-03-SCEN-FR-029-34-01,"The notifications page shows a payment failure marked high priority, but no comparison with a shipping issue was observed. No complete prioritization obligation is established.","The priority assigned to a shipping issue, and its ordering relative to a payment failure, remain untested.",accept,,,,,
FR-030,3,observed_satisfied,EV-03-SCEN-FR-030-35-01,A checkout request with an empty customer name and shipping address returned a validation message and the checkout form rather than a submitted order. This demonstrates basic validation before submission.,Other invalid inputs and a valid submission were not tested.,accept,,,,,
FR-031,3,not_observable,EV-03-SCEN-FR-031-36-01,"Neither required check is established. The submission had an empty address and payment value of 12, but it also had an empty customer name. The combined validation message does not show which input caused the rejection.",Address-field validation and payment-format validation remain untested independently; no payment format rule or matched control was recorded.,accept,,,,,
FR-032,3,observed_partial,EV-03-SCEN-FR-032-37-01,"The checkout request omitted the customer name and shipping address, and the response returned the form with a validation message instead of showing a submitted order. This establishes that the incomplete request was blocked.","Because customer and shipping information were missing together, the response does not establish that each is checked independently. It also does not establish how payment information is validated.",accept,,,,,
FR-033,3,not_observable,EV-03-SCEN-FR-033-38-01,The checkout response displays validation feedback for an attempted submission with missing fields. No complete required timing branch is established: the feedback was observed only in the response to the POST request.,The evidence does not show feedback before submission or immediately after form completion.,accept,,,,,
FR-034,3,observed_satisfied,EV-03-SCEN-FR-034-39-01,"The checkout submission had missing customer and address information and an invalid payment reference. The response stayed on the Checkout page, displayed a validation message, and provided the order form for correction.",,accept,,,,,
FR-035,3,observed_satisfied,EV-03-SCEN-FR-035-40-01,"The system accepted two rows of CSV product data and reported “Imported: 2,” demonstrating spreadsheet-compatible product-data import.",,accept,,,,,
FR-036,3,observed_satisfied,EV-03-SCEN-FR-036-41-01,"The system accepted two CSV product rows and reported “Imported: 2,” demonstrating CSV import for product data.",,accept,,,,,
FR-037,3,observed_unsatisfied,EV-03-SCEN-FR-037-42-01,"The submitted product rows were reported as imported immediately, without a preview before commitment. This violates the required pre-commit preview. No complete required obligation was positively established.",The recorded request pasted CSV text rather than uploading a file. Field mapping and validation of invalid data were not exercised.,accept,,,,,
FR-038,3,not_observable,EV-03-SCEN-FR-038-43-01,The recorded import reported no issues. None of the requirement's correction-without-restart behavior was exercised.,"No import issue, correction attempt, or continuation of the same import was observed.",accept,,,,,
FR-039,3,observed_partial,EV-03-SCEN-FR-039-44-01,"The post-import summary shows “Imported: 2” and “Needs attention: 0,” identifying the successful imports and the attention count. It does not identify what was skipped.","No skipped-item result is shown, and the recorded import does not exercise a case with skipped items.",accept,,,,,
FR-040,3,not_observable,EV-03-SCEN-FR-040-45-01,"No required obligation was exercised. The submitted rows produced zero fields needing attention and were imported, so the response does not demonstrate fixing a problem field inline on a review screen.",Whether users can edit and fix problem fields within the review screen remains untested.,accept,,,,,
FR-041,3,not_observable,EV-03-SCEN-FR-041-46-01,"The import response reports two records imported and none needing attention. No matching record or duplicate comparison was observed, so none of the required duplicate-handling obligations was established.","Comparison of potential duplicates and the ability to keep, merge, or skip matching records remain untested.",accept,,,,,
FR-042,3,observed_unsatisfied,EV-03-SCEN-FR-042-47-01,"The import submission returned “Imported: 2” in its immediate response, with no review screen before finalization. This violates the required pre-finalization review step.","The submitted rows had no reported issues, so the ability to resolve missing or inconsistent data was not tested.",accept,,,,,
FR-043,3,observed_unsatisfied,EV-03-SCEN-FR-043-48-01,The captured import page presents a CSV form but no progress indicator or indication of the user's position in the wizard. The required clear progress indicator is therefore absent from this observed step. No complete obligation is positively established.,"The form was not submitted, so any subsequent steps and their guidance were not observed.",accept,,,,,
FR-044,3,not_observable,EV-03-SCEN-FR-044-49-01,"No required branch was established. The recorded request submitted CSV data and returned an import summary, but did not exercise column mapping.",Whether the wizard shows a live preview after column mapping remains untested.,accept,,,,,
FR-045,3,not_observable,EV-03-SCEN-FR-045-50-01,"No required obligation was exercised. The submitted rows were reported as having no issues, so the response does not show whether the wizard highlights problematic rows or fields or explains their issues in plain language.",No import row or field with an issue was tested.,accept,,,,,
FR-046,3,not_observable,EV-03-SCEN-FR-046-51-01,"The import reported two rows ready and zero needing attention. No issue was presented, so none of the required fix, ignore, or apply-suggested-correction actions was exercised or established.",The wizard's actions when an import issue is present remain untested.,accept,,,,,
FR-047,3,observed_satisfied,EV-03-SCEN-FR-047-52-01,The import response displays both counts: “Ready: 2” and “Needs attention: 0.”,,accept,,,,,
FR-048,3,not_observable,EV-03-SCEN-FR-048-53-01,"The initial import page was displayed, but no previous step or return action was exercised. No required obligation was established.",Whether users can go back to a previous step when something looks wrong remains untested.,accept,,,,,
FR-049,3,not_observable,EV-03-SCEN-FR-049-54-01,"None of the required suggestion capabilities is established. The response shows a completed product import and a category input, but no suggestions for categories, units of measure, brand, or cleaner titles.","The recorded import does not exercise an optional suggestion feature, so support for each suggestion type remains unknown.",accept,,,,,
FR-050,3,not_observable,EV-03-SCEN-FR-050-55-01,"None of the required abilities was established. The recorded CSV submission returned a count of two imported products, but it did not show users accepting, editing, or rejecting import suggestions.","The evidence does not show import suggestions being presented or any accept, edit, or reject action attempted.",accept,,,,,
FR-051,3,not_observable,EV-03-SCEN-FR-051-56-01,"No required branch was established. The recorded import supplied a category and returned import counts, but showed no category suggestion derived from a product name or description.","The evidence does not establish that either product name supported a confident inference, or show how the system responds when one does.",accept,,,,,
FR-052,3,observed_unsatisfied,EV-03-SCEN-FR-052-57-01,"The imported products lacked descriptions and images, but the complete import response reported “Needs attention: 0” and gave no prompt for those missing storefront details. The prompting obligation was not met in the observed import response.",Later prompts and the storefront presentation were not observed.,accept,,,,,
FR-053,3,not_observable,EV-03-SCEN-FR-053-58-01,"The recorded import succeeded, but its rows contained no units or common terms whose spelling needed normalization. Neither required helper was exercised; no complete obligation was established.",Whether unit auto-detection and optional spelling normalization are available or work during import remains untested.,accept,,,,,
FR-054,3,observed_unsatisfied,EV-03-SCEN-FR-054-59-01,"The import response reported that two products were imported immediately after the CSV submission. It displayed a count, but no suggestions for the user to review before import. This violates the required review-before-change behaviour.",No separate suggestion-generation flow or subsequent product readback was recorded.,accept,,,,,
FR-055,3,observed_partial,EV-03-SCEN-FR-055-60-01,The import response provides plain instructions and a simple count: “Ready: 2 | Needs attention: 0 | Imported: 2.” These satisfy the message and ready-versus-review count obligations.,"The captured import page shows no step indicators, so that obligation is not established.",accept,,,,,
FR-056,3,not_observable,EV-03-SCEN-FR-056-61-01,"No required obligation is established. The import reported two products imported, but the response did not show whether the requested category was assigned.","Category assignment during import was not verified, and category assignment through normal product management was not exercised.",accept,,,,,
FR-057,3,not_observable,EV-03-SCEN-FR-057-62-01,"The response shows a product added with a category, but no product variation was created or observed. No required behaviour was established.",Support for product variations distinct from categories remains untested.,accept,,,,,
FR-058,3,observed_satisfied,EV-03-SCEN-FR-058-63-01,"The products URL returned a browser-compatible HTML page with navigation, a product table, and a form, establishing a simple web interface.",,accept,,,,,
FR-059,3,observed_partial,EV-03-SCEN-FR-059-64-01,"The products page returned product information, navigation links, and a form as standard HTML. This establishes a browser-compatible interface for that part of the system without any visible need for special client software.","No standard-browser interaction or use of the other system functions was recorded, so system-wide usability without special software remains untested.",accept,,,,,
FR-060,3,observed_partial,EV-03-SCEN-FR-060-65-01,"The observed setup page guides users through its first stage with a numbered step, labelled fields, and confirmation that the information was saved.",The remaining setup steps and the simplicity of the interface beyond this page were not observed.,accept,,,,,
FR-061,3,observed_partial,EV-03-SCEN-FR-061-66-01,The checkout response automatically displayed an order-submission confirmation to the customer. This supports the order-confirmation branch.,"No refund or cancellation was exercised, so automatic notices for those events remain untested.",accept,,,,,
FR-062,3,not_observable,EV-03-SCEN-FR-062-67-01,"No required pricing-information obligation was established. The observed cart was empty and showed a Price column heading, but no product prices or totals to assess for clarity.",No response showing actual consumer-facing pricing information was captured.,accept,,,,,
FR-063,3,not_observable,EV-03-SCEN-FR-063-68-01,"The checkout form requests a customer name, shipping address, and payment reference. This shows what that form asks for, but no complete obligation is established: the record does not show what customer data the system actually collects.","No order was submitted, account-data collection was not observed, and other collection paths remain unknown.",accept,,,,,
FR-064,3,observed_unsatisfied,EV-03-SCEN-FR-064-69-01,The captured checkout page shows its complete form and explanatory text but no consent or privacy notice. The checkout obligation is therefore unmet; no required obligation was positively established.,Signup notices were not observed.,accept,,,,,
FR-065,3,not_observable,EV-03-SCEN-FR-065-70-01,"The change-log page shows a seeded order-creation entry, but no edit to an order or any other listed record. None of the required edit-logging obligations is established.","Logging of edits to customer records, prices, orders, and payments remains untested.",accept,,,,,
FR-066,3,not_observable,EV-03-SCEN-FR-066-71-01,"None of the required operations was exercised. The response shows a new product created with stock set to zero, not an availability update after a sale or restock or an urgent marking of an existing item as unavailable.","Updates after a sale and after a restock, and urgent unavailable marking, remain untested.",accept,,,,,
FR-067,3,not_observable,EV-03-SCEN-FR-067-72-01,"A products page was returned, but no complete obligation was established: the evidence does not show browsing remaining responsive during normal growth or seasonal spikes.","No response-time or load observations were recorded for browsing, cart updates, or order entry under the stated conditions. Cart updates and order entry were not exercised.",accept,,,,,
FR-068,3,not_observable,EV-03-SCEN-FR-068-73-01,"None of the required responsiveness obligations was established. A single product-page request returned HTTP 200, but the evidence does not show higher activity or measure responsiveness.","Responsiveness during higher activity remains untested for page loads, browsing, cart checkout, staff order processing, and product updates.",accept,,,,,
FR-069,3,not_observable,EV-03-SCEN-FR-069-74-01,"No complete required obligation was observed. The response confirms that basic store information was saved, but identifies this as step 1 of 4 rather than showing a new store was added.",Completed store addition and whether adding a store affects other stores were not observed.,accept,,,,,
FR-070,3,not_observable,EV-03-SCEN-FR-070-75-01,"The checkout response says an order was submitted, but no complete obligation is established: it does not show that the order was saved or retained.","No order readback, update verification, or increased-activity test shows whether orders or updates were dropped.",accept,,,,,
FR-071,3,observed_partial,EV-03-SCEN-FR-071-76-01,"GAMMA-J accepted a new product with stock set to 5 and displayed that stock value, establishing an in-system stock-setting operation.","Changing stock for an existing product was not tested, and the evidence does not establish whether a full inventory integration was in place.",accept,,,,,
BR-001,3,not_observable,EV-03-SCEN-BR-001-77-01,None of the required account characteristics were observed. The staff dashboard does not show what a customer account contains or whether it is a paid subscription.,"Customer profile contact and order details, and the absence of a paid-subscription requirement, remain untested.",accept,,,,,
BR-002,3,observed_partial,EV-03-SCEN-BR-002-78-01,"The product listing assigns categories to existing products and shows a category field in the add-product form, establishing category use in product management.","Category-based navigation was not demonstrated, and the evidence does not show whether categories are distinct from product variations.",accept,,,,,
BR-003,3,not_observable,EV-03-SCEN-BR-003-79-01,None of the required integration limits was observed. The response shows only that basic store information was saved.,The number of payment gateway and shipping carrier integrations in the initial release was not observed.,accept,,,,,
BR-004,3,not_observable,EV-03-SCEN-BR-004-80-01,"None of the required behaviour was established. The recorded setup page shows basic store-information fields, but does not show whether the store can manage stock inside GAMMA-J or whether a full inventory integration is required.",Stock-management capability and the initial release's integration requirement were not exercised.,accept,,,,,
BR-005,3,not_observable,EV-03-SCEN-BR-005-81-01,"The notification labels a payment failure as 'high' priority, but this does not establish that payment failures receive the highest priority. No complete required obligation is established.","The evidence does not show the priority scale, an explicit highest-priority policy, or a comparison with other issues.",accept,,,,,
BR-006,3,not_observable,EV-03-SCEN-BR-006-82-01,"None of the required shipping-priority behavior was established. The notifications page shows a high-priority payment issue, but no shipping issues or minor shipping delays.",The relative priority of missed dispatches or bad addresses versus minor shipping delays was not observed.,accept,,,,,
BR-007,3,not_observable,EV-03-SCEN-BR-007-83-01,"None of the required manual-override behaviour was observed. The recorded request submitted a checkout order, not a manual override.","No manual override was attempted or saved, so the evidence does not show whether staff identity and a reason are required before saving.",accept,,,,,
BR-008,3,not_observable,EV-03-SCEN-BR-008-84-01,"No required change-tracking behaviour was established. The log shows a timestamped order creation attributed to the system, but no observed change to an existing order or product.","Whether the system shows who changed an order or product, and when, remains untested.",accept,,,,,
BR-009,3,not_observable,EV-03-SCEN-BR-009-85-01,"The import response reports two products imported, but the recorded rows do not test a duplicate. None of the required duplicate-detection comparisons is established.","Duplicate detection by product name, SKU, or barcode when available remains untested.",accept,,,,,
BR-010,3,not_observable,EV-03-SCEN-BR-010-86-01,"None of the required highlighting behaviours was exercised. The submitted rows had prices, names, a category, and numeric stock quantities; the response reported no items needing attention.","Highlighting of missing prices, inconsistent product names, wrong categories, and unclear stock quantities remains untested.",accept,,,,,
BR-011,3,observed_partial,EV-03-SCEN-BR-011-87-01,"The checkout response did not submit an order when customer name and shipping address were blank; it instead requested customer, shipping, and valid payment information. This establishes rejection of the recorded incomplete-information case.","Because multiple fields were deficient in one request, the evidence does not establish that customer, shipping, and payment information are each checked independently, or that payment information is checked before submission.",accept,,,,,
BR-012,3,observed_partial,EV-03-SCEN-BR-012-88-01,"An order was submitted using only a customer name, shipping address, and payment reference, demonstrating checkout with data relevant to the order.",The evidence does not show what customer data is collected for accounts or through other collection paths.,accept,,,,,
DI-001,3,observed_satisfied,EV-03-SCEN-DI-001-89-01,"The product import interface accepted two CSV rows of product data and reported that both were imported. CSV provides a spreadsheet-compatible import format, satisfying the stated requirement.",,accept,,,,,
DI-002,3,not_observable,EV-03-SCEN-DI-002-90-01,"No complete obligation was established. Checkout accepted a payment reference and displayed “Payment received,” but the response does not identify or demonstrate a mainstream payment gateway.",Whether the initial release supports any mainstream payment gateway remains untested.,accept,,,,,
DI-003,3,not_observable,EV-03-SCEN-DI-003-91-01,"The orders page displayed an order, but no shipping carrier interaction was observed. No required part of basic shipping carrier integration was established or refuted.",Carrier integration was not exercised or otherwise shown.,accept,,,,,
DI-004,3,observed_satisfied,EV-03-SCEN-DI-004-92-01,"The running system served a standard HTML page over HTTP, with navigation links and a form suitable for use in a standard browser.",The page was fetched by an HTTP client rather than rendered in a browser.,accept,,,,,
QR-001,3,observed_partial,EV-03-SCEN-QR-001-93-01,"The cart response shows a straightforward interface with text navigation, a product-and-quantity table, a product selector, and an Add button. This is positive evidence of a simple interface on the observed page.",Only the cart page was observed; the simplicity of the rest of the system for users with limited technical experience remains untested.,accept,,,,,
QR-002,3,observed_unsatisfied,EV-03-SCEN-QR-002-94-01,"The complete Products page shows an Add product operation with a SKU field, but provides no plain-language explanation of the operation or technical term, brief tip, or short help text. No required part is positively established on this page.",Help text on other pages and operations was not observed.,accept,,,,,
QR-003,3,observed_partial,EV-03-SCEN-QR-003-95-01,"The setup page guides the user through an initial step labeled “Step 1 of 4: Basic store information,” with labeled fields and a Save button.","No submission or later setup step was observed, so progression through the step-by-step process remains untested.",accept,,,,,
QR-004,3,observed_unsatisfied,EV-03-SCEN-QR-004-96-01,"The import page presents CSV entry and category entry together in one form, violating the requirement to present one decision at a time. No complete required obligation is positively established.",The recorded response does not establish whether users find the page overwhelming or how any later import steps are presented.,accept,,,,,
QR-005,3,observed_satisfied,EV-03-SCEN-QR-005-97-01,"The import page gives a practical CSV-format instruction and reports the result in calm, reassuring terms: “Ready: 2 | Needs attention: 0 | Imported: 2.”",,accept,,,,,
QR-006,3,observed_partial,EV-03-SCEN-QR-006-98-01,"The captured Products page uses limited color and presents navigation, table headings, and form placeholders as text labels. Its HTML contains no alarms or popups.","Other interface pages and actual feedback messages were not observed, so the interface-wide balance between inline messages and popups remains untested.",accept,,,,,
QR-007,3,not_observable,EV-03-SCEN-QR-007-99-01,"A single product-browsing request returned a catalog, but no required responsiveness obligation was established under normal growth or seasonal spikes.","No response-time or load observations cover browsing, cart checkout, order processing, or product updates under either growth condition.",accept,,,,,
QR-008,3,not_observable,EV-03-SCEN-QR-008-100-01,"None of the required saving behaviour is established. The checkout response says the order was submitted, but does not show that a change was saved.",No readback or other observation confirms persistence or reliability of saved changes.,accept,,,,,
QR-009,3,not_observable,EV-03-SCEN-QR-009-101-01,"The response shows an order in a listing, but no increased activity was exercised. No complete required behaviour was established.",Whether orders or updates are retained when activity increases remains untested.,accept,,,,,
QR-010,3,observed_unsatisfied,EV-03-SCEN-QR-010-102-01,The captured import page shows the initial import form but no progress bar or progress indicator and no current step label. Neither required display element is shown on this recorded wizard page.,Later import steps were not observed.,accept,,,,,
QR-011,3,observed_partial,EV-03-SCEN-QR-011-103-01,"The captured import page shows a clear single-page layout: a heading, CSV instructions, input fields, and a submit button.","Only one page was captured, so predictable progression and consistent button positions and terminology across the import wizard remain untested.",accept,,,,,
QR-012,3,not_observable,EV-03-SCEN-QR-012-104-01,"The recorded request imported two products, but it showed no import suggestions. Neither optional automation nor an override of a suggestion was exercised.",Whether users can disable automation or override suggestions remains untested.,accept,,,,,
QR-013,3,observed_partial,EV-03-SCEN-QR-013-105-01,"The import response shows progress feedback and clear counts: Ready: 2, Needs attention: 0, and Imported: 2.",The recorded form and response do not establish that the import process is shown in small steps.,accept,,,,,
EX-001,3,observed_partial,EV-03-SCEN-EX-001-106-01,"The checkout response to a payment marked as failed clearly tells the customer, “Payment failed, order remains unpaid.” This establishes the customer-message obligation.",No order record or staff-facing view was captured to verify that the order actually remained unpaid and visible to staff.,accept,,,,,
EX-002,3,not_observable,EV-03-SCEN-EX-002-107-01,"No required obligation was observed. The orders page shows a failed payment, not a delayed or failed shipping update.","Neither shipping-update condition was exercised, so a staff alert and a customer-facing status update remain untested.",accept,,,,,
EX-003,3,not_observable,EV-03-SCEN-EX-003-108-01,"No required obligation was exercised. The recorded checkout reports a payment failure and an unpaid order, not a manual override.","No manual override or resulting record was observed, so the required staff member, reason, original error, action, and time cannot be assessed.",accept,,,,,
EX-004,3,not_observable,EV-03-SCEN-EX-004-109-01,"No required obligation was exercised. The recorded import completed with two items imported and none needing attention, so it did not show an import problem that blocked completion.",It remains unknown whether a blocking import problem would be shown next to the affected row or field with a simple explanation and suggested fix.,accept,,,,,
EX-005,3,observed_satisfied,EV-03-SCEN-EX-005-110-01,"The checkout submission with blank customer name and address and payment reference 12 returned the checkout page with its form and a message identifying the customer name, shipping address, and valid payment reference as the items to correct. Both required responses to this validation failure were observed.",,accept,,,,,
FR-001,4,observed_satisfied,EV-04-SCEN-FR-001-06-01,"The public browse page displayed available products with names, prices, and stock, satisfying the product-browsing requirement.",,accept,,,,,
FR-002,4,not_observable,EV-04-SCEN-FR-002-07-01,"None of the required cart-maintenance behavior was established. The remove request redirected to an empty cart, but the evidence does not show that an item was present before the request.","Removal of an existing item, adding an item, and changing existing cart contents remain untested.",accept,,,,,
FR-003,4,not_observable,EV-04-SCEN-FR-003-08-01,"No order-placement capability was established or refuted. The checkout request returned an empty-cart message, so it did not exercise placing an order.",Checkout with items in the cart and a completed order outcome were not observed.,accept,,,,,
FR-004,4,observed_partial,EV-04-SCEN-FR-004-09-01,"The product availability toggle completed and redirected to a staff listing showing Demo Tea as unavailable, supporting a product-update capability. The complete request used no acting-role protocol, so it demonstrates public availability of that operation rather than owner-specific permission.","Product addition was not tested. The product’s availability before the toggle was not recorded, so the change of value was not independently verified.",accept,,,,,
FR-005,4,not_observable,EV-04-SCEN-FR-005-10-01,No observation was recorded for the scenarios of this requirement.,"The existing GET / only opens a generic page or health endpoint; no scenario-specific setup or target interaction was defined. Missing observation: The system displays the selected customer account details for review, including the stored account information available to the owner. The target action was not executed; this is an observation limitation, not a software failure.",accept,,,,,
FR-006,4,not_observable,EV-04-SCEN-FR-006-11-01,"The staff dashboard displayed an Orders table, but it contained no orders. No review of an incoming order was observed.",Whether store owners can review incoming orders remains untested.,accept,,,,,
FR-007,4,not_observable,EV-04-SCEN-FR-007-12-01,"The recorded toggle request redirected to a staff dashboard showing product 1 as unavailable. The complete request used no authentication or acting-role protocol, so the demonstrated operation was publicly available and could be used by sales staff.","No prior availability value was captured, so the evidence does not establish that the toggle changed the product’s availability rather than leaving it unchanged.",accept,,,,,
FR-008,4,not_observable,EV-04-SCEN-FR-008-13-01,"The staff dashboard loaded, but no order entry or correction was attempted or observed. No required obligation was established.",Sales staff's ability to enter and correct orders remains untested.,accept,,,,,
FR-009,4,observed_partial,EV-04-SCEN-FR-009-14-01,"The setup page provides new sellers with numbered guidance and a form for entering store information, establishing a guided setup entry point. The evidence does not establish that the seller can progress through the setup flow.",Form submission and progression beyond the displayed page were not exercised.,accept,,,,,
FR-010,4,observed_satisfied,EV-04-SCEN-FR-010-15-01,"The recorded setup action submits basic store information—name, currency, and categories—and the resulting page displays the store name and reports setup complete.","The initial setup page was not captured, so the order of any setup screens is unknown.",accept,,,,,
FR-011,4,not_observable,EV-04-SCEN-FR-011-16-01,"None of the required additions is established. The setup request submitted category names, but the response does not show that categories were added. The product and customer counts do not show additions made through this setup flow.","Adding categories, products, and customer account settings through the setup flow remains untested.",accept,,,,,
FR-012,4,observed_satisfied,EV-04-SCEN-FR-012-17-01,"The setup page provides simple step-by-step prompts and labeled fields. It also shows concrete examples, including a demo store name, USD as a currency value, and “Shoes, Accessories” as a category placeholder.",,accept,,,,,
FR-013,4,observed_satisfied,EV-04-SCEN-FR-013-18-01,Submitting setup with an empty store name immediately returned a response flagging the incomplete entry: “Please enter a store name.”,,accept,,,,,
FR-014,4,observed_satisfied,EV-04-SCEN-FR-014-19-01,"Submitting setup with an empty store name produced the plain-language, actionable message “Please enter a store name.” This explains the observed setup mistake and how to correct it.",Only the empty-name mistake was tested; the evidence does not show whether other setup mistakes receive clear explanations.,accept,,,,,
FR-015,4,not_observable,EV-04-SCEN-FR-015-20-01,"The change-log page was reachable, but showed no entries. No required obligation was established: no order or product edit was recorded, so the response does not show whether either type of edit is logged.",Change-log entries for edits to orders and products remain untested.,accept,,,,,
FR-016,4,not_observable,EV-04-SCEN-FR-016-21-01,"The notifications page loaded and displayed “No notifications yet,” but no notification for a stock change, cancelled order, or customer account edit was observed. None of the required update-notification branches was established.","No stock change, order cancellation, or customer account edit was recorded, so notification behaviour for those updates remains untested.",accept,,,,,
FR-017,4,not_observable,EV-04-SCEN-FR-017-22-01,"The notifications page showed only an empty-state message. No brief tip or plain-language summary was observed, so no required obligation was established.",Tips and summaries for logs and for populated notifications were not exercised.,accept,,,,,
FR-018,4,not_observable,EV-04-SCEN-FR-018-23-01,The observed page provides store-setup guidance. None of the required onboarding walkthrough content—where to find recent changes or what notifications mean—was observed.,Only the setup page was captured; the evidence does not establish whether the required walkthrough is available elsewhere.,accept,,,,,
FR-019,4,not_observable,EV-04-SCEN-FR-019-24-01,"No required payment-processing obligation was established. The checkout request specified card payment, but the response stopped at an empty-cart message; it did not show a payment attempt or result.",Payment processing through a mainstream gateway remains untested.,accept,,,,,
FR-020,4,not_observable,EV-04-SCEN-FR-020-25-01,"No shipping carrier integration was demonstrated. The request to /staff/ship/1 redirected to the staff dashboard, whose orders table was empty.","No existing order or carrier interaction was observed, so support for basic shipping carrier integration remains untested.",accept,,,,,
FR-021,4,not_observable,EV-04-SCEN-FR-021-26-01,"No required obligation was established. The staff dashboard loaded, but its orders table was empty, so it did not show an order remaining unpaid after a payment failure.","No order with a recorded payment failure was observed, so staff visibility of its unpaid status remains untested.",accept,,,,,
FR-022,4,not_observable,EV-04-SCEN-FR-022-27-01,No required obligation was established. The request redirected to a staff dashboard showing no orders; it did not show a failed payment or a customer retrying payment or changing methods.,Customer payment retry and use of a different payment method after a payment failure remain untested.,accept,,,,,
FR-023,4,not_observable,EV-04-SCEN-FR-023-28-01,No required alert behavior was established. The request redirected to a staff dashboard showing no unresolved issues and no orders; it did not show a delayed or failed shipping update.,Whether the system alerts store staff when shipping updates are delayed or fail remains untested.,accept,,,,,
FR-024,4,not_observable,EV-04-SCEN-FR-024-29-01,No required override or retry capability was established. The request redirected to a staff dashboard showing no unresolved issues or orders.,"No payment or shipping issue, associated order, or staff override or retry outcome was observed.",accept,,,,,
FR-025,4,not_observable,EV-04-SCEN-FR-025-30-01,No required obligation was established. The request redirected to a staff dashboard showing no orders; it did not show a manual override or retry being used or recorded.,Whether the system records the user and reason when a manual override or retry is used remains untested.,accept,,,,,
FR-026,4,not_observable,EV-04-SCEN-FR-026-31-01,"The notifications page loaded and showed no notifications. Neither a payment error nor a shipping error was observed, so no required alert behavior was established.",In-app alerts for payment errors and shipping errors remain untested.,accept,,,,,
FR-027,4,not_observable,EV-04-SCEN-FR-027-32-01,"The notifications page loaded and showed no notifications, but this establishes neither required email-notification branch. No serious issue or issue unresolved too long was observed.",Email notification behavior for serious and long-unresolved issues was not exercised; the empty page does not show whether such emails would be sent.,accept,,,,,
FR-028,4,observed_satisfied,EV-04-SCEN-FR-028-33-01,"The staff dashboard displays an 'Unresolved issues' indicator with the current state, 'No unresolved issues.'",The indicator was not observed when an unresolved issue existed.,accept,,,,,
FR-029,4,not_observable,EV-04-SCEN-FR-029-34-01,"No prioritization was observed. The staff page says payment failures are highest priority, but it shows no unresolved issues to compare.",The ordering of a payment failure and a shipping issue remains untested.,accept,,,,,
FR-030,4,observed_satisfied,EV-04-SCEN-FR-030-35-01,The checkout request with missing and invalid fields returned field-specific validation errors and the checkout form rather than an order confirmation. This demonstrates basic validation before order submission.,Only one invalid checkout request was observed; no order-record readback was captured.,accept,,,,,
FR-031,4,observed_satisfied,EV-04-SCEN-FR-031-36-01,"The checkout response identifies the empty shipping address as required and the supplied payment value as incomplete or invalid, showing both stated validation checks during order submission.",,accept,,,,,
FR-032,4,observed_satisfied,EV-04-SCEN-FR-032-37-01,"The checkout response identifies errors in the supplied customer, shipping, and payment information and returns the form rather than an order confirmation. It explicitly states that validation happens before submission, covering all three required information categories.",,accept,,,,,
FR-033,4,observed_satisfied,EV-04-SCEN-FR-033-38-01,"The response to the completed checkout form displays specific validation feedback for the missing name, invalid email, missing address, invalid payment details, and missing shipping method. This establishes feedback immediately after form completion.",,accept,,,,,
FR-034,4,observed_satisfied,EV-04-SCEN-FR-034-39-01,"The invalid order submission returned the Checkout page with validation errors and the checkout form available for correction, rather than sending the customer to another screen.",,accept,,,,,
FR-035,4,observed_satisfied,EV-04-SCEN-FR-035-40-01,The system accepted CSV-formatted product data through its import endpoint and reported that two products were successfully imported.,,accept,,,,,
FR-036,4,observed_satisfied,EV-04-SCEN-FR-036-41-01,"The system accepted CSV product data and reported the import complete, with two rows succeeded and one skipped. This establishes CSV import support for product data.",,accept,,,,,
FR-037,4,observed_unsatisfied,EV-04-SCEN-FR-037-42-01,"The CSV submission immediately returned “Import complete,” with two rows succeeded and one skipped. The recorded flow did not provide field mapping or a preview before committing the imported data. No complete required obligation is positively established.",The response does not show why the row was skipped or establish pre-commit validation. Product file upload was not exercised; the request submitted pasted CSV text.,accept,,,,,
FR-038,4,not_observable,EV-04-SCEN-FR-038-43-01,"The response reports an import with one item needing attention, but no correction was attempted or observed. No complete required obligation was established.",Whether a user can correct that issue without restarting the whole import remains untested.,accept,,,,,
FR-039,4,observed_partial,EV-04-SCEN-FR-039-44-01,"The post-import page shows a clear completion summary with counts for succeeded, skipped, and needs-attention results. It does not identify which imported records had each outcome.",The response gives no record-level details for the skipped item or the item needing attention.,accept,,,,,
FR-040,4,observed_unsatisfied,EV-04-SCEN-FR-040-45-01,"The import submitted a row with a missing price. The response reported one skipped row and one needing attention, but displayed an import-complete page with only a CSV-entry form—not a review screen where the problem field could be fixed inline. The required inline-fix capability was not provided in this exercised import flow.",Other import flows were not tested.,accept,,,,,
FR-041,4,not_observable,EV-04-SCEN-FR-041-46-01,"None of the required duplicate-handling behavior was established. The import returned summary counts, but the evidence does not show an existing matching record, a duplicate comparison, or a user choice.","Comparison of potential duplicates and the ability to keep, merge, or skip matching records remain untested.",accept,,,,,
FR-042,4,observed_unsatisfied,EV-04-SCEN-FR-042-47-01,"The submitted CSV contained missing values, but the response reported “Import complete” with two records succeeded and one skipped. The import finalized without presenting a review screen where the user could resolve the missing data, violating the required pre-finalization review.",,accept,,,,,
FR-043,4,observed_unsatisfied,EV-04-SCEN-FR-043-48-01,"The captured import page presents a single CSV textarea and an “Import CSV” button. It provides neither small guided steps nor a progress indicator, so the observed import interface does not meet the requirement.",No form submission or subsequent import screen was captured.,accept,,,,,
FR-044,4,not_observable,EV-04-SCEN-FR-044-49-01,No required obligation was established. The recorded request submitted CSV data and received an import-complete response; it did not exercise column mapping.,Whether the wizard shows a live preview after column mapping remains untested.,accept,,,,,
FR-045,4,observed_unsatisfied,EV-04-SCEN-FR-045-50-01,"The submitted CSV includes a row with a missing price. The complete import response reports one item needing attention, but does not show or highlight the affected row or field, or explain the issue in plain language. Neither required output is met.",,accept,,,,,
FR-046,4,observed_unsatisfied,EV-04-SCEN-FR-046-51-01,"The import result reports one item needing attention, but its complete response provides only an Import CSV button. No action to fix, ignore, or apply a suggested correction is available for that issue; none of the required actions is established.",No separate issue-detail view or follow-up action was recorded.,accept,,,,,
FR-047,4,observed_partial,EV-04-SCEN-FR-047-52-01,"The import response shows a count of 1 item needing attention. It reports 2 items as succeeded after import, not as ready to import.",A ready-item count in the import wizard was not observed.,accept,,,,,
FR-048,4,not_observable,EV-04-SCEN-FR-048-53-01,"The import page loaded, but no complete obligation was exercised: the evidence does not show a user reaching a later wizard step or going back to a previous one.",No wizard progression or back-navigation attempt was recorded.,accept,,,,,
FR-049,4,not_observable,EV-04-SCEN-FR-049-54-01,"None of the required suggestion types is established. The recorded response confirms a product import, but shows no category, unit-of-measure, brand, or cleaner-title suggestions.",The evidence does not establish whether optional suggestions are available elsewhere in the import workflow.,accept,,,,,
FR-050,4,not_observable,EV-04-SCEN-FR-050-55-01,"None of the required actions was observed. The response reports an import result but shows no suggestion being accepted, edited, or rejected.","The ability to accept, edit, and reject import suggestions remains untested.",accept,,,,,
FR-051,4,not_observable,EV-04-SCEN-FR-051-56-01,"No category-suggestion obligation was established. The import supplied explicit categories, and its response reported only import counts, not suggested categories.",The evidence does not show how the system responds when a product name or description permits a confident category inference.,accept,,,,,
FR-052,4,not_observable,EV-04-SCEN-FR-052-57-01,"None of the required prompting behavior was established. The import response reports one item needing attention but does not identify a missing short description, image, or other detail that would improve the storefront.",The evidence does not show whether the system prompts for missing storefront-improving product details.,accept,,,,,
FR-053,4,not_observable,EV-04-SCEN-FR-053-58-01,"The recorded import completed, but its CSV contained no units or misspelled common terms. Neither optional helper was exercised; no required obligation was established.","Unit auto-detection, spelling normalization, and their availability as optional import helpers remain untested.",accept,,,,,
FR-054,4,not_observable,EV-04-SCEN-FR-054-59-01,"No required branch is established. The response reports an import summary, but does not show whether import suggestions were generated, presented for review, or applied automatically.",Suggestion presentation and any suggestion-driven changes were not observed.,accept,,,,,
FR-055,4,observed_partial,EV-04-SCEN-FR-055-60-01,"The import response uses plain messages, including “Import complete” and “Needs attention: 1.”","The captured page shows no step indicators. Its “Succeeded: 2” and “Needs attention: 1” counts describe completed outcomes, not items ready versus items needing review during import.",accept,,,,,
FR-056,4,not_observable,EV-04-SCEN-FR-056-61-01,No complete obligation was established. The import response reports two successful rows but does not show whether their requested category was assigned.,Category assignment during import was not verified by a product response or readback. Category assignment during normal product management was not exercised.,accept,,,,,
FR-057,4,not_observable,EV-04-SCEN-FR-057-62-01,No required behaviour was observed. The recorded request toggled product availability and displayed a staff dashboard; it did not show product variations or their distinction from categories.,Support for product variations distinct from categories remains untested.,accept,,,,,
FR-058,4,observed_satisfied,EV-04-SCEN-FR-058-63-01,"The browse endpoint returned a browser-compatible HTML page with simple navigation, a product table, and add-to-cart links. This establishes the required simple browser-based web interface.",,accept,,,,,
FR-059,4,observed_partial,EV-04-SCEN-FR-059-64-01,"The browse page was served over HTTP as standard HTML with ordinary links, supporting use of that part of the system in a standard browser without special client software.","No browser interaction or use of the other linked parts of the system was recorded, so system-wide usability remains untested.",accept,,,,,
FR-060,4,observed_partial,EV-04-SCEN-FR-060-65-01,"The captured home page uses a simple layout and plain-language labels, supporting the interface-simplicity obligation. Its tip points users to Setup, but does not show guidance within the setup process.","The setup page and the steps a user would follow during setup were not captured, so guided setup for users with limited technical experience remains untested.",accept,,,,,
FR-061,4,not_observable,EV-04-SCEN-FR-061-66-01,"No required notice behavior was observed. The shipping request redirected to a staff dashboard showing no orders; it did not exercise order confirmation, refund, or cancellation.",Automatic customer order-confirmation and refund or cancellation notices remain untested.,accept,,,,,
FR-062,4,not_observable,EV-04-SCEN-FR-062-67-01,"The empty cart displayed a total of 0.00, but no product or purchase pricing was shown. No complete obligation to provide clear pricing information was established.",Pricing for a product or a populated cart was not observed.,accept,,,,,
FR-063,4,not_observable,EV-04-SCEN-FR-063-68-01,"The checkout form displays fields relevant to an order, but no customer-data collection was observed. No complete required obligation was established.","No submission or account-data collection was recorded, so whether the system collects only needed customer data remains unknown.",accept,,,,,
FR-064,4,observed_unsatisfied,EV-04-SCEN-FR-064-69-01,"The captured checkout form contains no consent or privacy notice, violating the checkout obligation. No required obligation is shown as met.",Signup was not observed.,accept,,,,,
FR-065,4,not_observable,EV-04-SCEN-FR-065-70-01,"The logs page displayed “No logs yet.” No edit or resulting log entry was observed, so none of the required logging obligations was established or refuted.","Logging of edits to customer records, prices, orders, and payments remains untested.",accept,,,,,
FR-066,4,observed_partial,EV-04-SCEN-FR-066-71-01,"The availability-toggle request completed, and the resulting staff dashboard showed item 1 as unavailable. This supports the ability to mark an item unavailable.","No sale or restock was recorded, so availability updates after either event remain untested.",accept,,,,,
FR-067,4,not_observable,EV-04-SCEN-FR-067-72-01,"The browse page returned successfully, but no complete required obligation was established: the evidence does not show whether browsing remains responsive during normal growth or seasonal spikes.","Cart updates and order entry were not exercised, and no response-time or growth-and-spike observations were recorded.",accept,,,,,
FR-068,4,not_observable,EV-04-SCEN-FR-068-73-01,"None of the required responsiveness behaviours was established during higher activity. The captured browse request returned HTTP 200, but the evidence shows neither higher activity nor a response-time measurement.","Page loads, browsing, cart checkout, staff order processing, and product updates remain untested for responsiveness during higher activity.",accept,,,,,
FR-069,4,not_observable,EV-04-SCEN-FR-069-74-01,"The setup request was followed by a page displaying GAMMA-J Store, but this does not establish that a new store was added as a distinct store. No complete required obligation was established.",The evidence does not show multiple stores or whether adding one leaves the others unaffected.,accept,,,,,
FR-070,4,not_observable,EV-04-SCEN-FR-070-75-01,"No required obligation was exercised. Checkout reported an empty cart, so no order was placed or change saved.",The evidence does not test whether orders or updates persist reliably when activity increases.,accept,,,,,
FR-071,4,not_observable,EV-04-SCEN-FR-071-76-01,"The staff page displays stock quantities, and a toggle-availability request redirects back to it. Neither observation establishes that the store can manage stock quantities inside GAMMA-J. No required stock-management capability is positively or negatively established.","The record does not establish whether a full inventory integration is absent, or show a stock change and its resulting quantity.",accept,,,,,
BR-001,4,not_observable,EV-04-SCEN-BR-001-77-01,No observation was recorded for the scenarios of this requirement.,"The existing GET / only opens a generic page or health endpoint; no scenario-specific setup or target interaction was defined. Missing observation: The account is displayed as a customer profile containing contact and order information, and it is not labeled or treated as a paid subscription. The target action was not executed; this is an observation limitation, not a software failure.",accept,,,,,
BR-002,4,not_observable,EV-04-SCEN-BR-002-78-01,"The browse page shows a category label for each product, but this alone establishes none of the required uses or distinctions.","Category-based organization for navigation and management, and the distinction between categories and product variations, remain untested.",accept,,,,,
BR-003,4,not_observable,EV-04-SCEN-BR-003-79-01,No required integration limit was established. The setup response shows a completed store setup but does not identify any payment gateway or shipping carrier integrations.,The number of payment gateway and shipping carrier integrations in the initial release remains unknown.,accept,,,,,
BR-004,4,not_observable,EV-04-SCEN-BR-004-80-01,None of the required behavior was established. The setup page mentions adding products but does not show stock management inside GAMMA-J or whether a full inventory integration is required.,Internal stock management and the initial release's inventory-integration requirement remain untested.,accept,,,,,
BR-005,4,not_observable,EV-04-SCEN-BR-005-81-01,"None of the required prioritization behaviour was observed. The staff dashboard states that payment failures are highest priority, but shows no unresolved issues to demonstrate how they are treated.","No payment failure or competing issue was observed, so their relative priority cannot be assessed.",accept,,,,,
BR-006,4,not_observable,EV-04-SCEN-BR-006-82-01,None of the required prioritization behaviour was observed. The staff dashboard reported no unresolved issues.,"No missed dispatch, bad address, or minor shipping delay was present to show how their priorities compare.",accept,,,,,
BR-007,4,not_observable,EV-04-SCEN-BR-007-83-01,"No manual override was observed being saved or rejected. The request to /staff/pay/1 redirected to the staff dashboard, which showed no orders.",The evidence does not test whether a manual override requires both the staff member’s identity and a reason before saving.,accept,,,,,
BR-008,4,not_observable,EV-04-SCEN-BR-008-84-01,"None of the required change-log behaviour was established. The logs page showed no entries, and no order or product change was recorded.",Whether the system shows who changed an order or product and when remains untested.,accept,,,,,
BR-009,4,not_observable,EV-04-SCEN-BR-009-85-01,"None of the required duplicate-detection behaviour was established. The import response reports two succeeded and one skipped, but does not identify a duplicate or show a comparison by product name, SKU, or barcode.",No recorded import establishes a match against an existing product by any of the stated identifiers.,accept,,,,,
BR-010,4,not_observable,EV-04-SCEN-BR-010-86-01,"None of the required issue types is shown as highlighted. The import reports one item needing attention, but does not identify the item or the problem.","The response does not show whether missing prices, inconsistent product names, wrong categories, or unclear stock quantities are highlighted during cleanup.",accept,,,,,
BR-011,4,observed_satisfied,EV-04-SCEN-BR-011-87-01,"The checkout response identifies invalid customer, shipping, and payment information separately, displays validation errors, and returns the checkout form rather than an order confirmation. This establishes that all three checks blocked the recorded submission.",,accept,,,,,
BR-012,4,not_observable,EV-04-SCEN-BR-012-88-01,"No required behaviour was established. The checkout response said the cart was empty, so it did not show what customer data the system collects or whether collection can be limited.",The ability to limit customer data collection to what is needed for the order and account remains untested.,accept,,,,,
DI-001,4,observed_satisfied,EV-04-SCEN-DI-001-89-01,"The product import interface accepted CSV-formatted spreadsheet data and reported two products successfully imported, satisfying the stated import capability.",,accept,,,,,
DI-002,4,not_observable,EV-04-SCEN-DI-002-90-01,"No payment-gateway support was established. The checkout request named card as the desired payment method, but the response said the cart was empty; it showed no payment operation or result.","Gateway selection and payment processing were not reached, so support for a mainstream payment gateway remains unknown.",accept,,,,,
DI-003,4,not_observable,EV-04-SCEN-DI-003-91-01,No shipping carrier integration was observed. The request redirected to a staff dashboard with no orders; it did not show a carrier exchange or shipping result.,Basic shipping carrier integration remains untested.,accept,,,,,
DI-004,4,observed_satisfied,EV-04-SCEN-DI-004-92-01,"The system served a navigable HTML interface over HTTP, using standard browser elements such as links and a table. This supports the required standard-browser runtime interface.","The capture used an HTTP client rather than an interactive browser, so browser interaction was not directly observed.",accept,,,,,
QR-001,4,observed_satisfied,EV-04-SCEN-QR-001-93-01,"The recorded cart page presents a straightforward interface with labeled product, quantity, subtotal, total, and Remove control. This supports simplicity for the observed cart interaction.",Other parts of the interface and use by people with limited technical experience were not observed.,accept,,,,,
QR-002,4,not_observable,EV-04-SCEN-QR-002-94-01,"None of the required explanatory text, tips, or help text is established by the captured browse page; its headings and action labels are not explanations.",Only the browse page was captured. The evidence does not show whether the system provides the required guidance elsewhere or for technical concepts.,accept,,,,,
QR-003,4,observed_partial,EV-04-SCEN-QR-003-95-01,The setup page provides guidance through labeled fields and descriptions of three numbered steps.,Only the initial page was observed. The evidence does not show users progressing through the steps or completing a step-by-step setup process.,accept,,,,,
QR-004,4,observed_partial,EV-04-SCEN-QR-004-96-01,"The captured import screen presents one CSV input and one submission action, with brief guidance. That supports a focused initial step rather than multiple simultaneous decisions.","No subsequent wizard steps were observed, so the evidence does not establish that the wizard continues to present one decision at a time or avoids overwhelming users throughout.",accept,,,,,
QR-005,4,observed_satisfied,EV-04-SCEN-QR-005-97-01,"The observed import page uses calm, practical language: it confirms completion, reports succeeded and skipped counts, and labels an issue as “Needs attention” without alarmist wording. Its CSV instruction is straightforward.",Messages in other import states were not observed.,accept,,,,,
QR-006,4,observed_partial,EV-04-SCEN-QR-006-98-01,"The captured browse page uses a restrained color scheme and text labels for navigation, product fields, and actions. This positively establishes those presentation choices on the observed page.","Other interface pages and interactions were not observed, so the evidence does not establish whether inline messages are favored over alarms or popups across the interface.",accept,,,,,
QR-007,4,not_observable,EV-04-SCEN-QR-007-99-01,"A single browse request returned HTTP 200, but no required responsiveness obligation under normal growth or seasonal spikes was established.","No response-time or load observations were recorded for browsing, cart checkout, order processing, or product updates under normal growth or seasonal spikes.",accept,,,,,
QR-008,4,not_observable,EV-04-SCEN-QR-008-100-01,"No required saving behaviour was established: the checkout response said the cart was empty, so the recorded request did not demonstrate a change being saved.",No successful change or subsequent readback was recorded to assess whether changes are saved reliably.,accept,,,,,
QR-009,4,not_observable,EV-04-SCEN-QR-009-101-01,None of the required behavior was exercised. The recorded request only retrieved the staff dashboard; it did not submit or track any orders or updates.,"No increased activity or order/update retention was tested, so whether orders or updates are dropped is unknown.",accept,,,,,
QR-010,4,observed_unsatisfied,EV-04-SCEN-QR-010-102-01,The captured Product import page shows a CSV form but no progress bar or progress indicator and no current step label. Neither required display element is met on the observed import page.,No post-submission or later import screen was observed.,accept,,,,,
QR-011,4,observed_partial,EV-04-SCEN-QR-011-103-01,"The initial import page has a clear layout: a heading, CSV instructions, a text area, and a labelled Import CSV button.","Only one wizard view and one button were captured, so predictable layout and consistent button positions and terminology across the wizard remain untested.",accept,,,,,
QR-012,4,not_observable,EV-04-SCEN-QR-012-104-01,"The recorded CSV import completed, but no import suggestions or user controls for them were shown. Neither required obligation was established.",Whether automation is optional during import suggestions and whether users can override suggestions remain untested.,accept,,,,,
QR-013,4,observed_partial,EV-04-SCEN-QR-013-105-01,"The import response clearly shows that 1 item needs attention, alongside succeeded and skipped counts. It also reports that the import is complete.",The captured interface does not show small steps or progress feedback during the import; a completion message alone does not establish those behaviours.,accept,,,,,
EX-001,4,not_observable,EV-04-SCEN-EX-001-106-01,"No required obligation was exercised. The staff dashboard showed no orders, and the record contains no failed payment.",The customer-facing failure message and whether a failed-payment order remains unpaid and visible to staff are untested.,accept,,,,,
EX-002,4,not_observable,EV-04-SCEN-EX-002-107-01,"No required obligation was established. The request redirected to a staff dashboard, but the record does not establish a delayed or failed shipping update or show an alert or customer-facing status update.",Staff alerting and the customer's simple status update remain untested under the required shipping-update condition.,accept,,,,,
EX-003,4,not_observable,EV-04-SCEN-EX-003-108-01,No required obligation was observed. The request redirected to a staff dashboard showing no orders or unresolved issues; it did not demonstrate a manual override.,"Whether a used manual override records the staff member, reason, original error, action taken, and time remains untested.",accept,,,,,
EX-004,4,observed_unsatisfied,EV-04-SCEN-EX-004-109-01,"The import skipped one row and reported that one needs attention, but the response showed only summary counts. It did not identify the affected row or field, explain the problem, or suggest a fix.",,accept,,,,,
EX-005,4,observed_satisfied,EV-04-SCEN-EX-005-110-01,"The invalid order submission returned the checkout page with specific messages identifying each field to correct: name, email, shipping address, payment details, and shipping method.",,accept,,,,,
FR-001,5,not_observable,EV-05-SCEN-FR-001-06-01,"The public Products page loaded, but its product list was empty. No browsing of an available product was observed, so no complete required behaviour was established.",The evidence does not show how the page presents products when products are available.,accept,,,,,
FR-002,5,not_observable,EV-05-SCEN-FR-002-07-01,No shopping-cart obligation was exercised. The recorded response shows only an empty products page.,Adding an item to a cart and changing existing cart contents remain untested.,accept,,,,,
FR-003,5,observed_satisfied,EV-05-SCEN-FR-003-08-01,"The online order submission redirected to the orders page, which listed the submitted customer and product as an order. This establishes that an order was placed online.",,accept,,,,,
FR-004,5,observed_partial,EV-05-SCEN-FR-004-09-01,"The product POST redirected to a listing that showed the new Widget with its submitted details, establishing the ability to add a product. The complete request shows the operation was publicly available, so an identified owner account was not needed to establish owner capability.","No change to an existing product was recorded, so the update capability remains untested.",accept,,,,,
FR-005,5,not_observable,EV-05-SCEN-FR-005-10-01,"No customer account was checked. The recorded request opened a Customers page, but its account list was empty.",Checking an existing customer account was not observed.,accept,,,,,
FR-006,5,not_observable,EV-05-SCEN-FR-006-11-01,"The Orders page loaded, but its order list was empty. No review of an incoming order was observed, so no complete required obligation was established.",An incoming order displayed for review was not tested.,accept,,,,,
FR-007,5,not_observable,EV-05-SCEN-FR-007-12-01,No required obligation was established. The recorded request created a product that appeared as available; it did not update an existing product’s availability.,"No availability update was attempted or observed, so sales staff’s ability to perform one remains untested.",accept,,,,,
FR-008,5,observed_partial,EV-05-SCEN-FR-008-13-01,"The public order-submission request succeeded, and the resulting orders page listed the entered order. This establishes that sales staff can enter an order through the demonstrated interface.",No correction of an existing order was exercised.,accept,,,,,
FR-009,5,not_observable,EV-05-SCEN-FR-009-14-01,"The response shows a Guided Setup page with labeled fields and a Save setup button, but no completed setup interaction was observed. No complete guided setup flow is established.",Form submission and the resulting setup outcome were not tested.,accept,,,,,
FR-010,5,observed_partial,EV-05-SCEN-FR-010-15-01,"The recorded setup action submitted basic store information (name and email), and the resulting page displayed the store name. This supports basic store information as the first observed step of setup.","The initial setup page was not captured, so the evidence does not establish whether any earlier setup step was presented.",accept,,,,,
FR-011,5,not_observable,EV-05-SCEN-FR-011-16-01,"The recorded setup request sets a store name and email, then redirects to a home page with Products and Customers links. None of the required help for adding categories, products, or customer account settings is shown.",The setup flow for all three required additions remains untested.,accept,,,,,
FR-012,5,observed_partial,EV-05-SCEN-FR-012-17-01,"The setup page provides simple prompts for store name and contact email, with a clearly labelled Save setup button.","The captured setup page contains no examples, so the clear-examples obligation is not established.",accept,,,,,
FR-013,5,observed_satisfied,EV-05-SCEN-FR-013-18-01,"The setup request submitted an empty store name, and the immediate response flagged the incomplete entry with HTTP 400 and “Store name is required.”",,accept,,,,,
FR-014,5,observed_satisfied,EV-05-SCEN-FR-014-19-01,"During setup, submitting a blank store name returned the plain-language explanation “Store name is required,” identifying the mistake so the user can correct it.",Other setup mistakes were not tested.,accept,,,,,
FR-015,5,not_observable,EV-05-SCEN-FR-015-20-01,"A Change Log page was displayed, but its list was empty. No required change-log behaviour for order or product edits was established.","No order or product edit was recorded, so whether either produces a change-log entry remains unknown.",accept,,,,,
FR-016,5,not_observable,EV-05-SCEN-FR-016-21-01,"None of the required notification behaviours was established. The recorded request shows an empty notifications page, but no stock change, order cancellation, or customer account edit was performed.",Whether any of those updates produces a notification remains untested.,accept,,,,,
FR-017,5,not_observable,EV-05-SCEN-FR-017-22-01,"None of the required tips or plain-language summaries were established. The captured notifications page contains no notification entries, so it does not show how the system explains notifications to users.","No populated notifications or logs, or other interface providing learning guidance, were observed. The empty page does not establish that such guidance is unavailable.",accept,,,,,
FR-018,5,not_observable,EV-05-SCEN-FR-018-23-01,"None of the required walkthrough content was observed. The captured setup page contains a form and a Notifications link, but does not show users where to find recent changes or explain what notifications mean.",Only the setup page was inspected; the evidence does not establish whether an onboarding walkthrough is available elsewhere.,accept,,,,,
FR-019,5,observed_partial,EV-05-SCEN-FR-019-24-01,"The system accepted an order submitted with payment=card and listed it as paid. This shows payment-option input was accepted, but the paid label alone does not establish payment processing.","No payment operation, processing result, or mainstream gateway is identified in the recorded response.",accept,,,,,
FR-020,5,not_observable,EV-05-SCEN-FR-020-25-01,None of the required shipping-carrier integration behaviour was observed. The recorded response shows only an empty notifications page.,Carrier integration was not exercised or otherwise shown.,accept,,,,,
FR-021,5,observed_satisfied,EV-05-SCEN-FR-021-26-01,An order submitted with the interface’s payment-failure value was shown on the publicly accessible Orders page as “Alex Customer / unpaid / Demo Tea.” This demonstrates that staff can see the order remains unpaid after the simulated payment failure.,,accept,,,,,
FR-022,5,not_observable,EV-05-SCEN-FR-022-27-01,"None of the required behavior was observed. The recorded order used card payment and appeared as paid; it did not show a payment failure, a retry, or a switch to another payment method.",Whether customers can retry payment or use a different method after a failure remains untested.,accept,,,,,
FR-023,5,not_observable,EV-05-SCEN-FR-023-28-01,"None of the required alert behaviours was observed. The notifications page was viewed, but no delayed or failed shipping update was recorded.",It remains unknown whether the system alerts store staff when a shipping update is delayed or fails.,accept,,,,,
FR-024,5,not_observable,EV-05-SCEN-FR-024-29-01,"An order was recorded as unpaid after a simulated payment failure, but no complete obligation was established: the evidence shows neither a staff manual override nor a retry option being used or refused.",The availability and outcome of a staff override or retry for a payment or shipping issue remain untested.,accept,,,,,
FR-025,5,not_observable,EV-05-SCEN-FR-025-30-01,No required obligation was observed. The captured request submitted an order that appeared as unpaid; it did not show anyone using a manual override or retry option or a record of who used it and why.,"Use of an override or retry option, and the resulting record of user identity and reason, remain untested.",accept,,,,,
FR-026,5,not_observable,EV-05-SCEN-FR-026-31-01,"No payment-error or shipping-error alert was observed. The notifications page loaded with empty lists, but no corresponding error was recorded.",In-app alerts for payment errors and shipping errors remain untested.,accept,,,,,
FR-027,5,not_observable,EV-05-SCEN-FR-027-32-01,"No required notification behavior was established. The notifications page loaded, but the recorded response shows no serious or long-unresolved issue and no email notification.",Email notification for a serious issue and for an issue unresolved too long were not exercised or observed.,accept,,,,,
FR-028,5,not_observable,EV-05-SCEN-FR-028-33-01,"None of the required dashboard-indicator behaviour was established. The observed page is Notifications and shows an empty Open issues list, not a dashboard indicator.","No dashboard view or unresolved issue was observed, so the indicator’s presence and behaviour remain unknown.",accept,,,,,
FR-029,5,not_observable,EV-05-SCEN-FR-029-34-01,"None of the required prioritization behaviour was observed. The notifications page showed no open issues, so it did not display a payment failure alongside a shipping issue.",The ordering of payment failures relative to shipping issues remains untested.,accept,,,,,
FR-030,5,observed_satisfied,EV-05-SCEN-FR-030-35-01,"The order endpoint rejected a submission with empty customer, shipping, and payment fields, explicitly identifying those fields as required. This demonstrates basic validation before an order is submitted.",,accept,,,,,
FR-031,5,not_observable,EV-05-SCEN-FR-031-36-01,"No required obligation was established. The submission was rejected because customer, shipping, and payment were empty; this does not show validation of required address fields or obvious payment format issues.",Neither an order with a missing required address field nor one with an obvious payment format issue was exercised.,accept,,,,,
FR-032,5,observed_partial,EV-05-SCEN-FR-032-37-01,"Order submission was rejected when customer, shipping, and payment information were all empty, with a response stating that all three are required. This establishes validation for the all-missing case.",It remains untested whether submission is blocked when only one of the three required information categories is missing.,accept,,,,,
FR-033,5,not_observable,EV-05-SCEN-FR-033-38-01,"The POST response provides feedback about missing order fields, but no required timing branch is established: the feedback was observed only after a direct submission, not before submission or immediately after form completion.","No form-completion or pre-submission interaction was captured, so the required timing cannot be assessed.",accept,,,,,
FR-034,5,not_observable,EV-05-SCEN-FR-034-39-01,"None of the required screen-retention behavior was observed. The request received a validation error, but the response does not show whether the customer remained on the checkout page or same screen.","The customer's screen before and after the validation error, and the correction flow, were not captured.",accept,,,,,
FR-035,5,not_observable,EV-05-SCEN-FR-035-40-01,"The recorded interface shows a CSV import form and accepts a POST that redirects back to the form. No response or readback shows that product data was imported, so no complete import capability is established.",The resulting product records were not observed.,accept,,,,,
FR-036,5,not_observable,EV-05-SCEN-FR-036-41-01,"A CSV containing product data was submitted, but the response only redirected back to a blank import form. No completed product-data import was observed; no required obligation was established.",There is no import result or product readback showing that the CSV rows were imported.,accept,,,,,
FR-037,5,observed_unsatisfied,EV-05-SCEN-FR-037-42-01,"No required capability was positively established. The captured import form offers a CSV text area, not a product file-upload control. Submitting product CSV text redirects to the same form without a field-mapping, preview, or validation step in the observed workflow.",The evidence does not show whether data was committed or whether another import interface exists.,accept,,,,,
FR-038,5,not_observable,EV-05-SCEN-FR-038-43-01,"An import submission and redirect to the import page were observed, but no complete required obligation was established: the evidence does not show an import issue being corrected.",It remains untested whether a user can correct an import issue and continue without restarting the whole import.,accept,,,,,
FR-039,5,observed_unsatisfied,EV-05-SCEN-FR-039-44-01,"After a CSV was submitted to the import endpoint, the response redirected to an import page showing only the upload form. It showed no result or success summary identifying what succeeded, what was skipped, or what needed attention. No required summary obligation was positively established.",The evidence does not establish whether the submitted row was persisted or exercise an import containing skipped or problematic rows.,accept,,,,,
FR-040,5,not_observable,EV-05-SCEN-FR-040-45-01,"No required obligation was established. The recorded upload contained no problem field, and the redirect returned an import form rather than a review screen where a field could be fixed inline.","The evidence does not show an import with a problem field, an inline edit, or the result of that edit.",accept,,,,,
FR-041,5,not_observable,EV-05-SCEN-FR-041-46-01,"No required obligation or branch was established. The recorded import submitted two distinct CSV rows and redirected to the import form; it did not show a potential duplicate being compared or a user choosing to keep, merge, or skip a match.",Duplicate comparison and all three matching-record choices remain untested.,accept,,,,,
FR-042,5,not_observable,EV-05-SCEN-FR-042-47-01,"The CSV submission redirected to the upload form. No review screen or import finalization was observed, so none of the required review-before-finalization behavior is established.",The evidence does not show whether this submission finalized an import or how users resolve missing or inconsistent data.,accept,,,,,
FR-043,5,observed_unsatisfied,EV-05-SCEN-FR-043-48-01,"The captured import page presents a CSV textarea and Upload button, but no small-step guidance or progress indicator. Neither required part is shown on the observed interface.","No post-upload screens were observed, so any later workflow cannot be assessed.",accept,,,,,
FR-044,5,not_observable,EV-05-SCEN-FR-044-49-01,"None of the required behaviour was established. The recorded CSV upload redirected to the import form, but no column mapping was observed.",Whether the wizard shows a live preview after column mapping remains untested.,accept,,,,,
FR-045,5,not_observable,EV-05-SCEN-FR-045-50-01,"No required obligation was established. The recorded CSV contains no apparent row or field issue, and the redirected response shows only the import form.","No import with an issue was observed, so highlighting and plain-language explanations remain untested.",accept,,,,,
FR-046,5,not_observable,EV-05-SCEN-FR-046-51-01,"None of the required issue-resolution actions was exercised. The recorded upload contained a valid-looking row, and the resulting page showed only the upload form.","No import issue or suggested correction was observed, so the availability of fix, ignore, and apply-correction actions remains unknown.",accept,,,,,
FR-047,5,observed_unsatisfied,EV-05-SCEN-FR-047-52-01,"After a CSV upload, the import page showed only an upload form. Its complete captured response showed no count of items ready or needing attention, so the required display was not provided.",The record does not establish how the uploaded item was classified.,accept,,,,,
FR-048,5,not_observable,EV-05-SCEN-FR-048-53-01,"None of the required back-navigation behavior was observed. The response shows an import upload form, but no wizard step or return to a previous step was exercised.",No import-wizard progression or attempt to go back was recorded.,accept,,,,,
FR-049,5,not_observable,EV-05-SCEN-FR-049-54-01,"None of the required suggestion types was established. The recorded CSV submission redirected to an import form; it did not show suggestions for categories, units of measure, brand, or cleaner titles.",The evidence does not show whether suggestions are available through an optional import step or how any of the four suggestion types behaves.,accept,,,,,
FR-050,5,not_observable,EV-05-SCEN-FR-050-55-01,"None of the required actions was observed. The recorded request uploads CSV data and returns to the import form; it does not show an import suggestion being accepted, edited, or rejected.","The ability to accept, edit, and reject import suggestions remains untested.",accept,,,,,
FR-051,5,not_observable,EV-05-SCEN-FR-051-56-01,"No category suggestion was observed. The submitted CSV already specified a category for each product, and the captured response showed only a redirect to the import form.",The evidence does not show how the system responds to a product name or description from which it could confidently infer a category.,accept,,,,,
FR-052,5,not_observable,EV-05-SCEN-FR-052-57-01,"None of the required prompting behaviour is established. The import request omitted descriptions and images, but the captured response only shows a redirect to the import form.","The evidence does not confirm that the products were imported, that the missing details met the storefront-improvement condition, or whether a prompt appeared elsewhere.",accept,,,,,
FR-053,5,not_observable,EV-05-SCEN-FR-053-58-01,"No required helper behaviour was observed. The submitted CSV contained no units to detect or common terms whose spelling needed normalization, and the redirect showed only the import form.",Optional unit detection and spelling normalization remain untested.,accept,,,,,
FR-054,5,not_observable,EV-05-SCEN-FR-054-59-01,"The CSV upload redirected to an import form. No import suggestions or resulting record changes were observed, so neither the presentation-for-review obligation nor the prohibition on silent automatic changes was established or violated.","The evidence does not show whether suggestions were generated, presented elsewhere, or applied without user review.",accept,,,,,
FR-055,5,observed_unsatisfied,EV-05-SCEN-FR-055-60-01,"After a CSV was submitted, the redirect returned an import page containing only the upload form. It showed no step indicators, plain progress messages, or count of items ready versus needing review. None of the required outputs was observed.",Other import inputs or states were not tested.,accept,,,,,
FR-056,5,not_observable,EV-05-SCEN-FR-056-61-01,"None of the required category-assignment behaviours is established. The import request supplied categories, but the recorded response only redirected to the import form and did not show that any product received a category.","No imported product was read back, and category assignment during normal product management was not exercised.",accept,,,,,
FR-057,5,not_observable,EV-05-SCEN-FR-057-62-01,"A product was created and displayed with a category, but no complete obligation concerning product variations was observed.",The evidence does not test whether products can have variations distinct from categories.,accept,,,,,
FR-058,5,observed_satisfied,EV-05-SCEN-FR-058-63-01,"The system served a browser-compatible HTML products page with navigation, input fields, and a submit button, establishing a simple web interface.",,accept,,,,,
FR-059,5,observed_partial,EV-05-SCEN-FR-059-64-01,"The products page was served over HTTP as standard HTML with links and a form, establishing a browser-compatible interface for that page without an indicated special-software dependency.","No standard-browser interaction was recorded, so usability of the system beyond retrieving this page remains untested.",accept,,,,,
FR-060,5,not_observable,EV-05-SCEN-FR-060-65-01,"The setup submission redirected to a home page, but no complete obligation is established: the captured page does not show whether the interface stays simple, and the setup guidance was not captured.",The setup page and guidance for users with limited technical experience were not observed; the broader interface was not assessed.,accept,,,,,
FR-061,5,not_observable,EV-05-SCEN-FR-061-66-01,"No required notice is established. The recorded response shows an unpaid order in an orders list, but does not show a customer order confirmation or an automatically generated refund or cancellation notice.",Automatic customer order confirmation and refund or cancellation notices remain unobserved; the orders-list response alone cannot establish whether notices were sent.,accept,,,,,
FR-062,5,not_observable,EV-05-SCEN-FR-062-67-01,"No required pricing-information behaviour was established. The public products page loaded, but its product list was empty and showed no consumer-facing prices.",Pricing information for an existing product or purchase was not observed.,accept,,,,,
FR-063,5,not_observable,EV-05-SCEN-FR-063-68-01,"The order form displays fields for customer, shipping address, payment information, and product. No customer-data collection was observed, so none of the requirement's data-minimization obligation is established or violated.",The evidence does not show what data is collected when an order is submitted or a customer account is created.,accept,,,,,
FR-064,5,observed_unsatisfied,EV-05-SCEN-FR-064-69-01,The captured order-submission form collects shipping and payment information but displays no consent or privacy notice. This violates the checkout-notice obligation; no required branch is shown to be met.,Signup was not observed.,accept,,,,,
FR-065,5,not_observable,EV-05-SCEN-FR-065-70-01,"None of the required edit-logging obligations was established. The logs page loaded with an empty change log, but no edit to a customer record, price, order, or payment was recorded.",It remains unknown whether edits to any of the four record types are kept in logs.,accept,,,,,
FR-066,5,not_observable,EV-05-SCEN-FR-066-71-01,The response shows a newly created product listed as available. This is contextual setup; none of the required availability-update or urgent-marking behaviours was observed.,"No sale, restock, subsequent availability update, or urgent marking as unavailable was recorded.",accept,,,,,
FR-067,5,not_observable,EV-05-SCEN-FR-067-72-01,"A products page returned HTTP 200, but no complete required obligation was established: the evidence does not show browsing remaining responsive during growth or seasonal spikes, or cart updates or order entry under those conditions.","No growth or spike conditions, response-time measurements, cart updates, or order-entry operations were recorded.",accept,,,,,
FR-068,5,not_observable,EV-05-SCEN-FR-068-73-01,"None of the required responsiveness behaviours during higher activity is established. A single products page load returned HTTP 200, but no higher activity or response time was recorded.","Page loads, browsing, cart checkout, staff order processing, and product updates under higher activity remain untested.",accept,,,,,
FR-069,5,observed_partial,EV-05-SCEN-FR-069-74-01,"The setup request resulted in a homepage displaying the new GAMMA-J Store, establishing that a store could be added.","No other store was observed before or after the addition, so the evidence does not show whether adding this store affected other stores.",accept,,,,,
FR-070,5,not_observable,EV-05-SCEN-FR-070-75-01,"One submitted order appeared on the redirected orders page. This shows an immediate order result, but establishes no complete reliability obligation: the record does not show increased activity or demonstrate that orders and updates remain saved under it.","Saving updates, durability of saved changes, and whether orders or updates are dropped when activity increases remain untested.",accept,,,,,
FR-071,5,not_observable,EV-05-SCEN-FR-071-76-01,"The product was created and listed as available, but no stock-management operation was observed. No required obligation was established.",The evidence does not show whether full inventory integration was absent or whether the store could manage stock inside GAMMA-J.,accept,,,,,
BR-001,5,not_observable,EV-05-SCEN-BR-001-77-01,"No complete part of the account definition was established. The Customers page shows name and email inputs, but no customer account or profile was observed.","Whether an account contains contact and order details, and whether it is independent of a paid subscription, remains untested.",accept,,,,,
BR-002,5,not_observable,EV-05-SCEN-BR-002-78-01,"The products page shows a category input, but no complete required obligation is demonstrated: the evidence does not show categories organizing products or being distinct from variations.","Category-based navigation, category-based product management, and the distinction between categories and product variations remain untested.",accept,,,,,
BR-003,5,not_observable,EV-05-SCEN-BR-003-79-01,"The setup response shows a store was created, but no required obligation is established: it shows neither the number of payment gateway integrations nor the number of shipping carrier integrations.",The integrations available in the initial release remain unobserved.,accept,,,,,
BR-004,5,not_observable,EV-05-SCEN-BR-004-80-01,"None of the required behaviour was observed. The response shows a setup page, but does not show whether the store can manage stock inside GAMMA-J or whether a full inventory integration is required.",In-app stock management and the initial release's inventory-integration requirement were not tested.,accept,,,,,
BR-005,5,not_observable,EV-05-SCEN-BR-005-81-01,"No required obligation was established. The notifications page showed no open issues, so it did not demonstrate how a payment failure is prioritized.",No payment-failure issue or comparison with other issues was observed.,accept,,,,,
BR-006,5,not_observable,EV-05-SCEN-BR-006-82-01,None of the required prioritization behaviour was observed. The notifications page showed no open issues to compare.,"No missed dispatch or bad-address issue was observed alongside a minor shipping delay, so their relative priority remains unknown.",accept,,,,,
BR-007,5,not_observable,EV-05-SCEN-BR-007-83-01,None of the requirement’s obligations was exercised. The recorded action submitted an order; it was not identified as a manual override.,"No manual override save was tested with a missing staff identity or reason, so the required checks remain unknown.",accept,,,,,
BR-008,5,not_observable,EV-05-SCEN-BR-008-84-01,"No required obligation was observed. The change-log page loaded, but its list was empty, so it did not show who changed an order or product or when.",No order or product change and corresponding log entry were captured; the required display of changer and time remains untested.,accept,,,,,
BR-009,5,not_observable,EV-05-SCEN-BR-009-85-01,None of the required duplicate-detection branches was exercised. The recorded import submitted products with distinct names and SKUs and no barcode values; the response did not show a duplicate-detection result.,"Detection of duplicates by product name, SKU, or available barcode remains untested.",accept,,,,,
BR-010,5,not_observable,EV-05-SCEN-BR-010-86-01,"None of the required highlighting behaviours was established. The recorded import contained prices, names, and categories, and the redirect showed only the import form; it did not demonstrate a product data cleanup result.","Highlighting of missing prices, inconsistent product names, wrong categories, and unclear stock quantities remains untested.",accept,,,,,
BR-011,5,observed_partial,EV-05-SCEN-BR-011-87-01,"The system rejected an order request with all three information fields empty and explicitly stated that customer, shipping, and payment information are required. This establishes a missing-information check before submission.",The evidence does not show whether each field is checked independently or whether supplied information is checked before submission.,accept,,,,,
BR-012,5,observed_partial,EV-05-SCEN-BR-012-88-01,"An order was accepted using only customer, shipping, payment, and product fields, demonstrating that order data collection can be limited to those fields.","Account data collection was not exercised, so the requirement is not fully established.",accept,,,,,
DI-001,5,not_observable,EV-05-SCEN-DI-001-89-01,"A CSV product-data submission reached an import form and redirected back to it, but the response does not show whether any products were imported. No complete required obligation was established or refuted.",There is no import result or product readback showing that the submitted rows became product data.,accept,,,,,
DI-002,5,not_observable,EV-05-SCEN-DI-002-90-01,"The order accepted 'card' as payment information and appeared as paid, but neither observation establishes support for a mainstream payment gateway. No complete required obligation was observed.","No gateway was identified, and no gateway payment operation or processing result was captured.",accept,,,,,
DI-003,5,not_observable,EV-05-SCEN-DI-003-91-01,None of the required shipping carrier integration behaviour was observed. The recorded response shows only an empty Notifications page.,No carrier integration configuration or carrier-related operation was exercised.,accept,,,,,
DI-004,5,observed_satisfied,EV-05-SCEN-DI-004-92-01,"The system served a standard HTML page over HTTP, with navigation links and a form that a standard browser can display and use. This establishes a browser-compatible runtime interface.",The recorded request used an HTTP client rather than an actual browser.,accept,,,,,
QR-001,5,not_observable,EV-05-SCEN-QR-001-93-01,"The recorded product page shows navigation and a basic form, but it does not establish that the interface is simple for users with limited technical experience. No complete required obligation is established.",Only one page was captured; its usability for the stated users was not observed.,accept,,,,,
QR-002,5,observed_unsatisfied,EV-05-SCEN-QR-002-94-01,"The complete Products page shows a product-saving form with labels and a Save button, but no plain-language explanation, brief tip, or short help text for that operation. No required guidance is positively established.",Guidance for other operations and technical concepts was not observed.,accept,,,,,
QR-003,5,not_observable,EV-05-SCEN-QR-003-95-01,"The setup page was displayed, but its heading and two-field form do not establish that the setup process provides guidance or proceeds step by step. No complete required obligation was observed.","No setup submission or subsequent step was captured, so the process and its guidance remain untested.",accept,,,,,
QR-004,5,observed_partial,EV-05-SCEN-QR-004-96-01,The observed import page presents a single CSV entry-and-upload task in a short form. This supports the one-decision-at-a-time and non-overwhelming presentation of the initial screen.,"No subsequent wizard screens were observed, so the presentation throughout the import process remains untested.",accept,,,,,
QR-005,5,not_observable,EV-05-SCEN-QR-005-97-01,"The captured response shows an import form with a heading and Upload button, but no wizard messages whose calm, practical, and reassuring tone can be assessed. No complete required behaviour is established or refuted.",The wording of the import wizard’s messages remains unobserved.,accept,,,,,
QR-006,5,observed_partial,EV-05-SCEN-QR-006-98-01,The captured Products page uses no color styling and presents navigation and actions with text labels. This positively establishes sparse color use and label-based navigation on that page.,"Other pages and feedback states were not observed, so the interface’s use of inline messages rather than alarms or popups remains untested.",accept,,,,,
QR-007,5,not_observable,EV-05-SCEN-QR-007-99-01,"A single products-page request returned HTTP 200, but no complete responsiveness obligation was established under normal growth or seasonal spikes.","No growth or spike conditions, response-time measurements, cart checkout, order processing, or product-update operations were recorded.",accept,,,,,
QR-008,5,observed_partial,EV-05-SCEN-QR-008-100-01,"The submitted order appeared in the follow-up GET response, showing that this change was saved across requests.",One immediate readback does not establish that changes are saved reliably over repeated operations or longer periods.,accept,,,,,
QR-009,5,not_observable,EV-05-SCEN-QR-009-101-01,None of the required behaviour was exercised. The recorded request only loaded an empty Orders page; it did not submit or update an order.,Whether orders or updates are retained when activity increases remains untested.,accept,,,,,
QR-010,5,observed_unsatisfied,EV-05-SCEN-QR-010-102-01,The captured import page shows a CSV upload form but neither a progress bar or indicator nor a current step label. Neither required display element is met on the observed import interface.,No later import stages were observed.,accept,,,,,
QR-011,5,not_observable,EV-05-SCEN-QR-011-103-01,"The captured import page shows a CSV text area and an Upload button, but establishes none of the required layout clarity, predictability, or consistency across wizard steps.",No wizard progression or comparable steps were observed to assess button positions and terminology.,accept,,,,,
QR-012,5,not_observable,EV-05-SCEN-QR-012-104-01,"None of the required behaviours is established. The recorded CSV submission redirects to a blank import form; it does not show import suggestions, an automation choice, or an applied override.",Whether users can make automation optional or override import suggestions remains untested.,accept,,,,,
QR-013,5,observed_unsatisfied,EV-05-SCEN-QR-013-105-01,"After a CSV upload, the import endpoint redirected to a complete page containing only an upload form. The response showed no small-step guidance, progress feedback, or count of items needing attention.",The record does not show whether the submitted item was imported or needed attention.,accept,,,,,
EX-001,5,observed_partial,EV-05-SCEN-EX-001-106-01,"The request used the interface’s stated payment-failure input, and the resulting Orders page listed Alex Customer’s order as unpaid, making that status visible. The page did not show a clear message telling the customer that payment failed.",No customer-facing payment-failure message was observed.,accept,,,,,
EX-002,5,not_observable,EV-05-SCEN-EX-002-107-01,"The notifications page was retrieved, but no delayed or failed shipping update was established. Neither the staff alert nor the customer status update was observed; no required branch was established.","The evidence does not show a delayed or failed shipping update, a staff alert in that condition, or the corresponding customer-facing status.",accept,,,,,
EX-003,5,not_observable,EV-05-SCEN-EX-003-108-01,"No required obligation was exercised. The recorded request submitted an order with payment set to fail, and the resulting order was unpaid; it does not show a manual override being used.","Without an observed manual override, the evidence does not show whether the system records the staff member, reason, original error, action taken, and time.",accept,,,,,
EX-004,5,not_observable,EV-05-SCEN-EX-004-109-01,"None of the required behaviour was established: the recorded submission does not show an import problem that blocked completion, so it does not exercise how such a problem is displayed.",Whether a blocking import problem is shown next to the affected row or field with a simple explanation and suggested fix remains untested.,accept,,,,,
EX-005,5,observed_partial,EV-05-SCEN-EX-005-110-01,"The failed order submission identifies exactly what to correct: customer, shipping, and payment are required. The response is a plain-text error, not a checkout page, so the checkout-page obligation is not met by the recorded response.",The record does not show the customer on a checkout page before submission.,accept,,,,,
