requirement_id,run_index,status,evidence_ids,rationale,limitation,decision,revised_status,revised_evidence_ids,revised_rationale,revised_limitation,notes
FR-001,1,observed_partial,EV-01-SCEN-FR-001-05-01,The system registered a family and returned its ID and details. No child registration was observed.,Support for registering a child remains untested.,accept,,,,,
FR-002,1,not_observable,EV-01-SCEN-FR-002-06-01; EV-01-SCEN-FR-002-06-04,"A family and child were created, but neither required alternative—checking space availability for the child or placing the child on a waiting list—was observed. No required behaviour was established.","No availability-check request or result, or waiting-list placement, was recorded.",accept,,,,,
FR-003,1,observed_satisfied,EV-01-SCEN-FR-003-07-04; EV-01-SCEN-FR-003-07-01,"A family was created, then a child was created with Preschool as the requested classroom. The response confirms that the child was assigned to Preschool. The requirement does not specify a separate method for determining classroom appropriateness.",,accept,,,,,
FR-004,1,observed_partial,EV-01-SCEN-FR-004-08-01; EV-01-SCEN-FR-004-08-05,"A child record was created, and a subsequent check-in for that child returned ""checked_in"", establishing an attendance change.",No immunization update or change to existing family details was observed.,accept,,,,,
FR-005,1,observed_satisfied,EV-01-SCEN-FR-005-09-04; EV-01-SCEN-FR-005-09-01,"The system created an invoice for the prepared family and returned its amount due, balance, and open status. This demonstrates support for invoicing.",,accept,,,,,
FR-006,1,observed_partial,EV-01-SCEN-FR-006-10-05; EV-01-SCEN-FR-006-10-01,"A child was created with ID 2, and a check-in request for that child succeeded with status ""checked_in"". This establishes check-in support.","No check-out operation was recorded, so check-out support remains untested.",accept,,,,,
FR-007,1,not_observable,EV-01-SCEN-FR-007-11-01,No observation was recorded for the scenarios of this requirement.,"The existing GET /api/dashboard only opens a generic page or health endpoint; no scenario-specific setup or target interaction was defined. Missing observation: The system displays the attendance history for the selected period, including each child's presence and absence information. The target action was not executed; this is an observation limitation, not a software failure.",accept,,,,,
FR-008,1,not_observable,EV-01-SCEN-FR-008-12-01,No observation was recorded for the scenarios of this requirement.,"The existing GET /api/dashboard only opens a generic page or health endpoint; no scenario-specific setup or target interaction was defined. Missing observation: The system returns the family's contact information, such as phone numbers and addresses, in the search results or family profile. The target action was not executed; this is an observation limitation, not a software failure.",accept,,,,,
FR-009,1,not_observable,EV-01-SCEN-FR-009-13-01,No observation was recorded for the scenarios of this requirement.,"The existing GET /api/dashboard only opens a generic page or health endpoint; no scenario-specific setup or target interaction was defined. Missing observation: The system displays only the child details permitted by the user's access level, including classroom assignment, contacts, immunization status, allergy alerts, and pickup-authority information as allowed. The target action was not executed; this is an observation limitation, not a software failure.",accept,,,,,
FR-010,1,not_observable,EV-01-SCEN-FR-010-14-01,No observation was recorded for the scenarios of this requirement.,"The existing GET /api/dashboard only opens a generic page or health endpoint; no scenario-specific setup or target interaction was defined. Missing observation: The system generates the requested report and presents it to the authorized user for review or export. The target action was not executed; this is an observation limitation, not a software failure.",accept,,,,,
FR-011,1,not_observable,EV-01-SCEN-FR-011-15-01,No observation was recorded for the scenarios of this requirement.,"The existing GET /api/dashboard only opens a generic page or health endpoint; no scenario-specific setup or target interaction was defined. Missing observation: The system shows the immunization status using the supported categories current, due soon, overdue, exempt, or missing, as applicable to the record. The target action was not executed; this is an observation limitation, not a software failure.",accept,,,,,
FR-012,1,not_observable,EV-01-SCEN-FR-012-16-01,No observation was recorded for the scenarios of this requirement.,"The existing GET /api/dashboard only opens a generic page or health endpoint; no scenario-specific setup or target interaction was defined. Missing observation: The child's immunization record is flagged with the appropriate compliance statuses, and the system notifies staff and the family with clear alerts indicating which records are nearing expiration, overdue, incomplete, expired, or missing. The target action was not executed; this is an observation limitation, not a software failure.",accept,,,,,
FR-013,1,not_observable,EV-01-SCEN-FR-013-17-04; EV-01-SCEN-FR-013-17-01,"A family and child were created, but these are only contextual setup facts. No required upload obligation was observed.",No attempt or result for uploading a replacement immunization record was captured.,accept,,,,,
FR-014,1,not_observable,EV-01-SCEN-FR-014-18-01,No observation was recorded for the scenarios of this requirement.,"The existing GET /api/dashboard only opens a generic page or health endpoint; no scenario-specific setup or target interaction was defined. Missing observation: The child remains marked as not compliant until the record is verified and staff explicitly confirm compliance; the compliance status does not change automatically upon upload alone. The target action was not executed; this is an observation limitation, not a software failure.",accept,,,,,
FR-015,1,not_observable,EV-01-SCEN-FR-015-19-01,"The recorded request created a family with an initial phone number. It did not establish any required self-service operation: no existing contact information was updated, and no form, invoice, payment history, or document operation was exercised.","Updating contact information, submitting or updating enrollment forms, viewing invoices and payment history, and uploading documents remain untested.",accept,,,,,
FR-016,1,not_observable,EV-01-SCEN-FR-016-20-01,"None of the required change-request obligations was exercised. The recorded response shows creation of a family record with a contacts field, not submission of a schedule, contact, enrollment, billing, pickup-authority, or custody change request.","Online submission of each change-request type, and whether submitted changes remain pending staff review before becoming active, remain untested.",accept,,,,,
FR-017,1,not_observable,EV-01-SCEN-FR-017-21-01,The recorded request created a family with an email address; it did not edit an existing profile. No required profile-edit obligation was established.,"No address, phone, email, or password change to an existing profile was observed, nor was immediate effect assessed for a change that leaves care arrangements and safety-related information unchanged.",accept,,,,,
FR-018,1,not_observable,EV-01-SCEN-FR-018-22-01,"None of the required upload behavior was observed. The response shows creation of a family record with a document filename in its contacts field, not submission of a document upload.","No upload was observed, so the evidence does not establish whether a family can submit one immediately when it changes neither care arrangements nor safety-related information.",accept,,,,,
FR-019,1,observed_satisfied,EV-01-SCEN-FR-019-23-06; EV-01-SCEN-FR-019-23-01,"An invoice was created with a balance of 100. A card payment of 50 succeeded, reduced the balance to 50, and appeared in the invoice’s payments. This establishes the recorded online payment-processing capability.",,accept,,,,,
FR-020,1,observed_partial,EV-01-SCEN-FR-020-24-01; EV-01-SCEN-FR-020-24-06,"Credit card payment support is demonstrated: a $50 credit card payment on an existing $100 invoice was recorded, and the invoice balance fell to $50.",Debit card payment support was not exercised. Bank transfer is optional under the stated condition.,accept,,,,,
FR-021,1,observed_satisfied,EV-01-SCEN-FR-021-25-06; EV-01-SCEN-FR-021-25-01,"An invoice was created with a balance of 100. A payment request succeeded, recorded a card payment of 75, and reduced the balance to 25. The complete request shows no acting-role or authentication requirement, so this demonstrated public payment capability is available to account holders and authorized guardians.","The evidence does not establish exclusive payment permissions, which the requirement does not specify.",accept,,,,,
FR-022,1,observed_satisfied,EV-01-SCEN-FR-022-26-06; EV-01-SCEN-FR-022-26-01,"An invoice with a 100.0 balance accepted a 30.0 payment. The response recorded the payment, showed a remaining balance of 70.0, and kept the invoice status open.",,accept,,,,,
FR-023,1,not_observable,EV-01-SCEN-FR-023-27-01,"No complete obligation is established. The response records a zero-amount payment with method 'declined_card' and leaves the invoice open, but it does not identify the payment as failed. The method name supplied in the request does not establish a failure outcome.",Logging of an established failed payment and its immediate display to staff and the payer remain untested.,accept,,,,,
FR-024,1,not_observable,EV-01-SCEN-FR-024-28-01; EV-01-SCEN-FR-024-28-06,"A payment was recorded against the prepared invoice, but the request did not identify the payer as a trusted family member or other non-account-holder. None of the requirement’s conditional payment-recording cases was established.","The evidence does not show staff verification against account notes, account-holder confirmation, or emergency manager approval for a non-account-holder payment.",accept,,,,,
FR-025,1,not_observable,EV-01-SCEN-FR-025-29-01,No observation was recorded for the scenarios of this requirement.,"The existing GET /api/dashboard only opens a generic page or health endpoint; no scenario-specific setup or target interaction was defined. Missing observation: The classroom record stores the maximum capacity and automatically tracks the enrolled child count against that limit. The target action was not executed; this is an observation limitation, not a software failure.",accept,,,,,
FR-026,1,not_observable,EV-01-SCEN-FR-026-30-01,No observation was recorded for the scenarios of this requirement.,"The existing GET /api/dashboard only opens a generic page or health endpoint; no scenario-specific setup or target interaction was defined. Missing observation: The screen displays the current enrolled count versus the classroom limit and clearly indicates whether the classroom is full or available. The target action was not executed; this is an observation limitation, not a software failure.",accept,,,,,
FR-027,1,not_observable,EV-01-SCEN-FR-027-31-01,"A child was added to Preschool, but the evidence does not establish that the classroom had reached capacity. No required flagging or enrollment-restriction branch was exercised.","Capacity, a capacity flag, an additional enrollment attempt at capacity, and the stated override or waiting-list exceptions remain untested.",accept,,,,,
FR-028,1,not_observable,EV-01-SCEN-FR-028-32-01,No observation was recorded for the scenarios of this requirement.,"The existing GET /api/dashboard only opens a generic page or health endpoint; no scenario-specific setup or target interaction was defined. Missing observation: The system displays the waiting list entries with their relevant details and allows the staff member to review, update, and manage the list without affecting enrolled children. The target action was not executed; this is an observation limitation, not a software failure.",accept,,,,,
FR-029,1,not_observable,EV-01-SCEN-FR-029-33-01,"A child was created with a classroom value, but no age or developmental stage was recorded. No complete age- or stage-based assignment or management obligation was established.","Assignment based on age or developmental stage, room-type assignment, and management of an existing assignment remain untested.",accept,,,,,
FR-030,1,not_observable,EV-01-SCEN-FR-030-34-01,No observation was recorded for the scenarios of this requirement.,"The existing GET /api/dashboard only opens a generic page or health endpoint; no scenario-specific setup or target interaction was defined. Missing observation: The system opens the selected child or family task directly from the dashboard or search screen with minimal navigation, reducing the need to move through multiple menus. The target action was not executed; this is an observation limitation, not a software failure.",accept,,,,,
FR-031,1,not_observable,EV-01-SCEN-FR-031-35-01,No observation was recorded for the scenarios of this requirement.,"The existing GET /api/dashboard only opens a generic page or health endpoint; no scenario-specific setup or target interaction was defined. Missing observation: The system opens the selected routine function immediately from the dashboard and displays the relevant list or check screen without requiring the staff member to navigate through the full menu structure. The target action was not executed; this is an observation limitation, not a software failure.",accept,,,,,
FR-032,1,not_observable,EV-01-SCEN-FR-032-36-01,No observation was recorded for the scenarios of this requirement.,"The existing GET /api/dashboard only opens a generic page or health endpoint; no scenario-specific setup or target interaction was defined. Missing observation: The system supports the training and parallel operation period, allows comparison of results during rollout, and transitions to full cutover only when the planned cutover is approved. The target action was not executed; this is an observation limitation, not a software failure.",accept,,,,,
FR-033,1,not_observable,EV-01-SCEN-FR-033-37-01,No observation was recorded for the scenarios of this requirement.,"The existing GET /api/dashboard only opens a generic page or health endpoint; no scenario-specific setup or target interaction was defined. Missing observation: The system grants the backup access only to the covered duties, blocks access to unrelated functions, and automatically ends or easily removes the temporary access when coverage ends. The target action was not executed; this is an observation limitation, not a software failure.",accept,,,,,
FR-034,1,not_observable,EV-01-SCEN-FR-034-38-01,No observation was recorded for the scenarios of this requirement.,"The existing GET /api/dashboard only opens a generic page or health endpoint; no scenario-specific setup or target interaction was defined. Missing observation: The system supports fast authentication and user switching on the shared workstation, shows the correct user context after each switch, and prevents one staff member from continuing under another staff member's session. The target action was not executed; this is an observation limitation, not a software failure.",accept,,,,,
FR-035,1,not_observable,EV-01-SCEN-FR-035-39-01,No observation was recorded for the scenarios of this requirement.,"The existing GET /api/dashboard only opens a generic page or health endpoint; no scenario-specific setup or target interaction was defined. Missing observation: The system displays and operates correctly on both the shared desktop and the tablet, with usable screens and controls appropriate to each device type. The target action was not executed; this is an observation limitation, not a software failure.",accept,,,,,
FR-036,1,not_observable,EV-01-SCEN-FR-036-40-01,"A family record was created, but no complete migration obligation was established. The response does not show that the account was active or migrated at go-live.","Migration of active family accounts, enrolled children, classroom assignments, immunization status, outstanding invoices or balances, waiting list entries, contact history, and authorized pickup lists remains untested.",accept,,,,,
FR-037,1,not_observable,EV-01-SCEN-FR-037-41-01,No observation was recorded for the scenarios of this requirement.,"The existing GET /api/dashboard only opens a generic page or health endpoint; no scenario-specific setup or target interaction was defined. Missing observation: The site-based staff member can only see and manage records for their own site, while the cross-site user can access records across sites according to their elevated role. The target action was not executed; this is an observation limitation, not a software failure.",accept,,,,,
FR-038,1,not_observable,EV-01-SCEN-FR-038-42-01,No observation was recorded for the scenarios of this requirement.,"The existing GET /api/dashboard only opens a generic page or health endpoint; no scenario-specific setup or target interaction was defined. Missing observation: The system keeps one unified family account, shows both children across sites under that account, and preserves shared contact and billing information instead of splitting the family into separate site-specific accounts. The target action was not executed; this is an observation limitation, not a software failure.",accept,,,,,
FR-039,1,not_observable,EV-01-SCEN-FR-039-43-01,No observation was recorded for the scenarios of this requirement.,"The existing GET /api/dashboard only opens a generic page or health endpoint; no scenario-specific setup or target interaction was defined. Missing observation: The system rolls up the sibling information across locations for the authorized user and displays the combined results in the report. The target action was not executed; this is an observation limitation, not a software failure.",accept,,,,,
FR-040,1,observed_partial,EV-01-SCEN-FR-040-44-01,"The system returned CSV content for an export request, establishing CSV export support.",CSV import was not exercised. Excel and PDF support are optional.,accept,,,,,
FR-041,1,not_observable,EV-01-SCEN-FR-041-45-01,No observation was recorded for the scenarios of this requirement.,"The existing GET /api/dashboard only opens a generic page or health endpoint; no scenario-specific setup or target interaction was defined. Missing observation: The system validates each field in each row, rejects only the affected row or record with clear error details, imports the valid rows, and leaves all existing data unchanged. The target action was not executed; this is an observation limitation, not a software failure.",accept,,,,,
FR-042,1,observed_partial,EV-01-SCEN-FR-042-46-01,"Export of family and child data is demonstrated. The complete request had no authentication or acting-role information, yet returned sensitive records, violating the required strict permission controls for exports.",Import support and its permission controls were not exercised. No field policy was recorded against which to assess field restrictions.,accept,,,,,
FR-043,1,not_observable,EV-01-SCEN-FR-043-47-01,No observation was recorded for the scenarios of this requirement.,"The existing GET /api/dashboard only opens a generic page or health endpoint; no scenario-specific setup or target interaction was defined. Missing observation: The system creates a separate invoice adjustment record that increases or decreases the balance as appropriate, keeps the original charge intact, and shows the adjustment on the invoice history instead of rewriting the original invoice line. The target action was not executed; this is an observation limitation, not a software failure.",accept,,,,,
FR-044,1,not_observable,EV-01-SCEN-FR-044-48-01,No observation was recorded for the scenarios of this requirement.,"The existing GET /api/dashboard only opens a generic page or health endpoint; no scenario-specific setup or target interaction was defined. Missing observation: The disputed charge remains visible with a clear dispute status, appears in billing review queues or invoice history, and is not removed or hidden from staff until the dispute is resolved. The target action was not executed; this is an observation limitation, not a software failure.",accept,,,,,
FR-045,1,not_observable,EV-01-SCEN-FR-045-49-01; EV-01-SCEN-FR-045-49-06,None of the required credit or refund recording behaviour is established. The recorded action added a negative payment marked as an adjustment to invoice 2 and increased its balance; it does not establish that a credit or refund was recorded.,"Recording a credit and a refund, each with a reason and a link to the original invoice, remains untested.",accept,,,,,
FR-046,1,not_observable,EV-01-SCEN-FR-046-50-01,No observation was recorded for the scenarios of this requirement.,"The existing GET /api/dashboard only opens a generic page or health endpoint; no scenario-specific setup or target interaction was defined. Missing observation: The system displays an audit trail showing who made each change, when it occurred, what type of billing action was taken, and the stated reason or note for the change. The target action was not executed; this is an observation limitation, not a software failure.",accept,,,,,
FR-047,1,not_observable,EV-01-SCEN-FR-047-51-01,No observation was recorded for the scenarios of this requirement.,"The existing GET /api/dashboard only opens a generic page or health endpoint; no scenario-specific setup or target interaction was defined. Missing observation: The system applies the configured sibling discount only to eligible tuition charges, shows the discount on the invoice, and does not apply it when the policy is not configured or the children are not both eligible. The target action was not executed; this is an observation limitation, not a software failure.",accept,,,,,
FR-048,1,not_observable,EV-01-SCEN-FR-048-52-01,No observation was recorded for the scenarios of this requirement.,"The existing GET /api/dashboard only opens a generic page or health endpoint; no scenario-specific setup or target interaction was defined. Missing observation: The system adds the configured late fee to the invoice, displays the fee as a separate charge, and does not apply the fee before the grace period has expired. The target action was not executed; this is an observation limitation, not a software failure.",accept,,,,,
FR-049,1,not_observable,EV-01-SCEN-FR-049-53-01,No observation was recorded for the scenarios of this requirement.,"The existing GET /api/dashboard only opens a generic page or health endpoint; no scenario-specific setup or target interaction was defined. Missing observation: The system prorates the tuition based on the active enrollment dates or changed enrollment status and shows the prorated amount on the invoice instead of charging the full period amount. The target action was not executed; this is an observation limitation, not a software failure.",accept,,,,,
FR-050,1,not_observable,EV-01-SCEN-FR-050-54-01,No observation was recorded for the scenarios of this requirement.,"The existing GET /api/dashboard only opens a generic page or health endpoint; no scenario-specific setup or target interaction was defined. Missing observation: The system applies tuition effects only according to the configured policy, such as reducing or not reducing charges based on the defined rules, and does not use a fixed hardcoded absence rule. The target action was not executed; this is an observation limitation, not a software failure.",accept,,,,,
FR-051,1,not_observable,EV-01-SCEN-FR-051-55-01,No observation was recorded for the scenarios of this requirement.,"The existing GET /api/dashboard only opens a generic page or health endpoint; no scenario-specific setup or target interaction was defined. Missing observation: The system requires an authorized decision before the exception takes effect, records the reviewer's action, and updates the related child, family, or billing record only according to the approved outcome. The target action was not executed; this is an observation limitation, not a software failure.",accept,,,,,
FR-052,1,not_observable,EV-01-SCEN-FR-052-56-01,No observation was recorded for the scenarios of this requirement.,"The existing GET /api/dashboard only opens a generic page or health endpoint; no scenario-specific setup or target interaction was defined. Missing observation: The child remains enrolled or provisionally active as allowed by policy, is clearly marked as not compliant, and the compliance status is visible to staff instead of blocking the record outright. The target action was not executed; this is an observation limitation, not a software failure.",accept,,,,,
FR-053,1,not_observable,EV-01-SCEN-FR-053-57-01,None of the required follow-up workflow was observed. The response only shows creation of a child whose immunization status is current.,"No missing or noncompliant record, staff follow-up action, or progression to verification or update was tested.",accept,,,,,
FR-054,1,not_observable,EV-01-SCEN-FR-054-58-01,No observation was recorded for the scenarios of this requirement.,"The existing GET /api/dashboard only opens a generic page or health endpoint; no scenario-specific setup or target interaction was defined. Missing observation: The system presents a central dashboard or search screen that provides access to common daily tasks such as child lookup, family lookup, billing review, attendance, and notifications. The target action was not executed; this is an observation limitation, not a software failure.",accept,,,,,
FR-055,1,not_observable,EV-01-SCEN-FR-055-59-01,No observation was recorded for the scenarios of this requirement.,"The existing GET /api/dashboard only opens a generic page or health endpoint; no scenario-specific setup or target interaction was defined. Missing observation: The system supports onboarding administrators and office staff first, then classroom staff and other users afterward, with access and training materials aligned to each role's need to view child or family information. The target action was not executed; this is an observation limitation, not a software failure.",accept,,,,,
FR-056,1,not_observable,EV-01-SCEN-FR-056-60-01,No observation was recorded for the scenarios of this requirement.,"The existing GET /api/dashboard only opens a generic page or health endpoint; no scenario-specific setup or target interaction was defined. Missing observation: The system allows go-live to proceed only when core data loading is complete and the main workflows can be completed reliably, and it prevents go-live approval when those readiness conditions are not met. The target action was not executed; this is an observation limitation, not a software failure.",accept,,,,,
FR-057,1,not_observable,EV-01-SCEN-FR-057-61-01,No observation was recorded for the scenarios of this requirement.,"The existing GET /api/dashboard only opens a generic page or health endpoint; no scenario-specific setup or target interaction was defined. Missing observation: The system shows matching figures for reports, billing, and attendance, or clearly flags any discrepancies so staff can correct them before full cutover. The target action was not executed; this is an observation limitation, not a software failure.",accept,,,,,
FR-058,1,not_observable,EV-01-SCEN-FR-058-62-01; EV-01-SCEN-FR-058-62-04,"The evidence shows a family and a child created with an initial classroom assignment. No child was moved, so none of the required moving or capacity-dependent behavior was established.","Moving children into or out of classrooms when capacity allows, and preventing moves when capacity does not allow, remain untested.",accept,,,,,
FR-059,1,not_observable,EV-01-SCEN-FR-059-63-01,No observation was recorded for the scenarios of this requirement.,"The existing GET /api/dashboard only opens a generic page or health endpoint; no scenario-specific setup or target interaction was defined. Missing observation: The system routes the pending change to staff review and does not apply it until a reviewer approves it. The target action was not executed; this is an observation limitation, not a software failure.",accept,,,,,
FR-060,1,not_observable,EV-01-SCEN-FR-060-64-01,No observation was recorded for the scenarios of this requirement.,"The existing GET /api/dashboard only opens a generic page or health endpoint; no scenario-specific setup or target interaction was defined. Missing observation: The allergy alert and restricted pickup information are shown immediately and prominently before the child can be released. The target action was not executed; this is an observation limitation, not a software failure.",accept,,,,,
FR-061,1,not_observable,EV-01-SCEN-FR-061-65-01,No observation was recorded for the scenarios of this requirement.,"The existing GET /api/dashboard only opens a generic page or health endpoint; no scenario-specific setup or target interaction was defined. Missing observation: The system places non-urgent work into a queue or delayed processing state, while continuing to prioritize urgent operational tasks without interruption. The target action was not executed; this is an observation limitation, not a software failure.",accept,,,,,
FR-062,1,not_observable,EV-01-SCEN-FR-062-66-01,No observation was recorded for the scenarios of this requirement.,"The existing GET /api/dashboard only opens a generic page or health endpoint; no scenario-specific setup or target interaction was defined. Missing observation: Each item is clearly marked as current, due soon, overdue, exempt, or missing, allowing the staff member to know the next follow-up action at a glance. The target action was not executed; this is an observation limitation, not a software failure.",accept,,,,,
BR-001,1,not_observable,EV-01-SCEN-BR-001-67-01,No observation was recorded for the scenarios of this requirement.,"The existing GET /api/dashboard only opens a generic page or health endpoint; no scenario-specific setup or target interaction was defined. Missing observation: Only administrators and authorized staff can complete these actions; unauthorized users are denied access or shown read-only restrictions. The target action was not executed; this is an observation limitation, not a software failure.",accept,,,,,
BR-002,1,not_observable,EV-01-SCEN-BR-002-68-01,No observation was recorded for the scenarios of this requirement.,"The existing GET /api/dashboard only opens a generic page or health endpoint; no scenario-specific setup or target interaction was defined. Missing observation: The system hides or blocks access to sensitive billing data and full administrative controls for teaching and support staff. The target action was not executed; this is an observation limitation, not a software failure.",accept,,,,,
BR-003,1,not_observable,EV-01-SCEN-BR-003-69-01,No observation was recorded for the scenarios of this requirement.,"The existing GET /api/dashboard only opens a generic page or health endpoint; no scenario-specific setup or target interaction was defined. Missing observation: The system prevents the change and allows only a system administrator to modify security and global configuration settings. The target action was not executed; this is an observation limitation, not a software failure.",accept,,,,,
BR-004,1,observed_unsatisfied,EV-01-SCEN-BR-004-70-01,The export returned an unmasked family phone number in a complete request with no authentication or acting-role information. Public access to that sensitive detail violates the restriction to the listed authorized users. No required branch is positively established.,"Access by system administrators, senior administrators, and authorized supervisors was not tested.",accept,,,,,
BR-005,1,observed_unsatisfied,EV-01-SCEN-BR-005-71-01,"The CSV export exposed a family phone number and a child's name and classroom without masking them. The complete request shows no acting user or permission, and no business need was established. This violates the default restriction on routine operational exports.",No permitted business-need exception or other export was tested.,accept,,,,,
BR-006,1,not_observable,EV-01-SCEN-BR-006-72-01,"The default CSV export showed family and child rows without the listed sensitive details. No complete exclusion or masking obligation is established, because the evidence does not show whether those details were present in the underlying records.","Exclusion or masking of populated custody, emergency-contact, payment, health, special-needs, and other staff-inappropriate fields remains untested.",accept,,,,,
BR-007,1,not_observable,EV-01-SCEN-BR-007-73-01; EV-01-SCEN-BR-007-73-04,"None of the required capacity-blocking behaviour was established. The records show a family and a child created, but do not show that Preschool had reached capacity or that the child-creation request was an additional enrollment.","Classroom capacity, existing enrollment count, and an enrollment attempt after capacity was reached remain untested.",accept,,,,,
BR-008,1,not_observable,EV-01-SCEN-BR-008-74-01,No observation was recorded for the scenarios of this requirement.,"The existing GET /api/dashboard only opens a generic page or health endpoint; no scenario-specific setup or target interaction was defined. Missing observation: The system prevents the sibling discount from stacking with the other discount unless the policy explicitly permits the combination. The target action was not executed; this is an observation limitation, not a software failure.",accept,,,,,
BR-009,1,not_observable,EV-01-SCEN-BR-009-75-01,No observation was recorded for the scenarios of this requirement.,"The existing GET /api/dashboard only opens a generic page or health endpoint; no scenario-specific setup or target interaction was defined. Missing observation: The system blocks the action unless the user has the required permission to create or change payments. The target action was not executed; this is an observation limitation, not a software failure.",accept,,,,,
BR-010,1,not_observable,EV-01-SCEN-BR-010-76-01,No observation was recorded for the scenarios of this requirement.,"The existing GET /api/dashboard only opens a generic page or health endpoint; no scenario-specific setup or target interaction was defined. Missing observation: The system grants access only for the selected time period, records the stated reason in the account history, and displays the temporary access as time-limited rather than permanent. The target action was not executed; this is an observation limitation, not a software failure.",accept,,,,,
BR-011,1,observed_unsatisfied,EV-01-SCEN-BR-011-77-01; EV-01-SCEN-BR-011-77-06,"An invoice with 100 due accepted a 100000 payment and was marked paid, with no review hold shown. The payment was unusually large relative to the recorded amount due, violating that hold condition. No required hold condition was positively established.","The dispute, failed-payment, inactive-payer, overdue-balance, and suspicious-payment conditions were not exercised.",accept,,,,,
BR-012,1,not_observable,EV-01-SCEN-BR-012-78-06; EV-01-SCEN-BR-012-78-01,"None of the required behaviour was established. A $50 card payment was immediately recorded against a $100 invoice, but the evidence does not identify it as a normal recurring tuition payment.",Whether normal recurring tuition payments go through right away remains untested.,accept,,,,,
BR-013,1,not_observable,EV-01-SCEN-BR-013-79-05; EV-01-SCEN-BR-013-79-01,"A prepared child's check-in succeeded, but the record does not establish that it occurred during a peak period or measure its response time. Neither peak-period speed nor reliability is established.",Attendance-action speed and reliability during peak periods remain untested.,accept,,,,,
BR-014,1,not_observable,EV-01-SCEN-BR-014-80-01,No observation was recorded for the scenarios of this requirement.,"The existing GET /api/dashboard only opens a generic page or health endpoint; no scenario-specific setup or target interaction was defined. Missing observation: The system does not silently replace existing source records, and it reports the affected records with clear conflict or validation notices instead of overwriting them. The target action was not executed; this is an observation limitation, not a software failure.",accept,,,,,
DI-001,1,observed_partial,EV-01-SCEN-DI-001-81-01,The system successfully exported data as CSV: the response had a CSV content type and contained CSV records.,No CSV import was exercised.,accept,,,,,
DI-002,1,not_observable,EV-01-SCEN-DI-002-82-01,"No Excel-format import or export was observed. The recorded response is a CSV export, not evidence of either required Excel-format operation.",Excel-format import and export remain untested.,accept,,,,,
DI-003,1,not_observable,EV-01-SCEN-DI-003-83-01,"No required PDF-export behaviour was observed. The recorded response exported CSV data, not a PDF report or record.",PDF export and its read-only use remain untested.,accept,,,,,
DI-004,1,not_observable,EV-01-SCEN-DI-004-84-01,No observation was recorded for the scenarios of this requirement.,"The existing GET /api/dashboard only opens a generic page or health endpoint; no scenario-specific setup or target interaction was defined. Missing observation: The system flags the invalid rows with field-specific validation messages for the missing or malformed name, date, phone number, email, or immunization date values and does not accept those invalid entries as valid records. The target action was not executed; this is an observation limitation, not a software failure.",accept,,,,,
DI-005,1,not_observable,EV-01-SCEN-DI-005-85-01,No observation was recorded for the scenarios of this requirement.,"The existing GET /api/dashboard only opens a generic page or health endpoint; no scenario-specific setup or target interaction was defined. Missing observation: The system rejects only the affected row or record, keeps the existing data unchanged for that record, and imports the other valid rows successfully. The target action was not executed; this is an observation limitation, not a software failure.",accept,,,,,
QR-001,1,not_observable,EV-01-SCEN-QR-001-86-01,No observation was recorded for the scenarios of this requirement.,"The existing GET /api/dashboard only opens a generic page or health endpoint; no scenario-specific setup or target interaction was defined. Missing observation: The system responds quickly, maintains consistent results across repeated actions, and helps staff complete tasks accurately without conflicting outputs or delayed updates. The target action was not executed; this is an observation limitation, not a software failure.",accept,,,,,
QR-002,1,not_observable,EV-01-SCEN-QR-002-87-01,No observation was recorded for the scenarios of this requirement.,"The existing GET /api/dashboard only opens a generic page or health endpoint; no scenario-specific setup or target interaction was defined. Missing observation: The system reuses existing information where possible, avoids creating duplicate entries, and reduces the need for the staff member to retype the same data in multiple places. The target action was not executed; this is an observation limitation, not a software failure.",accept,,,,,
QR-003,1,not_observable,EV-01-SCEN-QR-003-88-01,No observation was recorded for the scenarios of this requirement.,"The existing GET / only opens a generic page or health endpoint; no scenario-specific setup or target interaction was defined. Missing observation: The screens are easy to read, labels are clear, navigation is straightforward, and the staff member can find common functions without confusion. The target action was not executed; this is an observation limitation, not a software failure.",accept,,,,,
QR-004,1,not_observable,EV-01-SCEN-QR-004-89-01,No observation was recorded for the scenarios of this requirement.,"The existing GET / only opens a generic page or health endpoint; no scenario-specific setup or target interaction was defined. Missing observation: The controls are large enough to select comfortably and are not tiny or cramped, allowing the task to be completed without repeated misclicks. The target action was not executed; this is an observation limitation, not a software failure.",accept,,,,,
QR-005,1,not_observable,EV-01-SCEN-QR-005-90-01,"A single check-in request succeeded, but no required peak-period or many-user responsiveness obligation was exercised.","Responsiveness, slowdown, and timeout behaviour during arrival, pickup, and meal-time peaks with many users entering information concurrently remain untested.",accept,,,,,
QR-006,1,not_observable,EV-01-SCEN-QR-006-91-01,No observation was recorded for the scenarios of this requirement.,"The existing GET /api/dashboard only opens a generic page or health endpoint; no scenario-specific setup or target interaction was defined. Missing observation: The system presents a simple, easy-to-follow support experience, records the issue without data loss, and confirms that help has been requested through an acknowledgment or ticket reference. The target action was not executed; this is an observation limitation, not a software failure.",accept,,,,,
QR-007,1,not_observable,EV-01-SCEN-QR-007-92-01,No observation was recorded for the scenarios of this requirement.,"The existing GET /api/dashboard only opens a generic page or health endpoint; no scenario-specific setup or target interaction was defined. Missing observation: The system accepts the new classroom and site without requiring a rebuild or replacement of existing records, and the newly added locations appear alongside the current structure with the existing data preserved. The target action was not executed; this is an observation limitation, not a software failure.",accept,,,,,
QR-008,1,not_observable,EV-01-SCEN-QR-008-93-01,No observation was recorded for the scenarios of this requirement.,"The existing GET /api/dashboard only opens a generic page or health endpoint; no scenario-specific setup or target interaction was defined. Missing observation: The system accommodates the added classrooms and site cleanly, updates the organizational structure, and allows the new spaces to be used for scheduling and enrollment without disrupting the original site. The target action was not executed; this is an observation limitation, not a software failure.",accept,,,,,
QR-009,1,not_observable,EV-01-SCEN-QR-009-94-01,No observation was recorded for the scenarios of this requirement.,"The existing GET / only opens a generic page or health endpoint; no scenario-specific setup or target interaction was defined. Missing observation: The screens render correctly and remain usable on both device types, key actions are accessible without layout breakage, and common tasks such as check-in and record viewing can be completed comfortably on shared desktops and tablets. The target action was not executed; this is an observation limitation, not a software failure.",accept,,,,,
QR-010,1,not_observable,EV-01-SCEN-QR-010-95-01,No observation was recorded for the scenarios of this requirement.,"The existing GET / only opens a generic page or health endpoint; no scenario-specific setup or target interaction was defined. Missing observation: The system signs the staff member in quickly with the shared-workstation login method, grants access to the appropriate staff workspace, and makes the process suitable for repeated use on a common desk terminal. The target action was not executed; this is an observation limitation, not a software failure.",accept,,,,,
QR-011,1,not_observable,EV-01-SCEN-QR-011-96-01; EV-01-SCEN-QR-011-96-05,"A check-in for the created child succeeded once. This establishes the action worked in that request, but no complete speed or reliability obligation was established.","No response-time measurement or test with other tasks queued or delayed was recorded, so performance and reliability under those conditions remain unknown.",accept,,,,,
QR-012,1,not_observable,EV-01-SCEN-QR-012-97-01,No observation was recorded for the scenarios of this requirement.,"The existing GET /api/dashboard only opens a generic page or health endpoint; no scenario-specific setup or target interaction was defined. Missing observation: The system shows clear at-a-glance indicators for each child's immunization status and the classroom's current capacity, allowing the teacher or manager to identify compliance issues and occupancy status without opening each record individually. The target action was not executed; this is an observation limitation, not a software failure.",accept,,,,,
EX-001,1,not_observable,EV-01-SCEN-EX-001-98-01,No observation was recorded for the scenarios of this requirement.,"The existing GET /api/dashboard only opens a generic page or health endpoint; no scenario-specific setup or target interaction was defined. Missing observation: The system treats those days as scheduling exceptions, displays them distinctly on the calendar, and applies the exception status automatically so staff do not need to work around them manually. The target action was not executed; this is an observation limitation, not a software failure.",accept,,,,,
EX-002,1,not_observable,EV-01-SCEN-EX-002-99-01,No observation was recorded for the scenarios of this requirement.,"The existing GET /api/dashboard only opens a generic page or health endpoint; no scenario-specific setup or target interaction was defined. Missing observation: The system allows the special schedule to be created for the exception period and displays the reduced or alternate plan on the affected dates without treating it as a normal operating day. The target action was not executed; this is an observation limitation, not a software failure.",accept,,,,,
EX-003,1,not_observable,EV-01-SCEN-EX-003-100-01,"None of the required obligations or branches was established. The recorded request created a child, but it did not demonstrate a classroom-capacity override.","Classroom capacity, an exceptional case, a manager or administrator acting, and an override audit entry were not observed.",accept,,,,,
EX-004,1,not_observable,EV-01-SCEN-EX-004-101-01,No observation was recorded for the scenarios of this requirement.,"The existing GET /api/dashboard only opens a generic page or health endpoint; no scenario-specific setup or target interaction was defined. Missing observation: The system holds the release for review, prevents the child from being released normally, and alerts staff that the safety information must be resolved before the release can proceed. The target action was not executed; this is an observation limitation, not a software failure.",accept,,,,,
EX-005,1,not_observable,EV-01-SCEN-EX-005-102-01,"A child was created with immunization_status='exempt', but this does not establish a temporary exception or whether the center had an exception policy. No required condition branch was established.","The center's policy status, the temporary nature of any exception, and whether exceptions are restricted when no policy exists remain untested.",accept,,,,,
EX-006,1,observed_unsatisfied,EV-01-SCEN-EX-006-103-06; EV-01-SCEN-EX-006-103-01,"The invoice had no payments, yet a reversal was applied and increased its balance from 100 to 150. Reversing a payment that had not been recorded is unusual; the response shows the reversal applied without an approval or review step. No required branch is positively established.",Amount-dependent approval settings and large-reversal handling were not tested.,accept,,,,,
FR-001,2,observed_partial,EV-02-SCEN-FR-001-05-01,"The submitted family appears in the Families list after the registration request, establishing family registration.",Child registration was not exercised; the list shows only a previously existing child.,accept,,,,,
FR-002,2,observed_satisfied,EV-02-SCEN-FR-002-06-01,"The children page shows Liam Smith in Sunflowers with occupancy of 2/8, making available space visible for that child. This satisfies the availability-check alternative.","Waiting-list placement was not tested, but it is an alternative rather than an additional required branch.",accept,,,,,
FR-003,2,observed_satisfied,EV-02-SCEN-FR-003-07-01,"The child-add request specified classroom ID 1, and the resulting children list shows Noah Smith assigned to Sunflowers. This establishes that the system supports assigning a child to a classroom.",The evidence does not establish whether Sunflowers was appropriate for Noah under any particular placement criteria; the requirement states none.,accept,,,,,
FR-004,2,not_observable,EV-02-SCEN-FR-004-08-01,"No required record-update capability was observed. The response shows a child's current immunization status and links for attendance actions, but no change to an existing record was attempted or shown.","Updating immunizations, attendance, and family details remains untested.",accept,,,,,
FR-005,2,observed_partial,EV-02-SCEN-FR-005-09-01,"The system displays an existing invoice with its description, amount, balance, and status. This establishes invoice viewing as part of invoicing support.","The evidence does not show an invoice being created or issued, or a payment being recorded.",accept,,,,,
FR-006,2,observed_partial,EV-02-SCEN-FR-006-10-01,Checking a child in is established: the check-in request redirected to an attendance page showing Ava Smith's check-in with a timestamp.,Checking a child out was not exercised.,accept,,,,,
FR-007,2,not_observable,EV-02-SCEN-FR-007-11-01,"An Attendance page loaded, but its table contained no attendance entries. No review of recorded attendance was demonstrated.",Reviewing an existing attendance record remains untested.,accept,,,,,
FR-008,2,not_observable,EV-02-SCEN-FR-008-12-01,None of the required contact-information lookup behaviour was established. The search response reports one matching family but shows no contact information.,No family record or other lookup result containing contact information was observed; the search response alone does not establish whether the system supports looking it up.,accept,,,,,
FR-009,2,observed_partial,EV-02-SCEN-FR-009-13-01,"The Children page displays a child's classroom assignment, immunization status, allergy alert, and pickup-authority information. These viewing obligations are met for the displayed child.","The captured page does not show contact information. The request had no acting-user or access-level context, so the evidence does not establish whether the information shown is appropriate to the user's access level.",accept,,,,,
FR-010,2,observed_satisfied,EV-02-SCEN-FR-010-14-01,"The reports endpoint returned an operational report with counts for full classrooms, noncompliant children, and pending approvals. The complete request shows the report is publicly available, which supports availability to authorized users but does not establish exclusive access.",The evidence does not establish whether access is restricted to authorized users.,accept,,,,,
FR-011,2,observed_partial,EV-02-SCEN-FR-011-15-01,"The children page displays an existing child's immunization status as current. It also offers all five required statuses as form choices, but no submitted status was observed being stored.","Storage of the statuses and display of due soon, overdue, exempt, or missing on immunization records remain untested.",accept,,,,,
FR-012,2,not_observable,EV-02-SCEN-FR-012-16-01,The page lists immunization status options and shows one child marked current. No required flagging or notification obligation was observed.,"No nearing-expiration, overdue, incomplete, expired, or missing record was shown being flagged, and no notification to staff or family was observed.",accept,,,,,
FR-013,2,not_observable,EV-02-SCEN-FR-013-17-01,No required upload capability was established. The recorded compliance-page request redirected to a children listing; it did not exercise uploading a replacement immunization record.,Whether a family can upload a replacement immunization record remains untested.,accept,,,,,
FR-014,2,not_observable,EV-02-SCEN-FR-014-18-01,"No required branch was established. The only child shown was marked current; the compliance request redirected to the children list without showing a verification, update, or staff confirmation.","No child with an unacceptable immunization record was observed, so whether the child remains not compliant until the record is verified or updated and staff confirms compliance is untested.",accept,,,,,
FR-015,2,not_observable,EV-02-SCEN-FR-015-19-01,No required self-service operation was established. The recorded request created a new family record; it did not update an existing family's contact information. The invoices link does not show an invoice or payment history being viewed.,"Family contact updates, enrollment-form submission or updates, invoice and payment-history viewing, and document uploads remain untested.",accept,,,,,
FR-016,2,not_observable,EV-02-SCEN-FR-016-20-01,None of the required request or review behaviours was observed. The reports page showed only a pending-approvals count of zero.,"Online family requests for each listed change type, and whether submitted requests remain pending staff review before becoming active, were not tested.",accept,,,,,
FR-017,2,not_observable,EV-02-SCEN-FR-017-21-01,No required profile-edit obligation was observed. The request created a new family with an email address; it did not edit an existing profile.,"Whether address, phone, email, or password changes that leave care arrangements and safety-related information unchanged take effect immediately remains untested.",accept,,,,,
FR-018,2,not_observable,EV-02-SCEN-FR-018-22-01,The recorded action created a family record. No document-upload obligation or condition branch was exercised.,"No document upload was attempted, so the evidence does not show whether a family can submit an upload immediately when it changes neither care arrangements nor safety-related information.",accept,,,,,
FR-019,2,observed_satisfied,EV-02-SCEN-FR-019-23-01,"A credit-card payment of 50 was submitted for a 200 invoice. The resulting invoice page showed a balance of 150, establishing a recorded payment operation and its result.",,accept,,,,,
FR-020,2,observed_partial,EV-02-SCEN-FR-020-24-01,"A $50 debit-card payment was submitted, and the resulting invoice shows a $150 balance on a $200 charge, supporting debit-card payment handling. Credit card appears as an option, but its payment capability was not established.",No credit-card payment operation or result was observed. Bank transfer is optional under the requirement.,accept,,,,,
FR-021,2,observed_satisfied,EV-02-SCEN-FR-021-25-01,"The recorded payment request succeeded and redirected to an invoice showing a balance of 125.0 on a 200.0 charge after a 75 payment. The complete request used no acting-role protocol, demonstrating that the payment operation is publicly available and therefore available to an account holder or authorized guardian.",The evidence does not establish the payer’s identity or guardian authorization; the requirement does not specify exclusive access.,accept,,,,,
FR-022,2,observed_satisfied,EV-02-SCEN-FR-022-26-01,"After a payment of 30 was submitted for invoice 1, the invoice showed an amount of 200, a remaining balance of 170, and status 'open'. This establishes partial payment support and that the invoice remains open for the balance.",,accept,,,,,
FR-023,2,not_observable,EV-02-SCEN-FR-023-27-01; EV-02-SCEN-FR-023-27-02,"None of the required obligations is established. The zero-amount submission redirected to the invoices page, but the responses do not establish that a payment failed. The service log shows the HTTP requests, not a failed-payment record.","Without an established failed payment, the evidence does not test whether failures are logged or shown right away to staff and the payer.",accept,,,,,
FR-024,2,not_observable,EV-02-SCEN-FR-024-28-01,"None of the required third-party payment conditions is established. The response shows an invoice balance of 150 after a payment request for 50, but it does not establish that the payer was a trusted family member or other non-account-holder, or that staff verified the person, obtained account-holder confirmation, or received emergency manager approval.","The payer’s relationship to the account and the required verification, confirmation, or approval remain unknown.",accept,,,,,
FR-025,2,observed_partial,EV-02-SCEN-FR-025-29-01,"The classroom listing shows an existing classroom with a capacity of 8, supporting the maximum-capacity record obligation.","The displayed count of 1 was not checked against enrolled-child records or observed changing after an enrollment, so automatic counting remains untested.",accept,,,,,
FR-026,2,observed_partial,EV-02-SCEN-FR-026-30-01,The classrooms page displays Sunflowers’ enrolled count versus its limit as 1 / 8 and labels the classroom available.,"No full classroom was observed, so the full-status branch remains untested.",accept,,,,,
FR-027,2,not_observable,EV-02-SCEN-FR-027-31-01,"The child was added to a classroom shown as 2/8 after the addition. No classroom at capacity was observed, so no required flagging, enrollment restriction, or exception branch was established.","Flagging at capacity, prevention of additional enrollment, and enrollment through a manager or administrator override or waiting-list move remain untested.",accept,,,,,
FR-028,2,not_observable,EV-02-SCEN-FR-028-32-01,"No waiting list review or management operation was observed. The captured Reports page shows summary counts, not waiting list records or changes.",Waiting list review and management remain untested; this page alone does not establish that either capability is absent.,accept,,,,,
FR-029,2,observed_partial,EV-02-SCEN-FR-029-33-01,"The new child was assigned to classroom Sunflowers, and the resulting children list shows that assignment.","No age or developmental stage was recorded, so age- or stage-based assignment is untested. Managing an existing assignment and assigning children to room types are also untested.",accept,,,,,
FR-030,2,not_observable,EV-02-SCEN-FR-030-34-01,No complete required route-selection or task-completion path was observed. The search screen reports one matching child but shows no selectable child result.,"A dashboard route was not tested, and no staff member was observed picking a child or family and completing a task.",accept,,,,,
FR-031,2,not_observable,EV-02-SCEN-FR-031-35-01,No observation was recorded for the scenarios of this requirement.,"The existing GET / only opens a generic page or health endpoint; no scenario-specific setup or target interaction was defined. Missing observation: The system opens the selected routine function immediately from the dashboard and displays the relevant list or check screen without requiring the staff member to navigate through the full menu structure. The target action was not executed; this is an observation limitation, not a software failure.",accept,,,,,
FR-032,2,not_observable,EV-02-SCEN-FR-032-36-01,No observation was recorded for the scenarios of this requirement.,"The existing GET / only opens a generic page or health endpoint; no scenario-specific setup or target interaction was defined. Missing observation: The system supports the training and parallel operation period, allows comparison of results during rollout, and transitions to full cutover only when the planned cutover is approved. The target action was not executed; this is an observation limitation, not a software failure.",accept,,,,,
FR-033,2,not_observable,EV-02-SCEN-FR-033-37-01,No observation was recorded for the scenarios of this requirement.,"The existing GET / only opens a generic page or health endpoint; no scenario-specific setup or target interaction was defined. Missing observation: The system grants the backup access only to the covered duties, blocks access to unrelated functions, and automatically ends or easily removes the temporary access when coverage ends. The target action was not executed; this is an observation limitation, not a software failure.",accept,,,,,
FR-034,2,not_observable,EV-02-SCEN-FR-034-38-01,No observation was recorded for the scenarios of this requirement.,"The existing GET / only opens a generic page or health endpoint; no scenario-specific setup or target interaction was defined. Missing observation: The system supports fast authentication and user switching on the shared workstation, shows the correct user context after each switch, and prevents one staff member from continuing under another staff member's session. The target action was not executed; this is an observation limitation, not a software failure.",accept,,,,,
FR-035,2,not_observable,EV-02-SCEN-FR-035-39-01,No observation was recorded for the scenarios of this requirement.,"The existing GET / only opens a generic page or health endpoint; no scenario-specific setup or target interaction was defined. Missing observation: The system displays and operates correctly on both the shared desktop and the tablet, with usable screens and controls appropriate to each device type. The target action was not executed; this is an observation limitation, not a software failure.",accept,,,,,
FR-036,2,not_observable,EV-02-SCEN-FR-036-40-01,"A family was added and appeared in the family list, but this does not establish migration of an active family account at go-live. No required migration category was demonstrated.","Migration of active family accounts, enrolled children, classroom assignments, immunization status, outstanding invoices or balances, current waiting list entries, contact history, and authorized pickup lists remains untested.",accept,,,,,
FR-037,2,not_observable,EV-02-SCEN-FR-037-41-01,"The request returned a family record, but no staff identity, site assignment, or record site was established. No required own-site or cross-site access branch was established positively or negatively.","Whether staff can view and manage only their own site's records, and whether a higher-level role can access records across sites, remains untested.",accept,,,,,
FR-038,2,not_observable,EV-02-SCEN-FR-038-42-01,The families page shows one family with contact information and a count of one child. None of the required behaviours is established: the evidence does not show children at more than one site or contact information and billing unified under their family account.,Multi-site children and unified contact and billing remain untested.,accept,,,,,
FR-039,2,not_observable,EV-02-SCEN-FR-039-43-01,"None of the required behaviour was established. The response shows a reports page with zero-valued counts, but no sibling relationship or report rolling up data across locations.","Sibling support, cross-location rollups, and availability of those reports to authorized users remain untested.",accept,,,,,
FR-040,2,observed_partial,EV-02-SCEN-FR-040-44-01,"The system returned a downloadable CSV export containing records, satisfying the CSV export obligation.",CSV import was not exercised. Excel and PDF support are optional.,accept,,,,,
FR-041,2,not_observable,EV-02-SCEN-FR-041-45-01,No observation was recorded for the scenarios of this requirement.,"The existing GET / only opens a generic page or health endpoint; no scenario-specific setup or target interaction was defined. Missing observation: The system validates each field in each row, rejects only the affected row or record with clear error details, imports the valid rows, and leaves all existing data unchanged. The target action was not executed; this is an observation limitation, not a software failure.",accept,,,,,
FR-042,2,observed_unsatisfied,EV-02-SCEN-FR-042-46-01,An export request with no authentication or acting-role information returned family contact details and a child's immunization status. This violates the required permission control for exporting sensitive family or child data. No required obligation was positively established.,"Import controls were not tested. No field-restriction policy was recorded, so compliance with specific field restrictions cannot be assessed.",accept,,,,,
FR-043,2,not_observable,EV-02-SCEN-FR-043-47-01,"The invoice listing shows an existing charge, but no billing adjustment was exercised. No required obligation is established.",There is no recorded adjustment or follow-up showing an invoice adjustment while the original charge remains unchanged.,accept,,,,,
FR-044,2,not_observable,EV-02-SCEN-FR-044-48-01,"The invoices page shows an open charge and its status, but no disputed charge. None of the required behaviour for disputed charges is established.",Whether disputed charges remain visible with a status for billing staff review was not tested.,accept,,,,,
FR-045,2,not_observable,EV-02-SCEN-FR-045-49-01,"No required obligation was exercised. The recorded request submitted a zero-amount payment, not a credit or refund, and the invoice page does not show a credit or refund record.","Recording a credit and a refund, each with a reason and a link to the original invoice, remains untested.",accept,,,,,
FR-046,2,not_observable,EV-02-SCEN-FR-046-50-01,"The recorded response shows only a reports page. No invoice change or audit-trail entry was observed, so none of the required audit-trail obligations was established.","Audit trails for invoice adjustments, credits, refunds, and reversals—including who made each change and why—remain untested.",accept,,,,,
FR-047,2,not_observable,EV-02-SCEN-FR-047-51-01,"The invoices page shows one weekly tuition charge, but no sibling-discount obligation or condition branch is established.","The evidence does not show two or more enrolled children on one family account, a staff-configured discount policy, or that the policy is applied to eligible tuition charges.",accept,,,,,
FR-048,2,not_observable,EV-02-SCEN-FR-048-52-01,"No required obligation was established. The invoice page shows an open invoice and its balance, but no configured grace period, overdue payment condition, or late fee.",Late-fee support after a configured grace period was not exercised or observed.,accept,,,,,
FR-049,2,not_observable,EV-02-SCEN-FR-049-53-01,"The invoice listing shows a weekly tuition charge, but no mid-period start, departure, or enrollment change. No required prorating branch was exercised.","Prorating for a child starting or leaving partway through a billing period, and for an enrollment change mid-cycle, remains untested.",accept,,,,,
FR-050,2,not_observable,EV-02-SCEN-FR-050-54-01,"None of the required behaviour was established. The invoices page shows a tuition amount, but no absence, configurable policy, or policy-based tuition adjustment.",Whether an absence changes tuition according to a configured policy rather than a hardcoded rule remains untested.,accept,,,,,
FR-051,2,not_observable,EV-02-SCEN-FR-051-55-01,"None of the required review, approval, or override capabilities was exercised. The reports page shows a count of zero pending approvals, not an authorized user acting on a sensitive change or exception.","No enrollment exception, capacity override, payment reversal, or temporary access grant was prepared or acted on; authorized-user capability remains untested.",accept,,,,,
FR-052,2,not_observable,EV-02-SCEN-FR-052-56-01,"None of the required behavior was observed. The Children page offers incomplete, overdue, and missing immunization statuses, but shows only a child marked current.","No child with incomplete, overdue, or missing immunization records was observed at go-live, so continued enrollment and a clear non-compliant marking remain untested.",accept,,,,,
FR-053,2,not_observable,EV-02-SCEN-FR-053-57-01,"No required workflow obligation was established. The recorded child was marked current, and the compliance request redirected to the children list; it did not exercise follow-up on a missing or noncompliant record.",Staff follow-up steps and continuation until verification or update remain untested.,accept,,,,,
FR-054,2,not_observable,EV-02-SCEN-FR-054-58-01,No observation was recorded for the scenarios of this requirement.,"The existing GET / only opens a generic page or health endpoint; no scenario-specific setup or target interaction was defined. Missing observation: The system presents a central dashboard or search screen that provides access to common daily tasks such as child lookup, family lookup, billing review, attendance, and notifications. The target action was not executed; this is an observation limitation, not a software failure.",accept,,,,,
FR-055,2,not_observable,EV-02-SCEN-FR-055-59-01,No observation was recorded for the scenarios of this requirement.,"The existing GET / only opens a generic page or health endpoint; no scenario-specific setup or target interaction was defined. Missing observation: The system supports onboarding administrators and office staff first, then classroom staff and other users afterward, with access and training materials aligned to each role's need to view child or family information. The target action was not executed; this is an observation limitation, not a software failure.",accept,,,,,
FR-056,2,not_observable,EV-02-SCEN-FR-056-60-01,No observation was recorded for the scenarios of this requirement.,"The existing GET / only opens a generic page or health endpoint; no scenario-specific setup or target interaction was defined. Missing observation: The system allows go-live to proceed only when core data loading is complete and the main workflows can be completed reliably, and it prevents go-live approval when those readiness conditions are not met. The target action was not executed; this is an observation limitation, not a software failure.",accept,,,,,
FR-057,2,not_observable,EV-02-SCEN-FR-057-61-01,"The reports page displayed summary counts, but no comparison with expected center outputs was recorded. None of the required consistency behaviour was established.","Report values were not checked against expected outputs; billing and attendance information, and consistency before full cutover, were not exercised.",accept,,,,,
FR-058,2,not_observable,EV-02-SCEN-FR-058-62-01,"The response shows a newly added child assigned to a classroom at 2/8 capacity. This is initial placement, not an observed move of an existing child, so no required movement branch was established.","Moving a child in or out when capacity allows, blocking a move when capacity does not allow it, and use of an authorized override were not tested.",accept,,,,,
FR-059,2,not_observable,EV-02-SCEN-FR-059-63-01,"The reports page shows zero pending approvals, but no change or staff review was observed. None of the required review-before-change behaviour is established.","No change affecting custody, safety, immunization compliance, fees, billing arrangements, or pickup authorization was exercised, so whether staff review precedes such changes remains unknown.",accept,,,,,
FR-060,2,observed_partial,EV-02-SCEN-FR-060-64-01,"The children page displays Ava’s peanut allergy alongside a Check out action, making the alert visible before that release action. It shows pickup authority as “Mom, Dad,” but does not establish visibility of a restricted pickup list.",Visibility of restricted pickup lists before release remains untested.,accept,,,,,
FR-061,2,not_observable,EV-02-SCEN-FR-061-65-01,"The reports page loaded, but no complete obligation was established: the response does not show queued or delayed handling of a non-urgent task.","No peak-period condition, task submission, queue or delay, or subsequent task handling was observed.",accept,,,,,
FR-062,2,observed_partial,EV-02-SCEN-FR-062-66-01,"The children list displays Ava's status as “current ✓” without opening her record, establishing at-a-glance visibility for the current category.","The page offers the other categories as form options, but no listed item demonstrates at-a-glance visibility for due soon, overdue, exempt, or missing status, or the follow-up action indicated for those statuses.",accept,,,,,
BR-001,2,not_observable,EV-02-SCEN-BR-001-67-01,No observation was recorded for the scenarios of this requirement.,"The existing GET / only opens a generic page or health endpoint; no scenario-specific setup or target interaction was defined. Missing observation: Only administrators and authorized staff can complete these actions; unauthorized users are denied access or shown read-only restrictions. The target action was not executed; this is an observation limitation, not a software failure.",accept,,,,,
BR-002,2,observed_unsatisfied,EV-02-SCEN-BR-002-68-01,"The invoices page returned named family billing details, including a tuition amount and balance, to a complete request with no authentication or acting-role information. That public availability violates the restriction on teaching and support staff accessing sensitive billing information. No required restriction is positively established.",Access to full administrative settings was not tested.,accept,,,,,
BR-003,2,not_observable,EV-02-SCEN-BR-003-69-01,No observation was recorded for the scenarios of this requirement.,"The existing GET / only opens a generic page or health endpoint; no scenario-specific setup or target interaction was defined. Missing observation: The system prevents the change and allows only a system administrator to modify security and global configuration settings. The target action was not executed; this is an observation limitation, not a software failure.",accept,,,,,
BR-004,2,observed_unsatisfied,EV-02-SCEN-BR-004-70-01,A request with no authentication or acting-role information returned an export containing unmasked family contact details and a child's immunization status. This violates the restriction on who can see unmasked sensitive export details. No required branch was positively established.,"Access for system administrators, senior administrators, and authorized supervisors was not tested.",accept,,,,,
BR-005,2,observed_unsatisfied,EV-02-SCEN-BR-005-71-01,"The CSV export returned unmasked family address, phone and email details and a child's immunization status. The complete request shows no authentication or acting-user information, and no clear business need or permission was established. This violates the default restriction on routine operational exports.",No exception involving a demonstrated business need and appropriate permission was tested.,accept,,,,,
BR-006,2,not_observable,EV-02-SCEN-BR-006-72-01,"The default CSV export was captured, but it contains no identified custody details, emergency contacts, full payment information, or sensitive notes whose exclusion or masking can be assessed. The child's immunization status is shown, but it is not an immunization note. No required exclusion is established or violated.","How the export handles records containing the specified sensitive fields, or other staff-inappropriate fields, remains untested.",accept,,,,,
BR-007,2,not_observable,EV-02-SCEN-BR-007-73-01,"No required branch was established. The child was added while the classroom showed 2/8 enrollment, so the recorded enrollment does not test the rule for a classroom at capacity.",No additional enrollment attempt at capacity was recorded.,accept,,,,,
BR-008,2,not_observable,EV-02-SCEN-BR-008-74-01,"None of the required discount behavior was established. The invoice page shows an amount but no sibling discount, other discount, or stacking outcome.","Whether sibling discounts stack with other discounts, and whether any policy explicitly permits stacking, remains untested.",accept,,,,,
BR-009,2,not_observable,EV-02-SCEN-BR-009-75-01,"No payment restriction was established or violated. The invoices page displayed a payment form, but no staff member attempted to make or change a payment.",Whether staff without permission can make or change payments remains untested.,accept,,,,,
BR-010,2,not_observable,EV-02-SCEN-BR-010-76-01,"None of the required behavior was observed. The recorded request only retrieved a reports page; it did not create, use, or inspect temporary access for an exceptional payment or billing case.",Whether such access is tied to a reason and limited in time remains untested.,accept,,,,,
BR-011,2,not_observable,EV-02-SCEN-BR-011-77-01,"A payment of 99999 was submitted against an invoice for 200, but the redirect shows only the invoice still open with its balance unchanged. No required payment-hold branch is established as met or violated: the response does not show whether the payment was held, rejected, or otherwise handled.","The payment's review status is unknown. The dispute, failed-payment, inactive-payer, overdue-balance, and suspicious-payment conditions were not exercised.",accept,,,,,
BR-012,2,observed_satisfied,EV-02-SCEN-BR-012-78-01,"A $50 credit-card payment toward the weekly tuition invoice was submitted, and the immediate redirected invoice view showed its balance at $150 against a $200 amount. This supports that the normal tuition payment went through right away.",No problem condition was exercised; the stated exception does not require one.,accept,,,,,
BR-013,2,not_observable,EV-02-SCEN-BR-013-79-01,"A check-in was recorded and appeared on the attendance page, but no complete fast-and-reliable-during-peak-periods obligation was exercised.",The evidence does not establish peak-period conditions or measure attendance-action speed and reliability under those conditions.,accept,,,,,
BR-014,2,not_observable,EV-02-SCEN-BR-014-80-01,None of the required migration or import safeguards was exercised. The recorded request only retrieved the Reports page.,"No migration or import with missing, inconsistent, mismatched, or conflicting data was recorded, and no resulting overwrite or warning behavior was observed.",accept,,,,,
DI-001,2,observed_partial,EV-02-SCEN-DI-001-81-01,CSV export is established: the endpoint returned a CSV attachment containing data rows.,CSV import was not exercised.,accept,,,,,
DI-002,2,not_observable,EV-02-SCEN-DI-002-82-01,"No Excel-format import or export was observed. The recorded response is a CSV export, which does not establish either Excel-format capability or its absence.",Excel-format import and export remain untested.,accept,,,,,
DI-003,2,not_observable,EV-02-SCEN-DI-003-83-01,"The recorded export returned a CSV file, not a PDF. No required PDF export or read-only-use property was established or violated.",PDF report or record export and its read-only use were not tested.,accept,,,,,
DI-004,2,not_observable,EV-02-SCEN-DI-004-84-01,"None of the required import-file validation behaviours was exercised. The recorded response shows a reports page, not an import or a validation result.","Validation of required names, dates, phone numbers, emails, and immunization dates in import files remains untested.",accept,,,,,
DI-005,2,not_observable,EV-02-SCEN-DI-005-85-01,None of the required import behavior was exercised. The recorded response shows only a reports page.,"No import with a missing, mismatched, or out-of-range value was observed, so row-level rejection and preservation of that record's current data remain unknown.",accept,,,,,
QR-001,2,not_observable,EV-02-SCEN-QR-001-86-01,No observation was recorded for the scenarios of this requirement.,"The existing GET / only opens a generic page or health endpoint; no scenario-specific setup or target interaction was defined. Missing observation: The system responds quickly, maintains consistent results across repeated actions, and helps staff complete tasks accurately without conflicting outputs or delayed updates. The target action was not executed; this is an observation limitation, not a software failure.",accept,,,,,
QR-002,2,not_observable,EV-02-SCEN-QR-002-87-01,"None of the required reductions is established. The response shows a family record, an entry form, and links to other areas, but no reuse of entered data or coordination between workflows.","No data-entry or coordination workflow was exercised, so neither reduction can be assessed.",accept,,,,,
QR-003,2,not_observable,EV-02-SCEN-QR-003-88-01,No observation was recorded for the scenarios of this requirement.,"The existing GET / only opens a generic page or health endpoint; no scenario-specific setup or target interaction was defined. Missing observation: The screens are easy to read, labels are clear, navigation is straightforward, and the staff member can find common functions without confusion. The target action was not executed; this is an observation limitation, not a software failure.",accept,,,,,
QR-004,2,observed_unsatisfied,EV-02-SCEN-QR-004-89-01,"The Add Child form relies on a required Family ID input explicitly sized to four characters. This is a tiny control used for an essential action, violating the requirement.",The rendered dimensions of other controls and other pages were not observed.,accept,,,,,
QR-005,2,not_observable,EV-02-SCEN-QR-005-90-01,"A single check-in request completed, but no required peak-period or concurrent-use responsiveness branch was exercised.","No arrival, pickup, or meal-time peak load with many users entering information simultaneously was recorded, and no response-time or timeout behavior under that load was measured.",accept,,,,,
QR-006,2,not_observable,EV-02-SCEN-QR-006-91-01,No observation was recorded for the scenarios of this requirement.,"The existing GET / only opens a generic page or health endpoint; no scenario-specific setup or target interaction was defined. Missing observation: The system presents a simple, easy-to-follow support experience, records the issue without data loss, and confirms that help has been requested through an acknowledgment or ticket reference. The target action was not executed; this is an observation limitation, not a software failure.",accept,,,,,
QR-007,2,observed_partial,EV-02-SCEN-QR-007-92-01,"A new classroom was added and appeared alongside an existing classroom, demonstrating that adding a classroom did not require starting over.",Adding a site and making future enhancements without starting over were not tested.,accept,,,,,
QR-008,2,observed_satisfied,EV-02-SCEN-QR-008-93-01,"The system added an Expansion Room at the new North site, and the resulting classroom list shows it alongside the existing room at Main. This demonstrates the ability to add a classroom and accommodate an additional site.",,accept,,,,,
QR-009,2,not_observable,EV-02-SCEN-QR-009-94-01,No observation was recorded for the scenarios of this requirement.,"The existing GET / only opens a generic page or health endpoint; no scenario-specific setup or target interaction was defined. Missing observation: The screens render correctly and remain usable on both device types, key actions are accessible without layout breakage, and common tasks such as check-in and record viewing can be completed comfortably on shared desktops and tablets. The target action was not executed; this is an observation limitation, not a software failure.",accept,,,,,
QR-010,2,not_observable,EV-02-SCEN-QR-010-95-01,No observation was recorded for the scenarios of this requirement.,"The existing GET / only opens a generic page or health endpoint; no scenario-specific setup or target interaction was defined. Missing observation: The system signs the staff member in quickly with the shared-workstation login method, grants access to the appropriate staff workspace, and makes the process suitable for repeated use on a common desk terminal. The target action was not executed; this is an observation limitation, not a software failure.",accept,,,,,
QR-011,2,observed_partial,EV-02-SCEN-QR-011-96-01; EV-02-SCEN-QR-011-96-02,"A check-in completed and appeared in the attendance record. The request and redirect were logged within the same second, supporting a fast, successful check-in in the observed conditions.","No other task was shown queued or delayed, so reliability and speed under that condition remain untested. Other critical attendance actions were not exercised.",accept,,,,,
QR-012,2,observed_satisfied,EV-02-SCEN-QR-012-97-01,"The children table displays an immunization status of “current ✓” and classroom occupancy and capacity as “Sunflowers (1/8)” in the same row, supporting at-a-glance status for both.",,accept,,,,,
EX-001,2,not_observable,EV-02-SCEN-EX-001-98-01,No observation was recorded for the scenarios of this requirement.,"The existing GET / only opens a generic page or health endpoint; no scenario-specific setup or target interaction was defined. Missing observation: The system treats those days as scheduling exceptions, displays them distinctly on the calendar, and applies the exception status automatically so staff do not need to work around them manually. The target action was not executed; this is an observation limitation, not a software failure.",accept,,,,,
EX-002,2,not_observable,EV-02-SCEN-EX-002-99-01,No observation was recorded for the scenarios of this requirement.,"The existing GET / only opens a generic page or health endpoint; no scenario-specific setup or target interaction was defined. Missing observation: The system allows the special schedule to be created for the exception period and displays the reduced or alternate plan on the affected dates without treating it as a normal operating day. The target action was not executed; this is an observation limitation, not a software failure.",accept,,,,,
EX-003,2,not_observable,EV-02-SCEN-EX-003-100-01; EV-02-SCEN-EX-003-100-02,"No required obligation or branch was established. The child was added to a classroom shown at 2/8 capacity, so the recorded action did not exercise a capacity override. The service log records the HTTP requests, not an override.","The evidence does not establish a manager or administrator acting, an exceptional over-capacity case, whether an override is restricted to such cases, or whether an override is logged.",accept,,,,,
EX-004,2,not_observable,EV-02-SCEN-EX-004-101-01,"None of the required hold-for-review conditions was exercised. The response shows a child listing, but no child release was attempted and no incomplete or conflicting safety information was observed.","Whether the system holds a release for review when allergy, pickup-authority, or other safety information is incomplete or conflicting remains untested.",accept,,,,,
EX-005,2,not_observable,EV-02-SCEN-EX-005-102-01,"No required branch was established. The recorded child was marked immunization-current, and the compliance request redirected to the children list; it did not show a temporary exception being allowed or denied.",The evidence does not establish whether the center had an exception policy or exercise a temporary exception for immunization noncompliance with or without such a policy.,accept,,,,,
EX-006,2,not_observable,EV-02-SCEN-EX-006-103-01,No required obligation was exercised. The recorded action added a payment; it did not attempt a payment reversal or show an approval or review decision.,Amount-dependent reversal approval and extra approval or manager review for unusual or large reversals remain untested.,accept,,,,,
FR-001,3,observed_partial,EV-03-SCEN-FR-001-05-01,"The system registered a family, returning HTTP 201 and a family ID.",No child registration was observed.,accept,,,,,
FR-002,3,observed_satisfied,EV-03-SCEN-FR-002-06-04; EV-03-SCEN-FR-002-06-01,"The system created a family record, then accepted that family's child onto the waiting list and returned a waiting-list entry. This establishes the waiting-list alternative in the requirement.","Space-availability checking was not tested, but the requirement permits either capability.",accept,,,,,
FR-003,3,observed_satisfied,EV-03-SCEN-FR-003-07-05; EV-03-SCEN-FR-003-07-06; EV-03-SCEN-FR-003-07-01,"A classroom with an available place and an unassigned child were created. The assignment request succeeded, and its response showed that child assigned to that classroom.",,accept,,,,,
FR-004,3,observed_partial,EV-03-SCEN-FR-004-08-05; EV-03-SCEN-FR-004-08-01,"A child was created with empty attendance, and a subsequent check-in for that child succeeded with status 'checked_in'. This supports an attendance-change operation.","No readback confirms the updated child record, and updates to immunizations or family details were not tested.",accept,,,,,
FR-005,3,observed_satisfied,EV-03-SCEN-FR-005-09-04; EV-03-SCEN-FR-005-09-01,"The system created a family and then successfully created an invoice for it, returning an invoice ID, amount, balance, and open status. This demonstrates invoicing support.",,accept,,,,,
FR-006,3,observed_partial,EV-03-SCEN-FR-006-10-01; EV-03-SCEN-FR-006-10-05,The system successfully checked in the created child and returned a checked_in status. This establishes the check-in obligation.,No check-out operation or result was recorded.,accept,,,,,
FR-007,3,not_observable,EV-03-SCEN-FR-007-11-01,No observation was recorded for the scenarios of this requirement.,"The existing GET /dashboard only opens a generic page or health endpoint; no scenario-specific setup or target interaction was defined. Missing observation: The system displays the attendance history for the selected period, including each child's presence and absence information. The target action was not executed; this is an observation limitation, not a software failure.",accept,,,,,
FR-008,3,not_observable,EV-03-SCEN-FR-008-12-01,No observation was recorded for the scenarios of this requirement.,"The existing GET /dashboard only opens a generic page or health endpoint; no scenario-specific setup or target interaction was defined. Missing observation: The system returns the family's contact information, such as phone numbers and addresses, in the search results or family profile. The target action was not executed; this is an observation limitation, not a software failure.",accept,,,,,
FR-009,3,not_observable,EV-03-SCEN-FR-009-13-01,No observation was recorded for the scenarios of this requirement.,"The existing GET /dashboard only opens a generic page or health endpoint; no scenario-specific setup or target interaction was defined. Missing observation: The system displays only the child details permitted by the user's access level, including classroom assignment, contacts, immunization status, allergy alerts, and pickup-authority information as allowed. The target action was not executed; this is an observation limitation, not a software failure.",accept,,,,,
FR-010,3,not_observable,EV-03-SCEN-FR-010-14-01,No observation was recorded for the scenarios of this requirement.,"The existing GET /dashboard only opens a generic page or health endpoint; no scenario-specific setup or target interaction was defined. Missing observation: The system generates the requested report and presents it to the authorized user for review or export. The target action was not executed; this is an observation limitation, not a software failure.",accept,,,,,
FR-011,3,not_observable,EV-03-SCEN-FR-011-15-01,No observation was recorded for the scenarios of this requirement.,"The existing GET /dashboard only opens a generic page or health endpoint; no scenario-specific setup or target interaction was defined. Missing observation: The system shows the immunization status using the supported categories current, due soon, overdue, exempt, or missing, as applicable to the record. The target action was not executed; this is an observation limitation, not a software failure.",accept,,,,,
FR-012,3,not_observable,EV-03-SCEN-FR-012-16-01,No observation was recorded for the scenarios of this requirement.,"The existing GET /dashboard only opens a generic page or health endpoint; no scenario-specific setup or target interaction was defined. Missing observation: The child's immunization record is flagged with the appropriate compliance statuses, and the system notifies staff and the family with clear alerts indicating which records are nearing expiration, overdue, incomplete, expired, or missing. The target action was not executed; this is an observation limitation, not a software failure.",accept,,,,,
FR-013,3,not_observable,EV-03-SCEN-FR-013-17-01; EV-03-SCEN-FR-013-17-04,"A family and child were created, but no replacement immunization record was uploaded. No required capability was established or refuted.",Whether families can upload replacement immunization records remains untested.,accept,,,,,
FR-014,3,not_observable,EV-03-SCEN-FR-014-18-01,No observation was recorded for the scenarios of this requirement.,"The existing GET /dashboard only opens a generic page or health endpoint; no scenario-specific setup or target interaction was defined. Missing observation: The child remains marked as not compliant until the record is verified and staff explicitly confirm compliance; the compliance status does not change automatically upon upload alone. The target action was not executed; this is an observation limitation, not a software failure.",accept,,,,,
FR-015,3,not_observable,EV-03-SCEN-FR-015-19-01,"A family record was created, but none of the required self-service operations was exercised.","Updating contact information, submitting or updating enrollment forms, viewing invoices and payment history, and uploading documents remain untested.",accept,,,,,
FR-016,3,not_observable,EV-03-SCEN-FR-016-20-01,No observation was recorded for the scenarios of this requirement.,"The existing GET /dashboard only opens a generic page or health endpoint; no scenario-specific setup or target interaction was defined. Missing observation: The request is created with a pending review status, is not applied to the child's active record yet, and remains inactive until staff review and approve it. The target action was not executed; this is an observation limitation, not a software failure.",accept,,,,,
FR-017,3,not_observable,EV-03-SCEN-FR-017-21-01,None of the required profile-edit behaviour was observed. The recorded request created a family with an email address; it did not edit an existing profile.,"No address, phone, email, or password change was tested, so whether a basic edit takes effect immediately when care arrangements and safety-related information are unchanged is unknown.",accept,,,,,
FR-018,3,not_observable,EV-03-SCEN-FR-018-22-01,None of the required upload behavior was established. The recorded request created a family with a document filename in its contact data; it did not show a document upload being submitted.,"No document-upload attempt or outcome was recorded, and the evidence does not establish that an upload left care arrangements and safety-related information unchanged.",accept,,,,,
FR-019,3,observed_satisfied,EV-03-SCEN-FR-019-23-06; EV-03-SCEN-FR-019-23-01,"A $100 invoice was created with a $100 balance. A subsequent online payment request for $50 succeeded, and the response showed the payment amount and the invoice balance reduced to $50. This establishes a recorded payment operation and its result.",,accept,,,,,
FR-020,3,not_observable,EV-03-SCEN-FR-020-24-01; EV-03-SCEN-FR-020-24-06,"None of the required payment-method obligations is established. The recorded payment reduced an invoice balance, but neither the request nor the response identifies a credit card or debit card payment.",Credit card and debit card payment support remain untested. Bank transfer is optional under the stated condition.,accept,,,,,
FR-021,3,observed_satisfied,EV-03-SCEN-FR-021-25-06; EV-03-SCEN-FR-021-25-01,"An invoice was created with a balance of 100, and a payment of 75 succeeded, reducing its balance to 25. The complete payment request shows no acting-role or authentication requirement, so the demonstrated public payment operation is available to an account holder or authorized guardian.",The evidence does not establish that payments are restricted to those actors; the requirement does not state an exclusive-permission restriction.,accept,,,,,
FR-022,3,observed_satisfied,EV-03-SCEN-FR-022-26-06; EV-03-SCEN-FR-022-26-01,"An open invoice for 100 was created. A payment of 30 was accepted, and the response showed the invoice still open with a remaining balance of 70. Both required behaviours were observed.",,accept,,,,,
FR-023,3,not_observable,EV-03-SCEN-FR-023-27-01; EV-03-SCEN-FR-023-27-02; EV-03-SCEN-FR-023-27-06,"No complete required obligation was established. The payment request exceeded the invoice balance and received a 400 validation error. The service log records the HTTP request, but does not show a failed-payment record or that a failed payment was displayed to staff and the payer.",Whether failed payments are logged and shown to both staff and the payer right away remains untested.,accept,,,,,
FR-024,3,not_observable,EV-03-SCEN-FR-024-28-01; EV-03-SCEN-FR-024-28-04; EV-03-SCEN-FR-024-28-06,"A payment reduced the prepared invoice balance from 100 to 50, but the request did not identify the payer as a non-account-holder or show any of the stated staff verification, account-holder confirmation, or emergency manager-approval conditions. No complete required case was observed.",Recording a non-account-holder payment under any of the stated conditions remains untested.,accept,,,,,
FR-025,3,not_observable,EV-03-SCEN-FR-025-29-01,No observation was recorded for the scenarios of this requirement.,"The existing GET /dashboard only opens a generic page or health endpoint; no scenario-specific setup or target interaction was defined. Missing observation: The classroom record stores the maximum capacity and automatically tracks the enrolled child count against that limit. The target action was not executed; this is an observation limitation, not a software failure.",accept,,,,,
FR-026,3,not_observable,EV-03-SCEN-FR-026-30-01,No observation was recorded for the scenarios of this requirement.,"The existing GET /dashboard only opens a generic page or health endpoint; no scenario-specific setup or target interaction was defined. Missing observation: The screen displays the current enrolled count versus the classroom limit and clearly indicates whether the classroom is full or available. The target action was not executed; this is an observation limitation, not a software failure.",accept,,,,,
FR-027,3,not_observable,EV-03-SCEN-FR-027-31-05; EV-03-SCEN-FR-027-31-01,"A capacity-one classroom was created empty, and one child was assigned to it. This establishes the capacity context but does not show a capacity flag or test the restriction on additional enrollments. No complete required obligation was observed.","There is no classroom readback showing a flag, no attempt to enroll another child after capacity was reached, and no observed exception.",accept,,,,,
FR-028,3,not_observable,EV-03-SCEN-FR-028-32-01,No observation was recorded for the scenarios of this requirement.,"The existing GET /dashboard only opens a generic page or health endpoint; no scenario-specific setup or target interaction was defined. Missing observation: The system displays the waiting list entries with their relevant details and allows the staff member to review, update, and manage the list without affecting enrolled children. The target action was not executed; this is an observation limitation, not a software failure.",accept,,,,,
FR-029,3,observed_partial,EV-03-SCEN-FR-029-33-01; EV-03-SCEN-FR-029-33-05; EV-03-SCEN-FR-029-33-06,"A child was successfully assigned to a classroom, and the response shows the classroom ID on the child record. This establishes classroom assignment.","The classroom record shows no age or developmental-stage criteria, so the evidence does not establish placement based on either. Room types and subsequent management of an existing assignment were not exercised.",accept,,,,,
FR-030,3,not_observable,EV-03-SCEN-FR-030-34-01,No observation was recorded for the scenarios of this requirement.,"The existing GET /dashboard only opens a generic page or health endpoint; no scenario-specific setup or target interaction was defined. Missing observation: The system opens the selected child or family task directly from the dashboard or search screen with minimal navigation, reducing the need to move through multiple menus. The target action was not executed; this is an observation limitation, not a software failure.",accept,,,,,
FR-031,3,not_observable,EV-03-SCEN-FR-031-35-01,No observation was recorded for the scenarios of this requirement.,"The existing GET /dashboard only opens a generic page or health endpoint; no scenario-specific setup or target interaction was defined. Missing observation: The system opens the selected routine function immediately from the dashboard and displays the relevant list or check screen without requiring the staff member to navigate through the full menu structure. The target action was not executed; this is an observation limitation, not a software failure.",accept,,,,,
FR-032,3,not_observable,EV-03-SCEN-FR-032-36-01,No observation was recorded for the scenarios of this requirement.,"The existing GET /dashboard only opens a generic page or health endpoint; no scenario-specific setup or target interaction was defined. Missing observation: The system supports the training and parallel operation period, allows comparison of results during rollout, and transitions to full cutover only when the planned cutover is approved. The target action was not executed; this is an observation limitation, not a software failure.",accept,,,,,
FR-033,3,not_observable,EV-03-SCEN-FR-033-37-01,No observation was recorded for the scenarios of this requirement.,"The existing GET /dashboard only opens a generic page or health endpoint; no scenario-specific setup or target interaction was defined. Missing observation: The system grants the backup access only to the covered duties, blocks access to unrelated functions, and automatically ends or easily removes the temporary access when coverage ends. The target action was not executed; this is an observation limitation, not a software failure.",accept,,,,,
FR-034,3,not_observable,EV-03-SCEN-FR-034-38-01,No observation was recorded for the scenarios of this requirement.,"The existing GET /dashboard only opens a generic page or health endpoint; no scenario-specific setup or target interaction was defined. Missing observation: The system supports fast authentication and user switching on the shared workstation, shows the correct user context after each switch, and prevents one staff member from continuing under another staff member's session. The target action was not executed; this is an observation limitation, not a software failure.",accept,,,,,
FR-035,3,not_observable,EV-03-SCEN-FR-035-39-01,No observation was recorded for the scenarios of this requirement.,"The existing GET /dashboard only opens a generic page or health endpoint; no scenario-specific setup or target interaction was defined. Missing observation: The system displays and operates correctly on both the shared desktop and the tablet, with usable screens and controls appropriate to each device type. The target action was not executed; this is an observation limitation, not a software failure.",accept,,,,,
FR-036,3,not_observable,EV-03-SCEN-FR-036-40-01,"No complete migration obligation was established. The recorded request created a family record with a name and phone number, but did not show that an active family account was migrated at go-live.","Migration at go-live of active family accounts, enrolled children, classroom assignments, immunization status, outstanding invoices or balances, waiting list entries, contact history, and authorized pickup lists remains untested.",accept,,,,,
FR-037,3,not_observable,EV-03-SCEN-FR-037-41-01,No observation was recorded for the scenarios of this requirement.,"The existing GET /dashboard only opens a generic page or health endpoint; no scenario-specific setup or target interaction was defined. Missing observation: The site-based staff member can only see and manage records for their own site, while the cross-site user can access records across sites according to their elevated role. The target action was not executed; this is an observation limitation, not a software failure.",accept,,,,,
FR-038,3,not_observable,EV-03-SCEN-FR-038-42-01,No observation was recorded for the scenarios of this requirement.,"The existing GET /dashboard only opens a generic page or health endpoint; no scenario-specific setup or target interaction was defined. Missing observation: The system keeps one unified family account, shows both children across sites under that account, and preserves shared contact and billing information instead of splitting the family into separate site-specific accounts. The target action was not executed; this is an observation limitation, not a software failure.",accept,,,,,
FR-039,3,not_observable,EV-03-SCEN-FR-039-43-01,No observation was recorded for the scenarios of this requirement.,"The existing GET /dashboard only opens a generic page or health endpoint; no scenario-specific setup or target interaction was defined. Missing observation: The system rolls up the sibling information across locations for the authorized user and displays the combined results in the report. The target action was not executed; this is an observation limitation, not a software failure.",accept,,,,,
FR-040,3,not_observable,EV-03-SCEN-FR-040-44-01,No observation was recorded for the scenarios of this requirement.,"The existing GET /dashboard only opens a generic page or health endpoint; no scenario-specific setup or target interaction was defined. Missing observation: The system produces CSV export files, accepts CSV imports, and provides Excel or PDF output when appropriate for the selected data or report. The target action was not executed; this is an observation limitation, not a software failure.",accept,,,,,
FR-041,3,not_observable,EV-03-SCEN-FR-041-45-01,No observation was recorded for the scenarios of this requirement.,"The existing GET /dashboard only opens a generic page or health endpoint; no scenario-specific setup or target interaction was defined. Missing observation: The system validates each field in each row, rejects only the affected row or record with clear error details, imports the valid rows, and leaves all existing data unchanged. The target action was not executed; this is an observation limitation, not a software failure.",accept,,,,,
FR-042,3,not_observable,EV-03-SCEN-FR-042-46-01,No observation was recorded for the scenarios of this requirement.,"The existing GET /dashboard only opens a generic page or health endpoint; no scenario-specific setup or target interaction was defined. Missing observation: The system allows export or import only for the fields permitted by the user's security role and policy, omits restricted sensitive fields, and blocks the unauthorized import with a clear permission error and an explanation of which fields are not allowed. The target action was not executed; this is an observation limitation, not a software failure.",accept,,,,,
FR-043,3,not_observable,EV-03-SCEN-FR-043-47-01,No observation was recorded for the scenarios of this requirement.,"The existing GET /dashboard only opens a generic page or health endpoint; no scenario-specific setup or target interaction was defined. Missing observation: The system creates a separate invoice adjustment record that increases or decreases the balance as appropriate, keeps the original charge intact, and shows the adjustment on the invoice history instead of rewriting the original invoice line. The target action was not executed; this is an observation limitation, not a software failure.",accept,,,,,
FR-044,3,not_observable,EV-03-SCEN-FR-044-48-01,No observation was recorded for the scenarios of this requirement.,"The existing GET /dashboard only opens a generic page or health endpoint; no scenario-specific setup or target interaction was defined. Missing observation: The disputed charge remains visible with a clear dispute status, appears in billing review queues or invoice history, and is not removed or hidden from staff until the dispute is resolved. The target action was not executed; this is an observation limitation, not a software failure.",accept,,,,,
FR-045,3,not_observable,EV-03-SCEN-FR-045-49-01; EV-03-SCEN-FR-045-49-06,"None of the required credit or refund recording behaviour is established. A negative payment was applied to an existing invoice, but the response does not identify it as a credit or refund record.",Whether the system records credits and refunds with a reason and a link to the original invoice remains untested.,accept,,,,,
FR-046,3,not_observable,EV-03-SCEN-FR-046-50-01,No observation was recorded for the scenarios of this requirement.,"The existing GET /dashboard only opens a generic page or health endpoint; no scenario-specific setup or target interaction was defined. Missing observation: The system displays an audit trail showing who made each change, when it occurred, what type of billing action was taken, and the stated reason or note for the change. The target action was not executed; this is an observation limitation, not a software failure.",accept,,,,,
FR-047,3,not_observable,EV-03-SCEN-FR-047-51-01,No observation was recorded for the scenarios of this requirement.,"The existing GET /dashboard only opens a generic page or health endpoint; no scenario-specific setup or target interaction was defined. Missing observation: The system applies the configured sibling discount only to eligible tuition charges, shows the discount on the invoice, and does not apply it when the policy is not configured or the children are not both eligible. The target action was not executed; this is an observation limitation, not a software failure.",accept,,,,,
FR-048,3,not_observable,EV-03-SCEN-FR-048-52-01,No observation was recorded for the scenarios of this requirement.,"The existing GET /dashboard only opens a generic page or health endpoint; no scenario-specific setup or target interaction was defined. Missing observation: The system adds the configured late fee to the invoice, displays the fee as a separate charge, and does not apply the fee before the grace period has expired. The target action was not executed; this is an observation limitation, not a software failure.",accept,,,,,
FR-049,3,not_observable,EV-03-SCEN-FR-049-53-01,No observation was recorded for the scenarios of this requirement.,"The existing GET /dashboard only opens a generic page or health endpoint; no scenario-specific setup or target interaction was defined. Missing observation: The system prorates the tuition based on the active enrollment dates or changed enrollment status and shows the prorated amount on the invoice instead of charging the full period amount. The target action was not executed; this is an observation limitation, not a software failure.",accept,,,,,
FR-050,3,not_observable,EV-03-SCEN-FR-050-54-01,No observation was recorded for the scenarios of this requirement.,"The existing GET /dashboard only opens a generic page or health endpoint; no scenario-specific setup or target interaction was defined. Missing observation: The system applies tuition effects only according to the configured policy, such as reducing or not reducing charges based on the defined rules, and does not use a fixed hardcoded absence rule. The target action was not executed; this is an observation limitation, not a software failure.",accept,,,,,
FR-051,3,not_observable,EV-03-SCEN-FR-051-55-01,No observation was recorded for the scenarios of this requirement.,"The existing GET /dashboard only opens a generic page or health endpoint; no scenario-specific setup or target interaction was defined. Missing observation: The system requires an authorized decision before the exception takes effect, records the reviewer's action, and updates the related child, family, or billing record only according to the approved outcome. The target action was not executed; this is an observation limitation, not a software failure.",accept,,,,,
FR-052,3,not_observable,EV-03-SCEN-FR-052-56-01,No observation was recorded for the scenarios of this requirement.,"The existing GET /dashboard only opens a generic page or health endpoint; no scenario-specific setup or target interaction was defined. Missing observation: The child remains enrolled or provisionally active as allowed by policy, is clearly marked as not compliant, and the compliance status is visible to staff instead of blocking the record outright. The target action was not executed; this is an observation limitation, not a software failure.",accept,,,,,
FR-053,3,not_observable,EV-03-SCEN-FR-053-57-01; EV-03-SCEN-FR-053-57-04,A family and a child whose immunization status was already current were created. No required follow-up workflow or branch was exercised.,"No missing or noncompliant immunization record, staff follow-up action, or progression to verification or update was observed.",accept,,,,,
FR-054,3,not_observable,EV-03-SCEN-FR-054-58-01,No observation was recorded for the scenarios of this requirement.,"The existing GET /dashboard only opens a generic page or health endpoint; no scenario-specific setup or target interaction was defined. Missing observation: The system presents a central dashboard or search screen that provides access to common daily tasks such as child lookup, family lookup, billing review, attendance, and notifications. The target action was not executed; this is an observation limitation, not a software failure.",accept,,,,,
FR-055,3,not_observable,EV-03-SCEN-FR-055-59-01,No observation was recorded for the scenarios of this requirement.,"The existing GET /dashboard only opens a generic page or health endpoint; no scenario-specific setup or target interaction was defined. Missing observation: The system supports onboarding administrators and office staff first, then classroom staff and other users afterward, with access and training materials aligned to each role's need to view child or family information. The target action was not executed; this is an observation limitation, not a software failure.",accept,,,,,
FR-056,3,not_observable,EV-03-SCEN-FR-056-60-01,No observation was recorded for the scenarios of this requirement.,"The existing GET /dashboard only opens a generic page or health endpoint; no scenario-specific setup or target interaction was defined. Missing observation: The system allows go-live to proceed only when core data loading is complete and the main workflows can be completed reliably, and it prevents go-live approval when those readiness conditions are not met. The target action was not executed; this is an observation limitation, not a software failure.",accept,,,,,
FR-057,3,not_observable,EV-03-SCEN-FR-057-61-01,No observation was recorded for the scenarios of this requirement.,"The existing GET /dashboard only opens a generic page or health endpoint; no scenario-specific setup or target interaction was defined. Missing observation: The system shows matching figures for reports, billing, and attendance, or clearly flags any discrepancies so staff can correct them before full cutover. The target action was not executed; this is an observation limitation, not a software failure.",accept,,,,,
FR-058,3,observed_partial,EV-03-SCEN-FR-058-62-05; EV-03-SCEN-FR-058-62-06; EV-03-SCEN-FR-058-62-01,"A child was successfully moved into a classroom with capacity 1 and no children enrolled. This establishes the ability to move a child in when capacity allows. The request included override=true, but capacity was available, so the result does not establish any override behavior.",Moving a child out and blocking a move into a full classroom without an override were not tested.,accept,,,,,
FR-059,3,not_observable,EV-03-SCEN-FR-059-63-01,No observation was recorded for the scenarios of this requirement.,"The existing GET /dashboard only opens a generic page or health endpoint; no scenario-specific setup or target interaction was defined. Missing observation: The system routes the pending change to staff review and does not apply it until a reviewer approves it. The target action was not executed; this is an observation limitation, not a software failure.",accept,,,,,
FR-060,3,not_observable,EV-03-SCEN-FR-060-64-01,No observation was recorded for the scenarios of this requirement.,"The existing GET /dashboard only opens a generic page or health endpoint; no scenario-specific setup or target interaction was defined. Missing observation: The allergy alert and restricted pickup information are shown immediately and prominently before the child can be released. The target action was not executed; this is an observation limitation, not a software failure.",accept,,,,,
FR-061,3,not_observable,EV-03-SCEN-FR-061-65-01,No observation was recorded for the scenarios of this requirement.,"The existing GET /dashboard only opens a generic page or health endpoint; no scenario-specific setup or target interaction was defined. Missing observation: The system places non-urgent work into a queue or delayed processing state, while continuing to prioritize urgent operational tasks without interruption. The target action was not executed; this is an observation limitation, not a software failure.",accept,,,,,
FR-062,3,not_observable,EV-03-SCEN-FR-062-66-01,No observation was recorded for the scenarios of this requirement.,"The existing GET /dashboard only opens a generic page or health endpoint; no scenario-specific setup or target interaction was defined. Missing observation: Each item is clearly marked as current, due soon, overdue, exempt, or missing, allowing the staff member to know the next follow-up action at a glance. The target action was not executed; this is an observation limitation, not a software failure.",accept,,,,,
BR-001,3,not_observable,EV-03-SCEN-BR-001-67-01,No observation was recorded for the scenarios of this requirement.,"The existing GET /dashboard only opens a generic page or health endpoint; no scenario-specific setup or target interaction was defined. Missing observation: Only administrators and authorized staff can complete these actions; unauthorized users are denied access or shown read-only restrictions. The target action was not executed; this is an observation limitation, not a software failure.",accept,,,,,
BR-002,3,not_observable,EV-03-SCEN-BR-002-68-01,No observation was recorded for the scenarios of this requirement.,"The existing GET /dashboard only opens a generic page or health endpoint; no scenario-specific setup or target interaction was defined. Missing observation: The system hides or blocks access to sensitive billing data and full administrative controls for teaching and support staff. The target action was not executed; this is an observation limitation, not a software failure.",accept,,,,,
BR-003,3,not_observable,EV-03-SCEN-BR-003-69-01,No observation was recorded for the scenarios of this requirement.,"The existing GET /dashboard only opens a generic page or health endpoint; no scenario-specific setup or target interaction was defined. Missing observation: The system prevents the change and allows only a system administrator to modify security and global configuration settings. The target action was not executed; this is an observation limitation, not a software failure.",accept,,,,,
BR-004,3,not_observable,EV-03-SCEN-BR-004-70-01,No observation was recorded for the scenarios of this requirement.,"The existing GET /dashboard only opens a generic page or health endpoint; no scenario-specific setup or target interaction was defined. Missing observation: Unmasked sensitive export details are not shown to the user unless they have one of the permitted elevated roles. The target action was not executed; this is an observation limitation, not a software failure.",accept,,,,,
BR-005,3,not_observable,EV-03-SCEN-BR-005-71-01,No observation was recorded for the scenarios of this requirement.,"The existing GET /dashboard only opens a generic page or health endpoint; no scenario-specific setup or target interaction was defined. Missing observation: Sensitive fields are excluded or masked by default, and the export contains only the minimum information needed for routine operations. The target action was not executed; this is an observation limitation, not a software failure.",accept,,,,,
BR-006,3,not_observable,EV-03-SCEN-BR-006-72-01,No observation was recorded for the scenarios of this requirement.,"The existing GET /dashboard only opens a generic page or health endpoint; no scenario-specific setup or target interaction was defined. Missing observation: The export masks or omits full custody details, emergency contacts, full payment information, health or immunization notes, special needs notes, custody restrictions, and similar staff-inappropriate fields. The target action was not executed; this is an observation limitation, not a software failure.",accept,,,,,
BR-007,3,not_observable,EV-03-SCEN-BR-007-73-05; EV-03-SCEN-BR-007-73-01,"None of the required capacity-blocking behavior was observed. The classroom had capacity 1 and an enrolled count of 0 before the recorded assignment succeeded, so the assignment did not occur when the classroom was full.",No additional enrollment was attempted after the classroom reached capacity; default blocking remains untested.,accept,,,,,
BR-008,3,not_observable,EV-03-SCEN-BR-008-74-01,No observation was recorded for the scenarios of this requirement.,"The existing GET /dashboard only opens a generic page or health endpoint; no scenario-specific setup or target interaction was defined. Missing observation: The system prevents the sibling discount from stacking with the other discount unless the policy explicitly permits the combination. The target action was not executed; this is an observation limitation, not a software failure.",accept,,,,,
BR-009,3,not_observable,EV-03-SCEN-BR-009-75-01,No observation was recorded for the scenarios of this requirement.,"The existing GET /dashboard only opens a generic page or health endpoint; no scenario-specific setup or target interaction was defined. Missing observation: The system blocks the action unless the user has the required permission to create or change payments. The target action was not executed; this is an observation limitation, not a software failure.",accept,,,,,
BR-010,3,not_observable,EV-03-SCEN-BR-010-76-01,No observation was recorded for the scenarios of this requirement.,"The existing GET /dashboard only opens a generic page or health endpoint; no scenario-specific setup or target interaction was defined. Missing observation: The system grants access only for the selected time period, records the stated reason in the account history, and displays the temporary access as time-limited rather than permanent. The target action was not executed; this is an observation limitation, not a software failure.",accept,,,,,
BR-011,3,not_observable,EV-03-SCEN-BR-011-77-01; EV-03-SCEN-BR-011-77-06,"No required review-hold branch was established. The attempted payment of 99999 against an invoice with a balance of 100 was rejected because it exceeded the balance, not held for review.","Holding an otherwise payable unusually large payment was not tested. Payments following disputes, from accounts with failed payments or inactive payers, with sufficiently overdue balances, or appearing suspicious were also not tested.",accept,,,,,
BR-012,3,not_observable,EV-03-SCEN-BR-012-78-06; EV-03-SCEN-BR-012-78-01,A payment against the prepared invoice returned HTTP 200 and reduced its balance from 100 to 50. No complete required branch is established because the evidence does not identify the invoice or payment as recurring tuition.,Whether a normal recurring tuition payment goes through right away remains untested.,accept,,,,,
BR-013,3,not_observable,EV-03-SCEN-BR-013-79-01,"A single check-in succeeded, but this does not establish that attendance actions remain fast and reliable during peak periods. No complete required obligation was demonstrated.","Peak-period conditions, response time, and reliability under those conditions were not observed.",accept,,,,,
BR-014,3,not_observable,EV-03-SCEN-BR-014-80-01,No observation was recorded for the scenarios of this requirement.,"The existing GET /dashboard only opens a generic page or health endpoint; no scenario-specific setup or target interaction was defined. Missing observation: The system does not silently replace existing source records, and it reports the affected records with clear conflict or validation notices instead of overwriting them. The target action was not executed; this is an observation limitation, not a software failure.",accept,,,,,
DI-001,3,not_observable,EV-03-SCEN-DI-001-81-01,No observation was recorded for the scenarios of this requirement.,"The existing GET /dashboard only opens a generic page or health endpoint; no scenario-specific setup or target interaction was defined. Missing observation: The system produces a valid CSV file for export and successfully reads CSV input, preserving field structure and record values in the imported data. The target action was not executed; this is an observation limitation, not a software failure.",accept,,,,,
DI-002,3,not_observable,EV-03-SCEN-DI-002-82-01,No observation was recorded for the scenarios of this requirement.,"The existing GET /dashboard only opens a generic page or health endpoint; no scenario-specific setup or target interaction was defined. Missing observation: The system accepts the Excel workbook for import or creates an Excel-formatted export when the feature is enabled, with the data available in spreadsheet form afterward. The target action was not executed; this is an observation limitation, not a software failure.",accept,,,,,
DI-003,3,not_observable,EV-03-SCEN-DI-003-83-01,No observation was recorded for the scenarios of this requirement.,"The existing GET /dashboard only opens a generic page or health endpoint; no scenario-specific setup or target interaction was defined. Missing observation: The system creates a PDF document that opens as read-only content and preserves the report layout for viewing or printing without editable fields. The target action was not executed; this is an observation limitation, not a software failure.",accept,,,,,
DI-004,3,not_observable,EV-03-SCEN-DI-004-84-01,No observation was recorded for the scenarios of this requirement.,"The existing GET /dashboard only opens a generic page or health endpoint; no scenario-specific setup or target interaction was defined. Missing observation: The system flags the invalid rows with field-specific validation messages for the missing or malformed name, date, phone number, email, or immunization date values and does not accept those invalid entries as valid records. The target action was not executed; this is an observation limitation, not a software failure.",accept,,,,,
DI-005,3,not_observable,EV-03-SCEN-DI-005-85-01,No observation was recorded for the scenarios of this requirement.,"The existing GET /dashboard only opens a generic page or health endpoint; no scenario-specific setup or target interaction was defined. Missing observation: The system rejects only the affected row or record, keeps the existing data unchanged for that record, and imports the other valid rows successfully. The target action was not executed; this is an observation limitation, not a software failure.",accept,,,,,
QR-001,3,not_observable,EV-03-SCEN-QR-001-86-01,No observation was recorded for the scenarios of this requirement.,"The existing GET /dashboard only opens a generic page or health endpoint; no scenario-specific setup or target interaction was defined. Missing observation: The system responds quickly, maintains consistent results across repeated actions, and helps staff complete tasks accurately without conflicting outputs or delayed updates. The target action was not executed; this is an observation limitation, not a software failure.",accept,,,,,
QR-002,3,not_observable,EV-03-SCEN-QR-002-87-01,No observation was recorded for the scenarios of this requirement.,"The existing GET /dashboard only opens a generic page or health endpoint; no scenario-specific setup or target interaction was defined. Missing observation: The system reuses existing information where possible, avoids creating duplicate entries, and reduces the need for the staff member to retype the same data in multiple places. The target action was not executed; this is an observation limitation, not a software failure.",accept,,,,,
QR-003,3,not_observable,EV-03-SCEN-QR-003-88-01,No observation was recorded for the scenarios of this requirement.,"The existing GET /dashboard only opens a generic page or health endpoint; no scenario-specific setup or target interaction was defined. Missing observation: The screens are easy to read, labels are clear, navigation is straightforward, and the staff member can find common functions without confusion. The target action was not executed; this is an observation limitation, not a software failure.",accept,,,,,
QR-004,3,not_observable,EV-03-SCEN-QR-004-89-01,No observation was recorded for the scenarios of this requirement.,"The existing GET /dashboard only opens a generic page or health endpoint; no scenario-specific setup or target interaction was defined. Missing observation: The controls are large enough to select comfortably and are not tiny or cramped, allowing the task to be completed without repeated misclicks. The target action was not executed; this is an observation limitation, not a software failure.",accept,,,,,
QR-005,3,not_observable,EV-03-SCEN-QR-005-90-01,"A single check-in request succeeded, but no required peak-period responsiveness or concurrent-use obligation was exercised.","No arrival, pickup, or meal-time peak load was recorded, and no many-user concurrent entry, response-time, or timeout results were captured.",accept,,,,,
QR-006,3,not_observable,EV-03-SCEN-QR-006-91-01,No observation was recorded for the scenarios of this requirement.,"The existing GET /dashboard only opens a generic page or health endpoint; no scenario-specific setup or target interaction was defined. Missing observation: The system presents a simple, easy-to-follow support experience, records the issue without data loss, and confirms that help has been requested through an acknowledgment or ticket reference. The target action was not executed; this is an observation limitation, not a software failure.",accept,,,,,
QR-007,3,observed_partial,EV-03-SCEN-QR-007-92-01,"The running system created an additional classroom through its API, establishing that a classroom can be added without starting over.",The evidence does not show whether future enhancements or additional sites can be accommodated without starting over.,accept,,,,,
QR-008,3,observed_partial,EV-03-SCEN-QR-008-93-01,"The system created an additional classroom and returned its ID, name, and capacity, demonstrating the classroom-expansion capability.",The ability to add an additional site was not tested.,accept,,,,,
QR-009,3,not_observable,EV-03-SCEN-QR-009-94-01,No observation was recorded for the scenarios of this requirement.,"The existing GET /dashboard only opens a generic page or health endpoint; no scenario-specific setup or target interaction was defined. Missing observation: The screens render correctly and remain usable on both device types, key actions are accessible without layout breakage, and common tasks such as check-in and record viewing can be completed comfortably on shared desktops and tablets. The target action was not executed; this is an observation limitation, not a software failure.",accept,,,,,
QR-010,3,not_observable,EV-03-SCEN-QR-010-95-01,No observation was recorded for the scenarios of this requirement.,"The existing GET /dashboard only opens a generic page or health endpoint; no scenario-specific setup or target interaction was defined. Missing observation: The system signs the staff member in quickly with the shared-workstation login method, grants access to the appropriate staff workspace, and makes the process suitable for repeated use on a common desk terminal. The target action was not executed; this is an observation limitation, not a software failure.",accept,,,,,
QR-011,3,not_observable,EV-03-SCEN-QR-011-96-01; EV-03-SCEN-QR-011-96-04; EV-03-SCEN-QR-011-96-05,"A check-in for the created child returned checked_in, but this single successful action establishes none of the required speed or reliability behaviour.",No response-time measurement or observation with other tasks queued or delayed establishes whether critical attendance actions remain fast and reliable under those conditions.,accept,,,,,
QR-012,3,not_observable,EV-03-SCEN-QR-012-97-01,No observation was recorded for the scenarios of this requirement.,"The existing GET /dashboard only opens a generic page or health endpoint; no scenario-specific setup or target interaction was defined. Missing observation: The system shows clear at-a-glance indicators for each child's immunization status and the classroom's current capacity, allowing the teacher or manager to identify compliance issues and occupancy status without opening each record individually. The target action was not executed; this is an observation limitation, not a software failure.",accept,,,,,
EX-001,3,not_observable,EV-03-SCEN-EX-001-98-01,No observation was recorded for the scenarios of this requirement.,"The existing GET /dashboard only opens a generic page or health endpoint; no scenario-specific setup or target interaction was defined. Missing observation: The system treats those days as scheduling exceptions, displays them distinctly on the calendar, and applies the exception status automatically so staff do not need to work around them manually. The target action was not executed; this is an observation limitation, not a software failure.",accept,,,,,
EX-002,3,not_observable,EV-03-SCEN-EX-002-99-01,No observation was recorded for the scenarios of this requirement.,"The existing GET /dashboard only opens a generic page or health endpoint; no scenario-specific setup or target interaction was defined. Missing observation: The system allows the special schedule to be created for the exception period and displays the reduced or alternate plan on the affected dates without treating it as a normal operating day. The target action was not executed; this is an observation limitation, not a software failure.",accept,,,,,
EX-003,3,not_observable,EV-03-SCEN-EX-003-100-05; EV-03-SCEN-EX-003-100-01; EV-03-SCEN-EX-003-100-02,"No required branch was established. The classroom had capacity 1 and enrolled_count 0 before the child was assigned, so the successful request with override=true did not demonstrate a capacity override. The service log records the HTTP request, not an override audit entry.","Manager or administrator access, an actual over-capacity assignment, the exceptional-case restriction, and override logging remain untested.",accept,,,,,
EX-004,3,not_observable,EV-03-SCEN-EX-004-101-01,No observation was recorded for the scenarios of this requirement.,"The existing GET /dashboard only opens a generic page or health endpoint; no scenario-specific setup or target interaction was defined. Missing observation: The system holds the release for review, prevents the child from being released normally, and alerts staff that the safety information must be resolved before the release can proceed. The target action was not executed; this is an observation limitation, not a software failure.",accept,,,,,
EX-005,3,not_observable,EV-03-SCEN-EX-005-102-01,"None of the required branches is established. The system created a child with immunization_status set to ""exempt"", but the response does not show that this is a temporary exception or whether the center has an exception policy.","Allowing temporary exceptions when a policy exists, and preventing them when no policy exists, remain untested.",accept,,,,,
EX-006,3,not_observable,EV-03-SCEN-EX-006-103-01; EV-03-SCEN-EX-006-103-06,"None of the required reversal-approval behaviours was exercised. The recorded request attempted to create a payment of 9999 against an invoice with a balance of 100, and was rejected because the payment exceeded that balance; it was not a payment reversal.","No reversal or reversal-approval configuration was observed, so amount-dependent approval or second review and extra approval or manager review for unusual or large reversals remain untested.",accept,,,,,
FR-001,4,observed_satisfied,EV-04-SCEN-FR-001-05-01; EV-04-SCEN-FR-001-05-04; EV-04-SCEN-FR-001-05-05; EV-04-SCEN-FR-001-05-06,"The system created a family, then created a child linked to that family. A subsequent request retrieved the registered child with the family link intact.",,accept,,,,,
FR-002,4,observed_partial,EV-04-SCEN-FR-002-06-05; EV-04-SCEN-FR-002-06-06; EV-04-SCEN-FR-002-06-07; EV-04-SCEN-FR-002-06-01,"Placing a child on a waiting list is demonstrated: after a classroom with capacity one received its first child, the second child's creation response marked the child as waitlisted, and the waiting-list response included that child's ID.",No separate check reporting whether a space was available for a child was exercised.,accept,,,,,
FR-003,4,not_observable,EV-04-SCEN-FR-003-07-01,No observation was recorded for the scenarios of this requirement.,"The existing probe does not perform the requested update, upload, authorization, reversal, migration, concurrent workload or graphical interaction; this delivery exposes registration, attendance and basic billing operations. Missing observation: The system records the classroom assignment for the child and displays the assigned classroom in the child's record. The target action was not executed; this is an observation limitation, not a software failure.",accept,,,,,
FR-004,4,not_observable,EV-04-SCEN-FR-004-08-01,No observation was recorded for the scenarios of this requirement.,"The existing probe does not perform the requested update, upload, authorization, reversal, migration, concurrent workload or graphical interaction; this delivery exposes registration, attendance and basic billing operations. Missing observation: The system saves the revised child record and shows the updated immunization, attendance, and family information as current in the child profile. The target action was not executed; this is an observation limitation, not a software failure.",accept,,,,,
FR-005,4,observed_satisfied,EV-04-SCEN-FR-005-09-04; EV-04-SCEN-FR-005-09-01,"The system created a family record, then successfully created an invoice for that family with an invoice ID, amount, balance, and open status. This establishes support for invoicing.",,accept,,,,,
FR-006,4,observed_satisfied,EV-04-SCEN-FR-006-10-06; EV-04-SCEN-FR-006-10-01; EV-04-SCEN-FR-006-10-07; EV-04-SCEN-FR-006-10-08,A created child was successfully checked in and then checked out. The attendance readback contains both records for that child.,,accept,,,,,
FR-007,4,observed_satisfied,EV-04-SCEN-FR-007-11-01; EV-04-SCEN-FR-007-11-07; EV-04-SCEN-FR-007-11-08,"The attendance review request returned the recorded check-in and checkout entries, including the child ID, time, and event type. This establishes the stated ability to review attendance.",,accept,,,,,
FR-008,4,not_observable,EV-04-SCEN-FR-008-12-01,No observation was recorded for the scenarios of this requirement.,"The existing probe does not perform the requested update, upload, authorization, reversal, migration, concurrent workload or graphical interaction; this delivery exposes registration, attendance and basic billing operations. Missing observation: The system returns the family's contact information, such as phone numbers and addresses, in the search results or family profile. The target action was not executed; this is an observation limitation, not a software failure.",accept,,,,,
FR-009,4,observed_partial,EV-04-SCEN-FR-009-13-01; EV-04-SCEN-FR-009-13-04; EV-04-SCEN-FR-009-13-05; EV-04-SCEN-FR-009-13-06,"The child-information request returned the prepared child's classroom assignment, immunization status, allergy information, and pickup authority. Those viewing obligations are met. Contacts were created on the family record but were not shown in the child-information response.",Viewing contacts and presenting child information according to the user's access level remain unestablished. The recorded viewing request supplied no acting user or access level.,accept,,,,,
FR-010,4,not_observable,EV-04-SCEN-FR-010-14-01,"No required obligation was established. The GET request returned individual attendance entries, but did not show an operational report being generated.",Report generation for authorized users remains untested.,accept,,,,,
FR-011,4,observed_partial,EV-04-SCEN-FR-011-15-06; EV-04-SCEN-FR-011-15-01,"The child was created with immunization_status set to ""missing"", and a subsequent GET displayed that stored value. This establishes storage and display of the missing status.","Storage and display of current, due soon, overdue, and exempt statuses were not tested.",accept,,,,,
FR-012,4,not_observable,EV-04-SCEN-FR-012-16-01,No observation was recorded for the scenarios of this requirement.,"The existing probe does not perform the requested update, upload, authorization, reversal, migration, concurrent workload or graphical interaction; this delivery exposes registration, attendance and basic billing operations. Missing observation: The child's immunization record is flagged with the appropriate compliance statuses, and the system notifies staff and the family with clear alerts indicating which records are nearing expiration, overdue, incomplete, expired, or missing. The target action was not executed; this is an observation limitation, not a software failure.",accept,,,,,
FR-013,4,not_observable,EV-04-SCEN-FR-013-17-01,No observation was recorded for the scenarios of this requirement.,"The existing probe does not perform the requested update, upload, authorization, reversal, migration, concurrent workload or graphical interaction; this delivery exposes registration, attendance and basic billing operations. Missing observation: The replacement immunization record is accepted into the child's file, becomes visible for review, and the system confirms that the document was uploaded successfully. The target action was not executed; this is an observation limitation, not a software failure.",accept,,,,,
FR-014,4,not_observable,EV-04-SCEN-FR-014-18-01,No observation was recorded for the scenarios of this requirement.,"The existing probe does not perform the requested update, upload, authorization, reversal, migration, concurrent workload or graphical interaction; this delivery exposes registration, attendance and basic billing operations. Missing observation: The child remains marked as not compliant until the record is verified and staff explicitly confirm compliance; the compliance status does not change automatically upon upload alone. The target action was not executed; this is an observation limitation, not a software failure.",accept,,,,,
FR-015,4,not_observable,EV-04-SCEN-FR-015-19-01,No observation was recorded for the scenarios of this requirement.,"The existing probe does not perform the requested update, upload, authorization, reversal, migration, concurrent workload or graphical interaction; this delivery exposes registration, attendance and basic billing operations. Missing observation: The updated contact information is saved, the enrollment form submission is recorded, invoices and payment history are displayed to the family, and the uploaded document appears in the child's document list. The target action was not executed; this is an observation limitation, not a software failure.",accept,,,,,
FR-016,4,not_observable,EV-04-SCEN-FR-016-20-01,No observation was recorded for the scenarios of this requirement.,"The existing probe does not perform the requested update, upload, authorization, reversal, migration, concurrent workload or graphical interaction; this delivery exposes registration, attendance and basic billing operations. Missing observation: The request is created with a pending review status, is not applied to the child's active record yet, and remains inactive until staff review and approve it. The target action was not executed; this is an observation limitation, not a software failure.",accept,,,,,
FR-017,4,not_observable,EV-04-SCEN-FR-017-21-01,No observation was recorded for the scenarios of this requirement.,"The existing probe does not perform the requested update, upload, authorization, reversal, migration, concurrent workload or graphical interaction; this delivery exposes registration, attendance and basic billing operations. Missing observation: The updated address, phone number, email, or password takes effect immediately, and the change is reflected in the account without waiting for staff review. The target action was not executed; this is an observation limitation, not a software failure.",accept,,,,,
FR-018,4,not_observable,EV-04-SCEN-FR-018-22-01,No observation was recorded for the scenarios of this requirement.,"The existing probe does not perform the requested update, upload, authorization, reversal, migration, concurrent workload or graphical interaction; this delivery exposes registration, attendance and basic billing operations. Missing observation: The document is accepted immediately, becomes available in the family's document list, and no staff approval step is required before the upload is recorded. The target action was not executed; this is an observation limitation, not a software failure.",accept,,,,,
FR-019,4,observed_satisfied,EV-04-SCEN-FR-019-23-01; EV-04-SCEN-FR-019-23-05,"A payment was submitted against a created invoice, and the payment operation returned a payment record with status ""completed"". This establishes the stated online payment-processing capability.",,accept,,,,,
FR-020,4,not_observable,EV-04-SCEN-FR-020-24-01,The completed payment record identifies no payment method. None of the required credit-card or debit-card payment capabilities is established.,Whether the system supports credit-card or debit-card payments remains untested. Bank transfer is optional.,accept,,,,,
FR-021,4,observed_partial,EV-04-SCEN-FR-021-25-01; EV-04-SCEN-FR-021-25-05,"A payment against the prepared invoice was submitted with payer set to authorized_guardian, and the response recorded the payment as completed. This establishes the authorized-guardian payment branch.",No account-holder payment was exercised. The response does not establish how guardian authorization is verified.,accept,,,,,
FR-022,4,observed_partial,EV-04-SCEN-FR-022-26-05; EV-04-SCEN-FR-022-26-01,"The system created a 100.0 invoice and completed a payment of 30.0 against it, establishing support for a partial payment.",No invoice response after the payment shows whether it remained open with a balance of 70.0.,accept,,,,,
FR-023,4,not_observable,EV-04-SCEN-FR-023-27-01,No observation was recorded for the scenarios of this requirement.,"The existing probe does not perform the requested update, upload, authorization, reversal, migration, concurrent workload or graphical interaction; this delivery exposes registration, attendance and basic billing operations. Missing observation: The failed payment is logged immediately, and both staff and the payer can see the failed transaction status right away. The target action was not executed; this is an observation limitation, not a software failure.",accept,,,,,
FR-024,4,not_observable,EV-04-SCEN-FR-024-28-01; EV-04-SCEN-FR-024-28-04; EV-04-SCEN-FR-024-28-05,"A payment was recorded for the prepared invoice, but no complete required branch was established. The value ""staff_verified"" does not show that the payer was a trusted family member or other non-account-holder, or that staff verified that person against account notes.",The payer’s relationship to the account and any account-holder confirmation or emergency manager approval remain unobserved.,accept,,,,,
FR-025,4,not_observable,EV-04-SCEN-FR-025-29-01,No observation was recorded for the scenarios of this requirement.,"The existing probe does not perform the requested update, upload, authorization, reversal, migration, concurrent workload or graphical interaction; this delivery exposes registration, attendance and basic billing operations. Missing observation: The classroom record stores the maximum capacity and automatically tracks the enrolled child count against that limit. The target action was not executed; this is an observation limitation, not a software failure.",accept,,,,,
FR-026,4,not_observable,EV-04-SCEN-FR-026-30-01,No observation was recorded for the scenarios of this requirement.,"The existing probe does not perform the requested update, upload, authorization, reversal, migration, concurrent workload or graphical interaction; this delivery exposes registration, attendance and basic billing operations. Missing observation: The screen displays the current enrolled count versus the classroom limit and clearly indicates whether the classroom is full or available. The target action was not executed; this is an observation limitation, not a software failure.",accept,,,,,
FR-027,4,observed_partial,EV-04-SCEN-FR-027-31-05; EV-04-SCEN-FR-027-31-06; EV-04-SCEN-FR-027-31-01,"The classroom had capacity one, and the first child was enrolled. A subsequent child requested that classroom but was placed on the waiting list with no classroom assignment, establishing that an additional enrollment was prevented.",No response shows that the classroom itself was flagged as having reached capacity.,accept,,,,,
FR-028,4,not_observable,EV-04-SCEN-FR-028-32-01,No observation was recorded for the scenarios of this requirement.,"The existing probe does not perform the requested update, upload, authorization, reversal, migration, concurrent workload or graphical interaction; this delivery exposes registration, attendance and basic billing operations. Missing observation: The system displays the waiting list entries with their relevant details and allows the staff member to review, update, and manage the list without affecting enrolled children. The target action was not executed; this is an observation limitation, not a software failure.",accept,,,,,
FR-029,4,not_observable,EV-04-SCEN-FR-029-33-01,No observation was recorded for the scenarios of this requirement.,"The existing probe does not perform the requested update, upload, authorization, reversal, migration, concurrent workload or graphical interaction; this delivery exposes registration, attendance and basic billing operations. Missing observation: The system allows assignment only to a classroom or room type that matches the child's age or developmental stage, and it blocks or warns on assignments that do not meet the configured placement rules. The target action was not executed; this is an observation limitation, not a software failure.",accept,,,,,
FR-030,4,not_observable,EV-04-SCEN-FR-030-34-01,No observation was recorded for the scenarios of this requirement.,"The existing probe does not perform the requested update, upload, authorization, reversal, migration, concurrent workload or graphical interaction; this delivery exposes registration, attendance and basic billing operations. Missing observation: The system opens the selected child or family task directly from the dashboard or search screen with minimal navigation, reducing the need to move through multiple menus. The target action was not executed; this is an observation limitation, not a software failure.",accept,,,,,
FR-031,4,not_observable,EV-04-SCEN-FR-031-35-01,No observation was recorded for the scenarios of this requirement.,"The existing probe does not perform the requested update, upload, authorization, reversal, migration, concurrent workload or graphical interaction; this delivery exposes registration, attendance and basic billing operations. Missing observation: The system opens the selected routine function immediately from the dashboard and displays the relevant list or check screen without requiring the staff member to navigate through the full menu structure. The target action was not executed; this is an observation limitation, not a software failure.",accept,,,,,
FR-032,4,not_observable,EV-04-SCEN-FR-032-36-01,No observation was recorded for the scenarios of this requirement.,"The existing probe does not perform the requested update, upload, authorization, reversal, migration, concurrent workload or graphical interaction; this delivery exposes registration, attendance and basic billing operations. Missing observation: The system supports the training and parallel operation period, allows comparison of results during rollout, and transitions to full cutover only when the planned cutover is approved. The target action was not executed; this is an observation limitation, not a software failure.",accept,,,,,
FR-033,4,not_observable,EV-04-SCEN-FR-033-37-01,No observation was recorded for the scenarios of this requirement.,"The existing probe does not perform the requested update, upload, authorization, reversal, migration, concurrent workload or graphical interaction; this delivery exposes registration, attendance and basic billing operations. Missing observation: The system grants the backup access only to the covered duties, blocks access to unrelated functions, and automatically ends or easily removes the temporary access when coverage ends. The target action was not executed; this is an observation limitation, not a software failure.",accept,,,,,
FR-034,4,not_observable,EV-04-SCEN-FR-034-38-01,No observation was recorded for the scenarios of this requirement.,"The existing probe does not perform the requested update, upload, authorization, reversal, migration, concurrent workload or graphical interaction; this delivery exposes registration, attendance and basic billing operations. Missing observation: The system supports fast authentication and user switching on the shared workstation, shows the correct user context after each switch, and prevents one staff member from continuing under another staff member's session. The target action was not executed; this is an observation limitation, not a software failure.",accept,,,,,
FR-035,4,not_observable,EV-04-SCEN-FR-035-39-01,No observation was recorded for the scenarios of this requirement.,"The existing probe does not perform the requested update, upload, authorization, reversal, migration, concurrent workload or graphical interaction; this delivery exposes registration, attendance and basic billing operations. Missing observation: The system displays and operates correctly on both the shared desktop and the tablet, with usable screens and controls appropriate to each device type. The target action was not executed; this is an observation limitation, not a software failure.",accept,,,,,
FR-036,4,not_observable,EV-04-SCEN-FR-036-40-01,No observation was recorded for the scenarios of this requirement.,"The existing probe does not perform the requested update, upload, authorization, reversal, migration, concurrent workload or graphical interaction; this delivery exposes registration, attendance and basic billing operations. Missing observation: The system imports the specified active records and preserves the listed data elements so staff can continue operations with current family, child, billing, and contact information available after go-live. The target action was not executed; this is an observation limitation, not a software failure.",accept,,,,,
FR-037,4,not_observable,EV-04-SCEN-FR-037-41-01,No observation was recorded for the scenarios of this requirement.,"The existing probe does not perform the requested update, upload, authorization, reversal, migration, concurrent workload or graphical interaction; this delivery exposes registration, attendance and basic billing operations. Missing observation: The site-based staff member can only see and manage records for their own site, while the cross-site user can access records across sites according to their elevated role. The target action was not executed; this is an observation limitation, not a software failure.",accept,,,,,
FR-038,4,not_observable,EV-04-SCEN-FR-038-42-01,No observation was recorded for the scenarios of this requirement.,"The existing probe does not perform the requested update, upload, authorization, reversal, migration, concurrent workload or graphical interaction; this delivery exposes registration, attendance and basic billing operations. Missing observation: The system keeps one unified family account, shows both children across sites under that account, and preserves shared contact and billing information instead of splitting the family into separate site-specific accounts. The target action was not executed; this is an observation limitation, not a software failure.",accept,,,,,
FR-039,4,not_observable,EV-04-SCEN-FR-039-43-01,No observation was recorded for the scenarios of this requirement.,"The existing probe does not perform the requested update, upload, authorization, reversal, migration, concurrent workload or graphical interaction; this delivery exposes registration, attendance and basic billing operations. Missing observation: The system rolls up the sibling information across locations for the authorized user and displays the combined results in the report. The target action was not executed; this is an observation limitation, not a software failure.",accept,,,,,
FR-040,4,not_observable,EV-04-SCEN-FR-040-44-01,No observation was recorded for the scenarios of this requirement.,"The existing probe does not perform the requested update, upload, authorization, reversal, migration, concurrent workload or graphical interaction; this delivery exposes registration, attendance and basic billing operations. Missing observation: The system produces CSV export files, accepts CSV imports, and provides Excel or PDF output when appropriate for the selected data or report. The target action was not executed; this is an observation limitation, not a software failure.",accept,,,,,
FR-041,4,not_observable,EV-04-SCEN-FR-041-45-01,No observation was recorded for the scenarios of this requirement.,"The existing probe does not perform the requested update, upload, authorization, reversal, migration, concurrent workload or graphical interaction; this delivery exposes registration, attendance and basic billing operations. Missing observation: The system validates each field in each row, rejects only the affected row or record with clear error details, imports the valid rows, and leaves all existing data unchanged. The target action was not executed; this is an observation limitation, not a software failure.",accept,,,,,
FR-042,4,not_observable,EV-04-SCEN-FR-042-46-01,No observation was recorded for the scenarios of this requirement.,"The existing probe does not perform the requested update, upload, authorization, reversal, migration, concurrent workload or graphical interaction; this delivery exposes registration, attendance and basic billing operations. Missing observation: The system allows export or import only for the fields permitted by the user's security role and policy, omits restricted sensitive fields, and blocks the unauthorized import with a clear permission error and an explanation of which fields are not allowed. The target action was not executed; this is an observation limitation, not a software failure.",accept,,,,,
FR-043,4,not_observable,EV-04-SCEN-FR-043-47-01,No observation was recorded for the scenarios of this requirement.,"The existing probe does not perform the requested update, upload, authorization, reversal, migration, concurrent workload or graphical interaction; this delivery exposes registration, attendance and basic billing operations. Missing observation: The system creates a separate invoice adjustment record that increases or decreases the balance as appropriate, keeps the original charge intact, and shows the adjustment on the invoice history instead of rewriting the original invoice line. The target action was not executed; this is an observation limitation, not a software failure.",accept,,,,,
FR-044,4,not_observable,EV-04-SCEN-FR-044-48-01,No observation was recorded for the scenarios of this requirement.,"The existing probe does not perform the requested update, upload, authorization, reversal, migration, concurrent workload or graphical interaction; this delivery exposes registration, attendance and basic billing operations. Missing observation: The disputed charge remains visible with a clear dispute status, appears in billing review queues or invoice history, and is not removed or hidden from staff until the dispute is resolved. The target action was not executed; this is an observation limitation, not a software failure.",accept,,,,,
FR-045,4,not_observable,EV-04-SCEN-FR-045-49-01,No observation was recorded for the scenarios of this requirement.,"The existing probe does not perform the requested update, upload, authorization, reversal, migration, concurrent workload or graphical interaction; this delivery exposes registration, attendance and basic billing operations. Missing observation: The system saves the credit or refund with a required reason, links it to the original invoice, and shows the transaction in the invoice ledger with the updated balance. The target action was not executed; this is an observation limitation, not a software failure.",accept,,,,,
FR-046,4,not_observable,EV-04-SCEN-FR-046-50-01,No observation was recorded for the scenarios of this requirement.,"The existing probe does not perform the requested update, upload, authorization, reversal, migration, concurrent workload or graphical interaction; this delivery exposes registration, attendance and basic billing operations. Missing observation: The system displays an audit trail showing who made each change, when it occurred, what type of billing action was taken, and the stated reason or note for the change. The target action was not executed; this is an observation limitation, not a software failure.",accept,,,,,
FR-047,4,not_observable,EV-04-SCEN-FR-047-51-01,No observation was recorded for the scenarios of this requirement.,"The existing probe does not perform the requested update, upload, authorization, reversal, migration, concurrent workload or graphical interaction; this delivery exposes registration, attendance and basic billing operations. Missing observation: The system applies the configured sibling discount only to eligible tuition charges, shows the discount on the invoice, and does not apply it when the policy is not configured or the children are not both eligible. The target action was not executed; this is an observation limitation, not a software failure.",accept,,,,,
FR-048,4,not_observable,EV-04-SCEN-FR-048-52-01,No observation was recorded for the scenarios of this requirement.,"The existing probe does not perform the requested update, upload, authorization, reversal, migration, concurrent workload or graphical interaction; this delivery exposes registration, attendance and basic billing operations. Missing observation: The system adds the configured late fee to the invoice, displays the fee as a separate charge, and does not apply the fee before the grace period has expired. The target action was not executed; this is an observation limitation, not a software failure.",accept,,,,,
FR-049,4,not_observable,EV-04-SCEN-FR-049-53-01,No observation was recorded for the scenarios of this requirement.,"The existing probe does not perform the requested update, upload, authorization, reversal, migration, concurrent workload or graphical interaction; this delivery exposes registration, attendance and basic billing operations. Missing observation: The system prorates the tuition based on the active enrollment dates or changed enrollment status and shows the prorated amount on the invoice instead of charging the full period amount. The target action was not executed; this is an observation limitation, not a software failure.",accept,,,,,
FR-050,4,not_observable,EV-04-SCEN-FR-050-54-01,No observation was recorded for the scenarios of this requirement.,"The existing probe does not perform the requested update, upload, authorization, reversal, migration, concurrent workload or graphical interaction; this delivery exposes registration, attendance and basic billing operations. Missing observation: The system applies tuition effects only according to the configured policy, such as reducing or not reducing charges based on the defined rules, and does not use a fixed hardcoded absence rule. The target action was not executed; this is an observation limitation, not a software failure.",accept,,,,,
FR-051,4,not_observable,EV-04-SCEN-FR-051-55-01,No observation was recorded for the scenarios of this requirement.,"The existing probe does not perform the requested update, upload, authorization, reversal, migration, concurrent workload or graphical interaction; this delivery exposes registration, attendance and basic billing operations. Missing observation: The system requires an authorized decision before the exception takes effect, records the reviewer's action, and updates the related child, family, or billing record only according to the approved outcome. The target action was not executed; this is an observation limitation, not a software failure.",accept,,,,,
FR-052,4,not_observable,EV-04-SCEN-FR-052-56-01,No observation was recorded for the scenarios of this requirement.,"The existing probe does not perform the requested update, upload, authorization, reversal, migration, concurrent workload or graphical interaction; this delivery exposes registration, attendance and basic billing operations. Missing observation: The child remains enrolled or provisionally active as allowed by policy, is clearly marked as not compliant, and the compliance status is visible to staff instead of blocking the record outright. The target action was not executed; this is an observation limitation, not a software failure.",accept,,,,,
FR-053,4,not_observable,EV-04-SCEN-FR-053-57-01,No observation was recorded for the scenarios of this requirement.,"The existing probe does not perform the requested update, upload, authorization, reversal, migration, concurrent workload or graphical interaction; this delivery exposes registration, attendance and basic billing operations. Missing observation: The system provides a clear follow-up path showing outstanding requirements, contact or verification status, and completion history, and the noncompliant status is cleared only after the record is verified or updated. The target action was not executed; this is an observation limitation, not a software failure.",accept,,,,,
FR-054,4,not_observable,EV-04-SCEN-FR-054-58-01,No observation was recorded for the scenarios of this requirement.,"The existing probe does not perform the requested update, upload, authorization, reversal, migration, concurrent workload or graphical interaction; this delivery exposes registration, attendance and basic billing operations. Missing observation: The system presents a central dashboard or search screen that provides access to common daily tasks such as child lookup, family lookup, billing review, attendance, and notifications. The target action was not executed; this is an observation limitation, not a software failure.",accept,,,,,
FR-055,4,not_observable,EV-04-SCEN-FR-055-59-01,No observation was recorded for the scenarios of this requirement.,"The existing probe does not perform the requested update, upload, authorization, reversal, migration, concurrent workload or graphical interaction; this delivery exposes registration, attendance and basic billing operations. Missing observation: The system supports onboarding administrators and office staff first, then classroom staff and other users afterward, with access and training materials aligned to each role's need to view child or family information. The target action was not executed; this is an observation limitation, not a software failure.",accept,,,,,
FR-056,4,not_observable,EV-04-SCEN-FR-056-60-01,No observation was recorded for the scenarios of this requirement.,"The existing probe does not perform the requested update, upload, authorization, reversal, migration, concurrent workload or graphical interaction; this delivery exposes registration, attendance and basic billing operations. Missing observation: The system allows go-live to proceed only when core data loading is complete and the main workflows can be completed reliably, and it prevents go-live approval when those readiness conditions are not met. The target action was not executed; this is an observation limitation, not a software failure.",accept,,,,,
FR-057,4,not_observable,EV-04-SCEN-FR-057-61-01,No observation was recorded for the scenarios of this requirement.,"The existing probe does not perform the requested update, upload, authorization, reversal, migration, concurrent workload or graphical interaction; this delivery exposes registration, attendance and basic billing operations. Missing observation: The system shows matching figures for reports, billing, and attendance, or clearly flags any discrepancies so staff can correct them before full cutover. The target action was not executed; this is an observation limitation, not a software failure.",accept,,,,,
FR-058,4,not_observable,EV-04-SCEN-FR-058-62-01,No observation was recorded for the scenarios of this requirement.,"The existing probe does not perform the requested update, upload, authorization, reversal, migration, concurrent workload or graphical interaction; this delivery exposes registration, attendance and basic billing operations. Missing observation: The first move is blocked because the classroom is full; the override path allows the move only for an authorized user and records the exception. The target action was not executed; this is an observation limitation, not a software failure.",accept,,,,,
FR-059,4,not_observable,EV-04-SCEN-FR-059-63-01,No observation was recorded for the scenarios of this requirement.,"The existing probe does not perform the requested update, upload, authorization, reversal, migration, concurrent workload or graphical interaction; this delivery exposes registration, attendance and basic billing operations. Missing observation: The system routes the pending change to staff review and does not apply it until a reviewer approves it. The target action was not executed; this is an observation limitation, not a software failure.",accept,,,,,
FR-060,4,not_observable,EV-04-SCEN-FR-060-64-01,No observation was recorded for the scenarios of this requirement.,"The existing probe does not perform the requested update, upload, authorization, reversal, migration, concurrent workload or graphical interaction; this delivery exposes registration, attendance and basic billing operations. Missing observation: The allergy alert and restricted pickup information are shown immediately and prominently before the child can be released. The target action was not executed; this is an observation limitation, not a software failure.",accept,,,,,
FR-061,4,not_observable,EV-04-SCEN-FR-061-65-01,No observation was recorded for the scenarios of this requirement.,"The existing probe does not perform the requested update, upload, authorization, reversal, migration, concurrent workload or graphical interaction; this delivery exposes registration, attendance and basic billing operations. Missing observation: The system places non-urgent work into a queue or delayed processing state, while continuing to prioritize urgent operational tasks without interruption. The target action was not executed; this is an observation limitation, not a software failure.",accept,,,,,
FR-062,4,not_observable,EV-04-SCEN-FR-062-66-01,No observation was recorded for the scenarios of this requirement.,"The existing probe does not perform the requested update, upload, authorization, reversal, migration, concurrent workload or graphical interaction; this delivery exposes registration, attendance and basic billing operations. Missing observation: Each item is clearly marked as current, due soon, overdue, exempt, or missing, allowing the staff member to know the next follow-up action at a glance. The target action was not executed; this is an observation limitation, not a software failure.",accept,,,,,
BR-001,4,not_observable,EV-04-SCEN-BR-001-67-01,No observation was recorded for the scenarios of this requirement.,"The existing probe does not perform the requested update, upload, authorization, reversal, migration, concurrent workload or graphical interaction; this delivery exposes registration, attendance and basic billing operations. Missing observation: Only administrators and authorized staff can complete these actions; unauthorized users are denied access or shown read-only restrictions. The target action was not executed; this is an observation limitation, not a software failure.",accept,,,,,
BR-002,4,not_observable,EV-04-SCEN-BR-002-68-01,No observation was recorded for the scenarios of this requirement.,"The existing probe does not perform the requested update, upload, authorization, reversal, migration, concurrent workload or graphical interaction; this delivery exposes registration, attendance and basic billing operations. Missing observation: The system hides or blocks access to sensitive billing data and full administrative controls for teaching and support staff. The target action was not executed; this is an observation limitation, not a software failure.",accept,,,,,
BR-003,4,not_observable,EV-04-SCEN-BR-003-69-01,No observation was recorded for the scenarios of this requirement.,"The existing probe does not perform the requested update, upload, authorization, reversal, migration, concurrent workload or graphical interaction; this delivery exposes registration, attendance and basic billing operations. Missing observation: The system prevents the change and allows only a system administrator to modify security and global configuration settings. The target action was not executed; this is an observation limitation, not a software failure.",accept,,,,,
BR-004,4,not_observable,EV-04-SCEN-BR-004-70-01,No observation was recorded for the scenarios of this requirement.,"The existing probe does not perform the requested update, upload, authorization, reversal, migration, concurrent workload or graphical interaction; this delivery exposes registration, attendance and basic billing operations. Missing observation: Unmasked sensitive export details are not shown to the user unless they have one of the permitted elevated roles. The target action was not executed; this is an observation limitation, not a software failure.",accept,,,,,
BR-005,4,not_observable,EV-04-SCEN-BR-005-71-01,No observation was recorded for the scenarios of this requirement.,"The existing probe does not perform the requested update, upload, authorization, reversal, migration, concurrent workload or graphical interaction; this delivery exposes registration, attendance and basic billing operations. Missing observation: Sensitive fields are excluded or masked by default, and the export contains only the minimum information needed for routine operations. The target action was not executed; this is an observation limitation, not a software failure.",accept,,,,,
BR-006,4,not_observable,EV-04-SCEN-BR-006-72-01,No observation was recorded for the scenarios of this requirement.,"The existing probe does not perform the requested update, upload, authorization, reversal, migration, concurrent workload or graphical interaction; this delivery exposes registration, attendance and basic billing operations. Missing observation: The export masks or omits full custody details, emergency contacts, full payment information, health or immunization notes, special needs notes, custody restrictions, and similar staff-inappropriate fields. The target action was not executed; this is an observation limitation, not a software failure.",accept,,,,,
BR-007,4,observed_satisfied,EV-04-SCEN-BR-007-73-05; EV-04-SCEN-BR-007-73-06; EV-04-SCEN-BR-007-73-01,"The classroom had capacity 1 and one child was enrolled. The next child requested that classroom but was placed on a waiting list with no classroom assignment, so the additional enrollment was blocked.",,accept,,,,,
BR-008,4,not_observable,EV-04-SCEN-BR-008-74-01,No observation was recorded for the scenarios of this requirement.,"The existing probe does not perform the requested update, upload, authorization, reversal, migration, concurrent workload or graphical interaction; this delivery exposes registration, attendance and basic billing operations. Missing observation: The system prevents the sibling discount from stacking with the other discount unless the policy explicitly permits the combination. The target action was not executed; this is an observation limitation, not a software failure.",accept,,,,,
BR-009,4,not_observable,EV-04-SCEN-BR-009-75-01,No observation was recorded for the scenarios of this requirement.,"The existing probe does not perform the requested update, upload, authorization, reversal, migration, concurrent workload or graphical interaction; this delivery exposes registration, attendance and basic billing operations. Missing observation: The system blocks the action unless the user has the required permission to create or change payments. The target action was not executed; this is an observation limitation, not a software failure.",accept,,,,,
BR-010,4,not_observable,EV-04-SCEN-BR-010-76-01,No observation was recorded for the scenarios of this requirement.,"The existing probe does not perform the requested update, upload, authorization, reversal, migration, concurrent workload or graphical interaction; this delivery exposes registration, attendance and basic billing operations. Missing observation: The system grants access only for the selected time period, records the stated reason in the account history, and displays the temporary access as time-limited rather than permanent. The target action was not executed; this is an observation limitation, not a software failure.",accept,,,,,
BR-011,4,observed_unsatisfied,EV-04-SCEN-BR-011-77-01; EV-04-SCEN-BR-011-77-05,"A payment of 99,999 against a 100 invoice was unusually large, yet the system recorded it as completed rather than held for review. This violates the large-payment branch; no required branch was positively established.","The dispute, failed-payment, inactive-payer, overdue-balance, and suspicious-payment branches were not established or tested.",accept,,,,,
BR-012,4,not_observable,EV-04-SCEN-BR-012-78-01,No observation was recorded for the scenarios of this requirement.,"The existing probe does not perform the requested update, upload, authorization, reversal, migration, concurrent workload or graphical interaction; this delivery exposes registration, attendance and basic billing operations. Missing observation: The payment posts immediately without manual review, and the account ledger shows the recurring tuition payment as completed successfully. The target action was not executed; this is an observation limitation, not a software failure.",accept,,,,,
BR-013,4,not_observable,EV-04-SCEN-BR-013-79-01,No observation was recorded for the scenarios of this requirement.,"The existing probe does not perform the requested update, upload, authorization, reversal, migration, concurrent workload or graphical interaction; this delivery exposes registration, attendance and basic billing operations. Missing observation: Attendance entries are saved promptly, the interface remains usable, and no attendance action times out or becomes unresponsive during the peak period. The target action was not executed; this is an observation limitation, not a software failure.",accept,,,,,
BR-014,4,not_observable,EV-04-SCEN-BR-014-80-01,No observation was recorded for the scenarios of this requirement.,"The existing probe does not perform the requested update, upload, authorization, reversal, migration, concurrent workload or graphical interaction; this delivery exposes registration, attendance and basic billing operations. Missing observation: The system does not silently replace existing source records, and it reports the affected records with clear conflict or validation notices instead of overwriting them. The target action was not executed; this is an observation limitation, not a software failure.",accept,,,,,
DI-001,4,not_observable,EV-04-SCEN-DI-001-81-01,No observation was recorded for the scenarios of this requirement.,"The existing probe does not perform the requested update, upload, authorization, reversal, migration, concurrent workload or graphical interaction; this delivery exposes registration, attendance and basic billing operations. Missing observation: The system produces a valid CSV file for export and successfully reads CSV input, preserving field structure and record values in the imported data. The target action was not executed; this is an observation limitation, not a software failure.",accept,,,,,
DI-002,4,not_observable,EV-04-SCEN-DI-002-82-01,No observation was recorded for the scenarios of this requirement.,"The existing probe does not perform the requested update, upload, authorization, reversal, migration, concurrent workload or graphical interaction; this delivery exposes registration, attendance and basic billing operations. Missing observation: The system accepts the Excel workbook for import or creates an Excel-formatted export when the feature is enabled, with the data available in spreadsheet form afterward. The target action was not executed; this is an observation limitation, not a software failure.",accept,,,,,
DI-003,4,not_observable,EV-04-SCEN-DI-003-83-01,No observation was recorded for the scenarios of this requirement.,"The existing probe does not perform the requested update, upload, authorization, reversal, migration, concurrent workload or graphical interaction; this delivery exposes registration, attendance and basic billing operations. Missing observation: The system creates a PDF document that opens as read-only content and preserves the report layout for viewing or printing without editable fields. The target action was not executed; this is an observation limitation, not a software failure.",accept,,,,,
DI-004,4,not_observable,EV-04-SCEN-DI-004-84-01,No observation was recorded for the scenarios of this requirement.,"The existing probe does not perform the requested update, upload, authorization, reversal, migration, concurrent workload or graphical interaction; this delivery exposes registration, attendance and basic billing operations. Missing observation: The system flags the invalid rows with field-specific validation messages for the missing or malformed name, date, phone number, email, or immunization date values and does not accept those invalid entries as valid records. The target action was not executed; this is an observation limitation, not a software failure.",accept,,,,,
DI-005,4,not_observable,EV-04-SCEN-DI-005-85-01,No observation was recorded for the scenarios of this requirement.,"The existing probe does not perform the requested update, upload, authorization, reversal, migration, concurrent workload or graphical interaction; this delivery exposes registration, attendance and basic billing operations. Missing observation: The system rejects only the affected row or record, keeps the existing data unchanged for that record, and imports the other valid rows successfully. The target action was not executed; this is an observation limitation, not a software failure.",accept,,,,,
QR-001,4,not_observable,EV-04-SCEN-QR-001-86-01,No observation was recorded for the scenarios of this requirement.,"The existing probe does not perform the requested update, upload, authorization, reversal, migration, concurrent workload or graphical interaction; this delivery exposes registration, attendance and basic billing operations. Missing observation: The system responds quickly, maintains consistent results across repeated actions, and helps staff complete tasks accurately without conflicting outputs or delayed updates. The target action was not executed; this is an observation limitation, not a software failure.",accept,,,,,
QR-002,4,not_observable,EV-04-SCEN-QR-002-87-01,No observation was recorded for the scenarios of this requirement.,"The existing probe does not perform the requested update, upload, authorization, reversal, migration, concurrent workload or graphical interaction; this delivery exposes registration, attendance and basic billing operations. Missing observation: The system reuses existing information where possible, avoids creating duplicate entries, and reduces the need for the staff member to retype the same data in multiple places. The target action was not executed; this is an observation limitation, not a software failure.",accept,,,,,
QR-003,4,not_observable,EV-04-SCEN-QR-003-88-01,No observation was recorded for the scenarios of this requirement.,"The existing probe does not perform the requested update, upload, authorization, reversal, migration, concurrent workload or graphical interaction; this delivery exposes registration, attendance and basic billing operations. Missing observation: The screens are easy to read, labels are clear, navigation is straightforward, and the staff member can find common functions without confusion. The target action was not executed; this is an observation limitation, not a software failure.",accept,,,,,
QR-004,4,not_observable,EV-04-SCEN-QR-004-89-01,No observation was recorded for the scenarios of this requirement.,"The existing probe does not perform the requested update, upload, authorization, reversal, migration, concurrent workload or graphical interaction; this delivery exposes registration, attendance and basic billing operations. Missing observation: The controls are large enough to select comfortably and are not tiny or cramped, allowing the task to be completed without repeated misclicks. The target action was not executed; this is an observation limitation, not a software failure.",accept,,,,,
QR-005,4,not_observable,EV-04-SCEN-QR-005-90-01,No observation was recorded for the scenarios of this requirement.,"The existing probe does not perform the requested update, upload, authorization, reversal, migration, concurrent workload or graphical interaction; this delivery exposes registration, attendance and basic billing operations. Missing observation: The system remains responsive, continues accepting input without noticeable slowdown or timeouts, and successfully saves the concurrent entries. The target action was not executed; this is an observation limitation, not a software failure.",accept,,,,,
QR-006,4,not_observable,EV-04-SCEN-QR-006-91-01,No observation was recorded for the scenarios of this requirement.,"The existing probe does not perform the requested update, upload, authorization, reversal, migration, concurrent workload or graphical interaction; this delivery exposes registration, attendance and basic billing operations. Missing observation: The system presents a simple, easy-to-follow support experience, records the issue without data loss, and confirms that help has been requested through an acknowledgment or ticket reference. The target action was not executed; this is an observation limitation, not a software failure.",accept,,,,,
QR-007,4,observed_partial,EV-04-SCEN-QR-007-92-01,"The running system accepted a new classroom and returned its created record, demonstrating that a classroom can be added without starting over.",The evidence does not show whether sites can be added or future enhancements can be made without starting over.,accept,,,,,
QR-008,4,observed_partial,EV-04-SCEN-QR-008-93-01,"The system added a classroom and returned the new classroom record, establishing the classroom-expansion capability.",The ability to add an additional site was not tested.,accept,,,,,
QR-009,4,not_observable,EV-04-SCEN-QR-009-94-01,No observation was recorded for the scenarios of this requirement.,"The existing probe does not perform the requested update, upload, authorization, reversal, migration, concurrent workload or graphical interaction; this delivery exposes registration, attendance and basic billing operations. Missing observation: The screens render correctly and remain usable on both device types, key actions are accessible without layout breakage, and common tasks such as check-in and record viewing can be completed comfortably on shared desktops and tablets. The target action was not executed; this is an observation limitation, not a software failure.",accept,,,,,
QR-010,4,not_observable,EV-04-SCEN-QR-010-95-01,No observation was recorded for the scenarios of this requirement.,"The existing probe does not perform the requested update, upload, authorization, reversal, migration, concurrent workload or graphical interaction; this delivery exposes registration, attendance and basic billing operations. Missing observation: The system signs the staff member in quickly with the shared-workstation login method, grants access to the appropriate staff workspace, and makes the process suitable for repeated use on a common desk terminal. The target action was not executed; this is an observation limitation, not a software failure.",accept,,,,,
QR-011,4,not_observable,EV-04-SCEN-QR-011-96-01,No observation was recorded for the scenarios of this requirement.,"The existing probe does not perform the requested update, upload, authorization, reversal, migration, concurrent workload or graphical interaction; this delivery exposes registration, attendance and basic billing operations. Missing observation: The attendance action completes promptly and reliably without being blocked by the queued work, and the child's attendance status updates immediately for staff use. The target action was not executed; this is an observation limitation, not a software failure.",accept,,,,,
QR-012,4,not_observable,EV-04-SCEN-QR-012-97-01,No observation was recorded for the scenarios of this requirement.,"The existing probe does not perform the requested update, upload, authorization, reversal, migration, concurrent workload or graphical interaction; this delivery exposes registration, attendance and basic billing operations. Missing observation: The system shows clear at-a-glance indicators for each child's immunization status and the classroom's current capacity, allowing the teacher or manager to identify compliance issues and occupancy status without opening each record individually. The target action was not executed; this is an observation limitation, not a software failure.",accept,,,,,
EX-001,4,not_observable,EV-04-SCEN-EX-001-98-01,No observation was recorded for the scenarios of this requirement.,"The existing probe does not perform the requested update, upload, authorization, reversal, migration, concurrent workload or graphical interaction; this delivery exposes registration, attendance and basic billing operations. Missing observation: The system treats those days as scheduling exceptions, displays them distinctly on the calendar, and applies the exception status automatically so staff do not need to work around them manually. The target action was not executed; this is an observation limitation, not a software failure.",accept,,,,,
EX-002,4,not_observable,EV-04-SCEN-EX-002-99-01,No observation was recorded for the scenarios of this requirement.,"The existing probe does not perform the requested update, upload, authorization, reversal, migration, concurrent workload or graphical interaction; this delivery exposes registration, attendance and basic billing operations. Missing observation: The system allows the special schedule to be created for the exception period and displays the reduced or alternate plan on the affected dates without treating it as a normal operating day. The target action was not executed; this is an observation limitation, not a software failure.",accept,,,,,
EX-003,4,not_observable,EV-04-SCEN-EX-003-100-01,No observation was recorded for the scenarios of this requirement.,"The existing probe does not perform the requested update, upload, authorization, reversal, migration, concurrent workload or graphical interaction; this delivery exposes registration, attendance and basic billing operations. Missing observation: The system allows the override only through manager or administrator authority, records the exception in the audit trail with the user and reason, and makes the override visible in the classroom capacity status. The target action was not executed; this is an observation limitation, not a software failure.",accept,,,,,
EX-004,4,not_observable,EV-04-SCEN-EX-004-101-01,No observation was recorded for the scenarios of this requirement.,"The existing probe does not perform the requested update, upload, authorization, reversal, migration, concurrent workload or graphical interaction; this delivery exposes registration, attendance and basic billing operations. Missing observation: The system holds the release for review, prevents the child from being released normally, and alerts staff that the safety information must be resolved before the release can proceed. The target action was not executed; this is an observation limitation, not a software failure.",accept,,,,,
EX-005,4,not_observable,EV-04-SCEN-EX-005-102-01,No observation was recorded for the scenarios of this requirement.,"The existing probe does not perform the requested update, upload, authorization, reversal, migration, concurrent workload or graphical interaction; this delivery exposes registration, attendance and basic billing operations. Missing observation: The system allows the exception only because the policy exists, records the temporary exception according to policy, and makes the child's nonstandard immunization status visible in the compliance display. The target action was not executed; this is an observation limitation, not a software failure.",accept,,,,,
EX-006,4,not_observable,EV-04-SCEN-EX-006-103-01,No observation was recorded for the scenarios of this requirement.,"The existing probe does not perform the requested update, upload, authorization, reversal, migration, concurrent workload or graphical interaction; this delivery exposes registration, attendance and basic billing operations. Missing observation: The small reversal follows the configured approval path, while the large or unusual reversal is routed to second review or manager approval and cannot be completed immediately without that additional authorization. The target action was not executed; this is an observation limitation, not a software failure.",accept,,,,,
FR-001,5,observed_partial,EV-05-SCEN-FR-001-05-01,The system registered a family and returned its ID and details.,"The response lists no children, and child registration was not tested.",accept,,,,,
FR-002,5,not_observable,EV-05-SCEN-FR-002-06-01,"No required obligation was observed. The request returned an empty classroom list, not an availability check for a child or a waiting-list placement.",Neither checking space availability nor placing a child on a waiting list was exercised.,accept,,,,,
FR-003,5,observed_satisfied,EV-05-SCEN-FR-003-07-05; EV-05-SCEN-FR-003-07-01,"A classroom was created, and the child-creation response shows the child assigned to that classroom by its ID. This demonstrates the stated assignment capability; the requirement specifies no further appropriateness criteria.",,accept,,,,,
FR-004,5,observed_partial,EV-05-SCEN-FR-004-08-05; EV-05-SCEN-FR-004-08-01,An existing child record had immunization status 'missing'; the update returned that child's status as 'overdue'. This establishes the immunization-update part of keeping child records current.,Changes in attendance and family details were not tested.,accept,,,,,
FR-005,5,observed_satisfied,EV-05-SCEN-FR-005-09-04; EV-05-SCEN-FR-005-09-01,"The system created an invoice for a prepared family and returned the invoice with an ID, amount, balance, and open status. This establishes support for invoicing.",,accept,,,,,
FR-006,5,observed_partial,EV-05-SCEN-FR-006-10-05; EV-05-SCEN-FR-006-10-01,"A child record was created, and checking that child in succeeded with a recorded attendance entry of type 'in'.",Checking a child out was not exercised.,accept,,,,,
FR-007,5,not_observable,EV-05-SCEN-FR-007-11-01,"No attendance review was demonstrated. The attendance endpoint returned an empty list, so no attendance record was shown for review.",Reviewing an existing attendance record remains untested.,accept,,,,,
FR-008,5,not_observable,EV-05-SCEN-FR-008-12-01,"No required lookup behaviour was established. The /families request returned an empty list, so it did not show family contact information being found.",Looking up contact information for a family with a recorded contact remains untested.,accept,,,,,
FR-009,5,observed_partial,EV-05-SCEN-FR-009-13-01; EV-05-SCEN-FR-009-13-04; EV-05-SCEN-FR-009-13-05,"The prepared child record was retrieved, and the response displayed its immunization status. It also included fields for classroom, contacts, allergy alerts, and pickup authority, but those fields held no assigned or populated information.","Viewing populated classroom assignments, contacts, allergy alerts, and pickup-authority information was not tested. No user's access level or access-level-dependent result was established.",accept,,,,,
FR-010,5,not_observable,EV-05-SCEN-FR-010-14-01,"No required obligation was established. The recorded request returned an empty attendance list, not a generated operational report.",Report generation and availability to authorized users were not exercised.,accept,,,,,
FR-011,5,observed_partial,EV-05-SCEN-FR-011-15-05; EV-05-SCEN-FR-011-15-01,"The created child was returned with an immunization_status of 'missing', and a subsequent immunization request for that child displayed 'missing'. This establishes storing and displaying the missing status.","Storing and displaying current, due soon, overdue, and exempt statuses were not exercised.",accept,,,,,
FR-012,5,observed_partial,EV-05-SCEN-FR-012-16-04; EV-05-SCEN-FR-012-16-05; EV-05-SCEN-FR-012-16-01,"The created child’s immunization status was reported as ""missing"" and noncompliant, establishing the missing-record flag.","Flags for nearing expiration, overdue, incomplete, and expired records were not tested. Staff and family notifications were not observed.",accept,,,,,
FR-013,5,not_observable,EV-05-SCEN-FR-013-17-01; EV-05-SCEN-FR-013-17-05,"No complete required obligation was observed. The child was created with immunization status 'missing', then a status-only request returned 'current'; no replacement immunization record was uploaded.",The ability for a family to upload a replacement immunization record remains untested.,accept,,,,,
FR-014,5,observed_partial,EV-05-SCEN-FR-014-18-05; EV-05-SCEN-FR-014-18-01,"The created child had a missing immunization record and was marked not compliant; a subsequent read showed the same missing, noncompliant state. This establishes the missing-record branch before any verification or staff confirmation.","Incomplete, overdue, expired, and otherwise unacceptable records were not tested. No record verification or update, staff confirmation, or resulting compliance change was observed.",accept,,,,,
FR-015,5,not_observable,EV-05-SCEN-FR-015-19-01,"None of the required family self-service capabilities was established. The response shows a pending portal-update request containing a phone number, not that contact information was updated.","No completed contact update, enrollment-form submission or update, invoice or payment-history view, or document upload was observed.",accept,,,,,
FR-016,5,observed_partial,EV-05-SCEN-FR-016-20-01,"A schedule-change request was accepted online and returned with status ""pending"", establishing the schedule-request branch's initial pending state.","Contact, enrollment, billing, pickup-authority, and custody-related requests were not tested. The evidence does not show whether a request remains pending until staff review before its change becomes active.",accept,,,,,
FR-017,5,observed_unsatisfied,EV-05-SCEN-FR-017-21-01,"An email-only profile update, with no care or safety-related change in the submitted details, was returned as a pending request rather than a completed edit. This refutes the required immediate effect for that edit. No required branch was positively established.","No profile readback was captured, and address, phone number, and password edits were not tested.",accept,,,,,
FR-018,5,not_observable,EV-05-SCEN-FR-018-22-01,"None of the required behaviour is established. The system accepted a document_upload request containing a filename, but the response does not show that a document was uploaded or that the upload left care arrangements and safety-related information unchanged.",The qualifying condition and submission of an actual document remain unobserved.,accept,,,,,
FR-019,5,observed_satisfied,EV-05-SCEN-FR-019-23-06; EV-05-SCEN-FR-019-23-01,"An invoice was created, and a subsequent online payment request for that invoice succeeded with a payment record showing the amount and status 'posted'. This establishes a payment operation and its processing result.",,accept,,,,,
FR-020,5,not_observable,EV-05-SCEN-FR-020-24-01,"The system posted a payment, but the request and response identify no payment method. Neither credit card nor debit card support is established.",Credit card and debit card selection and processing were not observed. Bank transfer is optional.,accept,,,,,
FR-021,5,observed_partial,EV-05-SCEN-FR-021-25-01; EV-05-SCEN-FR-021-25-06,"A payment for the prepared invoice was posted with payer set to authorized_guardian, establishing the guardian payment branch through the demonstrated role-based request.",No payment by an account holder was exercised. The evidence does not independently establish how guardian authorization is verified.,accept,,,,,
FR-022,5,observed_partial,EV-05-SCEN-FR-022-26-06; EV-05-SCEN-FR-022-26-01,"An invoice with a 100 balance was created, and a payment of 30 against it was posted. This establishes support for a partial payment.","The invoice was not read after the payment, so the evidence does not show whether it remained open with a balance of 70.",accept,,,,,
FR-023,5,not_observable,EV-05-SCEN-FR-023-27-01,"The recorded payment was posted successfully. No failed payment occurred, so none of the required failed-payment logging or display obligations was exercised.",Whether a failed payment is logged and shown right away to staff and the payer remains untested.,accept,,,,,
FR-024,5,not_observable,EV-05-SCEN-FR-024-28-01; EV-05-SCEN-FR-024-28-04; EV-05-SCEN-FR-024-28-06,"A payment was posted to a prepared family invoice, but no complete required branch was established. The payer label ""staff_verified"" does not show that the payment came from a trusted family member or other non-account-holder, or that staff verified the person against account notes.",Account-holder confirmation and emergency manager approval were also not observed. The evidence does not establish whether any of the stated conditions was met for a non-account-holder payment.,accept,,,,,
FR-025,5,not_observable,EV-05-SCEN-FR-025-29-01,"No required obligation was established. The classroom list was empty, so the response showed neither a stored maximum capacity nor a count of enrolled children.",Capacity storage and automatic counting against capacity remain untested.,accept,,,,,
FR-026,5,not_observable,EV-05-SCEN-FR-026-30-01,"No required display behaviour was observed. The classrooms request returned an empty list, so it showed neither an enrolled count versus a limit nor a full or available status.",No classroom record was returned to assess either the full or available condition.,accept,,,,,
FR-027,5,not_observable,EV-05-SCEN-FR-027-31-05; EV-05-SCEN-FR-027-31-01,"None of the required behaviours was established. A classroom with capacity one was created and one child was added, but the recorded responses do not show a capacity flag or an attempt to enroll another child.",Whether the classroom is flagged when full and whether additional enrollment is blocked without an exception remain untested.,accept,,,,,
FR-028,5,not_observable,EV-05-SCEN-FR-028-32-01,"No required obligation was established. The recorded request returned an empty classroom list, not a waiting list or a waiting-list management result.",Waiting list review and management were not exercised.,accept,,,,,
FR-029,5,observed_partial,EV-05-SCEN-FR-029-33-01; EV-05-SCEN-FR-029-33-05,A child was created with a date of birth and assigned to an existing classroom; the response confirms the classroom assignment. This establishes basic classroom assignment.,"The evidence does not show that placement was based on age or developmental stage, that children can be assigned by room type, or that existing assignments can be managed.",accept,,,,,
FR-030,5,not_observable,EV-05-SCEN-FR-030-34-01,"No required obligation was established. The recorded request returned an empty family list, but did not show a dashboard or search screen, route selection, or task completion.",Staff selection of a child or family and completion of a task without navigating many menus remain untested.,accept,,,,,
FR-031,5,not_observable,EV-05-SCEN-FR-031-35-01,No observation was recorded for the scenarios of this requirement.,"The existing GET / only opens a generic page or health endpoint; no scenario-specific setup or target interaction was defined. Missing observation: The system opens the selected routine function immediately from the dashboard and displays the relevant list or check screen without requiring the staff member to navigate through the full menu structure. The target action was not executed; this is an observation limitation, not a software failure.",accept,,,,,
FR-032,5,not_observable,EV-05-SCEN-FR-032-36-01,No observation was recorded for the scenarios of this requirement.,"The existing GET / only opens a generic page or health endpoint; no scenario-specific setup or target interaction was defined. Missing observation: The system supports the training and parallel operation period, allows comparison of results during rollout, and transitions to full cutover only when the planned cutover is approved. The target action was not executed; this is an observation limitation, not a software failure.",accept,,,,,
FR-033,5,not_observable,EV-05-SCEN-FR-033-37-01,No observation was recorded for the scenarios of this requirement.,"The existing GET / only opens a generic page or health endpoint; no scenario-specific setup or target interaction was defined. Missing observation: The system grants the backup access only to the covered duties, blocks access to unrelated functions, and automatically ends or easily removes the temporary access when coverage ends. The target action was not executed; this is an observation limitation, not a software failure.",accept,,,,,
FR-034,5,not_observable,EV-05-SCEN-FR-034-38-01,No observation was recorded for the scenarios of this requirement.,"The existing GET / only opens a generic page or health endpoint; no scenario-specific setup or target interaction was defined. Missing observation: The system supports fast authentication and user switching on the shared workstation, shows the correct user context after each switch, and prevents one staff member from continuing under another staff member's session. The target action was not executed; this is an observation limitation, not a software failure.",accept,,,,,
FR-035,5,not_observable,EV-05-SCEN-FR-035-39-01,No observation was recorded for the scenarios of this requirement.,"The existing GET / only opens a generic page or health endpoint; no scenario-specific setup or target interaction was defined. Missing observation: The system displays and operates correctly on both the shared desktop and the tablet, with usable screens and controls appropriate to each device type. The target action was not executed; this is an observation limitation, not a software failure.",accept,,,,,
FR-036,5,not_observable,EV-05-SCEN-FR-036-40-01,"None of the required migration categories was established. The response shows creation of a family record, but not migration of an active family account at go-live.","Migration of active family accounts, enrolled children, classroom assignments, immunization status, outstanding invoices or balances, waiting list entries, contact history, and authorized pickup lists remains untested.",accept,,,,,
FR-037,5,not_observable,EV-05-SCEN-FR-037-41-01,"No required branch was established. The unauthenticated request returned an empty family list, so it shows neither staff access to own-site records nor a violation involving another site's records.","No staff identity, site assignment, higher-level role, existing records, or record-management action was observed.",accept,,,,,
FR-038,5,not_observable,EV-05-SCEN-FR-038-42-01,The empty family list shows only that the endpoint responded; no required obligation was observed.,"No family account, children at multiple sites, or unified contact information and billing was exercised.",accept,,,,,
FR-039,5,not_observable,EV-05-SCEN-FR-039-43-01,None of the required behavior was established. The only captured response was an empty families list; it showed neither sibling support nor a report rolling up across locations.,"Sibling relationships, cross-location report rollups, and availability of those reports to authorized users were not exercised.",accept,,,,,
FR-040,5,not_observable,EV-05-SCEN-FR-040-44-01,None of the required CSV export or import capabilities was exercised. The recorded request returned an empty JSON list from /families.,CSV export and CSV import remain untested. Excel and PDF support are optional.,accept,,,,,
FR-041,5,not_observable,EV-05-SCEN-FR-041-45-01,No observation was recorded for the scenarios of this requirement.,"The existing GET / only opens a generic page or health endpoint; no scenario-specific setup or target interaction was defined. Missing observation: The system validates each field in each row, rejects only the affected row or record with clear error details, imports the valid rows, and leaves all existing data unchanged. The target action was not executed; this is an observation limitation, not a software failure.",accept,,,,,
FR-042,5,not_observable,EV-05-SCEN-FR-042-46-01,No observation was recorded for the scenarios of this requirement.,"The existing GET / only opens a generic page or health endpoint; no scenario-specific setup or target interaction was defined. Missing observation: The system allows export or import only for the fields permitted by the user's security role and policy, omits restricted sensitive fields, and blocks the unauthorized import with a clear permission error and an explanation of which fields are not allowed. The target action was not executed; this is an observation limitation, not a software failure.",accept,,,,,
FR-043,5,not_observable,EV-05-SCEN-FR-043-47-01,No required obligation was established. The recorded request returned an empty invoice list; it did not exercise a billing adjustment.,Whether an adjustment is recorded as an invoice adjustment while preserving the original charge remains untested.,accept,,,,,
FR-044,5,not_observable,EV-05-SCEN-FR-044-48-01,"The invoices endpoint returned an empty list. No disputed charge was observed, so none of the required visibility or status behaviour was established.",Whether a disputed charge remains visible with a status for billing staff review was not tested.,accept,,,,,
FR-045,5,not_observable,EV-05-SCEN-FR-045-49-01; EV-05-SCEN-FR-045-49-06,"An existing invoice was created, and a negative payment was posted against it. The response identifies the record as a payment, not a credit or refund, and shows no reason. None of the required credit or refund recording obligations is established.","Recording a credit and a refund, each with a reason and a link to its original invoice, remains untested.",accept,,,,,
FR-046,5,not_observable,EV-05-SCEN-FR-046-50-01,No observation was recorded for the scenarios of this requirement.,"The existing GET / only opens a generic page or health endpoint; no scenario-specific setup or target interaction was defined. Missing observation: The system displays an audit trail showing who made each change, when it occurred, what type of billing action was taken, and the stated reason or note for the change. The target action was not executed; this is an observation limitation, not a software failure.",accept,,,,,
FR-047,5,not_observable,EV-05-SCEN-FR-047-51-01,No required obligation was established. The only captured invoice response was an empty list; it did not show a staff-configured sibling-discount policy or a discount applied to eligible tuition.,"No family account with two or more enrolled children, eligible tuition charge, configured policy, or resulting discount was observed.",accept,,,,,
FR-048,5,not_observable,EV-05-SCEN-FR-048-52-01,"No required obligation was established. The invoices request returned an empty list, so no overdue payment, configured grace period, or late fee was observed.",Late-fee configuration and application after a payment becomes overdue beyond the grace period remain untested.,accept,,,,,
FR-049,5,not_observable,EV-05-SCEN-FR-049-53-01,None of the required proration cases was observed. The recorded request only returned an empty invoice list.,"No mid-period start, departure, or enrollment change was exercised, and no prorated amount was shown.",accept,,,,,
FR-050,5,not_observable,EV-05-SCEN-FR-050-54-01,No required obligation was established. The observed invoice request returned an empty list; it did not show an absence affecting tuition under a configurable policy.,"Policy configuration and the resulting tuition calculation for absences were not exercised, so the evidence cannot distinguish configurable behaviour from a hardcoded rule.",accept,,,,,
FR-051,5,not_observable,EV-05-SCEN-FR-051-55-01,"No required obligation was established. The only captured response is an empty requests list; it shows no authorized user reviewing, approving, or overriding a sensitive change or exception.","Review, approval, and override capabilities for enrollment exceptions, capacity overrides, payment reversals, and temporary access grants remain untested.",accept,,,,,
FR-052,5,observed_partial,EV-05-SCEN-FR-052-56-05; EV-05-SCEN-FR-052-56-01,"A child created without immunization records was marked compliant=false with status='missing', and the immunization readback retained that marking. This establishes clear noncompliance marking for the missing-record case.",The responses do not establish that the child remained enrolled or that this was assessed at go-live. Incomplete and overdue records were not tested.,accept,,,,,
FR-053,5,observed_partial,EV-05-SCEN-FR-053-57-01; EV-05-SCEN-FR-053-57-04; EV-05-SCEN-FR-053-57-05,"The evidence shows a missing immunization record for a child, followed by a successful immunization update to status ""current"" with ""compliant"": true. This positively establishes a workflow path from a missing record to an updated and compliant record.","No noncompliant immunization record or staff follow-up activity beyond the single update was exercised. The evidence does not establish repeated follow-up, verification as a distinct outcome, or that the workflow remains active until resolution in cases where the record is not immediately updated.",accept,,,,,
FR-054,5,not_observable,EV-05-SCEN-FR-054-58-01,No observation was recorded for the scenarios of this requirement.,"The existing GET / only opens a generic page or health endpoint; no scenario-specific setup or target interaction was defined. Missing observation: The system presents a central dashboard or search screen that provides access to common daily tasks such as child lookup, family lookup, billing review, attendance, and notifications. The target action was not executed; this is an observation limitation, not a software failure.",accept,,,,,
FR-055,5,not_observable,EV-05-SCEN-FR-055-59-01,No observation was recorded for the scenarios of this requirement.,"The existing GET / only opens a generic page or health endpoint; no scenario-specific setup or target interaction was defined. Missing observation: The system supports onboarding administrators and office staff first, then classroom staff and other users afterward, with access and training materials aligned to each role's need to view child or family information. The target action was not executed; this is an observation limitation, not a software failure.",accept,,,,,
FR-056,5,not_observable,EV-05-SCEN-FR-056-60-01,No observation was recorded for the scenarios of this requirement.,"The existing GET / only opens a generic page or health endpoint; no scenario-specific setup or target interaction was defined. Missing observation: The system allows go-live to proceed only when core data loading is complete and the main workflows can be completed reliably, and it prevents go-live approval when those readiness conditions are not met. The target action was not executed; this is an observation limitation, not a software failure.",accept,,,,,
FR-057,5,not_observable,EV-05-SCEN-FR-057-61-01,"Only the invoices endpoint was observed returning HTTP 200 with an empty list. This does not establish consistency of billing information with expected center outputs, and no complete obligation for reports, billing accuracy, or attendance consistency was positively or negatively demonstrated.","Reports and attendance information were not exercised. No expected center outputs, populated billing records, reconciliation, comparison, or pre-cutover consistency result was recorded.",accept,,,,,
FR-058,5,not_observable,EV-05-SCEN-FR-058-62-01; EV-05-SCEN-FR-058-62-04; EV-05-SCEN-FR-058-62-05,"The evidence shows creation of a family, a classroom with capacity 1, and a child initially assigned to that classroom. It does not show a child being moved into or out of a classroom, a capacity-allowed or capacity-exceeded move, or an authorized override. Therefore, none of the required movement branches is positively or negatively established.","Movement into a classroom when capacity allows, rejection of movement when capacity is full, movement out of a classroom, and behavior when an authorized override is used remain untested.",accept,,,,,
FR-059,5,not_observable,EV-05-SCEN-FR-059-63-01,"A custody-change request was successfully created with status ""pending"", showing that such a request can be recorded for possible review. However, no staff review action or subsequent custody, safety, immunization, fee, billing, or pickup-permission change was observed.","The evidence does not establish that staff review occurs before changes in any listed category, nor does it exercise the remaining categories or show that a change is blocked or held pending staff review.",accept,,,,,
FR-060,5,not_observable,EV-05-SCEN-FR-060-64-01; EV-05-SCEN-FR-060-64-05,"The child record response exposes allergy_alerts and pickup_authority fields, but both are empty. No populated allergy alert or restricted pickup list was observed, and no child-release workflow or pre-release visibility was exercised.",Visibility of actual allergy alerts and restricted pickup lists before a child is released remains untested.,accept,,,,,
FR-061,5,not_observable,EV-05-SCEN-FR-061-65-01,"The public GET /requests endpoint returned an empty list. This is a contextual observation, not evidence that queued or delayed handling of non-urgent tasks is supported or fails; no required handling branch was exercised.",Queued or delayed handling of the listed non-urgent tasks during peak periods remains untested.,accept,,,,,
FR-062,5,observed_partial,EV-05-SCEN-FR-062-66-01; EV-05-SCEN-FR-062-66-05,"The system returned an immunization status of ""missing"" directly for the prepared child record, providing at-a-glance status visibility for the missing branch without requiring a detailed-record response.","No evidence shows visibility of the current, due soon, overdue, or exempt states, or that staff can determine the needed follow-up action for those states without opening detailed records.",accept,,,,,
BR-001,5,not_observable,EV-05-SCEN-BR-001-67-01,No observation was recorded for the scenarios of this requirement.,"The existing GET / only opens a generic page or health endpoint; no scenario-specific setup or target interaction was defined. Missing observation: Only administrators and authorized staff can complete these actions; unauthorized users are denied access or shown read-only restrictions. The target action was not executed; this is an observation limitation, not a software failure.",accept,,,,,
BR-002,5,not_observable,EV-05-SCEN-BR-002-68-01; EV-05-SCEN-BR-002-68-02,"The invoices endpoint was accessible without recorded authentication, but it returned an empty list and did not expose sensitive billing information. No teaching or support staff actor was established, and no full administrative settings operation or access outcome was observed. Therefore, no complete restriction branch was positively or negatively established.",Access restrictions for teaching and support staff were not tested against sensitive billing records or full administrative settings. The evidence does not establish whether those roles can or cannot access either category.,accept,,,,,
BR-003,5,not_observable,EV-05-SCEN-BR-003-69-01,No observation was recorded for the scenarios of this requirement.,"The existing GET / only opens a generic page or health endpoint; no scenario-specific setup or target interaction was defined. Missing observation: The system prevents the change and allows only a system administrator to modify security and global configuration settings. The target action was not executed; this is an observation limitation, not a software failure.",accept,,,,,
BR-004,5,not_observable,EV-05-SCEN-BR-004-70-01,No observation was recorded for the scenarios of this requirement.,"The existing GET / only opens a generic page or health endpoint; no scenario-specific setup or target interaction was defined. Missing observation: Unmasked sensitive export details are not shown to the user unless they have one of the permitted elevated roles. The target action was not executed; this is an observation limitation, not a software failure.",accept,,,,,
BR-005,5,not_observable,EV-05-SCEN-BR-005-71-01,No observation was recorded for the scenarios of this requirement.,"The existing GET / only opens a generic page or health endpoint; no scenario-specific setup or target interaction was defined. Missing observation: Sensitive fields are excluded or masked by default, and the export contains only the minimum information needed for routine operations. The target action was not executed; this is an observation limitation, not a software failure.",accept,,,,,
BR-006,5,not_observable,EV-05-SCEN-BR-006-72-01,No observation was recorded for the scenarios of this requirement.,"The existing GET / only opens a generic page or health endpoint; no scenario-specific setup or target interaction was defined. Missing observation: The export masks or omits full custody details, emergency contacts, full payment information, health or immunization notes, special needs notes, custody restrictions, and similar staff-inappropriate fields. The target action was not executed; this is an observation limitation, not a software failure.",accept,,,,,
BR-007,5,not_observable,EV-05-SCEN-BR-007-73-01; EV-05-SCEN-BR-007-73-04; EV-05-SCEN-BR-007-73-05,"The classroom was created with capacity 1 and one child was successfully enrolled, establishing that the classroom reached capacity. No additional enrollment attempt after capacity was reached was recorded, so the blocking behavior was not exercised.",Whether an additional enrollment is blocked by default remains untested.,accept,,,,,
BR-008,5,not_observable,EV-05-SCEN-BR-008-74-01,"None of the required discount behavior was observed. The invoices endpoint returned an empty list, so no sibling discount was shown stacking with, or being kept separate from, another discount.","No invoice with both a sibling discount and another discount, or applicable policy exception, was tested.",accept,,,,,
BR-009,5,not_observable,EV-05-SCEN-BR-009-75-01,None of the required payment restrictions was exercised. The recorded request only retrieved an empty invoice list; it did not attempt to make or change a payment.,Whether staff without permission can make or change payments remains untested.,accept,,,,,
BR-010,5,not_observable,EV-05-SCEN-BR-010-76-01,"None of the required restrictions on temporary access were established. The service created a pending request containing a reason and expiration date, but did not show that access was granted or governed by those values.",Whether exceptional payment or billing access is actually tied to a reason and expires at a defined time remains untested.,accept,,,,,
BR-011,5,observed_unsatisfied,EV-05-SCEN-BR-011-77-01; EV-05-SCEN-BR-011-77-06,"A payment of 99,999 against an invoice of 100 was returned with status 'posted', not held for review. This violates the unusually large payment branch. No required branch was positively established.","Payments after a dispute, from accounts with failed payments or inactive payers, with sufficiently overdue balances, or appearing suspicious were not tested.",accept,,,,,
BR-012,5,not_observable,EV-05-SCEN-BR-012-78-06; EV-05-SCEN-BR-012-78-01,"A payment was posted for an open invoice, but the records do not establish that it was a normal recurring tuition payment. No required branch is established.",Immediate posting of a normal recurring tuition payment remains untested.,accept,,,,,
BR-013,5,not_observable,EV-05-SCEN-BR-013-79-01,"A single attendance check-in succeeded, but no required peak-period speed or reliability behaviour was established.","No peak-period load, response-time measurement, or repeated attendance actions were recorded.",accept,,,,,
BR-014,5,not_observable,EV-05-SCEN-BR-014-80-01,No observation was recorded for the scenarios of this requirement.,"The existing GET / only opens a generic page or health endpoint; no scenario-specific setup or target interaction was defined. Missing observation: The system does not silently replace existing source records, and it reports the affected records with clear conflict or validation notices instead of overwriting them. The target action was not executed; this is an observation limitation, not a software failure.",accept,,,,,
DI-001,5,not_observable,EV-05-SCEN-DI-001-81-01,No observation was recorded for the scenarios of this requirement.,"The existing GET / only opens a generic page or health endpoint; no scenario-specific setup or target interaction was defined. Missing observation: The system produces a valid CSV file for export and successfully reads CSV input, preserving field structure and record values in the imported data. The target action was not executed; this is an observation limitation, not a software failure.",accept,,,,,
DI-002,5,not_observable,EV-05-SCEN-DI-002-82-01,No observation was recorded for the scenarios of this requirement.,"The existing GET / only opens a generic page or health endpoint; no scenario-specific setup or target interaction was defined. Missing observation: The system accepts the Excel workbook for import or creates an Excel-formatted export when the feature is enabled, with the data available in spreadsheet form afterward. The target action was not executed; this is an observation limitation, not a software failure.",accept,,,,,
DI-003,5,not_observable,EV-05-SCEN-DI-003-83-01,No observation was recorded for the scenarios of this requirement.,"The existing GET / only opens a generic page or health endpoint; no scenario-specific setup or target interaction was defined. Missing observation: The system creates a PDF document that opens as read-only content and preserves the report layout for viewing or printing without editable fields. The target action was not executed; this is an observation limitation, not a software failure.",accept,,,,,
DI-004,5,not_observable,EV-05-SCEN-DI-004-84-01,No observation was recorded for the scenarios of this requirement.,"The existing GET / only opens a generic page or health endpoint; no scenario-specific setup or target interaction was defined. Missing observation: The system flags the invalid rows with field-specific validation messages for the missing or malformed name, date, phone number, email, or immunization date values and does not accept those invalid entries as valid records. The target action was not executed; this is an observation limitation, not a software failure.",accept,,,,,
DI-005,5,not_observable,EV-05-SCEN-DI-005-85-01,No observation was recorded for the scenarios of this requirement.,"The existing GET / only opens a generic page or health endpoint; no scenario-specific setup or target interaction was defined. Missing observation: The system rejects only the affected row or record, keeps the existing data unchanged for that record, and imports the other valid rows successfully. The target action was not executed; this is an observation limitation, not a software failure.",accept,,,,,
QR-001,5,not_observable,EV-05-SCEN-QR-001-86-01,No observation was recorded for the scenarios of this requirement.,"The existing GET / only opens a generic page or health endpoint; no scenario-specific setup or target interaction was defined. Missing observation: The system responds quickly, maintains consistent results across repeated actions, and helps staff complete tasks accurately without conflicting outputs or delayed updates. The target action was not executed; this is an observation limitation, not a software failure.",accept,,,,,
QR-002,5,not_observable,EV-05-SCEN-QR-002-87-01,"None of the required reductions was observed. The only captured response shows an empty families list, not a workflow involving data entry or coordination.",No comparison or workflow observation shows whether the system reduces duplicate data entry or manual coordination.,accept,,,,,
QR-003,5,not_observable,EV-05-SCEN-QR-003-88-01,No observation was recorded for the scenarios of this requirement.,"The existing GET / only opens a generic page or health endpoint; no scenario-specific setup or target interaction was defined. Missing observation: The screens are easy to read, labels are clear, navigation is straightforward, and the staff member can find common functions without confusion. The target action was not executed; this is an observation limitation, not a software failure.",accept,,,,,
QR-004,5,not_observable,EV-05-SCEN-QR-004-89-01,No observation was recorded for the scenarios of this requirement.,"The existing GET / only opens a generic page or health endpoint; no scenario-specific setup or target interaction was defined. Missing observation: The controls are large enough to select comfortably and are not tiny or cramped, allowing the task to be completed without repeated misclicks. The target action was not executed; this is an observation limitation, not a software failure.",accept,,,,,
QR-005,5,not_observable,EV-05-SCEN-QR-005-90-01; EV-05-SCEN-QR-005-90-02,"A single check-in succeeded, but no complete peak-period or concurrent-use responsiveness obligation was exercised.","Responsiveness, slowdown, and timeouts during arrival, pickup, and meal-time peaks with many users entering information simultaneously remain untested.",accept,,,,,
QR-006,5,not_observable,EV-05-SCEN-QR-006-91-01,"A support issue was submitted and recorded as pending. This shows intake, but neither simple updates nor good support was demonstrated; no complete required obligation was established.",No update or support response to the issue was observed.,accept,,,,,
QR-007,5,observed_partial,EV-05-SCEN-QR-007-92-01,"The running system accepted a new classroom and returned its created record, establishing that a classroom can be added without starting over.",The evidence does not show whether additional sites or future enhancements can be accommodated without starting over.,accept,,,,,
QR-008,5,observed_partial,EV-05-SCEN-QR-008-93-01,"The system successfully added a classroom and returned its new record, demonstrating classroom expansion.",Adding an additional site was not tested.,accept,,,,,
QR-009,5,not_observable,EV-05-SCEN-QR-009-94-01,No observation was recorded for the scenarios of this requirement.,"The existing GET / only opens a generic page or health endpoint; no scenario-specific setup or target interaction was defined. Missing observation: The screens render correctly and remain usable on both device types, key actions are accessible without layout breakage, and common tasks such as check-in and record viewing can be completed comfortably on shared desktops and tablets. The target action was not executed; this is an observation limitation, not a software failure.",accept,,,,,
QR-010,5,not_observable,EV-05-SCEN-QR-010-95-01,No observation was recorded for the scenarios of this requirement.,"The existing GET / only opens a generic page or health endpoint; no scenario-specific setup or target interaction was defined. Missing observation: The system signs the staff member in quickly with the shared-workstation login method, grants access to the appropriate staff workspace, and makes the process suitable for repeated use on a common desk terminal. The target action was not executed; this is an observation limitation, not a software failure.",accept,,,,,
QR-011,5,not_observable,EV-05-SCEN-QR-011-96-01,"A check-in succeeded, but no complete fast-and-reliable attendance obligation was established.","The record provides no measured response time, repeated reliability observations, or check-in while other tasks were queued or delayed.",accept,,,,,
QR-012,5,not_observable,EV-05-SCEN-QR-012-97-01,"No required status display was observed. The classroom request returned an empty list, so it shows neither a capacity status nor a defect in how one is displayed.",At-a-glance status displays for classroom capacity and immunization records remain untested.,accept,,,,,
EX-001,5,not_observable,EV-05-SCEN-EX-001-98-01,No observation was recorded for the scenarios of this requirement.,"The existing GET / only opens a generic page or health endpoint; no scenario-specific setup or target interaction was defined. Missing observation: The system treats those days as scheduling exceptions, displays them distinctly on the calendar, and applies the exception status automatically so staff do not need to work around them manually. The target action was not executed; this is an observation limitation, not a software failure.",accept,,,,,
EX-002,5,not_observable,EV-05-SCEN-EX-002-99-01,No observation was recorded for the scenarios of this requirement.,"The existing GET / only opens a generic page or health endpoint; no scenario-specific setup or target interaction was defined. Missing observation: The system allows the special schedule to be created for the exception period and displays the reduced or alternate plan on the affected dates without treating it as a normal operating day. The target action was not executed; this is an observation limitation, not a software failure.",accept,,,,,
EX-003,5,not_observable,EV-05-SCEN-EX-003-100-05; EV-05-SCEN-EX-003-100-01,"None of the override obligations was exercised. The classroom had capacity 1, and the recorded request added its first child, so no capacity override occurred.","The evidence does not test whether a manager or administrator can override capacity in an exceptional case, whether non-exceptional overrides are blocked, or whether an override is logged.",accept,,,,,
EX-004,5,not_observable,EV-05-SCEN-EX-004-101-05; EV-05-SCEN-EX-004-101-01,"None of the required release-hold behavior was observed. The child record shows empty allergy alerts and pickup authority and is marked noncompliant, but no child release was attempted and no hold for review was shown.","It remains unknown whether the system holds a release for review when allergy information, pickup authority, or other safety information is incomplete or conflicting.",accept,,,,,
EX-005,5,not_observable,EV-05-SCEN-EX-005-102-01; EV-05-SCEN-EX-005-102-05,"A child was created and its immunization status was set to ""exempt"" while it remained noncompliant. Neither the response nor the preparation establishes that this was a temporary exception or whether the center had an exception policy. No required condition branch is established.","Whether temporary exceptions are allowed when a policy exists, or prevented when no policy exists, remains untested.",accept,,,,,
EX-006,5,not_observable,EV-05-SCEN-EX-006-103-01; EV-05-SCEN-EX-006-103-06,"None of the required reversal behaviours was exercised. The recorded action created a payment, not a payment reversal.","No reversal, amount-dependent approval requirement, or extra approval or manager review for an unusual or large reversal was observed.",accept,,,,,
