requirement_id,type,statement,status,evidence_summary,decision,revised_type,revised_statement,revised_status,revised_evidence_json,notes
SC-001,scope_context,The project is for a web-based child care management system for a child care center.,stated,"[initial_requirement:INITIAL_REQUIREMENTS] A child care center needs a web-based management system that reduces administrative work and lets employees share information through a central database. Administrators should be able to register families and manage enrollment, classroom capacity, and waiting lists, while authorized staff need support for routine activities such as tracking child immunizations, processing invoices, and producing information for customers and center operations.",accept,,,,,
SC-002,scope_context,The system shall reduce administrative work and support information sharing through a central database.,stated,"[initial_requirement:INITIAL_REQUIREMENTS] A child care center needs a web-based management system that reduces administrative work and lets employees share information through a central database. Administrators should be able to register families and manage enrollment, classroom capacity, and waiting lists, while authorized staff need support for routine activities such as tracking child immunizations, processing invoices, and producing information for customers and center operations.; [interview_turn:T002] Most of the benefit would be in cutting down on duplicate data entry and making sure everyone is looking at the same information at the same time. For example, if a family updates contact details or a child’s enrollment status, staff shouldn’t have to chase paper forms or re-enter it in different places. We also want routine things like immunization records, invoices, and waiting list updates to be easy to find and current so staff spend less time on admin and more time with the children.
What matters most for us is accuracy, speed, and consistency. We want fewer errors, faster response to parents, and a clearer picture of classroom capacity and billing so the center can run smoothly without staff having to coordinate everything manually.",accept,,,,,
ACT-001,stakeholder_actor,"Administrators shall be able to register families and manage enrollment, classroom capacity, and waiting lists.",stated,"[initial_requirement:INITIAL_REQUIREMENTS] A child care center needs a web-based management system that reduces administrative work and lets employees share information through a central database. Administrators should be able to register families and manage enrollment, classroom capacity, and waiting lists, while authorized staff need support for routine activities such as tracking child immunizations, processing invoices, and producing information for customers and center operations.; [interview_turn:T006] It starts with registering the family and child, then checking whether we have a space available or need to place them on a waiting list. After that, we need to assign them to the right classroom, keep their records current, and track things like immunizations and any changes in attendance or family details. On the back end, the system also needs to support invoicing and the routine updates staff make over time so everything stays current without a lot of manual follow-up.; [interview_turn:T016] Administrators would need the broadest access because they handle enrollment, capacity, billing, and most record management. Teaching and support staff should be able to see the child information they need for daily care, like classroom assignments, contacts, and immunization status, but not sensitive billing or full administrative settings. For anything like invoices or family account changes, I’d want that restricted to authorized staff only.; [interview_turn:T018] An authorized user would usually be someone in management or the office staff who handle family accounts, enrollment changes, and invoices. They should be able to update child records, review waiting lists, manage classroom placements, and generate operational reports. I’d keep that role away from system administration settings unless they specifically need that responsibility.",accept,,,,,
ACT-002,stakeholder_actor,"Authorized staff shall be able to support routine activities including tracking child immunizations, processing invoices, and producing information for customers and center operations.",stated,"[initial_requirement:INITIAL_REQUIREMENTS] A child care center needs a web-based management system that reduces administrative work and lets employees share information through a central database. Administrators should be able to register families and manage enrollment, classroom capacity, and waiting lists, while authorized staff need support for routine activities such as tracking child immunizations, processing invoices, and producing information for customers and center operations.; [interview_turn:T016] Administrators would need the broadest access because they handle enrollment, capacity, billing, and most record management. Teaching and support staff should be able to see the child information they need for daily care, like classroom assignments, contacts, and immunization status, but not sensitive billing or full administrative settings. For anything like invoices or family account changes, I’d want that restricted to authorized staff only.; [interview_turn:T018] An authorized user would usually be someone in management or the office staff who handle family accounts, enrollment changes, and invoices. They should be able to update child records, review waiting lists, manage classroom placements, and generate operational reports. I’d keep that role away from system administration settings unless they specifically need that responsibility.; [interview_turn:T022] The most common tasks are checking children in and out, reviewing attendance, looking up family contact information, updating child records, and handling invoices or payments when needed. Ideally staff would start from a simple dashboard or search screen, pick the child or family, and then do the task from there without jumping through many menus. For routine items like attendance or immunization checks, it should be quick enough to do during the normal day without slowing the classroom down.",accept,,,,,
FR-001,functional_requirement,The system shall support registering a family and child.,stated,"[interview_turn:T006] It starts with registering the family and child, then checking whether we have a space available or need to place them on a waiting list. After that, we need to assign them to the right classroom, keep their records current, and track things like immunizations and any changes in attendance or family details. On the back end, the system also needs to support invoicing and the routine updates staff make over time so everything stays current without a lot of manual follow-up.; [interview_turn:T056] At go-live, the most important things to bring over are active family accounts, enrolled children, classroom assignments, immunization status, outstanding invoices or balances, and any current waiting list entries. If we can, it would also help to migrate basic contact history and authorized pickup lists so staff don’t have to rebuild that by hand. Older historical records and closed enrollments would be nice to have later, but they’re not as critical for day one.",accept,,,,,
FR-002,functional_requirement,The system shall support checking whether a space is available for a child or placing the child on a waiting list.,stated,"[interview_turn:T006] It starts with registering the family and child, then checking whether we have a space available or need to place them on a waiting list. After that, we need to assign them to the right classroom, keep their records current, and track things like immunizations and any changes in attendance or family details. On the back end, the system also needs to support invoicing and the routine updates staff make over time so everything stays current without a lot of manual follow-up.; [interview_turn:T046] Each classroom should have a defined maximum capacity stored in the system, and enrolled children should automatically count against it. Staff should be able to see the current enrolled count versus the limit, along with a clear full or available status, so they can manage placements quickly. If a classroom reaches capacity, the system should flag it and prevent additional enrollments unless staff overrides it or moves a child off the waiting list.; [interview_turn:T066] The system should block the assignment by default if the classroom is already at capacity, because we need to protect the room limits. It would be useful if it could suggest another open room or put the child on a waiting list, and then allow a manager or administrator to override only in exceptional cases. That override should probably be logged so we can see why it happened later.",accept,,,,,
FR-003,functional_requirement,The system shall support assigning a child to the appropriate classroom.,stated,"[interview_turn:T006] It starts with registering the family and child, then checking whether we have a space available or need to place them on a waiting list. After that, we need to assign them to the right classroom, keep their records current, and track things like immunizations and any changes in attendance or family details. On the back end, the system also needs to support invoicing and the routine updates staff make over time so everything stays current without a lot of manual follow-up.; [interview_turn:T018] An authorized user would usually be someone in management or the office staff who handle family accounts, enrollment changes, and invoices. They should be able to update child records, review waiting lists, manage classroom placements, and generate operational reports. I’d keep that role away from system administration settings unless they specifically need that responsibility.; [interview_turn:T046] Each classroom should have a defined maximum capacity stored in the system, and enrolled children should automatically count against it. Staff should be able to see the current enrolled count versus the limit, along with a clear full or available status, so they can manage placements quickly. If a classroom reaches capacity, the system should flag it and prevent additional enrollments unless staff overrides it or moves a child off the waiting list.",accept,,,,,
FR-004,functional_requirement,"The system shall support keeping child records current, including immunizations and changes in attendance or family details.",stated,"[interview_turn:T006] It starts with registering the family and child, then checking whether we have a space available or need to place them on a waiting list. After that, we need to assign them to the right classroom, keep their records current, and track things like immunizations and any changes in attendance or family details. On the back end, the system also needs to support invoicing and the routine updates staff make over time so everything stays current without a lot of manual follow-up.; [interview_turn:T022] The most common tasks are checking children in and out, reviewing attendance, looking up family contact information, updating child records, and handling invoices or payments when needed. Ideally staff would start from a simple dashboard or search screen, pick the child or family, and then do the task from there without jumping through many menus. For routine items like attendance or immunization checks, it should be quick enough to do during the normal day without slowing the classroom down.; [interview_turn:T026] For families, we’d want basic household and billing details, plus the primary contacts tied to the account. For children, we’d need identifying information, enrollment status, classroom assignment, immunization records, emergency contacts, and any special notes staff need for care. For guardians, I’d expect contact information, relationship to the child, pickup permissions, and any access rights or restrictions we’ve assigned.; [interview_turn:T028] The system should flag it clearly for staff and send a notice to the family so it doesn’t get missed. If there’s an accepted exemption, it should be marked differently from an overdue record so staff can see that it’s been reviewed and approved. If the record is missing entirely, that should be treated as a separate issue and probably trigger a stronger follow-up until the documentation is provided.; [interview_turn:T030] We’d probably want simple labels like current, due soon, overdue, exempt, and missing. Current needs no action, due soon should prompt a reminder, overdue should escalate to staff follow-up and a family notice, exempt should show that it’s approved and on file, and missing should clearly mean the document hasn’t been received yet. The important part is that staff can see the difference at a glance and know what to do next without opening a lot of detail.",accept,,,,,
FR-005,functional_requirement,The system shall support invoicing.,stated,"[interview_turn:T006] It starts with registering the family and child, then checking whether we have a space available or need to place them on a waiting list. After that, we need to assign them to the right classroom, keep their records current, and track things like immunizations and any changes in attendance or family details. On the back end, the system also needs to support invoicing and the routine updates staff make over time so everything stays current without a lot of manual follow-up.; [interview_turn:T018] An authorized user would usually be someone in management or the office staff who handle family accounts, enrollment changes, and invoices. They should be able to update child records, review waiting lists, manage classroom placements, and generate operational reports. I’d keep that role away from system administration settings unless they specifically need that responsibility.; [interview_turn:T022] The most common tasks are checking children in and out, reviewing attendance, looking up family contact information, updating child records, and handling invoices or payments when needed. Ideally staff would start from a simple dashboard or search screen, pick the child or family, and then do the task from there without jumping through many menus. For routine items like attendance or immunization checks, it should be quick enough to do during the normal day without slowing the classroom down.",accept,,,,,
FR-006,functional_requirement,The system shall support checking children in and out.,stated,"[interview_turn:T022] The most common tasks are checking children in and out, reviewing attendance, looking up family contact information, updating child records, and handling invoices or payments when needed. Ideally staff would start from a simple dashboard or search screen, pick the child or family, and then do the task from there without jumping through many menus. For routine items like attendance or immunization checks, it should be quick enough to do during the normal day without slowing the classroom down.; [interview_turn:T070] The check-in and check-out functions need to work immediately, since those are part of the daily flow and affect who is present. Anything like end-of-day reporting, invoice review, or non-urgent record updates could wait a little without disrupting operations. We’d want the critical attendance actions to stay fast and reliable even if other tasks are queued or delayed.",accept,,,,,
FR-007,functional_requirement,The system shall support reviewing attendance.,stated,"[interview_turn:T022] The most common tasks are checking children in and out, reviewing attendance, looking up family contact information, updating child records, and handling invoices or payments when needed. Ideally staff would start from a simple dashboard or search screen, pick the child or family, and then do the task from there without jumping through many menus. For routine items like attendance or immunization checks, it should be quick enough to do during the normal day without slowing the classroom down.",accept,,,,,
FR-008,functional_requirement,The system shall support looking up family contact information.,stated,"[interview_turn:T002] Most of the benefit would be in cutting down on duplicate data entry and making sure everyone is looking at the same information at the same time. For example, if a family updates contact details or a child’s enrollment status, staff shouldn’t have to chase paper forms or re-enter it in different places. We also want routine things like immunization records, invoices, and waiting list updates to be easy to find and current so staff spend less time on admin and more time with the children.
What matters most for us is accuracy, speed, and consistency. We want fewer errors, faster response to parents, and a clearer picture of classroom capacity and billing so the center can run smoothly without staff having to coordinate everything manually.; [interview_turn:T022] The most common tasks are checking children in and out, reviewing attendance, looking up family contact information, updating child records, and handling invoices or payments when needed. Ideally staff would start from a simple dashboard or search screen, pick the child or family, and then do the task from there without jumping through many menus. For routine items like attendance or immunization checks, it should be quick enough to do during the normal day without slowing the classroom down.; [interview_turn:T026] For families, we’d want basic household and billing details, plus the primary contacts tied to the account. For children, we’d need identifying information, enrollment status, classroom assignment, immunization records, emergency contacts, and any special notes staff need for care. For guardians, I’d expect contact information, relationship to the child, pickup permissions, and any access rights or restrictions we’ve assigned.",accept,,,,,
FR-009,functional_requirement,"The system shall support viewing child information needed for daily care, including classroom assignments, contacts, immunization status, allergy alerts, and pickup-authority information according to the user's access level.",stated,"[interview_turn:T016] Administrators would need the broadest access because they handle enrollment, capacity, billing, and most record management. Teaching and support staff should be able to see the child information they need for daily care, like classroom assignments, contacts, and immunization status, but not sensitive billing or full administrative settings. For anything like invoices or family account changes, I’d want that restricted to authorized staff only.; [interview_turn:T022] The most common tasks are checking children in and out, reviewing attendance, looking up family contact information, updating child records, and handling invoices or payments when needed. Ideally staff would start from a simple dashboard or search screen, pick the child or family, and then do the task from there without jumping through many menus. For routine items like attendance or immunization checks, it should be quick enough to do during the normal day without slowing the classroom down.; [interview_turn:T072] A few things should also be immediate, like looking up a child or family record, seeing allergy or pickup-authority information, and handling an urgent message to the classroom. Those support safety and daily operations, so they shouldn’t be held up for long. Routine edits, reporting, and billing tasks can still queue briefly behind the attendance work.; [interview_turn:T074] Yes, if there’s an allergy alert or a restricted pickup list, that needs to be very visible before the child is released. Staff should be forced to confirm the authorized adult and check any safety notes if there’s a concern, and if the information looks incomplete or conflicting, the system should not just let the release go through without a review. For anything safety-related, I’d rather have an extra step than miss something important.",accept,,,,,
FR-010,functional_requirement,The system shall support generating operational reports for authorized users.,stated,"[interview_turn:T018] An authorized user would usually be someone in management or the office staff who handle family accounts, enrollment changes, and invoices. They should be able to update child records, review waiting lists, manage classroom placements, and generate operational reports. I’d keep that role away from system administration settings unless they specifically need that responsibility.; [interview_turn:T034] Yes, some exports should definitely exclude sensitive items like full payment details, notes about a child’s special needs, custody restrictions, and anything staff don’t need for the purpose of that report. In some cases, authorized administrators or billing staff may need more detail, but that should be limited by role and by the specific report type. If a report is meant for families or general operations, it should be stripped down to only the relevant non-sensitive information.; [interview_turn:T048] We’d probably want office staff or enrollment staff to handle child record updates, waiting list review, and routine classroom placement work, while supervisors would have approval rights for exceptions and final overrides. Report generation could be available to authorized office staff and managers, but not everyone should be able to see everything. System administrators should be the only ones who can change security settings, user permissions, and other system-wide configuration, and supervisors should likely be the ones approving sensitive changes like enrollment exceptions or capacity overrides.",accept,,,,,
FR-011,functional_requirement,"The system shall support storing and displaying current, due soon, overdue, exempt, and missing statuses for immunization records.",stated,"[interview_turn:T028] The system should flag it clearly for staff and send a notice to the family so it doesn’t get missed. If there’s an accepted exemption, it should be marked differently from an overdue record so staff can see that it’s been reviewed and approved. If the record is missing entirely, that should be treated as a separate issue and probably trigger a stronger follow-up until the documentation is provided.; [interview_turn:T030] We’d probably want simple labels like current, due soon, overdue, exempt, and missing. Current needs no action, due soon should prompt a reminder, overdue should escalate to staff follow-up and a family notice, exempt should show that it’s approved and on file, and missing should clearly mean the document hasn’t been received yet. The important part is that staff can see the difference at a glance and know what to do next without opening a lot of detail.",accept,,,,,
FR-012,functional_requirement,"The system shall flag immunization records that are nearing expiration, overdue, incomplete, expired, or missing, and notify staff and the family as appropriate.",stated,"[interview_turn:T028] The system should flag it clearly for staff and send a notice to the family so it doesn’t get missed. If there’s an accepted exemption, it should be marked differently from an overdue record so staff can see that it’s been reviewed and approved. If the record is missing entirely, that should be treated as a separate issue and probably trigger a stronger follow-up until the documentation is provided.; [interview_turn:T030] We’d probably want simple labels like current, due soon, overdue, exempt, and missing. Current needs no action, due soon should prompt a reminder, overdue should escalate to staff follow-up and a family notice, exempt should show that it’s approved and on file, and missing should clearly mean the document hasn’t been received yet. The important part is that staff can see the difference at a glance and know what to do next without opening a lot of detail.; [interview_turn:T052] If an immunization record is incomplete, expired, or doesn’t meet the center’s requirements, the system should flag it for staff review right away. The family should also be able to upload a replacement record, but the child should not be marked compliant until staff confirms the new document meets the requirements. If the record is still unresolved after review, I’d expect the system to keep the child out of compliance and make that visible to staff.; [interview_turn:T064] If a child’s immunization record is incomplete, overdue, or missing at go-live, I’d expect the system to keep the child enrolled but clearly marked as not compliant. Staff should be able to see which items are missing and follow up with the family, and the child should remain in that status until the record is verified or updated. If the center has any policy for temporary exceptions, the system should support that, but otherwise the noncompliant flag needs to stay visible until it’s resolved.",accept,,,,,
FR-013,functional_requirement,The system shall allow families to upload replacement immunization records.,stated,"[interview_turn:T052] If an immunization record is incomplete, expired, or doesn’t meet the center’s requirements, the system should flag it for staff review right away. The family should also be able to upload a replacement record, but the child should not be marked compliant until staff confirms the new document meets the requirements. If the record is still unresolved after review, I’d expect the system to keep the child out of compliance and make that visible to staff.",accept,,,,,
FR-014,functional_requirement,"The system shall keep a child marked as not compliant until an incomplete, overdue, expired, missing, or otherwise unacceptable immunization record is verified or updated and staff confirms compliance.",stated,"[interview_turn:T052] If an immunization record is incomplete, expired, or doesn’t meet the center’s requirements, the system should flag it for staff review right away. The family should also be able to upload a replacement record, but the child should not be marked compliant until staff confirms the new document meets the requirements. If the record is still unresolved after review, I’d expect the system to keep the child out of compliance and make that visible to staff.; [interview_turn:T064] If a child’s immunization record is incomplete, overdue, or missing at go-live, I’d expect the system to keep the child enrolled but clearly marked as not compliant. Staff should be able to see which items are missing and follow up with the family, and the child should remain in that status until the record is verified or updated. If the center has any policy for temporary exceptions, the system should support that, but otherwise the noncompliant flag needs to stay visible until it’s resolved.",accept,,,,,
FR-015,functional_requirement,"The system shall support family self-service for updating contact information, submitting or updating enrollment forms, viewing invoices and payment history, and uploading documents.",stated,"[interview_turn:T040] Families should be able to do the routine things themselves, like update contact information, submit or update enrollment forms, view invoices and payment history, and maybe request basic schedule or contact changes. They should also be able to upload documents like immunization records or other required forms if we support that. Anything that affects a child’s enrollment status, classroom placement, billing exceptions, custody-related information, or other sensitive changes should still go through staff review before it becomes active.; [interview_turn:T043] When families use the self-service portal, which specific actions should take effect immediately, and which ones should always be held for staff review before they become active?",accept,,,,,
FR-016,functional_requirement,"The system shall allow families to request basic schedule changes, contact changes, enrollment changes, billing-related updates, pickup-authority changes, and custody-related changes online, but those requests shall remain pending staff review before becoming active.",conditional,"[interview_turn:T040] Families should be able to do the routine things themselves, like update contact information, submit or update enrollment forms, view invoices and payment history, and maybe request basic schedule or contact changes. They should also be able to upload documents like immunization records or other required forms if we support that. Anything that affects a child’s enrollment status, classroom placement, billing exceptions, custody-related information, or other sensitive changes should still go through staff review before it becomes active.; [interview_turn:T043] When families use the self-service portal, which specific actions should take effect immediately, and which ones should always be held for staff review before they become active?; [interview_turn:T044] Immediate actions should be the low-risk updates, like changing an address, phone number, email, password, or uploading a required document. Requests to change a child’s schedule, cancel enrollment, move classrooms, update authorized pickup people, or alter billing arrangements should be held pending staff review. Anything involving custody, safety, immunization compliance, or fees should not go live automatically.; [interview_turn:T049] For family self-service, which requests should be allowed to submit online but stay pending staff review—such as enrollment changes, billing-related updates, or custody-sensitive changes—and which, if any, could be applied immediately without review?; [interview_turn:T050] Requests that affect a child’s enrollment status, classroom assignment, billing terms, pickup authorization, or any custody-related information should be allowed to submit online but stay pending staff review. Basic profile edits like contact details or document uploads can be applied immediately if they don’t change care arrangements or safety-related information. If a request could affect attendance, payment, or who is allowed to pick up a child, I’d rather have staff review it first.",accept,,,,,
FR-017,functional_requirement,"The system shall allow basic profile edits such as address, phone number, email, and password changes to take effect immediately when they do not change care arrangements or safety-related information.",conditional,"[interview_turn:T043] When families use the self-service portal, which specific actions should take effect immediately, and which ones should always be held for staff review before they become active?; [interview_turn:T044] Immediate actions should be the low-risk updates, like changing an address, phone number, email, password, or uploading a required document. Requests to change a child’s schedule, cancel enrollment, move classrooms, update authorized pickup people, or alter billing arrangements should be held pending staff review. Anything involving custody, safety, immunization compliance, or fees should not go live automatically.; [interview_turn:T050] Requests that affect a child’s enrollment status, classroom assignment, billing terms, pickup authorization, or any custody-related information should be allowed to submit online but stay pending staff review. Basic profile edits like contact details or document uploads can be applied immediately if they don’t change care arrangements or safety-related information. If a request could affect attendance, payment, or who is allowed to pick up a child, I’d rather have staff review it first.",accept,,,,,
FR-018,functional_requirement,The system shall allow families to submit document uploads immediately when the upload does not change care arrangements or safety-related information.,conditional,"[interview_turn:T043] When families use the self-service portal, which specific actions should take effect immediately, and which ones should always be held for staff review before they become active?; [interview_turn:T044] Immediate actions should be the low-risk updates, like changing an address, phone number, email, password, or uploading a required document. Requests to change a child’s schedule, cancel enrollment, move classrooms, update authorized pickup people, or alter billing arrangements should be held pending staff review. Anything involving custody, safety, immunization compliance, or fees should not go live automatically.; [interview_turn:T050] Requests that affect a child’s enrollment status, classroom assignment, billing terms, pickup authorization, or any custody-related information should be allowed to submit online but stay pending staff review. Basic profile edits like contact details or document uploads can be applied immediately if they don’t change care arrangements or safety-related information. If a request could affect attendance, payment, or who is allowed to pick up a child, I’d rather have staff review it first.",accept,,,,,
FR-019,functional_requirement,The system shall support online payment processing.,conditional,"[interview_turn:T080] Yes, a few things would be nice after the first release, like parent self-service for updating contact details, online payment processing, and automated reminders for immunizations or invoice due dates. It would also be useful to have better reporting dashboards for occupancy, attendance trends, and outstanding balances. Those aren’t must-haves on day one, but we should design the system so it can grow into them later.; [interview_turn:T082] At the start, I’d want credit and debit cards, and possibly bank transfer if it’s easy to support securely. Payments should be allowed by the account holder or an authorized guardian, and we’d need to restrict it so random staff can’t make or change payments without permission. Partial payments should be accepted if needed, but the invoice should clearly stay open for the remaining balance, and failed payments should be logged and shown to staff and the payer right away.",accept,,,,,
FR-020,functional_requirement,"The system shall support credit card payments and debit card payments, and may also support bank transfer if it can be supported securely.",conditional,"[interview_turn:T082] At the start, I’d want credit and debit cards, and possibly bank transfer if it’s easy to support securely. Payments should be allowed by the account holder or an authorized guardian, and we’d need to restrict it so random staff can’t make or change payments without permission. Partial payments should be accepted if needed, but the invoice should clearly stay open for the remaining balance, and failed payments should be logged and shown to staff and the payer right away.",accept,,,,,
FR-021,functional_requirement,The system shall allow the account holder or an authorized guardian to make payments.,stated,"[interview_turn:T082] At the start, I’d want credit and debit cards, and possibly bank transfer if it’s easy to support securely. Payments should be allowed by the account holder or an authorized guardian, and we’d need to restrict it so random staff can’t make or change payments without permission. Partial payments should be accepted if needed, but the invoice should clearly stay open for the remaining balance, and failed payments should be logged and shown to staff and the payer right away.; [interview_turn:T091] Are there any circumstances where someone other than the account holder or an authorized guardian should be allowed to make or change a payment, such as during pickup, by phone, or in an emergency, and if so what approval or verification would be required?; [interview_turn:T092] Yes, in rare cases, like if a grandparent or other trusted family member is helping out, we’d want the center to be able to record that payment. By phone or in person, staff should verify the person against the account notes or get confirmation from the account holder before accepting it. In an emergency, I’d allow it only if a manager approves it or the authorization is documented right away afterward.",accept,,,,,
FR-022,functional_requirement,The system shall support partial payments and keep the invoice open for the remaining balance.,stated,"[interview_turn:T038] Those should be handled as adjustments against the invoice rather than changing the original charge silently. A disputed charge should stay visible with a status so billing staff can review it, partial payments should leave a clear remaining balance, and credits or refunds should be recorded with a reason and linked to the original invoice. We’d want an audit trail for all of that so it’s obvious who made the change and why.; [interview_turn:T082] At the start, I’d want credit and debit cards, and possibly bank transfer if it’s easy to support securely. Payments should be allowed by the account holder or an authorized guardian, and we’d need to restrict it so random staff can’t make or change payments without permission. Partial payments should be accepted if needed, but the invoice should clearly stay open for the remaining balance, and failed payments should be logged and shown to staff and the payer right away.",accept,,,,,
FR-023,functional_requirement,The system shall log failed payments and show them to staff and the payer right away.,stated,"[interview_turn:T082] At the start, I’d want credit and debit cards, and possibly bank transfer if it’s easy to support securely. Payments should be allowed by the account holder or an authorized guardian, and we’d need to restrict it so random staff can’t make or change payments without permission. Partial payments should be accepted if needed, but the invoice should clearly stay open for the remaining balance, and failed payments should be logged and shown to staff and the payer right away.",accept,,,,,
FR-024,functional_requirement,"The system shall support recording payments made by a trusted family member or other non-account-holder in rare cases when staff verify the person against account notes, obtain confirmation from the account holder, or receive manager approval in an emergency.",conditional,"[interview_turn:T091] Are there any circumstances where someone other than the account holder or an authorized guardian should be allowed to make or change a payment, such as during pickup, by phone, or in an emergency, and if so what approval or verification would be required?; [interview_turn:T092] Yes, in rare cases, like if a grandparent or other trusted family member is helping out, we’d want the center to be able to record that payment. By phone or in person, staff should verify the person against the account notes or get confirmation from the account holder before accepting it. In an emergency, I’d allow it only if a manager approves it or the authorization is documented right away afterward.",accept,,,,,
FR-025,functional_requirement,The system shall support classroom capacity tracking by storing a maximum capacity for each classroom and automatically counting enrolled children against that capacity.,stated,"[interview_turn:T046] Each classroom should have a defined maximum capacity stored in the system, and enrolled children should automatically count against it. Staff should be able to see the current enrolled count versus the limit, along with a clear full or available status, so they can manage placements quickly. If a classroom reaches capacity, the system should flag it and prevent additional enrollments unless staff overrides it or moves a child off the waiting list.",accept,,,,,
FR-026,functional_requirement,The system shall display the current enrolled count versus the classroom limit and show whether the classroom is full or available.,stated,"[interview_turn:T046] Each classroom should have a defined maximum capacity stored in the system, and enrolled children should automatically count against it. Staff should be able to see the current enrolled count versus the limit, along with a clear full or available status, so they can manage placements quickly. If a classroom reaches capacity, the system should flag it and prevent additional enrollments unless staff overrides it or moves a child off the waiting list.",accept,,,,,
FR-027,functional_requirement,The system shall flag classrooms that reach capacity and prevent additional enrollments unless a manager or administrator overrides the restriction or moves a child off the waiting list.,conditional,"[interview_turn:T046] Each classroom should have a defined maximum capacity stored in the system, and enrolled children should automatically count against it. Staff should be able to see the current enrolled count versus the limit, along with a clear full or available status, so they can manage placements quickly. If a classroom reaches capacity, the system should flag it and prevent additional enrollments unless staff overrides it or moves a child off the waiting list.; [interview_turn:T065] When a classroom is at capacity, what should happen for a child who is newly eligible or being moved into that room—should the system block the assignment outright, suggest another room, or allow staff to override it under specific conditions?; [interview_turn:T066] The system should block the assignment by default if the classroom is already at capacity, because we need to protect the room limits. It would be useful if it could suggest another open room or put the child on a waiting list, and then allow a manager or administrator to override only in exceptional cases. That override should probably be logged so we can see why it happened later.",accept,,,,,
FR-028,functional_requirement,The system shall support waiting list review and management.,stated,"[interview_turn:T018] An authorized user would usually be someone in management or the office staff who handle family accounts, enrollment changes, and invoices. They should be able to update child records, review waiting lists, manage classroom placements, and generate operational reports. I’d keep that role away from system administration settings unless they specifically need that responsibility.; [interview_turn:T046] Each classroom should have a defined maximum capacity stored in the system, and enrolled children should automatically count against it. Staff should be able to see the current enrolled count versus the limit, along with a clear full or available status, so they can manage placements quickly. If a classroom reaches capacity, the system should flag it and prevent additional enrollments unless staff overrides it or moves a child off the waiting list.; [interview_turn:T056] At go-live, the most important things to bring over are active family accounts, enrolled children, classroom assignments, immunization status, outstanding invoices or balances, and any current waiting list entries. If we can, it would also help to migrate basic contact history and authorized pickup lists so staff don’t have to rebuild that by hand. Older historical records and closed enrollments would be nice to have later, but they’re not as critical for day one.",accept,,,,,
FR-029,functional_requirement,The system shall support assigning and managing children in classrooms and room types based on age or developmental stage.,conditional,"[interview_turn:T008] We serve a mix of young children, mostly infants through preschool age, and some school-age children depending on the program. There are a few room types based on age and developmental stage, but I’m not sure yet whether we’ll need the system to treat them as separate program types or just different classroom categories.; [interview_turn:T006] It starts with registering the family and child, then checking whether we have a space available or need to place them on a waiting list. After that, we need to assign them to the right classroom, keep their records current, and track things like immunizations and any changes in attendance or family details. On the back end, the system also needs to support invoicing and the routine updates staff make over time so everything stays current without a lot of manual follow-up.; [interview_turn:T016] Administrators would need the broadest access because they handle enrollment, capacity, billing, and most record management. Teaching and support staff should be able to see the child information they need for daily care, like classroom assignments, contacts, and immunization status, but not sensitive billing or full administrative settings. For anything like invoices or family account changes, I’d want that restricted to authorized staff only.; [interview_turn:T018] An authorized user would usually be someone in management or the office staff who handle family accounts, enrollment changes, and invoices. They should be able to update child records, review waiting lists, manage classroom placements, and generate operational reports. I’d keep that role away from system administration settings unless they specifically need that responsibility.",accept,,,,,
FR-030,functional_requirement,The system shall support route selection from a simple dashboard or search screen so staff can pick a child or family and complete a task without navigating many menus.,stated,"[interview_turn:T022] The most common tasks are checking children in and out, reviewing attendance, looking up family contact information, updating child records, and handling invoices or payments when needed. Ideally staff would start from a simple dashboard or search screen, pick the child or family, and then do the task from there without jumping through many menus. For routine items like attendance or immunization checks, it should be quick enough to do during the normal day without slowing the classroom down.",accept,,,,,
FR-031,functional_requirement,The system shall support quick access to routine items such as attendance and immunization checks during the normal day.,stated,"[interview_turn:T022] The most common tasks are checking children in and out, reviewing attendance, looking up family contact information, updating child records, and handling invoices or payments when needed. Ideally staff would start from a simple dashboard or search screen, pick the child or family, and then do the task from there without jumping through many menus. For routine items like attendance or immunization checks, it should be quick enough to do during the normal day without slowing the classroom down.",accept,,,,,
FR-032,functional_requirement,The system shall support phased rollout with training and a parallel running period before full cutover.,stated,"[interview_turn:T012] We’d want to introduce it in a phased way so staff can get comfortable without disrupting daily care. Ideally there would be training, a short parallel period where we verify the new records against what we already have, and then we’d move fully onto the system once everything is stable. After that, keeping it running smoothly would mean simple updates, good support when issues come up, and not making staff do extra work just to keep the system accurate.; [interview_turn:T058] I’d start with administrators and office staff first, since they’ll be using the system for enrollment, billing, and records from day one. Then we’d train classroom staff and anyone who needs to view child or family information, with a short parallel running period so we can compare outputs and catch issues before fully cutting over. I’d want us to switch over only after the core data is loaded, staff can complete the main workflows reliably, and the center is confident that reports, billing, and attendance information are matching what they expect.",accept,,,,,
FR-033,functional_requirement,"The system shall support temporary access for designated backups when an authorized staff member is out, and that access shall be limited to the duties being covered and shall end automatically or be easy to remove when the person returns.",stated,"[interview_turn:T020] If someone is out, I’d expect a designated backup, usually another manager or office staff member, to temporarily handle their tasks. That substitute should only get the access needed for the specific duties they’re covering, and not a full permanent handoff of everything. We’d also want that temporary access to end automatically or be easy to remove once the person returns.; [interview_turn:T085] For payments in the center, are there any specific rules or exceptions you want around which staff can see or act on payment details—for example, situations where a non-billing staff member might need temporary access, or where a payment reversal would need extra approval or review beyond the normal process?; [interview_turn:T086] Yes, there should be temporary access for exceptional cases, but it should be time-limited and tied to a reason so we can see why it was granted. A non-billing staff member might need it if billing staff are absent and there’s an urgent parent issue, but that should still be limited to view-only unless they’re explicitly authorized. For reversals, anything unusual, like a large amount or a payment that’s already been settled for a while, should need extra approval or a manager review.",accept,,,,,
FR-034,functional_requirement,The system shall support quick login and easy switching between users for shared workstations.,stated,"[interview_turn:T024] Yes, we’d want it to work well on the devices staff actually use, including shared desktop computers and probably tablets for classroom use. It should be easy to read, simple to navigate, and not rely on tiny controls, because some staff may be moving quickly or using it in a busy room. Shared workstations are a real possibility, so quick login and easy switching between users would be important.",accept,,,,,
FR-035,functional_requirement,The system shall support use on shared desktop computers and tablets.,stated,"[interview_turn:T024] Yes, we’d want it to work well on the devices staff actually use, including shared desktop computers and probably tablets for classroom use. It should be easy to read, simple to navigate, and not rely on tiny controls, because some staff may be moving quickly or using it in a busy room. Shared workstations are a real possibility, so quick login and easy switching between users would be important.",accept,,,,,
FR-036,functional_requirement,"The system shall support migration of active family accounts, enrolled children, classroom assignments, immunization status, outstanding invoices or balances, current waiting list entries, contact history, and authorized pickup lists at go-live.",stated,"[interview_turn:T056] At go-live, the most important things to bring over are active family accounts, enrolled children, classroom assignments, immunization status, outstanding invoices or balances, and any current waiting list entries. If we can, it would also help to migrate basic contact history and authorized pickup lists so staff don’t have to rebuild that by hand. Older historical records and closed enrollments would be nice to have later, but they’re not as critical for day one.",accept,,,,,
FR-037,functional_requirement,The system shall support site-based access so staff can only see and manage records for their own site unless they have a higher-level cross-site role.,stated,"[interview_turn:T054] In general, staff should only see and manage records for their own site unless they have a higher-level role that spans multiple locations. Families should be able to have children at more than one site if the center offers that, and the system should still keep them under one family account so billing and contact information stay unified. Shared items like siblings and reports should roll up across locations for authorized users, but site-level staff should only see the children and operational data for their own location.; [interview_turn:T061] For families with children at more than one site, what should happen when a staff member is only authorized for one location but needs to access or update the unified family account or shared sibling information?; [interview_turn:T062] They should be able to see only the pieces that belong to their site and not the full family record across all locations. If they need to update something that affects the unified account or sibling information, the system should either restrict that to someone with cross-site access or let them submit the change for review by the appropriate staff. I wouldn’t want one-site staff making changes that impact another location without oversight.",accept,,,,,
FR-038,functional_requirement,The system shall support family accounts with children at more than one site while keeping contact information and billing unified under one family account.,stated,"[interview_turn:T054] In general, staff should only see and manage records for their own site unless they have a higher-level role that spans multiple locations. Families should be able to have children at more than one site if the center offers that, and the system should still keep them under one family account so billing and contact information stay unified. Shared items like siblings and reports should roll up across locations for authorized users, but site-level staff should only see the children and operational data for their own location.",accept,,,,,
FR-039,functional_requirement,The system shall support siblings and reports rolling up across locations for authorized users.,stated,"[interview_turn:T054] In general, staff should only see and manage records for their own site unless they have a higher-level role that spans multiple locations. Families should be able to have children at more than one site if the center offers that, and the system should still keep them under one family account so billing and contact information stay unified. Shared items like siblings and reports should roll up across locations for authorized users, but site-level staff should only see the children and operational data for their own location.",accept,,,,,
FR-040,functional_requirement,The system shall support exports and imports in CSV format and may also support Excel and PDF where appropriate.,stated,"[interview_turn:T032] CSV is the main one we’d need for imports and exports, and Excel would be helpful too if possible. I’d also want PDF exports for reports or records families might need, but for system-to-system transfers CSV is probably the most important. We’d need to be careful about sensitive fields like payment details or restricted child information, and not everything should be included in every export.; [interview_turn:T075] For exports and imports, which file types should be allowed for sensitive family or child data, and are there any fields or record types that should be excluded or handled differently in those files?",accept,,,,,
FR-041,functional_requirement,"The system shall validate import files field by field and reject only the affected row or record when values are missing, mismatched, or out of range, leaving existing data unchanged.",stated,"[interview_turn:T076] For sensitive family or child data, I’d keep exports and imports to standard formats like CSV and maybe Excel for staff convenience, and possibly PDF for read-only reports. Anything especially sensitive, like custody notes, medical details beyond basic immunization status, or incident records, should either be excluded or only included for authorized users. If a file is used for import, we’d want strict field validation so bad data doesn’t overwrite important records.; [interview_turn:T078] Each field should be checked for basic correctness, like required name fields not being blank, dates being valid, and things like phone numbers, emails, and immunization dates being in the right format. If a value is missing or doesn’t match an existing child or family record, the system should reject just that row or line and show a clear error instead of overwriting anything. For out-of-range or suspicious values, like an impossible date of birth, it should stop the import for that record and leave the current data unchanged until staff reviews it.",accept,,,,,
FR-042,functional_requirement,The system shall support exports and imports for sensitive family or child data only with strict permission controls and field restrictions.,stated,"[interview_turn:T034] Yes, some exports should definitely exclude sensitive items like full payment details, notes about a child’s special needs, custody restrictions, and anything staff don’t need for the purpose of that report. In some cases, authorized administrators or billing staff may need more detail, but that should be limited by role and by the specific report type. If a report is meant for families or general operations, it should be stripped down to only the relevant non-sensitive information.; [interview_turn:T060] Sensitive fields like full custody details, emergency contacts, full payment information, and any health or immunization notes should be excluded or masked in exports by default. Only very limited users, such as senior administrators or authorized supervisors, should ever be able to see the unmasked version, and even then it should depend on the report and purpose. For routine operational exports, I’d expect those fields to stay hidden unless there’s a clear business need and the user has the right permission.; [interview_turn:T076] For sensitive family or child data, I’d keep exports and imports to standard formats like CSV and maybe Excel for staff convenience, and possibly PDF for read-only reports. Anything especially sensitive, like custody notes, medical details beyond basic immunization status, or incident records, should either be excluded or only included for authorized users. If a file is used for import, we’d want strict field validation so bad data doesn’t overwrite important records.",accept,,,,,
FR-043,functional_requirement,The system shall support billing adjustments as invoice adjustments rather than silently changing the original charge.,stated,"[interview_turn:T038] Those should be handled as adjustments against the invoice rather than changing the original charge silently. A disputed charge should stay visible with a status so billing staff can review it, partial payments should leave a clear remaining balance, and credits or refunds should be recorded with a reason and linked to the original invoice. We’d want an audit trail for all of that so it’s obvious who made the change and why.",accept,,,,,
FR-044,functional_requirement,The system shall keep disputed charges visible with a status for billing staff review.,stated,"[interview_turn:T038] Those should be handled as adjustments against the invoice rather than changing the original charge silently. A disputed charge should stay visible with a status so billing staff can review it, partial payments should leave a clear remaining balance, and credits or refunds should be recorded with a reason and linked to the original invoice. We’d want an audit trail for all of that so it’s obvious who made the change and why.",accept,,,,,
FR-045,functional_requirement,The system shall record credits and refunds with a reason and link them to the original invoice.,stated,"[interview_turn:T038] Those should be handled as adjustments against the invoice rather than changing the original charge silently. A disputed charge should stay visible with a status so billing staff can review it, partial payments should leave a clear remaining balance, and credits or refunds should be recorded with a reason and linked to the original invoice. We’d want an audit trail for all of that so it’s obvious who made the change and why.",accept,,,,,
FR-046,functional_requirement,"The system shall maintain an audit trail for invoice adjustments, credits, refunds, and reversals so it is clear who made the change and why.",stated,"[interview_turn:T038] Those should be handled as adjustments against the invoice rather than changing the original charge silently. A disputed charge should stay visible with a status so billing staff can review it, partial payments should leave a clear remaining balance, and credits or refunds should be recorded with a reason and linked to the original invoice. We’d want an audit trail for all of that so it’s obvious who made the change and why.; [interview_turn:T084] Only certain staff roles should be able to view the full payment details, and even fewer should be able to take or reverse a payment. For example, regular classroom staff probably shouldn’t see card or bank details at all, while billing or admin staff can handle those actions with an audit trail. If someone other than the original payer needs a reversal, it should require a reason and probably approval or at least a second review, depending on the amount.",accept,,,,,
FR-047,functional_requirement,"The system shall support sibling discounts on eligible tuition charges when two or more enrolled children belong to the same family account, according to the policy configured by staff.",conditional,"[interview_turn:T036] Yes, we’d need prorating when a child starts or leaves partway through a billing period, and also when enrollment changes mid-cycle. Sibling discounts are something we’d likely want to support, along with late fees if payment is overdue after whatever grace period we set. Absences may or may not affect tuition depending on the policy, so that would need to be configurable rather than hardcoded.; [interview_turn:T042] My assumption would be that the discount applies when two or more enrolled children belong to the same family account, but it should only apply to eligible tuition charges, not to every fee. Usually the discount would go to one child or to the lowest tuition amount, depending on the policy we set, and it shouldn’t stack with other discounts unless we explicitly allow that. If there are special cases like half-day care, scholarships, or already reduced rates, those might need exceptions, but I’d want the rules defined clearly in the system so billing staff don’t have to calculate it manually.",accept,,,,,
FR-048,functional_requirement,The system shall support late fees when payment is overdue after a configured grace period.,conditional,"[interview_turn:T036] Yes, we’d need prorating when a child starts or leaves partway through a billing period, and also when enrollment changes mid-cycle. Sibling discounts are something we’d likely want to support, along with late fees if payment is overdue after whatever grace period we set. Absences may or may not affect tuition depending on the policy, so that would need to be configurable rather than hardcoded.",accept,,,,,
FR-049,functional_requirement,The system shall support prorating when a child starts or leaves partway through a billing period or when enrollment changes mid-cycle.,stated,"[interview_turn:T036] Yes, we’d need prorating when a child starts or leaves partway through a billing period, and also when enrollment changes mid-cycle. Sibling discounts are something we’d likely want to support, along with late fees if payment is overdue after whatever grace period we set. Absences may or may not affect tuition depending on the policy, so that would need to be configurable rather than hardcoded.",accept,,,,,
FR-050,functional_requirement,The system shall allow absences to affect tuition only according to configurable policy rather than hardcoded rules.,conditional,"[interview_turn:T036] Yes, we’d need prorating when a child starts or leaves partway through a billing period, and also when enrollment changes mid-cycle. Sibling discounts are something we’d likely want to support, along with late fees if payment is overdue after whatever grace period we set. Absences may or may not affect tuition depending on the policy, so that would need to be configurable rather than hardcoded.",accept,,,,,
FR-051,functional_requirement,"The system shall allow authorized users to review, approve, or override sensitive changes and exceptions including enrollment exceptions, capacity overrides, payment reversals, and temporary access grants.",stated,"[interview_turn:T020] If someone is out, I’d expect a designated backup, usually another manager or office staff member, to temporarily handle their tasks. That substitute should only get the access needed for the specific duties they’re covering, and not a full permanent handoff of everything. We’d also want that temporary access to end automatically or be easy to remove once the person returns.; [interview_turn:T048] We’d probably want office staff or enrollment staff to handle child record updates, waiting list review, and routine classroom placement work, while supervisors would have approval rights for exceptions and final overrides. Report generation could be available to authorized office staff and managers, but not everyone should be able to see everything. System administrators should be the only ones who can change security settings, user permissions, and other system-wide configuration, and supervisors should likely be the ones approving sensitive changes like enrollment exceptions or capacity overrides.; [interview_turn:T066] The system should block the assignment by default if the classroom is already at capacity, because we need to protect the room limits. It would be useful if it could suggest another open room or put the child on a waiting list, and then allow a manager or administrator to override only in exceptional cases. That override should probably be logged so we can see why it happened later.; [interview_turn:T086] Yes, there should be temporary access for exceptional cases, but it should be time-limited and tied to a reason so we can see why it was granted. A non-billing staff member might need it if billing staff are absent and there’s an urgent parent issue, but that should still be limited to view-only unless they’re explicitly authorized. For reversals, anything unusual, like a large amount or a payment that’s already been settled for a while, should need extra approval or a manager review.",accept,,,,,
FR-052,functional_requirement,"The system shall support keeping a child enrolled but clearly marked as not compliant when immunization records are incomplete, overdue, or missing at go-live.",stated,"[interview_turn:T064] If a child’s immunization record is incomplete, overdue, or missing at go-live, I’d expect the system to keep the child enrolled but clearly marked as not compliant. Staff should be able to see which items are missing and follow up with the family, and the child should remain in that status until the record is verified or updated. If the center has any policy for temporary exceptions, the system should support that, but otherwise the noncompliant flag needs to stay visible until it’s resolved.",accept,,,,,
FR-053,functional_requirement,The system shall support a clear workflow for staff to follow up on missing or noncompliant immunization records until the record is verified or updated.,stated,"[interview_turn:T052] If an immunization record is incomplete, expired, or doesn’t meet the center’s requirements, the system should flag it for staff review right away. The family should also be able to upload a replacement record, but the child should not be marked compliant until staff confirms the new document meets the requirements. If the record is still unresolved after review, I’d expect the system to keep the child out of compliance and make that visible to staff.; [interview_turn:T064] If a child’s immunization record is incomplete, overdue, or missing at go-live, I’d expect the system to keep the child enrolled but clearly marked as not compliant. Staff should be able to see which items are missing and follow up with the family, and the child should remain in that status until the record is verified or updated. If the center has any policy for temporary exceptions, the system should support that, but otherwise the noncompliant flag needs to stay visible until it’s resolved.",accept,,,,,
FR-054,functional_requirement,The system shall support a central dashboard or search screen for staff to access common daily tasks.,stated,"[interview_turn:T022] The most common tasks are checking children in and out, reviewing attendance, looking up family contact information, updating child records, and handling invoices or payments when needed. Ideally staff would start from a simple dashboard or search screen, pick the child or family, and then do the task from there without jumping through many menus. For routine items like attendance or immunization checks, it should be quick enough to do during the normal day without slowing the classroom down.",accept,,,,,
FR-055,functional_requirement,"The system shall support training administrators and office staff first, followed by classroom staff and other users who need to view child or family information.",stated,"[interview_turn:T058] I’d start with administrators and office staff first, since they’ll be using the system for enrollment, billing, and records from day one. Then we’d train classroom staff and anyone who needs to view child or family information, with a short parallel running period so we can compare outputs and catch issues before fully cutting over. I’d want us to switch over only after the core data is loaded, staff can complete the main workflows reliably, and the center is confident that reports, billing, and attendance information are matching what they expect.",accept,,,,,
FR-056,functional_requirement,The system shall support go-live only after core data is loaded and staff can complete the main workflows reliably.,stated,"[interview_turn:T058] I’d start with administrators and office staff first, since they’ll be using the system for enrollment, billing, and records from day one. Then we’d train classroom staff and anyone who needs to view child or family information, with a short parallel running period so we can compare outputs and catch issues before fully cutting over. I’d want us to switch over only after the core data is loaded, staff can complete the main workflows reliably, and the center is confident that reports, billing, and attendance information are matching what they expect.",accept,,,,,
FR-057,functional_requirement,"The system shall support keeping reports, billing, and attendance information consistent with expected center outputs before full cutover.",stated,"[interview_turn:T058] I’d start with administrators and office staff first, since they’ll be using the system for enrollment, billing, and records from day one. Then we’d train classroom staff and anyone who needs to view child or family information, with a short parallel running period so we can compare outputs and catch issues before fully cutting over. I’d want us to switch over only after the core data is loaded, staff can complete the main workflows reliably, and the center is confident that reports, billing, and attendance information are matching what they expect.",accept,,,,,
FR-058,functional_requirement,"The system shall support moving children in and out of classrooms only when classroom capacity allows, unless an authorized override is used.",conditional,"[interview_turn:T046] Each classroom should have a defined maximum capacity stored in the system, and enrolled children should automatically count against it. Staff should be able to see the current enrolled count versus the limit, along with a clear full or available status, so they can manage placements quickly. If a classroom reaches capacity, the system should flag it and prevent additional enrollments unless staff overrides it or moves a child off the waiting list.; [interview_turn:T066] The system should block the assignment by default if the classroom is already at capacity, because we need to protect the room limits. It would be useful if it could suggest another open room or put the child on a waiting list, and then allow a manager or administrator to override only in exceptional cases. That override should probably be logged so we can see why it happened later.",accept,,,,,
FR-059,functional_requirement,"The system shall support staff review before any change that affects custody, safety, immunization compliance, fees, billing arrangements, or who is allowed to pick up a child.",stated,"[interview_turn:T040] Families should be able to do the routine things themselves, like update contact information, submit or update enrollment forms, view invoices and payment history, and maybe request basic schedule or contact changes. They should also be able to upload documents like immunization records or other required forms if we support that. Anything that affects a child’s enrollment status, classroom placement, billing exceptions, custody-related information, or other sensitive changes should still go through staff review before it becomes active.; [interview_turn:T044] Immediate actions should be the low-risk updates, like changing an address, phone number, email, password, or uploading a required document. Requests to change a child’s schedule, cancel enrollment, move classrooms, update authorized pickup people, or alter billing arrangements should be held pending staff review. Anything involving custody, safety, immunization compliance, or fees should not go live automatically.; [interview_turn:T050] Requests that affect a child’s enrollment status, classroom assignment, billing terms, pickup authorization, or any custody-related information should be allowed to submit online but stay pending staff review. Basic profile edits like contact details or document uploads can be applied immediately if they don’t change care arrangements or safety-related information. If a request could affect attendance, payment, or who is allowed to pick up a child, I’d rather have staff review it first.; [interview_turn:T074] Yes, if there’s an allergy alert or a restricted pickup list, that needs to be very visible before the child is released. Staff should be forced to confirm the authorized adult and check any safety notes if there’s a concern, and if the information looks incomplete or conflicting, the system should not just let the release go through without a review. For anything safety-related, I’d rather have an extra step than miss something important.; [interview_turn:T086] Yes, there should be temporary access for exceptional cases, but it should be time-limited and tied to a reason so we can see why it was granted. A non-billing staff member might need it if billing staff are absent and there’s an urgent parent issue, but that should still be limited to view-only unless they’re explicitly authorized. For reversals, anything unusual, like a large amount or a payment that’s already been settled for a while, should need extra approval or a manager review.",accept,,,,,
FR-060,functional_requirement,The system shall support immediate visibility of allergy alerts and restricted pickup lists before a child is released.,stated,"[interview_turn:T072] A few things should also be immediate, like looking up a child or family record, seeing allergy or pickup-authority information, and handling an urgent message to the classroom. Those support safety and daily operations, so they shouldn’t be held up for long. Routine edits, reporting, and billing tasks can still queue briefly behind the attendance work.; [interview_turn:T074] Yes, if there’s an allergy alert or a restricted pickup list, that needs to be very visible before the child is released. Staff should be forced to confirm the authorized adult and check any safety notes if there’s a concern, and if the information looks incomplete or conflicting, the system should not just let the release go through without a review. For anything safety-related, I’d rather have an extra step than miss something important.",accept,,,,,
FR-061,functional_requirement,"The system shall support queued or delayed handling of non-urgent tasks such as end-of-day reporting, invoice review, routine record updates, routine edits, reporting, and billing tasks during peak periods.",stated,"[interview_turn:T070] The check-in and check-out functions need to work immediately, since those are part of the daily flow and affect who is present. Anything like end-of-day reporting, invoice review, or non-urgent record updates could wait a little without disrupting operations. We’d want the critical attendance actions to stay fast and reliable even if other tasks are queued or delayed.; [interview_turn:T072] A few things should also be immediate, like looking up a child or family record, seeing allergy or pickup-authority information, and handling an urgent message to the classroom. Those support safety and daily operations, so they shouldn’t be held up for long. Routine edits, reporting, and billing tasks can still queue briefly behind the attendance work.; [interview_turn:T068] Yes, arrival and pickup are the biggest peak times, because staff may be checking children in and out all at once, and we need the system to stay responsive then. Meal times can also get busy if teachers are updating attendance or room information. During those periods, the system should not slow down or time out, even with a lot of users entering information at the same time.",accept,,,,,
FR-062,functional_requirement,"The system shall support at-a-glance visibility of whether an item is current, due soon, overdue, exempt, or missing so staff can determine the needed follow-up action without opening detailed records.",stated,"[interview_turn:T030] We’d probably want simple labels like current, due soon, overdue, exempt, and missing. Current needs no action, due soon should prompt a reminder, overdue should escalate to staff follow-up and a family notice, exempt should show that it’s approved and on file, and missing should clearly mean the document hasn’t been received yet. The important part is that staff can see the difference at a glance and know what to do next without opening a lot of detail.",accept,,,,,
BR-001,business_rule_constraint,"Only administrators and authorized staff shall handle enrollment, capacity, billing, and most record management.",stated,"[interview_turn:T016] Administrators would need the broadest access because they handle enrollment, capacity, billing, and most record management. Teaching and support staff should be able to see the child information they need for daily care, like classroom assignments, contacts, and immunization status, but not sensitive billing or full administrative settings. For anything like invoices or family account changes, I’d want that restricted to authorized staff only.; [interview_turn:T018] An authorized user would usually be someone in management or the office staff who handle family accounts, enrollment changes, and invoices. They should be able to update child records, review waiting lists, manage classroom placements, and generate operational reports. I’d keep that role away from system administration settings unless they specifically need that responsibility.",accept,,,,,
BR-002,business_rule_constraint,Teaching and support staff shall be restricted from sensitive billing information and full administrative settings.,stated,"[interview_turn:T016] Administrators would need the broadest access because they handle enrollment, capacity, billing, and most record management. Teaching and support staff should be able to see the child information they need for daily care, like classroom assignments, contacts, and immunization status, but not sensitive billing or full administrative settings. For anything like invoices or family account changes, I’d want that restricted to authorized staff only.",accept,,,,,
BR-003,business_rule_constraint,"System administrators shall be the only users who can change security settings, user permissions, and other system-wide configuration.",stated,"[interview_turn:T048] We’d probably want office staff or enrollment staff to handle child record updates, waiting list review, and routine classroom placement work, while supervisors would have approval rights for exceptions and final overrides. Report generation could be available to authorized office staff and managers, but not everyone should be able to see everything. System administrators should be the only ones who can change security settings, user permissions, and other system-wide configuration, and supervisors should likely be the ones approving sensitive changes like enrollment exceptions or capacity overrides.",accept,,,,,
BR-004,business_rule_constraint,"System administrators, senior administrators, or authorized supervisors shall be among the only users who can see unmasked sensitive export details.",stated,"[interview_turn:T060] Sensitive fields like full custody details, emergency contacts, full payment information, and any health or immunization notes should be excluded or masked in exports by default. Only very limited users, such as senior administrators or authorized supervisors, should ever be able to see the unmasked version, and even then it should depend on the report and purpose. For routine operational exports, I’d expect those fields to stay hidden unless there’s a clear business need and the user has the right permission.; [interview_turn:T034] Yes, some exports should definitely exclude sensitive items like full payment details, notes about a child’s special needs, custody restrictions, and anything staff don’t need for the purpose of that report. In some cases, authorized administrators or billing staff may need more detail, but that should be limited by role and by the specific report type. If a report is meant for families or general operations, it should be stripped down to only the relevant non-sensitive information.",accept,,,,,
BR-005,business_rule_constraint,Routine operational exports shall exclude or mask sensitive fields unless there is a clear business need and the user has the right permission.,stated,"[interview_turn:T060] Sensitive fields like full custody details, emergency contacts, full payment information, and any health or immunization notes should be excluded or masked in exports by default. Only very limited users, such as senior administrators or authorized supervisors, should ever be able to see the unmasked version, and even then it should depend on the report and purpose. For routine operational exports, I’d expect those fields to stay hidden unless there’s a clear business need and the user has the right permission.",accept,,,,,
BR-006,business_rule_constraint,"Sensitive exports shall exclude or mask full custody details, emergency contacts, full payment information, health or immunization notes, notes about a child's special needs, custody restrictions, and other staff-inappropriate fields by default.",stated,"[interview_turn:T034] Yes, some exports should definitely exclude sensitive items like full payment details, notes about a child’s special needs, custody restrictions, and anything staff don’t need for the purpose of that report. In some cases, authorized administrators or billing staff may need more detail, but that should be limited by role and by the specific report type. If a report is meant for families or general operations, it should be stripped down to only the relevant non-sensitive information.; [interview_turn:T060] Sensitive fields like full custody details, emergency contacts, full payment information, and any health or immunization notes should be excluded or masked in exports by default. Only very limited users, such as senior administrators or authorized supervisors, should ever be able to see the unmasked version, and even then it should depend on the report and purpose. For routine operational exports, I’d expect those fields to stay hidden unless there’s a clear business need and the user has the right permission.; [interview_turn:T076] For sensitive family or child data, I’d keep exports and imports to standard formats like CSV and maybe Excel for staff convenience, and possibly PDF for read-only reports. Anything especially sensitive, like custody notes, medical details beyond basic immunization status, or incident records, should either be excluded or only included for authorized users. If a file is used for import, we’d want strict field validation so bad data doesn’t overwrite important records.",accept,,,,,
BR-007,business_rule_constraint,"If a classroom reaches capacity, additional enrollments shall be blocked by default.",stated,"[interview_turn:T046] Each classroom should have a defined maximum capacity stored in the system, and enrolled children should automatically count against it. Staff should be able to see the current enrolled count versus the limit, along with a clear full or available status, so they can manage placements quickly. If a classroom reaches capacity, the system should flag it and prevent additional enrollments unless staff overrides it or moves a child off the waiting list.; [interview_turn:T066] The system should block the assignment by default if the classroom is already at capacity, because we need to protect the room limits. It would be useful if it could suggest another open room or put the child on a waiting list, and then allow a manager or administrator to override only in exceptional cases. That override should probably be logged so we can see why it happened later.",revise,business_rule_constraint,"If a classroom reaches capacity, additional enrollments shall be blocked by default.",conditional,"[{""source_kind"": ""interview_turn"", ""source_id"": ""T046"", ""evidence_span"": ""Each classroom should have a defined maximum capacity stored in the system, and enrolled children should automatically count against it. Staff should be able to see the current enrolled count versus the limit, along with a clear full or available status, so they can manage placements quickly. If a classroom reaches capacity, the system should flag it and prevent additional enrollments unless staff overrides it or moves a child off the waiting list.""}, {""source_kind"": ""interview_turn"", ""source_id"": ""T066"", ""evidence_span"": ""The system should block the assignment by default if the classroom is already at capacity, because we need to protect the room limits. It would be useful if it could suggest another open room or put the child on a waiting list, and then allow a manager or administrator to override only in exceptional cases. That override should probably be logged so we can see why it happened later.""}]",
BR-008,business_rule_constraint,Sibling discounts shall not stack with other discounts unless the policy explicitly allows it.,stated,"[interview_turn:T042] My assumption would be that the discount applies when two or more enrolled children belong to the same family account, but it should only apply to eligible tuition charges, not to every fee. Usually the discount would go to one child or to the lowest tuition amount, depending on the policy we set, and it shouldn’t stack with other discounts unless we explicitly allow that. If there are special cases like half-day care, scholarships, or already reduced rates, those might need exceptions, but I’d want the rules defined clearly in the system so billing staff don’t have to calculate it manually.",accept,,,,,
BR-009,business_rule_constraint,Payments shall be restricted so random staff cannot make or change payments without permission.,stated,"[interview_turn:T082] At the start, I’d want credit and debit cards, and possibly bank transfer if it’s easy to support securely. Payments should be allowed by the account holder or an authorized guardian, and we’d need to restrict it so random staff can’t make or change payments without permission. Partial payments should be accepted if needed, but the invoice should clearly stay open for the remaining balance, and failed payments should be logged and shown to staff and the payer right away.",accept,,,,,
BR-010,business_rule_constraint,Temporary access for exceptional payment or billing cases shall be time-limited and tied to a reason.,stated,"[interview_turn:T085] For payments in the center, are there any specific rules or exceptions you want around which staff can see or act on payment details—for example, situations where a non-billing staff member might need temporary access, or where a payment reversal would need extra approval or review beyond the normal process?; [interview_turn:T020] If someone is out, I’d expect a designated backup, usually another manager or office staff member, to temporarily handle their tasks. That substitute should only get the access needed for the specific duties they’re covering, and not a full permanent handoff of everything. We’d also want that temporary access to end automatically or be easy to remove once the person returns.",accept,,,,,
BR-011,business_rule_constraint,"The system shall hold payments for review when they are unusually large, made right after a dispute, come from an account with failed payments, involve an inactive payer, have overdue balances beyond a certain point, or appear suspicious.",conditional,"[interview_turn:T088] Yes, I’d expect some payments to be held if they’re unusually large, made right after a dispute, or coming from an account that has had failed payments before. If a payer is inactive, has overdue balances beyond a certain point, or the timing looks suspicious, the system should delay the transaction and flag it for staff review rather than accepting it automatically. For normal recurring tuition payments, though, it should go through right away unless there’s a clear problem.",accept,,,,,
BR-012,business_rule_constraint,Normal recurring tuition payments shall go through right away unless there is a clear problem.,stated,"[interview_turn:T088] Yes, I’d expect some payments to be held if they’re unusually large, made right after a dispute, or coming from an account that has had failed payments before. If a payer is inactive, has overdue balances beyond a certain point, or the timing looks suspicious, the system should delay the transaction and flag it for staff review rather than accepting it automatically. For normal recurring tuition payments, though, it should go through right away unless there’s a clear problem.",accept,,,,,
BR-013,business_rule_constraint,Attendance actions shall remain fast and reliable during peak periods.,stated,"[interview_turn:T068] Yes, arrival and pickup are the biggest peak times, because staff may be checking children in and out all at once, and we need the system to stay responsive then. Meal times can also get busy if teachers are updating attendance or room information. During those periods, the system should not slow down or time out, even with a lot of users entering information at the same time.; [interview_turn:T070] The check-in and check-out functions need to work immediately, since those are part of the daily flow and affect who is present. Anything like end-of-day reporting, invoice review, or non-urgent record updates could wait a little without disrupting operations. We’d want the critical attendance actions to stay fast and reliable even if other tasks are queued or delayed.",accept,,,,,
BR-014,business_rule_constraint,"The system shall not overwrite source or existing records silently during migration or import when data is missing, inconsistent, mismatched, or conflicting.",stated,"[interview_turn:T078] Each field should be checked for basic correctness, like required name fields not being blank, dates being valid, and things like phone numbers, emails, and immunization dates being in the right format. If a value is missing or doesn’t match an existing child or family record, the system should reject just that row or line and show a clear error instead of overwriting anything. For out-of-range or suspicious values, like an impossible date of birth, it should stop the import for that record and leave the current data unchanged until staff reviews it.; [interview_turn:T090] If the core record is mostly complete, I’d prefer it go live with whatever is valid and flag the missing or inconsistent pieces for cleanup afterward. But if the problem affects something critical like who is allowed to pick up a child, an active enrollment status, or an unpaid balance that changes what we bill, then that record should be held until someone verifies it. I wouldn’t want conflicting data to overwrite the source silently; it should be deferred or marked for review so staff can correct it before it becomes the official record.",accept,,,,,
DI-001,data_external_interface,The system shall import and export data in CSV format.,stated,"[interview_turn:T032] CSV is the main one we’d need for imports and exports, and Excel would be helpful too if possible. I’d also want PDF exports for reports or records families might need, but for system-to-system transfers CSV is probably the most important. We’d need to be careful about sensitive fields like payment details or restricted child information, and not everything should be included in every export.; [interview_turn:T075] For exports and imports, which file types should be allowed for sensitive family or child data, and are there any fields or record types that should be excluded or handled differently in those files?",accept,,,,,
DI-002,data_external_interface,The system may import and export data in Excel format.,conditional,"[interview_turn:T032] CSV is the main one we’d need for imports and exports, and Excel would be helpful too if possible. I’d also want PDF exports for reports or records families might need, but for system-to-system transfers CSV is probably the most important. We’d need to be careful about sensitive fields like payment details or restricted child information, and not everything should be included in every export.; [interview_turn:T075] For exports and imports, which file types should be allowed for sensitive family or child data, and are there any fields or record types that should be excluded or handled differently in those files?",accept,,,,,
DI-003,data_external_interface,The system may export PDF reports or records for read-only use.,conditional,"[interview_turn:T032] CSV is the main one we’d need for imports and exports, and Excel would be helpful too if possible. I’d also want PDF exports for reports or records families might need, but for system-to-system transfers CSV is probably the most important. We’d need to be careful about sensitive fields like payment details or restricted child information, and not everything should be included in every export.; [interview_turn:T075] For exports and imports, which file types should be allowed for sensitive family or child data, and are there any fields or record types that should be excluded or handled differently in those files?",accept,,,,,
DI-004,data_external_interface,"Import files shall support field validation for required names, dates, phone numbers, emails, and immunization dates.",stated,"[interview_turn:T076] For sensitive family or child data, I’d keep exports and imports to standard formats like CSV and maybe Excel for staff convenience, and possibly PDF for read-only reports. Anything especially sensitive, like custody notes, medical details beyond basic immunization status, or incident records, should either be excluded or only included for authorized users. If a file is used for import, we’d want strict field validation so bad data doesn’t overwrite important records.; [interview_turn:T078] Each field should be checked for basic correctness, like required name fields not being blank, dates being valid, and things like phone numbers, emails, and immunization dates being in the right format. If a value is missing or doesn’t match an existing child or family record, the system should reject just that row or line and show a clear error instead of overwriting anything. For out-of-range or suspicious values, like an impossible date of birth, it should stop the import for that record and leave the current data unchanged until staff reviews it.",accept,,,,,
DI-005,data_external_interface,"For imports, the system shall reject only the affected row or record when a value is missing, mismatched, or out of range, and shall preserve the current data for that record.",stated,"[interview_turn:T078] Each field should be checked for basic correctness, like required name fields not being blank, dates being valid, and things like phone numbers, emails, and immunization dates being in the right format. If a value is missing or doesn’t match an existing child or family record, the system should reject just that row or line and show a clear error instead of overwriting anything. For out-of-range or suspicious values, like an impossible date of birth, it should stop the import for that record and leave the current data unchanged until staff reviews it.",accept,,,,,
QR-001,quality_requirement,"The system shall improve accuracy, speed, and consistency for staff operations.",stated,"[interview_turn:T002] Most of the benefit would be in cutting down on duplicate data entry and making sure everyone is looking at the same information at the same time. For example, if a family updates contact details or a child’s enrollment status, staff shouldn’t have to chase paper forms or re-enter it in different places. We also want routine things like immunization records, invoices, and waiting list updates to be easy to find and current so staff spend less time on admin and more time with the children.
What matters most for us is accuracy, speed, and consistency. We want fewer errors, faster response to parents, and a clearer picture of classroom capacity and billing so the center can run smoothly without staff having to coordinate everything manually.",accept,,,,,
QR-002,quality_requirement,The system shall reduce duplicate data entry and manual coordination.,stated,"[interview_turn:T002] Most of the benefit would be in cutting down on duplicate data entry and making sure everyone is looking at the same information at the same time. For example, if a family updates contact details or a child’s enrollment status, staff shouldn’t have to chase paper forms or re-enter it in different places. We also want routine things like immunization records, invoices, and waiting list updates to be easy to find and current so staff spend less time on admin and more time with the children.
What matters most for us is accuracy, speed, and consistency. We want fewer errors, faster response to parents, and a clearer picture of classroom capacity and billing so the center can run smoothly without staff having to coordinate everything manually.",accept,,,,,
QR-003,quality_requirement,The system shall be easy to read and simple to navigate.,stated,"[interview_turn:T024] Yes, we’d want it to work well on the devices staff actually use, including shared desktop computers and probably tablets for classroom use. It should be easy to read, simple to navigate, and not rely on tiny controls, because some staff may be moving quickly or using it in a busy room. Shared workstations are a real possibility, so quick login and easy switching between users would be important.",accept,,,,,
QR-004,quality_requirement,The system shall not rely on tiny controls.,stated,"[interview_turn:T024] Yes, we’d want it to work well on the devices staff actually use, including shared desktop computers and probably tablets for classroom use. It should be easy to read, simple to navigate, and not rely on tiny controls, because some staff may be moving quickly or using it in a busy room. Shared workstations are a real possibility, so quick login and easy switching between users would be important.",accept,,,,,
QR-005,quality_requirement,"The system shall remain responsive during arrival, pickup, and meal-time peak periods and shall not slow down or time out even with many users entering information at the same time.",stated,"[interview_turn:T068] Yes, arrival and pickup are the biggest peak times, because staff may be checking children in and out all at once, and we need the system to stay responsive then. Meal times can also get busy if teachers are updating attendance or room information. During those periods, the system should not slow down or time out, even with a lot of users entering information at the same time.",accept,,,,,
QR-006,quality_requirement,The system shall provide simple updates and good support when issues come up.,stated,"[interview_turn:T012] We’d want to introduce it in a phased way so staff can get comfortable without disrupting daily care. Ideally there would be training, a short parallel period where we verify the new records against what we already have, and then we’d move fully onto the system once everything is stable. After that, keeping it running smoothly would mean simple updates, good support when issues come up, and not making staff do extra work just to keep the system accurate.",accept,,,,,
QR-007,quality_requirement,The system shall be built so future enhancements and added classrooms or sites do not require starting over.,stated,"[interview_turn:T014] We’d like it to be flexible enough to add more classrooms or even additional sites if the center grows. It would also be helpful if we could expand into things like richer parent communication, online forms, and maybe more detailed reporting later on. I don’t know yet which of those will be priorities, but we’d want the system to be built so those changes don’t require starting over.",accept,,,,,
QR-008,quality_requirement,The system shall be flexible enough to add more classrooms or additional sites if the center grows.,stated,"[interview_turn:T014] We’d like it to be flexible enough to add more classrooms or even additional sites if the center grows. It would also be helpful if we could expand into things like richer parent communication, online forms, and maybe more detailed reporting later on. I don’t know yet which of those will be priorities, but we’d want the system to be built so those changes don’t require starting over.; [interview_turn:T054] In general, staff should only see and manage records for their own site unless they have a higher-level role that spans multiple locations. Families should be able to have children at more than one site if the center offers that, and the system should still keep them under one family account so billing and contact information stay unified. Shared items like siblings and reports should roll up across locations for authorized users, but site-level staff should only see the children and operational data for their own location.",accept,,,,,
QR-009,quality_requirement,"The system shall work well on the devices staff actually use, including shared desktop computers and tablets.",stated,"[interview_turn:T024] Yes, we’d want it to work well on the devices staff actually use, including shared desktop computers and probably tablets for classroom use. It should be easy to read, simple to navigate, and not rely on tiny controls, because some staff may be moving quickly or using it in a busy room. Shared workstations are a real possibility, so quick login and easy switching between users would be important.",accept,,,,,
QR-010,quality_requirement,The system shall support quick login for shared workstations.,stated,"[interview_turn:T024] Yes, we’d want it to work well on the devices staff actually use, including shared desktop computers and probably tablets for classroom use. It should be easy to read, simple to navigate, and not rely on tiny controls, because some staff may be moving quickly or using it in a busy room. Shared workstations are a real possibility, so quick login and easy switching between users would be important.",accept,,,,,
QR-011,quality_requirement,The system shall make critical attendance actions fast and reliable even if other tasks are queued or delayed.,stated,"[interview_turn:T070] The check-in and check-out functions need to work immediately, since those are part of the daily flow and affect who is present. Anything like end-of-day reporting, invoice review, or non-urgent record updates could wait a little without disrupting operations. We’d want the critical attendance actions to stay fast and reliable even if other tasks are queued or delayed.",accept,,,,,
QR-012,quality_requirement,The system shall support clear at-a-glance status display for immunization records and classroom capacity.,stated,"[interview_turn:T030] We’d probably want simple labels like current, due soon, overdue, exempt, and missing. Current needs no action, due soon should prompt a reminder, overdue should escalate to staff follow-up and a family notice, exempt should show that it’s approved and on file, and missing should clearly mean the document hasn’t been received yet. The important part is that staff can see the difference at a glance and know what to do next without opening a lot of detail.; [interview_turn:T046] Each classroom should have a defined maximum capacity stored in the system, and enrolled children should automatically count against it. Staff should be able to see the current enrolled count versus the limit, along with a clear full or available status, so they can manage placements quickly. If a classroom reaches capacity, the system should flag it and prevent additional enrollments unless staff overrides it or moves a child off the waiting list.",accept,,,,,
EX-001,exception_boundary,"The system shall handle major holidays, school breaks, and staff training days as scheduling exceptions without requiring staff to work around them manually.",stated,"[interview_turn:T010] We’re usually open weekdays during normal business hours, but I’d need to verify the exact times because they can vary a bit by site or program. We do close for major holidays, and there may be reduced or special scheduling during school breaks or staff training days. The system should probably be able to handle those exceptions without staff having to work around them manually.",accept,,,,,
EX-002,exception_boundary,The system shall allow reduced or special scheduling during school breaks or staff training days.,conditional,"[interview_turn:T010] We’re usually open weekdays during normal business hours, but I’d need to verify the exact times because they can vary a bit by site or program. We do close for major holidays, and there may be reduced or special scheduling during school breaks or staff training days. The system should probably be able to handle those exceptions without staff having to work around them manually.",accept,,,,,
EX-003,exception_boundary,"The system shall allow a manager or administrator to override classroom capacity only in exceptional cases, and the override shall be logged.",stated,"[interview_turn:T066] The system should block the assignment by default if the classroom is already at capacity, because we need to protect the room limits. It would be useful if it could suggest another open room or put the child on a waiting list, and then allow a manager or administrator to override only in exceptional cases. That override should probably be logged so we can see why it happened later.",accept,,,,,
EX-004,exception_boundary,"The system shall hold a child release for review when allergy information, pickup authority, or other safety information is incomplete or conflicting.",stated,"[interview_turn:T074] Yes, if there’s an allergy alert or a restricted pickup list, that needs to be very visible before the child is released. Staff should be forced to confirm the authorized adult and check any safety notes if there’s a concern, and if the information looks incomplete or conflicting, the system should not just let the release go through without a review. For anything safety-related, I’d rather have an extra step than miss something important.",accept,,,,,
EX-005,exception_boundary,The system shall allow temporary exceptions for immunization noncompliance only if the center has a policy for them.,conditional,"[interview_turn:T064] If a child’s immunization record is incomplete, overdue, or missing at go-live, I’d expect the system to keep the child enrolled but clearly marked as not compliant. Staff should be able to see which items are missing and follow up with the family, and the child should remain in that status until the record is verified or updated. If the center has any policy for temporary exceptions, the system should support that, but otherwise the noncompliant flag needs to stay visible until it’s resolved.",accept,,,,,
EX-006,exception_boundary,"The system shall allow payment reversals to require approval or a second review depending on the amount, and unusual or large reversals shall need extra approval or manager review.",conditional,"[interview_turn:T084] Only certain staff roles should be able to view the full payment details, and even fewer should be able to take or reverse a payment. For example, regular classroom staff probably shouldn’t see card or bank details at all, while billing or admin staff can handle those actions with an audit trail. If someone other than the original payer needs a reversal, it should require a reason and probably approval or at least a second review, depending on the amount.; [interview_turn:T086] Yes, there should be temporary access for exceptional cases, but it should be time-limited and tied to a reason so we can see why it was granted. A non-billing staff member might need it if billing staff are absent and there’s an urgent parent issue, but that should still be limited to view-only unless they’re explicitly authorized. For reversals, anything unusual, like a large amount or a payment that’s already been settled for a while, should need extra approval or a manager review.",accept,,,,,
UN-001,unresolved_information,It is unresolved whether the system must treat room types as separate program types or as classroom categories.,unresolved,"[interview_turn:T008] We serve a mix of young children, mostly infants through preschool age, and some school-age children depending on the program. There are a few room types based on age and developmental stage, but I’m not sure yet whether we’ll need the system to treat them as separate program types or just different classroom categories.",accept,,,,,
UN-002,unresolved_information,"It is unresolved whether the system must support exact operating times for each site or program, because the interviewee stated the exact times still need verification.",unresolved,"[interview_turn:T010] We’re usually open weekdays during normal business hours, but I’d need to verify the exact times because they can vary a bit by site or program. We do close for major holidays, and there may be reduced or special scheduling during school breaks or staff training days. The system should probably be able to handle those exceptions without staff having to work around them manually.",accept,,,,,
UN-003,unresolved_information,"It is unresolved which future enhancements, such as richer parent communication, online forms, more detailed reporting, online payment processing, and automated reminders, will be priorities for first implementation after the initial release.",unresolved,"[interview_turn:T014] We’d like it to be flexible enough to add more classrooms or even additional sites if the center grows. It would also be helpful if we could expand into things like richer parent communication, online forms, and maybe more detailed reporting later on. I don’t know yet which of those will be priorities, but we’d want the system to be built so those changes don’t require starting over.; [interview_turn:T080] Yes, a few things would be nice after the first release, like parent self-service for updating contact details, online payment processing, and automated reminders for immunizations or invoice due dates. It would also be useful to have better reporting dashboards for occupancy, attendance trends, and outstanding balances. Those aren’t must-haves on day one, but we should design the system so it can grow into them later.",accept,,,,,
