requirement_id,type,statement,status,evidence_summary,decision,revised_type,revised_statement,revised_status,revised_evidence_json,notes
SC-001,scope_context,SPRAT is a collaborative workbench for aligning web-system requirements with privacy and security policies.,stated,"[initial_requirement:INITIAL_REQUIREMENTS] Requirements and privacy analysts need SPRAT, a collaborative workbench for aligning web-system requirements with privacy and security policies. Users should be able to capture goals, scenarios, policies, requirements, and legal-compliance information; trace goals back to their source policies; organize them with flexible classifications; and compare analyses produced by different people. Access should vary for administrators, project managers, analysts, and guests.; [interview_turn:T002] Yes, this tool is meant to help analysts work together on web-system requirements and make sure those requirements line up with privacy and security policies from the start. Right now, a lot of that work is spread across documents, spreadsheets, and emails, so people lose traceability and it becomes hard to compare what different analysts concluded. We want SPRAT to centralize the goals, scenarios, policies, requirements, and compliance notes in one place so the team can reason about them consistently.",accept,,,,,
SC-002,scope_context,"SPRAT shall centralize goals, scenarios, policies, requirements, and compliance information in one place to support consistent reasoning and traceability.",stated,"[initial_requirement:INITIAL_REQUIREMENTS] Requirements and privacy analysts need SPRAT, a collaborative workbench for aligning web-system requirements with privacy and security policies. Users should be able to capture goals, scenarios, policies, requirements, and legal-compliance information; trace goals back to their source policies; organize them with flexible classifications; and compare analyses produced by different people. Access should vary for administrators, project managers, analysts, and guests.; [interview_turn:T002] Yes, this tool is meant to help analysts work together on web-system requirements and make sure those requirements line up with privacy and security policies from the start. Right now, a lot of that work is spread across documents, spreadsheets, and emails, so people lose traceability and it becomes hard to compare what different analysts concluded. We want SPRAT to centralize the goals, scenarios, policies, requirements, and compliance notes in one place so the team can reason about them consistently.",accept,,,,,
SC-003,scope_context,SPRAT shall fit into existing requirements and project workflows used alongside document and issue-tracking tools.,stated,"[interview_turn:T008] We expect it to fit into our existing requirements and project workflows, so analysts should be able to use it alongside whatever document or issue-tracking tools the team already relies on. I’m not sure yet whether we need direct integrations with specific external systems, but import and export will definitely matter so people can move information in and out without rekeying everything. From an infrastructure standpoint, I’d assume a web-based application that supports collaboration across teams, but the exact hosting setup would need to be confirmed with IT.",accept,,,,,
SA-001,stakeholder_actor,"The system shall support the roles of administrator, project manager, analyst, and guest.",stated,"[initial_requirement:INITIAL_REQUIREMENTS] Requirements and privacy analysts need SPRAT, a collaborative workbench for aligning web-system requirements with privacy and security policies. Users should be able to capture goals, scenarios, policies, requirements, and legal-compliance information; trace goals back to their source policies; organize them with flexible classifications; and compare analyses produced by different people. Access should vary for administrators, project managers, analysts, and guests.; [interview_turn:T010] The main roles we expect are administrators, project managers, analysts, and guests. Administrators would manage the system and user access, project managers would oversee projects and review work, analysts would create and update the requirements and policy mappings, and guests would have limited read-only access. The permissions should be role-based so only the right people can edit sensitive analysis content or see work that isn’t meant to be shared broadly.",accept,,,,,
SA-002,stakeholder_actor,Administrators shall manage the system and user access.,stated,"[interview_turn:T010] The main roles we expect are administrators, project managers, analysts, and guests. Administrators would manage the system and user access, project managers would oversee projects and review work, analysts would create and update the requirements and policy mappings, and guests would have limited read-only access. The permissions should be role-based so only the right people can edit sensitive analysis content or see work that isn’t meant to be shared broadly.",accept,,,,,
SA-003,stakeholder_actor,Project managers shall oversee projects and review work.,stated,"[interview_turn:T010] The main roles we expect are administrators, project managers, analysts, and guests. Administrators would manage the system and user access, project managers would oversee projects and review work, analysts would create and update the requirements and policy mappings, and guests would have limited read-only access. The permissions should be role-based so only the right people can edit sensitive analysis content or see work that isn’t meant to be shared broadly.",accept,,,,,
SA-004,stakeholder_actor,Analysts shall create and update requirements and policy mappings.,stated,"[interview_turn:T010] The main roles we expect are administrators, project managers, analysts, and guests. Administrators would manage the system and user access, project managers would oversee projects and review work, analysts would create and update the requirements and policy mappings, and guests would have limited read-only access. The permissions should be role-based so only the right people can edit sensitive analysis content or see work that isn’t meant to be shared broadly.",accept,,,,,
SA-005,stakeholder_actor,Guests shall have limited read-only access.,stated,"[interview_turn:T010] The main roles we expect are administrators, project managers, analysts, and guests. Administrators would manage the system and user access, project managers would oversee projects and review work, analysts would create and update the requirements and policy mappings, and guests would have limited read-only access. The permissions should be role-based so only the right people can edit sensitive analysis content or see work that isn’t meant to be shared broadly.",accept,,,,,
FR-001,functional_requirement,"The system shall support capturing goals, scenarios, policies, requirements, and compliance references.",stated,"[initial_requirement:INITIAL_REQUIREMENTS] Requirements and privacy analysts need SPRAT, a collaborative workbench for aligning web-system requirements with privacy and security policies. Users should be able to capture goals, scenarios, policies, requirements, and legal-compliance information; trace goals back to their source policies; organize them with flexible classifications; and compare analyses produced by different people. Access should vary for administrators, project managers, analysts, and guests.; [interview_turn:T026] The main things we work with are goals, scenarios, policies, requirements, and compliance references, plus the links between them. Analysts also need to capture things like rationale, source notes, assumptions, and status so we can understand why something was recorded and whether it’s still under review. In practice, those artifacts need to be organized by project or analysis case, and often by system, stakeholder, or policy source.",accept,,,,,
FR-002,functional_requirement,The system shall support tracing goals back to their source policies.,stated,"[initial_requirement:INITIAL_REQUIREMENTS] Requirements and privacy analysts need SPRAT, a collaborative workbench for aligning web-system requirements with privacy and security policies. Users should be able to capture goals, scenarios, policies, requirements, and legal-compliance information; trace goals back to their source policies; organize them with flexible classifications; and compare analyses produced by different people. Access should vary for administrators, project managers, analysts, and guests.",accept,,,,,
FR-003,functional_requirement,The system shall support comparing analyses produced by different analysts.,stated,"[initial_requirement:INITIAL_REQUIREMENTS] Requirements and privacy analysts need SPRAT, a collaborative workbench for aligning web-system requirements with privacy and security policies. Users should be able to capture goals, scenarios, policies, requirements, and legal-compliance information; trace goals back to their source policies; organize them with flexible classifications; and compare analyses produced by different people. Access should vary for administrators, project managers, analysts, and guests.; [interview_turn:T012] Right now those differences are usually caught in review meetings or by comparing separate documents manually, which is slow and easy to miss. In SPRAT, I’d want side-by-side comparison of analyses, with the ability to show where two analysts traced the same goal to different policies or came to different requirements. It would also help to have comments or discussion notes tied directly to the disputed item so the team can resolve it in context.",accept,,,,,
FR-004,functional_requirement,The system shall support side-by-side comparison of analyses.,stated,"[interview_turn:T012] Right now those differences are usually caught in review meetings or by comparing separate documents manually, which is slow and easy to miss. In SPRAT, I’d want side-by-side comparison of analyses, with the ability to show where two analysts traced the same goal to different policies or came to different requirements. It would also help to have comments or discussion notes tied directly to the disputed item so the team can resolve it in context.; [interview_turn:T034] A guided resolution workflow would be best, especially if it shows the conflicting versions side by side and highlights exactly what changed. Notifications should go to the people involved, and there should be a comment thread or notes area so analysts can agree on the fix without switching to email. If possible, SPRAT should let the user choose whether to merge, keep one version, or reopen the item for further review, depending on the situation.",accept,,,,,
FR-005,functional_requirement,The system shall show when two analysts traced the same goal to different policies or produced different requirements.,stated,"[interview_turn:T012] Right now those differences are usually caught in review meetings or by comparing separate documents manually, which is slow and easy to miss. In SPRAT, I’d want side-by-side comparison of analyses, with the ability to show where two analysts traced the same goal to different policies or came to different requirements. It would also help to have comments or discussion notes tied directly to the disputed item so the team can resolve it in context.",accept,,,,,
FR-006,functional_requirement,The system shall support comments or discussion notes tied directly to a disputed item.,stated,"[interview_turn:T012] Right now those differences are usually caught in review meetings or by comparing separate documents manually, which is slow and easy to miss. In SPRAT, I’d want side-by-side comparison of analyses, with the ability to show where two analysts traced the same goal to different policies or came to different requirements. It would also help to have comments or discussion notes tied directly to the disputed item so the team can resolve it in context.; [interview_turn:T034] A guided resolution workflow would be best, especially if it shows the conflicting versions side by side and highlights exactly what changed. Notifications should go to the people involved, and there should be a comment thread or notes area so analysts can agree on the fix without switching to email. If possible, SPRAT should let the user choose whether to merge, keep one version, or reopen the item for further review, depending on the situation.",accept,,,,,
FR-007,functional_requirement,The system shall support a controlled vocabulary or shared glossary.,stated,"[interview_turn:T014] We do have some shared terms, but they’re not managed very consistently today, so people sometimes use slightly different wording for the same concept. I would definitely want SPRAT to support a controlled vocabulary or at least a shared glossary, because that would make the analyses easier to compare and reduce ambiguity. It would also help if the tool could reuse approved terms when people are entering goals, policies, and requirements.; [interview_turn:T018] Yes, the biggest issue is that people can describe the same thing in different ways, or use the same term to mean slightly different things, which leads to mismatched traces and extra rework later. SPRAT could help by keeping a shared glossary, showing accepted definitions when someone enters a term, and warning when a new term is too close to an existing one or is being used inconsistently. That kind of support would make reviews faster and reduce mistakes in the analysis.",accept,,,,,
FR-008,functional_requirement,The system shall show accepted definitions when a user enters a term.,stated,"[interview_turn:T018] Yes, the biggest issue is that people can describe the same thing in different ways, or use the same term to mean slightly different things, which leads to mismatched traces and extra rework later. SPRAT could help by keeping a shared glossary, showing accepted definitions when someone enters a term, and warning when a new term is too close to an existing one or is being used inconsistently. That kind of support would make reviews faster and reduce mistakes in the analysis.",accept,,,,,
FR-009,functional_requirement,The system shall warn when a new term is too close to an existing one or is being used inconsistently.,stated,"[interview_turn:T018] Yes, the biggest issue is that people can describe the same thing in different ways, or use the same term to mean slightly different things, which leads to mismatched traces and extra rework later. SPRAT could help by keeping a shared glossary, showing accepted definitions when someone enters a term, and warning when a new term is too close to an existing one or is being used inconsistently. That kind of support would make reviews faster and reduce mistakes in the analysis.",accept,,,,,
FR-010,functional_requirement,"The system shall check terms as they are entered and flag likely duplicates, near matches, or uses that do not fit the approved definition.",stated,"[interview_turn:T022] Yes, I would want the tool to check terms as they’re entered and flag likely duplicates, near matches, or uses that don’t fit the approved definition. Ideally the warning would be immediate but not disruptive, so analysts can keep working and then decide whether to reuse the term, revise it, or add a clarification. It would also help if the system showed the existing context for that term, so people can make a quick judgment without leaving their workflow.",accept,,,,,
FR-011,functional_requirement,The system shall provide immediate but non-disruptive term-entry warnings.,stated,"[interview_turn:T022] Yes, I would want the tool to check terms as they’re entered and flag likely duplicates, near matches, or uses that don’t fit the approved definition. Ideally the warning would be immediate but not disruptive, so analysts can keep working and then decide whether to reuse the term, revise it, or add a clarification. It would also help if the system showed the existing context for that term, so people can make a quick judgment without leaving their workflow.",accept,,,,,
FR-012,functional_requirement,"The system shall allow analysts to reuse a term, revise it, or add a clarification in response to a term-entry warning.",stated,"[interview_turn:T022] Yes, I would want the tool to check terms as they’re entered and flag likely duplicates, near matches, or uses that don’t fit the approved definition. Ideally the warning would be immediate but not disruptive, so analysts can keep working and then decide whether to reuse the term, revise it, or add a clarification. It would also help if the system showed the existing context for that term, so people can make a quick judgment without leaving their workflow.",accept,,,,,
FR-013,functional_requirement,The system shall show the existing context for a term during entry.,stated,"[interview_turn:T022] Yes, I would want the tool to check terms as they’re entered and flag likely duplicates, near matches, or uses that don’t fit the approved definition. Ideally the warning would be immediate but not disruptive, so analysts can keep working and then decide whether to reuse the term, revise it, or add a clarification. It would also help if the system showed the existing context for that term, so people can make a quick judgment without leaving their workflow.",accept,,,,,
FR-014,functional_requirement,The system shall provide hard errors only when something is clearly invalid or not allowed.,stated,"[interview_turn:T024] Different severity levels would be useful, yes. I’d want hard errors only when something is clearly invalid or not allowed, and softer warnings for possible duplicates, ambiguous wording, or terms that don’t match the glossary exactly. Suggestions for approved alternatives and examples of prior usage would be very helpful, especially if analysts can accept a suggestion with one click and move on.",accept,,,,,
FR-015,functional_requirement,"The system shall provide softer warnings for possible duplicates, ambiguous wording, or terms that do not exactly match the glossary.",stated,"[interview_turn:T024] Different severity levels would be useful, yes. I’d want hard errors only when something is clearly invalid or not allowed, and softer warnings for possible duplicates, ambiguous wording, or terms that don’t match the glossary exactly. Suggestions for approved alternatives and examples of prior usage would be very helpful, especially if analysts can accept a suggestion with one click and move on.",accept,,,,,
FR-016,functional_requirement,The system shall provide suggestions for approved alternative terms and examples of prior usage.,stated,"[interview_turn:T024] Different severity levels would be useful, yes. I’d want hard errors only when something is clearly invalid or not allowed, and softer warnings for possible duplicates, ambiguous wording, or terms that don’t match the glossary exactly. Suggestions for approved alternatives and examples of prior usage would be very helpful, especially if analysts can accept a suggestion with one click and move on.",accept,,,,,
FR-017,functional_requirement,The system shall allow analysts to accept a suggested term with one click.,stated,"[interview_turn:T024] Different severity levels would be useful, yes. I’d want hard errors only when something is clearly invalid or not allowed, and softer warnings for possible duplicates, ambiguous wording, or terms that don’t match the glossary exactly. Suggestions for approved alternatives and examples of prior usage would be very helpful, especially if analysts can accept a suggestion with one click and move on.",accept,,,,,
FR-018,functional_requirement,"The system shall capture rationale, source notes, assumptions, and status for artifacts.",stated,"[interview_turn:T026] The main things we work with are goals, scenarios, policies, requirements, and compliance references, plus the links between them. Analysts also need to capture things like rationale, source notes, assumptions, and status so we can understand why something was recorded and whether it’s still under review. In practice, those artifacts need to be organized by project or analysis case, and often by system, stakeholder, or policy source.",accept,,,,,
FR-019,functional_requirement,The system shall organize artifacts by project or analysis case.,stated,"[interview_turn:T026] The main things we work with are goals, scenarios, policies, requirements, and compliance references, plus the links between them. Analysts also need to capture things like rationale, source notes, assumptions, and status so we can understand why something was recorded and whether it’s still under review. In practice, those artifacts need to be organized by project or analysis case, and often by system, stakeholder, or policy source.",accept,,,,,
FR-020,functional_requirement,"The system shall support organizing artifacts by system, stakeholder, or policy source.",stated,"[interview_turn:T026] The main things we work with are goals, scenarios, policies, requirements, and compliance references, plus the links between them. Analysts also need to capture things like rationale, source notes, assumptions, and status so we can understand why something was recorded and whether it’s still under review. In practice, those artifacts need to be organized by project or analysis case, and often by system, stakeholder, or policy source.",accept,,,,,
FR-021,functional_requirement,"The system shall support artifact lifecycle states including draft, review, approved or accepted, and archived.",stated,"[interview_turn:T028] Typically an artifact starts as a draft, then goes through review, and if the team agrees on it, it becomes approved or accepted. If something changes later, we usually don’t want to overwrite the old meaning completely, so versioning matters a lot and the older version should stay traceable for audit and comparison. Archiving is useful for items that are no longer active, but they still need to be searchable because people often need to understand historical decisions or why a requirement changed.; [interview_turn:T030] Yes, the system should restrict editing once something is approved, unless a user creates a new version or has admin-level permission to reopen it. Reviewers should be able to comment and suggest changes, but not silently alter the approved record, while guests should mostly have read-only access. I’d also expect archived items to be viewable and traceable, but clearly marked so nobody mistakes them for current requirements.",accept,,,,,
FR-022,functional_requirement,The system shall support versioning so that older versions remain traceable for audit and comparison.,stated,"[interview_turn:T028] Typically an artifact starts as a draft, then goes through review, and if the team agrees on it, it becomes approved or accepted. If something changes later, we usually don’t want to overwrite the old meaning completely, so versioning matters a lot and the older version should stay traceable for audit and comparison. Archiving is useful for items that are no longer active, but they still need to be searchable because people often need to understand historical decisions or why a requirement changed.; [interview_turn:T074] We’d need versioning that makes it easy to see what changed, who changed it, and why, because these analyses will keep moving as policies and laws change. A notification or watch feature would be useful so people get alerted when a related policy, requirement, or trace link is updated and needs review. It would also help if older versions stayed accessible for audit purposes, rather than being overwritten.",accept,,,,,
FR-023,functional_requirement,The system shall keep archived items searchable and traceable.,stated,"[interview_turn:T028] Typically an artifact starts as a draft, then goes through review, and if the team agrees on it, it becomes approved or accepted. If something changes later, we usually don’t want to overwrite the old meaning completely, so versioning matters a lot and the older version should stay traceable for audit and comparison. Archiving is useful for items that are no longer active, but they still need to be searchable because people often need to understand historical decisions or why a requirement changed.; [interview_turn:T030] Yes, the system should restrict editing once something is approved, unless a user creates a new version or has admin-level permission to reopen it. Reviewers should be able to comment and suggest changes, but not silently alter the approved record, while guests should mostly have read-only access. I’d also expect archived items to be viewable and traceable, but clearly marked so nobody mistakes them for current requirements.",accept,,,,,
FR-024,functional_requirement,The system shall restrict editing once an artifact is approved unless a user creates a new version or has admin-level permission to reopen it.,stated,"[interview_turn:T030] Yes, the system should restrict editing once something is approved, unless a user creates a new version or has admin-level permission to reopen it. Reviewers should be able to comment and suggest changes, but not silently alter the approved record, while guests should mostly have read-only access. I’d also expect archived items to be viewable and traceable, but clearly marked so nobody mistakes them for current requirements.",delete,,,,,dup of BR-002
FR-025,functional_requirement,The system shall allow reviewers to comment and suggest changes without silently altering the approved record.,stated,"[interview_turn:T030] Yes, the system should restrict editing once something is approved, unless a user creates a new version or has admin-level permission to reopen it. Reviewers should be able to comment and suggest changes, but not silently alter the approved record, while guests should mostly have read-only access. I’d also expect archived items to be viewable and traceable, but clearly marked so nobody mistakes them for current requirements.",accept,,,,,
FR-026,functional_requirement,The system shall allow guests to have read-only access.,stated,"[interview_turn:T030] Yes, the system should restrict editing once something is approved, unless a user creates a new version or has admin-level permission to reopen it. Reviewers should be able to comment and suggest changes, but not silently alter the approved record, while guests should mostly have read-only access. I’d also expect archived items to be viewable and traceable, but clearly marked so nobody mistakes them for current requirements.; [interview_turn:T010] The main roles we expect are administrators, project managers, analysts, and guests. Administrators would manage the system and user access, project managers would oversee projects and review work, analysts would create and update the requirements and policy mappings, and guests would have limited read-only access. The permissions should be role-based so only the right people can edit sensitive analysis content or see work that isn’t meant to be shared broadly.",accept,,,,,
FR-027,functional_requirement,The system shall detect overlapping edits and warn the user before changes are finalized.,stated,"[interview_turn:T032] Conflicts will definitely happen when two analysts are working on related items at the same time, so SPRAT should detect overlapping edits and warn the user before changes are finalized. If there’s a consistency issue, like a requirement pointing to a deleted policy or a broken trace link, the system should not just fail silently; it should flag the problem and keep the record recoverable. In those cases, it would also help to see who made the last change and what changed, so the team can resolve it quickly.",accept,,,,,
FR-028,functional_requirement,The system shall flag broken trace links and records that point to deleted policies.,stated,"[interview_turn:T032] Conflicts will definitely happen when two analysts are working on related items at the same time, so SPRAT should detect overlapping edits and warn the user before changes are finalized. If there’s a consistency issue, like a requirement pointing to a deleted policy or a broken trace link, the system should not just fail silently; it should flag the problem and keep the record recoverable. In those cases, it would also help to see who made the last change and what changed, so the team can resolve it quickly.",accept,,,,,
FR-029,functional_requirement,The system shall keep records recoverable when a consistency issue is detected.,stated,"[interview_turn:T032] Conflicts will definitely happen when two analysts are working on related items at the same time, so SPRAT should detect overlapping edits and warn the user before changes are finalized. If there’s a consistency issue, like a requirement pointing to a deleted policy or a broken trace link, the system should not just fail silently; it should flag the problem and keep the record recoverable. In those cases, it would also help to see who made the last change and what changed, so the team can resolve it quickly.",accept,,,,,
FR-030,functional_requirement,The system shall show who made the last change and what changed for conflict resolution.,stated,"[interview_turn:T032] Conflicts will definitely happen when two analysts are working on related items at the same time, so SPRAT should detect overlapping edits and warn the user before changes are finalized. If there’s a consistency issue, like a requirement pointing to a deleted policy or a broken trace link, the system should not just fail silently; it should flag the problem and keep the record recoverable. In those cases, it would also help to see who made the last change and what changed, so the team can resolve it quickly.",accept,,,,,
FR-031,functional_requirement,The system shall provide a guided resolution workflow for conflicts.,stated,"[interview_turn:T034] A guided resolution workflow would be best, especially if it shows the conflicting versions side by side and highlights exactly what changed. Notifications should go to the people involved, and there should be a comment thread or notes area so analysts can agree on the fix without switching to email. If possible, SPRAT should let the user choose whether to merge, keep one version, or reopen the item for further review, depending on the situation.",accept,,,,,
FR-032,functional_requirement,The system shall show conflicting versions side by side and highlight exactly what changed.,stated,"[interview_turn:T034] A guided resolution workflow would be best, especially if it shows the conflicting versions side by side and highlights exactly what changed. Notifications should go to the people involved, and there should be a comment thread or notes area so analysts can agree on the fix without switching to email. If possible, SPRAT should let the user choose whether to merge, keep one version, or reopen the item for further review, depending on the situation.",accept,,,,,
FR-033,functional_requirement,The system shall send notifications to the people involved in a conflict.,stated,"[interview_turn:T034] A guided resolution workflow would be best, especially if it shows the conflicting versions side by side and highlights exactly what changed. Notifications should go to the people involved, and there should be a comment thread or notes area so analysts can agree on the fix without switching to email. If possible, SPRAT should let the user choose whether to merge, keep one version, or reopen the item for further review, depending on the situation.",accept,,,,,
FR-034,functional_requirement,The system shall provide a comment thread or notes area for conflict resolution.,stated,"[interview_turn:T034] A guided resolution workflow would be best, especially if it shows the conflicting versions side by side and highlights exactly what changed. Notifications should go to the people involved, and there should be a comment thread or notes area so analysts can agree on the fix without switching to email. If possible, SPRAT should let the user choose whether to merge, keep one version, or reopen the item for further review, depending on the situation.",accept,,,,,
FR-035,functional_requirement,"The system shall allow the user to merge conflicting content, keep one version, or reopen the item for further review depending on the situation.",conditional,"[interview_turn:T034] A guided resolution workflow would be best, especially if it shows the conflicting versions side by side and highlights exactly what changed. Notifications should go to the people involved, and there should be a comment thread or notes area so analysts can agree on the fix without switching to email. If possible, SPRAT should let the user choose whether to merge, keep one version, or reopen the item for further review, depending on the situation.",accept,,,,,
FR-036,functional_requirement,The system shall support importing source policies and supporting files from document repositories.,stated,"[interview_turn:T036] Integration with our document repositories would be very helpful, so analysts can pull in source policies and supporting files without copying everything manually. Issue-tracking is also important because requirement gaps or follow-up actions often get tracked there, and it would save time if SPRAT could link to those items or sync basic status. For compliance tools, I’m not sure which specific products we’d prioritize yet, but at minimum we’d want import and export in common formats so the analysis can move between systems cleanly.",accept,,,,,
FR-037,functional_requirement,The system shall support linking to issue-tracking items or syncing basic status with issue-tracking systems.,stated,"[interview_turn:T036] Integration with our document repositories would be very helpful, so analysts can pull in source policies and supporting files without copying everything manually. Issue-tracking is also important because requirement gaps or follow-up actions often get tracked there, and it would save time if SPRAT could link to those items or sync basic status. For compliance tools, I’m not sure which specific products we’d prioritize yet, but at minimum we’d want import and export in common formats so the analysis can move between systems cleanly.",delete,,,,,dup of DI-003
FR-038,functional_requirement,The system shall support import and export in common formats.,stated,"[interview_turn:T036] Integration with our document repositories would be very helpful, so analysts can pull in source policies and supporting files without copying everything manually. Issue-tracking is also important because requirement gaps or follow-up actions often get tracked there, and it would save time if SPRAT could link to those items or sync basic status. For compliance tools, I’m not sure which specific products we’d prioritize yet, but at minimum we’d want import and export in common formats so the analysis can move between systems cleanly.; [interview_turn:T008] We expect it to fit into our existing requirements and project workflows, so analysts should be able to use it alongside whatever document or issue-tracking tools the team already relies on. I’m not sure yet whether we need direct integrations with specific external systems, but import and export will definitely matter so people can move information in and out without rekeying everything. From an infrastructure standpoint, I’d assume a web-based application that supports collaboration across teams, but the exact hosting setup would need to be confirmed with IT.",delete,,,,,redundant
FR-039,functional_requirement,"The system shall preserve source, timestamps, ownership, and existing trace links or classifications during migration when they can be mapped cleanly.",stated,"[interview_turn:T064] We would definitely need some migration path, because analysts won’t want to rebuild everything from scratch. Ideally, SPRAT should import at least the core content and preserve the source, timestamps, ownership, and any existing trace links or classifications if they can be mapped cleanly. I don’t know yet which legacy formats we’d need to support, so that would need to be checked with the team.",accept,,,,,
FR-040,functional_requirement,The system shall preserve the original value and mark it for review when a link or field cannot be resolved automatically during import.,stated,"[interview_turn:T070] Yes, I’d definitely want placeholders or flagged items rather than silent guessing. If a link or field is ambiguous, SPRAT should preserve the original value, mark it for review, and explain why it couldn’t be resolved automatically so an analyst can fix it later. That way nothing gets lost, and people can decide whether to map it, split it, or leave it unresolved.",accept,,,,,
FR-041,functional_requirement,"The system shall support a guided import process that lets a user match fields, preview incoming data, and catch missing links before data is committed.",stated,"[interview_turn:T068] The migration should be as close to one-time import and review as possible, not a long manual reconstruction effort. I’d want a guided import process that lets someone match fields, preview what will come in, and catch missing links before the data is committed. It would feel smooth if the system reports exactly what imported cleanly, what was approximated, and what still needs human follow-up.",accept,,,,,
FR-042,functional_requirement,The system shall import data into a staging area before publishing it into the live project.,stated,"[interview_turn:T072] A typical case would be bringing in a set of existing requirements documents, maybe a spreadsheet of policies, and some manually maintained trace links from another tool. I’d want SPRAT to let an analyst upload the source, map the main fields, preview the parsed items, then import them into a staging area first so the team can validate the structure before publishing into the live project. After that, any unmatched items or broken links should stay visible in a review queue until someone confirms them.",accept,,,,,
FR-043,functional_requirement,The system shall keep unmatched items or broken links visible in a review queue until someone confirms them.,stated,"[interview_turn:T072] A typical case would be bringing in a set of existing requirements documents, maybe a spreadsheet of policies, and some manually maintained trace links from another tool. I’d want SPRAT to let an analyst upload the source, map the main fields, preview the parsed items, then import them into a staging area first so the team can validate the structure before publishing into the live project. After that, any unmatched items or broken links should stay visible in a review queue until someone confirms them.",accept,,,,,
FR-044,functional_requirement,"The system shall support notifications or watch alerts when a related policy, requirement, or trace link is updated and needs review.",stated,"[interview_turn:T074] We’d need versioning that makes it easy to see what changed, who changed it, and why, because these analyses will keep moving as policies and laws change. A notification or watch feature would be useful so people get alerted when a related policy, requirement, or trace link is updated and needs review. It would also help if older versions stayed accessible for audit purposes, rather than being overwritten.",accept,,,,,
FR-045,functional_requirement,The system shall keep old link history and show what was updated when a mapping changes.,stated,"[interview_turn:T076] I’d want updates to work like controlled edits, where changes are tracked as revisions instead of replacing the original import record. If a mapping changes, SPRAT should keep the old link history, show what was updated, and let analysts compare before and after so they can verify nothing important was lost. It would also help to have a clear status for items that are still inherited from the import versus ones that have been manually corrected.",accept,,,,,
FR-046,functional_requirement,The system shall allow analysts to compare before and after values when a mapping changes.,stated,"[interview_turn:T076] I’d want updates to work like controlled edits, where changes are tracked as revisions instead of replacing the original import record. If a mapping changes, SPRAT should keep the old link history, show what was updated, and let analysts compare before and after so they can verify nothing important was lost. It would also help to have a clear status for items that are still inherited from the import versus ones that have been manually corrected.",accept,,,,,
FR-047,functional_requirement,The system shall distinguish items still inherited from import from items that have been manually corrected.,stated,"[interview_turn:T076] I’d want updates to work like controlled edits, where changes are tracked as revisions instead of replacing the original import record. If a mapping changes, SPRAT should keep the old link history, show what was updated, and let analysts compare before and after so they can verify nothing important was lost. It would also help to have a clear status for items that are still inherited from the import versus ones that have been manually corrected.",accept,,,,,
FR-048,functional_requirement,The system shall stop automation and flag a set for human review when automatic mapping is incorrect in context or when a source file changes structure after import.,stated,"[interview_turn:T078] Yes, one tricky case is when the same legacy field means different things in different projects, so an automatic rule might map it incorrectly in one context. Another is when a source file changes structure after import, which can break batch updates or cause duplicates if the system is too aggressive. In those cases I’d want SPRAT to stop the automation, preserve the original data, and flag the whole set for human review rather than trying to force a best guess.",accept,,,,,
FR-049,functional_requirement,The system shall preserve original data when automatic mapping or batch updates fail unexpectedly.,stated,"[interview_turn:T078] Yes, one tricky case is when the same legacy field means different things in different projects, so an automatic rule might map it incorrectly in one context. Another is when a source file changes structure after import, which can break batch updates or cause duplicates if the system is too aggressive. In those cases I’d want SPRAT to stop the automation, preserve the original data, and flag the whole set for human review rather than trying to force a best guess.",accept,,,,,
FR-050,functional_requirement,"The system shall surface high-priority updates first, especially when they are tied to legal compliance, a security control, or a policy that affects multiple requirements.",stated,"[interview_turn:T080] Yes, some updates should definitely be higher priority, especially anything tied to legal compliance, a security control, or a policy that affects multiple requirements. I’d want SPRAT to surface those first, maybe by showing impact counts, urgency, and whether the change breaks existing traceability. That would help analysts focus on the items with the biggest risk instead of going through everything in a flat list.",accept,,,,,
FR-051,functional_requirement,"The system shall show impact counts, urgency, and whether a change breaks existing traceability to help analysts prioritize updates.",stated,"[interview_turn:T080] Yes, some updates should definitely be higher priority, especially anything tied to legal compliance, a security control, or a policy that affects multiple requirements. I’d want SPRAT to surface those first, maybe by showing impact counts, urgency, and whether the change breaks existing traceability. That would help analysts focus on the items with the biggest risk instead of going through everything in a flat list.",accept,,,,,
FR-052,functional_requirement,"The system shall make flagged items visible in the workspace with a status such as needs review, conflicting mapping, or unresolved import.",stated,"[interview_turn:T082] I’d want the flagged items to be very visible in the workspace, with a clear status like needs review, conflicting mapping, or unresolved import. A notification would be helpful when the issue affects something high priority, but I wouldn’t want too many alerts for minor items, so maybe a digest or summary view as well. In the interface, it should show the original source value, the suggested mapping if there is one, and the reason it was rejected or left ambiguous so analysts can resolve it quickly without digging through logs.",accept,,,,,
FR-053,functional_requirement,"The system shall show the original source value, the suggested mapping if one exists, and the reason a mapping was rejected or left ambiguous.",stated,"[interview_turn:T082] I’d want the flagged items to be very visible in the workspace, with a clear status like needs review, conflicting mapping, or unresolved import. A notification would be helpful when the issue affects something high priority, but I wouldn’t want too many alerts for minor items, so maybe a digest or summary view as well. In the interface, it should show the original source value, the suggested mapping if there is one, and the reason it was rejected or left ambiguous so analysts can resolve it quickly without digging through logs.",accept,,,,,
FR-054,functional_requirement,"The system shall allow analysts to open a flagged item, compare competing values, choose the correct mapping or mark it for escalation, and record the decision.",stated,"[interview_turn:T084] Yes, it should absolutely highlight the items with the biggest compliance or project risk first, especially if they affect many goals, requirements, or trace links. Filters for urgency, policy area, project, and affected source would be important, and sorting by impact would help a lot. For the workflow, I’d want an analyst to open the flagged item, compare the competing values, choose the correct mapping or mark it for escalation, and then have SPRAT record that decision so the same issue doesn’t keep coming back.",accept,,,,,
FR-055,functional_requirement,"The system shall log who made a conflict or import resolution decision, when it was made, and what evidence or reasoning was used.",stated,"[interview_turn:T086] After a resolution, I’d want SPRAT to log who made the decision, when they made it, and what evidence or reasoning they used. It should also update the related trace links and show that the item is resolved, while keeping the previous state available for audit. For the team, a notification or activity feed entry would be enough so people know the conflict was handled and can see if anything downstream was affected.",accept,,,,,
FR-056,functional_requirement,The system shall update related trace links and mark the item as resolved after a resolution.,stated,"[interview_turn:T086] After a resolution, I’d want SPRAT to log who made the decision, when they made it, and what evidence or reasoning they used. It should also update the related trace links and show that the item is resolved, while keeping the previous state available for audit. For the team, a notification or activity feed entry would be enough so people know the conflict was handled and can see if anything downstream was affected.",accept,,,,,
FR-057,functional_requirement,The system shall keep the previous state available for audit after a resolution.,stated,"[interview_turn:T086] After a resolution, I’d want SPRAT to log who made the decision, when they made it, and what evidence or reasoning they used. It should also update the related trace links and show that the item is resolved, while keeping the previous state available for audit. For the team, a notification or activity feed entry would be enough so people know the conflict was handled and can see if anything downstream was affected.",accept,,,,,
FR-058,functional_requirement,The system shall provide a notification or activity feed entry when a conflict has been handled and when downstream items are affected.,stated,"[interview_turn:T086] After a resolution, I’d want SPRAT to log who made the decision, when they made it, and what evidence or reasoning they used. It should also update the related trace links and show that the item is resolved, while keeping the previous state available for audit. For the team, a notification or activity feed entry would be enough so people know the conflict was handled and can see if anything downstream was affected.",accept,,,,,
FR-059,functional_requirement,"The system shall support a dashboard-style interface with quick access to the current project, recent items, unresolved conflicts, and review tasks.",stated,"[interview_turn:T044] A clean, dashboard-style interface would help a lot, with quick access to the current project, recent items, and any unresolved conflicts or review tasks. Analysts need fast search and filtering because they’ll be moving between goals, requirements, policies, and trace links constantly, so the navigation should let them jump around without losing context. It would also be important to minimize repetitive data entry with templates, autocomplete, and inline editing where possible.",accept,,,,,
FR-060,functional_requirement,"The system shall provide fast search and filtering across goals, requirements, policies, and trace links.",stated,"[interview_turn:T044] A clean, dashboard-style interface would help a lot, with quick access to the current project, recent items, and any unresolved conflicts or review tasks. Analysts need fast search and filtering because they’ll be moving between goals, requirements, policies, and trace links constantly, so the navigation should let them jump around without losing context. It would also be important to minimize repetitive data entry with templates, autocomplete, and inline editing where possible.; [interview_turn:T060] As the team grows, I’d want SPRAT to keep projects isolated enough that one large project doesn’t slow down everyone else. It should support fast search, filtering, and comparison even when there are lots of artifacts, and it would help if commonly used views could open quickly without waiting for everything in the project to load. The main usability problem to avoid is a system that still technically works but feels sluggish, because that makes analysts stop trusting it.",accept,,,,,
FR-061,functional_requirement,"The system shall support templates, autocomplete, and inline editing to reduce repetitive data entry.",stated,"[interview_turn:T044] A clean, dashboard-style interface would help a lot, with quick access to the current project, recent items, and any unresolved conflicts or review tasks. Analysts need fast search and filtering because they’ll be moving between goals, requirements, policies, and trace links constantly, so the navigation should let them jump around without losing context. It would also be important to minimize repetitive data entry with templates, autocomplete, and inline editing where possible.",accept,,,,,
FR-062,functional_requirement,The system shall save changes automatically and give clear feedback when something has not synced yet.,stated,"[interview_turn:T046] It should save changes automatically and give very clear feedback when something hasn’t synced yet, so people know their work is safe. I’d also want the interface to be lightweight and responsive, with no heavy pages that take a long time to load, because that gets frustrating fast on weak connections. If possible, it should keep the most important project information accessible even when a connection is slow, so users can keep working instead of waiting on every screen.; [interview_turn:T050] It should be forgiving and low-friction, so autosave, clear sync status, and easy recovery from interrupted sessions are essential. The interface should avoid long full-page refreshes and instead update small parts of the screen, because that feels much more usable when the network is unreliable. I’d also want the system to make collaboration changes easy to review, so analysts can see what was added or changed without having to reload everything.; [interview_turn:T054] Yes, it should explain that early, because people get nervous when they don’t know whether their changes were saved. I’d keep the guidance visible but brief, with a clear indicator for saved, pending sync, and failed sync, plus a simple recovery message if the connection drops. The help shouldn’t turn into a long technical explanation, just enough to reassure users what happened and what to do next.",accept,,,,,
FR-063,functional_requirement,"The system shall provide a clear indicator for saved, pending sync, and failed sync states.",stated,"[interview_turn:T054] Yes, it should explain that early, because people get nervous when they don’t know whether their changes were saved. I’d keep the guidance visible but brief, with a clear indicator for saved, pending sync, and failed sync, plus a simple recovery message if the connection drops. The help shouldn’t turn into a long technical explanation, just enough to reassure users what happened and what to do next.; [interview_turn:T062] Clear status labels would help a lot, like saved locally, syncing, or needs attention, instead of jargon about replication or cache issues. If something goes wrong, the message should say what happened in plain language and whether the user needs to retry, wait, or contact support. What would feel confusing is a vague warning without next steps, or a technical error that doesn’t tell the analyst whether their work is safe.",accept,,,,,
FR-064,functional_requirement,The system shall support easy recovery from interrupted sessions.,stated,"[interview_turn:T050] It should be forgiving and low-friction, so autosave, clear sync status, and easy recovery from interrupted sessions are essential. The interface should avoid long full-page refreshes and instead update small parts of the screen, because that feels much more usable when the network is unreliable. I’d also want the system to make collaboration changes easy to review, so analysts can see what was added or changed without having to reload everything.",accept,,,,,
FR-065,functional_requirement,The system shall be lightweight and responsive and avoid heavy pages or long full-page refreshes.,stated,"[interview_turn:T046] It should save changes automatically and give very clear feedback when something hasn’t synced yet, so people know their work is safe. I’d also want the interface to be lightweight and responsive, with no heavy pages that take a long time to load, because that gets frustrating fast on weak connections. If possible, it should keep the most important project information accessible even when a connection is slow, so users can keep working instead of waiting on every screen.; [interview_turn:T050] It should be forgiving and low-friction, so autosave, clear sync status, and easy recovery from interrupted sessions are essential. The interface should avoid long full-page refreshes and instead update small parts of the screen, because that feels much more usable when the network is unreliable. I’d also want the system to make collaboration changes easy to review, so analysts can see what was added or changed without having to reload everything.",revise,quality_requirement,The system shall be lightweight and responsive and avoid heavy pages or long full-page refreshes.,stated,"[{""source_kind"": ""interview_turn"", ""source_id"": ""T046"", ""evidence_span"": ""It should save changes automatically and give very clear feedback when something hasn\u2019t synced yet, so people know their work is safe. I\u2019d also want the interface to be lightweight and responsive, with no heavy pages that take a long time to load, because that gets frustrating fast on weak connections. If possible, it should keep the most important project information accessible even when a connection is slow, so users can keep working instead of waiting on every screen.""}, {""source_kind"": ""interview_turn"", ""source_id"": ""T050"", ""evidence_span"": ""It should be forgiving and low-friction, so autosave, clear sync status, and easy recovery from interrupted sessions are essential. The interface should avoid long full-page refreshes and instead update small parts of the screen, because that feels much more usable when the network is unreliable. I\u2019d also want the system to make collaboration changes easy to review, so analysts can see what was added or changed without having to reload everything.""}]",
FR-066,functional_requirement,The system shall update small parts of the screen instead of requiring long full-page refreshes.,stated,"[interview_turn:T050] It should be forgiving and low-friction, so autosave, clear sync status, and easy recovery from interrupted sessions are essential. The interface should avoid long full-page refreshes and instead update small parts of the screen, because that feels much more usable when the network is unreliable. I’d also want the system to make collaboration changes easy to review, so analysts can see what was added or changed without having to reload everything.",accept,,,,,
FR-067,functional_requirement,The system shall keep the most important project information accessible when the connection is slow.,stated,"[interview_turn:T046] It should save changes automatically and give very clear feedback when something hasn’t synced yet, so people know their work is safe. I’d also want the interface to be lightweight and responsive, with no heavy pages that take a long time to load, because that gets frustrating fast on weak connections. If possible, it should keep the most important project information accessible even when a connection is slow, so users can keep working instead of waiting on every screen.",revise,quality_requirement,The system shall keep the most important project information accessible when the connection is slow.,stated,"[{""source_kind"": ""interview_turn"", ""source_id"": ""T046"", ""evidence_span"": ""It should save changes automatically and give very clear feedback when something hasn\u2019t synced yet, so people know their work is safe. I\u2019d also want the interface to be lightweight and responsive, with no heavy pages that take a long time to load, because that gets frustrating fast on weak connections. If possible, it should keep the most important project information accessible even when a connection is slow, so users can keep working instead of waiting on every screen.""}]",
FR-068,functional_requirement,The system shall provide a guided first-use walkthrough.,stated,"[interview_turn:T048] A guided first-use walkthrough would help, especially for showing how goals, policies, and requirements connect to each other in SPRAT. Short contextual help inside the screens would be useful too, because analysts usually learn faster when the guidance is right where they are working. I’d also expect some sample projects or templates so new users can understand the expected structure without starting from a blank page.; [interview_turn:T052] It should start with the main workflow: creating or opening a project, adding a goal or requirement, linking it back to a policy, and then reviewing the traceability. I think it should be interactive enough that users actually do one small example themselves, but not so long that they feel trapped in a tutorial. Contextual help should stay short and practical, with plain-language explanations for things like classifications, compliance fields, and comparison views when they first encounter them.",accept,,,,,
FR-069,functional_requirement,"The walkthrough shall cover how goals, policies, and requirements connect, and it shall include the main workflow of creating or opening a project, adding a goal or requirement, linking it back to a policy, and reviewing traceability.",stated,"[interview_turn:T048] A guided first-use walkthrough would help, especially for showing how goals, policies, and requirements connect to each other in SPRAT. Short contextual help inside the screens would be useful too, because analysts usually learn faster when the guidance is right where they are working. I’d also expect some sample projects or templates so new users can understand the expected structure without starting from a blank page.; [interview_turn:T052] It should start with the main workflow: creating or opening a project, adding a goal or requirement, linking it back to a policy, and then reviewing the traceability. I think it should be interactive enough that users actually do one small example themselves, but not so long that they feel trapped in a tutorial. Contextual help should stay short and practical, with plain-language explanations for things like classifications, compliance fields, and comparison views when they first encounter them.",accept,,,,,
FR-070,functional_requirement,The system shall provide short contextual help inside the screens.,stated,"[interview_turn:T048] A guided first-use walkthrough would help, especially for showing how goals, policies, and requirements connect to each other in SPRAT. Short contextual help inside the screens would be useful too, because analysts usually learn faster when the guidance is right where they are working. I’d also expect some sample projects or templates so new users can understand the expected structure without starting from a blank page.; [interview_turn:T052] It should start with the main workflow: creating or opening a project, adding a goal or requirement, linking it back to a policy, and then reviewing the traceability. I think it should be interactive enough that users actually do one small example themselves, but not so long that they feel trapped in a tutorial. Contextual help should stay short and practical, with plain-language explanations for things like classifications, compliance fields, and comparison views when they first encounter them.",accept,,,,,
FR-071,functional_requirement,The system shall provide sample projects or templates for new users.,stated,"[interview_turn:T048] A guided first-use walkthrough would help, especially for showing how goals, policies, and requirements connect to each other in SPRAT. Short contextual help inside the screens would be useful too, because analysts usually learn faster when the guidance is right where they are working. I’d also expect some sample projects or templates so new users can understand the expected structure without starting from a blank page.",accept,,,,,
FR-072,functional_requirement,"The walkthrough shall be interactive enough for a user to complete one small example, but not so long that the user feels trapped in a tutorial.",stated,"[interview_turn:T052] It should start with the main workflow: creating or opening a project, adding a goal or requirement, linking it back to a policy, and then reviewing the traceability. I think it should be interactive enough that users actually do one small example themselves, but not so long that they feel trapped in a tutorial. Contextual help should stay short and practical, with plain-language explanations for things like classifications, compliance fields, and comparison views when they first encounter them.",accept,,,,,
FR-073,functional_requirement,"The system shall provide plain-language explanations for classifications, compliance fields, and comparison views when users first encounter them.",stated,"[interview_turn:T052] It should start with the main workflow: creating or opening a project, adding a goal or requirement, linking it back to a policy, and then reviewing the traceability. I think it should be interactive enough that users actually do one small example themselves, but not so long that they feel trapped in a tutorial. Contextual help should stay short and practical, with plain-language explanations for things like classifications, compliance fields, and comparison views when they first encounter them.",accept,,,,,
FR-074,functional_requirement,The system shall explain autosave and sync status early in onboarding.,stated,"[interview_turn:T054] Yes, it should explain that early, because people get nervous when they don’t know whether their changes were saved. I’d keep the guidance visible but brief, with a clear indicator for saved, pending sync, and failed sync, plus a simple recovery message if the connection drops. The help shouldn’t turn into a long technical explanation, just enough to reassure users what happened and what to do next.",accept,,,,,
FR-075,functional_requirement,The system shall provide a clear recovery message if the connection drops.,stated,"[interview_turn:T054] Yes, it should explain that early, because people get nervous when they don’t know whether their changes were saved. I’d keep the guidance visible but brief, with a clear indicator for saved, pending sync, and failed sync, plus a simple recovery message if the connection drops. The help shouldn’t turn into a long technical explanation, just enough to reassure users what happened and what to do next.; [interview_turn:T062] Clear status labels would help a lot, like saved locally, syncing, or needs attention, instead of jargon about replication or cache issues. If something goes wrong, the message should say what happened in plain language and whether the user needs to retry, wait, or contact support. What would feel confusing is a vague warning without next steps, or a technical error that doesn’t tell the analyst whether their work is safe.",accept,,,,,
FR-076,functional_requirement,The system shall avoid vague warnings and technical jargon when reporting sync or recovery problems.,stated,"[interview_turn:T054] Yes, it should explain that early, because people get nervous when they don’t know whether their changes were saved. I’d keep the guidance visible but brief, with a clear indicator for saved, pending sync, and failed sync, plus a simple recovery message if the connection drops. The help shouldn’t turn into a long technical explanation, just enough to reassure users what happened and what to do next.; [interview_turn:T062] Clear status labels would help a lot, like saved locally, syncing, or needs attention, instead of jargon about replication or cache issues. If something goes wrong, the message should say what happened in plain language and whether the user needs to retry, wait, or contact support. What would feel confusing is a vague warning without next steps, or a technical error that doesn’t tell the analyst whether their work is safe.",accept,,,,,
FR-077,functional_requirement,The system shall support collaboration changes that are easy to review without reloading everything.,stated,"[interview_turn:T050] It should be forgiving and low-friction, so autosave, clear sync status, and easy recovery from interrupted sessions are essential. The interface should avoid long full-page refreshes and instead update small parts of the screen, because that feels much more usable when the network is unreliable. I’d also want the system to make collaboration changes easy to review, so analysts can see what was added or changed without having to reload everything.",accept,,,,,
FR-078,functional_requirement,The system shall support incremental loading of data rather than rendering everything at once in large projects.,stated,"[interview_turn:T058] I’d want the system to load and filter data incrementally, rather than trying to render everything at once, especially in large projects. It should also avoid locking people out while others are editing, because that would hurt collaboration; ideally, concurrent work should be visible and reconciled cleanly. The main things to avoid are slow searches, confusing merge conflicts, and screens that become cluttered or unusable once the artifact count gets high.",accept,,,,,
FR-079,functional_requirement,The system shall avoid locking people out while others are editing and shall support concurrent work being visible and reconciled cleanly.,stated,"[interview_turn:T058] I’d want the system to load and filter data incrementally, rather than trying to render everything at once, especially in large projects. It should also avoid locking people out while others are editing, because that would hurt collaboration; ideally, concurrent work should be visible and reconciled cleanly. The main things to avoid are slow searches, confusing merge conflicts, and screens that become cluttered or unusable once the artifact count gets high.",accept,,,,,
FR-080,functional_requirement,The system shall support keeping projects isolated enough that one large project does not slow down other projects.,stated,"[interview_turn:T060] As the team grows, I’d want SPRAT to keep projects isolated enough that one large project doesn’t slow down everyone else. It should support fast search, filtering, and comparison even when there are lots of artifacts, and it would help if commonly used views could open quickly without waiting for everything in the project to load. The main usability problem to avoid is a system that still technically works but feels sluggish, because that makes analysts stop trusting it.",accept,,,,,
FR-081,functional_requirement,The system shall support loading commonly used views quickly without waiting for the entire project to load.,stated,"[interview_turn:T060] As the team grows, I’d want SPRAT to keep projects isolated enough that one large project doesn’t slow down everyone else. It should support fast search, filtering, and comparison even when there are lots of artifacts, and it would help if commonly used views could open quickly without waiting for everything in the project to load. The main usability problem to avoid is a system that still technically works but feels sluggish, because that makes analysts stop trusting it.",accept,,,,,
FR-082,functional_requirement,The system shall support graceful handling of disconnects.,stated,"[interview_turn:T038] Most of the time it should be used online, but I would expect some analysts to work with spotty network access when they are traveling or on restricted sites, so at least graceful handling of disconnects would be important. I don’t think full offline editing is a must-have right away, but users should not lose work if the connection drops temporarily. On deployment, it should be treated like a sensitive internal system, so access control, audit logging, and secure storage are important, and I’d expect it to run in our managed environment rather than as a public cloud service unless that’s specifically approved.",accept,,,,,
FR-083,functional_requirement,The system shall prevent users from losing work if the connection drops temporarily.,stated,"[interview_turn:T038] Most of the time it should be used online, but I would expect some analysts to work with spotty network access when they are traveling or on restricted sites, so at least graceful handling of disconnects would be important. I don’t think full offline editing is a must-have right away, but users should not lose work if the connection drops temporarily. On deployment, it should be treated like a sensitive internal system, so access control, audit logging, and secure storage are important, and I’d expect it to run in our managed environment rather than as a public cloud service unless that’s specifically approved.",accept,,,,,
FR-084,functional_requirement,The system shall run in the organization’s managed environment unless public cloud deployment is specifically approved.,conditional,"[interview_turn:T038] Most of the time it should be used online, but I would expect some analysts to work with spotty network access when they are traveling or on restricted sites, so at least graceful handling of disconnects would be important. I don’t think full offline editing is a must-have right away, but users should not lose work if the connection drops temporarily. On deployment, it should be treated like a sensitive internal system, so access control, audit logging, and secure storage are important, and I’d expect it to run in our managed environment rather than as a public cloud service unless that’s specifically approved.",accept,,,,,
BR-001,business_rule_constraint,The system shall use role-based permissions so only the right people can edit sensitive analysis content or view work that is not meant to be shared broadly.,stated,"[interview_turn:T010] The main roles we expect are administrators, project managers, analysts, and guests. Administrators would manage the system and user access, project managers would oversee projects and review work, analysts would create and update the requirements and policy mappings, and guests would have limited read-only access. The permissions should be role-based so only the right people can edit sensitive analysis content or see work that isn’t meant to be shared broadly.",accept,,,,,
BR-002,business_rule_constraint,The system shall restrict editing once an artifact is approved unless a user creates a new version or has admin-level permission to reopen it.,stated,"[interview_turn:T030] Yes, the system should restrict editing once something is approved, unless a user creates a new version or has admin-level permission to reopen it. Reviewers should be able to comment and suggest changes, but not silently alter the approved record, while guests should mostly have read-only access. I’d also expect archived items to be viewable and traceable, but clearly marked so nobody mistakes them for current requirements.",accept,,,,,
BR-003,business_rule_constraint,Hard errors shall be used only when something is clearly invalid or not allowed.,stated,"[interview_turn:T024] Different severity levels would be useful, yes. I’d want hard errors only when something is clearly invalid or not allowed, and softer warnings for possible duplicates, ambiguous wording, or terms that don’t match the glossary exactly. Suggestions for approved alternatives and examples of prior usage would be very helpful, especially if analysts can accept a suggestion with one click and move on.",accept,,,,,
BR-004,business_rule_constraint,Approved older versions shall remain accessible for audit purposes and shall not be overwritten.,stated,"[interview_turn:T028] Typically an artifact starts as a draft, then goes through review, and if the team agrees on it, it becomes approved or accepted. If something changes later, we usually don’t want to overwrite the old meaning completely, so versioning matters a lot and the older version should stay traceable for audit and comparison. Archiving is useful for items that are no longer active, but they still need to be searchable because people often need to understand historical decisions or why a requirement changed.; [interview_turn:T074] We’d need versioning that makes it easy to see what changed, who changed it, and why, because these analyses will keep moving as policies and laws change. A notification or watch feature would be useful so people get alerted when a related policy, requirement, or trace link is updated and needs review. It would also help if older versions stayed accessible for audit purposes, rather than being overwritten.",accept,,,,,
BR-005,business_rule_constraint,Imported data shall be reviewed before publication to the live project.,stated,"[interview_turn:T072] A typical case would be bringing in a set of existing requirements documents, maybe a spreadsheet of policies, and some manually maintained trace links from another tool. I’d want SPRAT to let an analyst upload the source, map the main fields, preview the parsed items, then import them into a staging area first so the team can validate the structure before publishing into the live project. After that, any unmatched items or broken links should stay visible in a review queue until someone confirms them.",accept,,,,,
BR-006,business_rule_constraint,The system shall stop automation and require human review when an import mapping is ambiguous or contextually incorrect.,stated,"[interview_turn:T078] Yes, one tricky case is when the same legacy field means different things in different projects, so an automatic rule might map it incorrectly in one context. Another is when a source file changes structure after import, which can break batch updates or cause duplicates if the system is too aggressive. In those cases I’d want SPRAT to stop the automation, preserve the original data, and flag the whole set for human review rather than trying to force a best guess.; [interview_turn:T070] Yes, I’d definitely want placeholders or flagged items rather than silent guessing. If a link or field is ambiguous, SPRAT should preserve the original value, mark it for review, and explain why it couldn’t be resolved automatically so an analyst can fix it later. That way nothing gets lost, and people can decide whether to map it, split it, or leave it unresolved.",accept,,,,,
BR-007,business_rule_constraint,The system shall prioritize items with higher compliance or project risk over lower-risk items.,stated,"[interview_turn:T084] Yes, it should absolutely highlight the items with the biggest compliance or project risk first, especially if they affect many goals, requirements, or trace links. Filters for urgency, policy area, project, and affected source would be important, and sorting by impact would help a lot. For the workflow, I’d want an analyst to open the flagged item, compare the competing values, choose the correct mapping or mark it for escalation, and then have SPRAT record that decision so the same issue doesn’t keep coming back.; [interview_turn:T080] Yes, some updates should definitely be higher priority, especially anything tied to legal compliance, a security control, or a policy that affects multiple requirements. I’d want SPRAT to surface those first, maybe by showing impact counts, urgency, and whether the change breaks existing traceability. That would help analysts focus on the items with the biggest risk instead of going through everything in a flat list.",accept,,,,,
DI-001,data_external_interface,The system shall support import and export in common formats.,stated,"[interview_turn:T036] Integration with our document repositories would be very helpful, so analysts can pull in source policies and supporting files without copying everything manually. Issue-tracking is also important because requirement gaps or follow-up actions often get tracked there, and it would save time if SPRAT could link to those items or sync basic status. For compliance tools, I’m not sure which specific products we’d prioritize yet, but at minimum we’d want import and export in common formats so the analysis can move between systems cleanly.; [interview_turn:T008] We expect it to fit into our existing requirements and project workflows, so analysts should be able to use it alongside whatever document or issue-tracking tools the team already relies on. I’m not sure yet whether we need direct integrations with specific external systems, but import and export will definitely matter so people can move information in and out without rekeying everything. From an infrastructure standpoint, I’d assume a web-based application that supports collaboration across teams, but the exact hosting setup would need to be confirmed with IT.",accept,,,,,
DI-002,data_external_interface,The system shall support importing from document repositories.,stated,"[interview_turn:T036] Integration with our document repositories would be very helpful, so analysts can pull in source policies and supporting files without copying everything manually. Issue-tracking is also important because requirement gaps or follow-up actions often get tracked there, and it would save time if SPRAT could link to those items or sync basic status. For compliance tools, I’m not sure which specific products we’d prioritize yet, but at minimum we’d want import and export in common formats so the analysis can move between systems cleanly.",accept,,,,,
DI-003,data_external_interface,The system shall support linking to issue-tracking items or syncing basic status with issue-tracking systems.,stated,"[interview_turn:T036] Integration with our document repositories would be very helpful, so analysts can pull in source policies and supporting files without copying everything manually. Issue-tracking is also important because requirement gaps or follow-up actions often get tracked there, and it would save time if SPRAT could link to those items or sync basic status. For compliance tools, I’m not sure which specific products we’d prioritize yet, but at minimum we’d want import and export in common formats so the analysis can move between systems cleanly.",accept,,,,,
DI-004,data_external_interface,"The system shall support migration input from structured documents such as spreadsheets, Word files, and exported requirement databases.",stated,"[interview_turn:T066] I’d expect the main challenge to be bringing in structured documents like spreadsheets, Word files, or maybe exported requirement databases, since those are common in practice. The priority is to keep the relationships intact, even if the imported items need some cleanup after the fact, because losing traceability would defeat the purpose. If something can’t be mapped automatically, it should at least come in with clear placeholders so analysts can resolve it later.",accept,,,,,
DI-005,data_external_interface,"The system shall support import of legacy documents, analyses, and traceability information into a staging area.",stated,"[interview_turn:T064] We would definitely need some migration path, because analysts won’t want to rebuild everything from scratch. Ideally, SPRAT should import at least the core content and preserve the source, timestamps, ownership, and any existing trace links or classifications if they can be mapped cleanly. I don’t know yet which legacy formats we’d need to support, so that would need to be checked with the team.; [interview_turn:T072] A typical case would be bringing in a set of existing requirements documents, maybe a spreadsheet of policies, and some manually maintained trace links from another tool. I’d want SPRAT to let an analyst upload the source, map the main fields, preview the parsed items, then import them into a staging area first so the team can validate the structure before publishing into the live project. After that, any unmatched items or broken links should stay visible in a review queue until someone confirms them.",accept,,,,,
DI-006,data_external_interface,The system shall preserve and display the original source value when an imported item cannot be mapped automatically.,stated,"[interview_turn:T070] Yes, I’d definitely want placeholders or flagged items rather than silent guessing. If a link or field is ambiguous, SPRAT should preserve the original value, mark it for review, and explain why it couldn’t be resolved automatically so an analyst can fix it later. That way nothing gets lost, and people can decide whether to map it, split it, or leave it unresolved.; [interview_turn:T082] I’d want the flagged items to be very visible in the workspace, with a clear status like needs review, conflicting mapping, or unresolved import. A notification would be helpful when the issue affects something high priority, but I wouldn’t want too many alerts for minor items, so maybe a digest or summary view as well. In the interface, it should show the original source value, the suggested mapping if there is one, and the reason it was rejected or left ambiguous so analysts can resolve it quickly without digging through logs.",accept,,,,,
DI-007,data_external_interface,The system shall support showing the suggested mapping for an imported item when one exists.,stated,"[interview_turn:T082] I’d want the flagged items to be very visible in the workspace, with a clear status like needs review, conflicting mapping, or unresolved import. A notification would be helpful when the issue affects something high priority, but I wouldn’t want too many alerts for minor items, so maybe a digest or summary view as well. In the interface, it should show the original source value, the suggested mapping if there is one, and the reason it was rejected or left ambiguous so analysts can resolve it quickly without digging through logs.",accept,,,,,
QR-001,quality_requirement,The system shall reduce the time required to complete an analysis.,stated,"[interview_turn:T006] We’d like to reduce the time it takes to complete an analysis, but I don’t have an exact target number yet. A practical measure would be fewer missing traces between requirements and source policies, and fewer issues found later during review or compliance checking. I’d also expect better consistency between analysts, though I’d need to check with the team before naming any formal KPI targets.",accept,,,,,
QR-002,quality_requirement,The system shall reduce missing traces between requirements and source policies.,stated,"[interview_turn:T006] We’d like to reduce the time it takes to complete an analysis, but I don’t have an exact target number yet. A practical measure would be fewer missing traces between requirements and source policies, and fewer issues found later during review or compliance checking. I’d also expect better consistency between analysts, though I’d need to check with the team before naming any formal KPI targets.",accept,,,,,
QR-003,quality_requirement,The system shall reduce issues found later during review or compliance checking.,stated,"[interview_turn:T006] We’d like to reduce the time it takes to complete an analysis, but I don’t have an exact target number yet. A practical measure would be fewer missing traces between requirements and source policies, and fewer issues found later during review or compliance checking. I’d also expect better consistency between analysts, though I’d need to check with the team before naming any formal KPI targets.",accept,,,,,
QR-004,quality_requirement,The system shall improve consistency between analysts.,stated,"[interview_turn:T006] We’d like to reduce the time it takes to complete an analysis, but I don’t have an exact target number yet. A practical measure would be fewer missing traces between requirements and source policies, and fewer issues found later during review or compliance checking. I’d also expect better consistency between analysts, though I’d need to check with the team before naming any formal KPI targets.",accept,,,,,
QR-005,quality_requirement,"The system shall be responsive as projects grow and shall not feel sluggish as the number of users, projects, artifacts, or trace links increases.",stated,"[interview_turn:T056] Scalability is pretty important because we may have multiple projects running at once, with several analysts and reviewers working in parallel. The bigger concern for us is probably large datasets and lots of trace links, since those can make searches, comparisons, and cross-references slow if the system isn’t designed well. I’d want it to stay responsive as projects grow, but I don’t think we need internet-scale volume; we need dependable performance for serious real-world teams.; [interview_turn:T060] As the team grows, I’d want SPRAT to keep projects isolated enough that one large project doesn’t slow down everyone else. It should support fast search, filtering, and comparison even when there are lots of artifacts, and it would help if commonly used views could open quickly without waiting for everything in the project to load. The main usability problem to avoid is a system that still technically works but feels sluggish, because that makes analysts stop trusting it.",accept,,,,,
QR-006,quality_requirement,The system shall remain usable over slow or unstable connections and through VPN or secured remote access.,stated,"[interview_turn:T042] Analysts will usually be on a managed corporate network, but a lot of collaboration happens remotely, so SPRAT needs to work well through VPN or other secured remote access. Network quality can vary by site, especially when people are traveling or connecting from partner locations, so the tool should be resilient to slow connections and session timeouts. We’d also expect it to comply with internal security policies like single sign-on, role-based access, and possibly stricter controls for sensitive projects, depending on the data involved.; [interview_turn:T046] It should save changes automatically and give very clear feedback when something hasn’t synced yet, so people know their work is safe. I’d also want the interface to be lightweight and responsive, with no heavy pages that take a long time to load, because that gets frustrating fast on weak connections. If possible, it should keep the most important project information accessible even when a connection is slow, so users can keep working instead of waiting on every screen.; [interview_turn:T050] It should be forgiving and low-friction, so autosave, clear sync status, and easy recovery from interrupted sessions are essential. The interface should avoid long full-page refreshes and instead update small parts of the screen, because that feels much more usable when the network is unreliable. I’d also want the system to make collaboration changes easy to review, so analysts can see what was added or changed without having to reload everything.",accept,,,,,
QR-007,quality_requirement,The system shall comply with internal security policies including single sign-on and role-based access.,stated,"[interview_turn:T042] Analysts will usually be on a managed corporate network, but a lot of collaboration happens remotely, so SPRAT needs to work well through VPN or other secured remote access. Network quality can vary by site, especially when people are traveling or connecting from partner locations, so the tool should be resilient to slow connections and session timeouts. We’d also expect it to comply with internal security policies like single sign-on, role-based access, and possibly stricter controls for sensitive projects, depending on the data involved.",accept,,,,,
QR-008,quality_requirement,"The system shall provide access control, audit logging, and secure storage because it is treated as a sensitive internal system.",stated,"[interview_turn:T038] Most of the time it should be used online, but I would expect some analysts to work with spotty network access when they are traveling or on restricted sites, so at least graceful handling of disconnects would be important. I don’t think full offline editing is a must-have right away, but users should not lose work if the connection drops temporarily. On deployment, it should be treated like a sensitive internal system, so access control, audit logging, and secure storage are important, and I’d expect it to run in our managed environment rather than as a public cloud service unless that’s specifically approved.",accept,,,,,
QR-009,quality_requirement,The system shall be resilient to slow connections and session timeouts.,stated,"[interview_turn:T042] Analysts will usually be on a managed corporate network, but a lot of collaboration happens remotely, so SPRAT needs to work well through VPN or other secured remote access. Network quality can vary by site, especially when people are traveling or connecting from partner locations, so the tool should be resilient to slow connections and session timeouts. We’d also expect it to comply with internal security policies like single sign-on, role-based access, and possibly stricter controls for sensitive projects, depending on the data involved.",accept,,,,,
QR-010,quality_requirement,The system shall keep users from losing work when a connection drops temporarily.,stated,"[interview_turn:T038] Most of the time it should be used online, but I would expect some analysts to work with spotty network access when they are traveling or on restricted sites, so at least graceful handling of disconnects would be important. I don’t think full offline editing is a must-have right away, but users should not lose work if the connection drops temporarily. On deployment, it should be treated like a sensitive internal system, so access control, audit logging, and secure storage are important, and I’d expect it to run in our managed environment rather than as a public cloud service unless that’s specifically approved.",accept,,,,,
QR-011,quality_requirement,"The interface shall be clean, lightweight, and responsive.",stated,"[interview_turn:T044] A clean, dashboard-style interface would help a lot, with quick access to the current project, recent items, and any unresolved conflicts or review tasks. Analysts need fast search and filtering because they’ll be moving between goals, requirements, policies, and trace links constantly, so the navigation should let them jump around without losing context. It would also be important to minimize repetitive data entry with templates, autocomplete, and inline editing where possible.; [interview_turn:T046] It should save changes automatically and give very clear feedback when something hasn’t synced yet, so people know their work is safe. I’d also want the interface to be lightweight and responsive, with no heavy pages that take a long time to load, because that gets frustrating fast on weak connections. If possible, it should keep the most important project information accessible even when a connection is slow, so users can keep working instead of waiting on every screen.",accept,,,,,
QR-012,quality_requirement,The system shall be forgiving and low-friction for analysts to use.,stated,"[interview_turn:T050] It should be forgiving and low-friction, so autosave, clear sync status, and easy recovery from interrupted sessions are essential. The interface should avoid long full-page refreshes and instead update small parts of the screen, because that feels much more usable when the network is unreliable. I’d also want the system to make collaboration changes easy to review, so analysts can see what was added or changed without having to reload everything.",accept,,,,,
QR-013,quality_requirement,The system shall minimize repetitive data entry.,stated,"[interview_turn:T044] A clean, dashboard-style interface would help a lot, with quick access to the current project, recent items, and any unresolved conflicts or review tasks. Analysts need fast search and filtering because they’ll be moving between goals, requirements, policies, and trace links constantly, so the navigation should let them jump around without losing context. It would also be important to minimize repetitive data entry with templates, autocomplete, and inline editing where possible.",accept,,,,,
QR-014,quality_requirement,"The system shall make comparison, search, filtering, and cross-references fast even with large datasets and many trace links.",stated,"[interview_turn:T056] Scalability is pretty important because we may have multiple projects running at once, with several analysts and reviewers working in parallel. The bigger concern for us is probably large datasets and lots of trace links, since those can make searches, comparisons, and cross-references slow if the system isn’t designed well. I’d want it to stay responsive as projects grow, but I don’t think we need internet-scale volume; we need dependable performance for serious real-world teams.; [interview_turn:T060] As the team grows, I’d want SPRAT to keep projects isolated enough that one large project doesn’t slow down everyone else. It should support fast search, filtering, and comparison even when there are lots of artifacts, and it would help if commonly used views could open quickly without waiting for everything in the project to load. The main usability problem to avoid is a system that still technically works but feels sluggish, because that makes analysts stop trusting it.",accept,,,,,
QR-015,quality_requirement,The system shall keep the interface usable and avoid clutter when artifact counts are high.,stated,"[interview_turn:T058] I’d want the system to load and filter data incrementally, rather than trying to render everything at once, especially in large projects. It should also avoid locking people out while others are editing, because that would hurt collaboration; ideally, concurrent work should be visible and reconciled cleanly. The main things to avoid are slow searches, confusing merge conflicts, and screens that become cluttered or unusable once the artifact count gets high.",accept,,,,,
QR-016,quality_requirement,The system shall provide clear status labels and plain-language messages for sync and recovery problems.,stated,"[interview_turn:T062] Clear status labels would help a lot, like saved locally, syncing, or needs attention, instead of jargon about replication or cache issues. If something goes wrong, the message should say what happened in plain language and whether the user needs to retry, wait, or contact support. What would feel confusing is a vague warning without next steps, or a technical error that doesn’t tell the analyst whether their work is safe.; [interview_turn:T054] Yes, it should explain that early, because people get nervous when they don’t know whether their changes were saved. I’d keep the guidance visible but brief, with a clear indicator for saved, pending sync, and failed sync, plus a simple recovery message if the connection drops. The help shouldn’t turn into a long technical explanation, just enough to reassure users what happened and what to do next.",accept,,,,,
QR-017,quality_requirement,The system shall provide a notification digest or summary view for minor flagged items instead of excessive alerts.,stated,"[interview_turn:T082] I’d want the flagged items to be very visible in the workspace, with a clear status like needs review, conflicting mapping, or unresolved import. A notification would be helpful when the issue affects something high priority, but I wouldn’t want too many alerts for minor items, so maybe a digest or summary view as well. In the interface, it should show the original source value, the suggested mapping if there is one, and the reason it was rejected or left ambiguous so analysts can resolve it quickly without digging through logs.",accept,,,,,
QR-018,quality_requirement,The system shall allow analysts to manage collaboration without having to switch to email.,stated,"[interview_turn:T034] A guided resolution workflow would be best, especially if it shows the conflicting versions side by side and highlights exactly what changed. Notifications should go to the people involved, and there should be a comment thread or notes area so analysts can agree on the fix without switching to email. If possible, SPRAT should let the user choose whether to merge, keep one version, or reopen the item for further review, depending on the situation.",accept,,,,,
EX-001,exception_boundary,"When multiple analysts edit related items at the same time, the system shall detect overlapping edits and warn the user before changes are finalized.",stated,"[interview_turn:T032] Conflicts will definitely happen when two analysts are working on related items at the same time, so SPRAT should detect overlapping edits and warn the user before changes are finalized. If there’s a consistency issue, like a requirement pointing to a deleted policy or a broken trace link, the system should not just fail silently; it should flag the problem and keep the record recoverable. In those cases, it would also help to see who made the last change and what changed, so the team can resolve it quickly.",revise,exception_boundary,"When multiple analysts edit related items at the same time, the system shall detect overlapping edits and warn the user before changes are finalized.",conditional,"[{""source_kind"": ""interview_turn"", ""source_id"": ""T032"", ""evidence_span"": ""Conflicts will definitely happen when two analysts are working on related items at the same time, so SPRAT should detect overlapping edits and warn the user before changes are finalized. If there\u2019s a consistency issue, like a requirement pointing to a deleted policy or a broken trace link, the system should not just fail silently; it should flag the problem and keep the record recoverable. In those cases, it would also help to see who made the last change and what changed, so the team can resolve it quickly.""}]",
EX-002,exception_boundary,"When a requirement points to a deleted policy or a trace link is broken, the system shall flag the problem and keep the record recoverable.",stated,"[interview_turn:T032] Conflicts will definitely happen when two analysts are working on related items at the same time, so SPRAT should detect overlapping edits and warn the user before changes are finalized. If there’s a consistency issue, like a requirement pointing to a deleted policy or a broken trace link, the system should not just fail silently; it should flag the problem and keep the record recoverable. In those cases, it would also help to see who made the last change and what changed, so the team can resolve it quickly.",revise,exception_boundary,"When a requirement points to a deleted policy or a trace link is broken, the system shall flag the problem and keep the record recoverable.",conditional,"[{""source_kind"": ""interview_turn"", ""source_id"": ""T032"", ""evidence_span"": ""Conflicts will definitely happen when two analysts are working on related items at the same time, so SPRAT should detect overlapping edits and warn the user before changes are finalized. If there\u2019s a consistency issue, like a requirement pointing to a deleted policy or a broken trace link, the system should not just fail silently; it should flag the problem and keep the record recoverable. In those cases, it would also help to see who made the last change and what changed, so the team can resolve it quickly.""}]",
EX-003,exception_boundary,"When a connection drops or a session is interrupted, the system shall preserve the user’s work and provide recovery guidance.",stated,"[interview_turn:T038] Most of the time it should be used online, but I would expect some analysts to work with spotty network access when they are traveling or on restricted sites, so at least graceful handling of disconnects would be important. I don’t think full offline editing is a must-have right away, but users should not lose work if the connection drops temporarily. On deployment, it should be treated like a sensitive internal system, so access control, audit logging, and secure storage are important, and I’d expect it to run in our managed environment rather than as a public cloud service unless that’s specifically approved.; [interview_turn:T050] It should be forgiving and low-friction, so autosave, clear sync status, and easy recovery from interrupted sessions are essential. The interface should avoid long full-page refreshes and instead update small parts of the screen, because that feels much more usable when the network is unreliable. I’d also want the system to make collaboration changes easy to review, so analysts can see what was added or changed without having to reload everything.; [interview_turn:T054] Yes, it should explain that early, because people get nervous when they don’t know whether their changes were saved. I’d keep the guidance visible but brief, with a clear indicator for saved, pending sync, and failed sync, plus a simple recovery message if the connection drops. The help shouldn’t turn into a long technical explanation, just enough to reassure users what happened and what to do next.",revise,exception_boundary,"When a connection drops or a session is interrupted, the system shall preserve the user’s work and provide recovery guidance.",conditional,"[{""source_kind"": ""interview_turn"", ""source_id"": ""T038"", ""evidence_span"": ""Most of the time it should be used online, but I would expect some analysts to work with spotty network access when they are traveling or on restricted sites, so at least graceful handling of disconnects would be important. I don\u2019t think full offline editing is a must-have right away, but users should not lose work if the connection drops temporarily. On deployment, it should be treated like a sensitive internal system, so access control, audit logging, and secure storage are important, and I\u2019d expect it to run in our managed environment rather than as a public cloud service unless that\u2019s specifically approved.""}, {""source_kind"": ""interview_turn"", ""source_id"": ""T050"", ""evidence_span"": ""It should be forgiving and low-friction, so autosave, clear sync status, and easy recovery from interrupted sessions are essential. The interface should avoid long full-page refreshes and instead update small parts of the screen, because that feels much more usable when the network is unreliable. I\u2019d also want the system to make collaboration changes easy to review, so analysts can see what was added or changed without having to reload everything.""}, {""source_kind"": ""interview_turn"", ""source_id"": ""T054"", ""evidence_span"": ""Yes, it should explain that early, because people get nervous when they don\u2019t know whether their changes were saved. I\u2019d keep the guidance visible but brief, with a clear indicator for saved, pending sync, and failed sync, plus a simple recovery message if the connection drops. The help shouldn\u2019t turn into a long technical explanation, just enough to reassure users what happened and what to do next.""}]",
EX-004,exception_boundary,"When automatic mapping or batch updates fail unexpectedly, the system shall preserve the original data and flag the affected set for human review rather than forcing a best guess.",stated,"[interview_turn:T078] Yes, one tricky case is when the same legacy field means different things in different projects, so an automatic rule might map it incorrectly in one context. Another is when a source file changes structure after import, which can break batch updates or cause duplicates if the system is too aggressive. In those cases I’d want SPRAT to stop the automation, preserve the original data, and flag the whole set for human review rather than trying to force a best guess.",revise,exception_boundary,"When automatic mapping or batch updates fail unexpectedly, the system shall preserve the original data and flag the affected set for human review rather than forcing a best guess.",conditional,"[{""source_kind"": ""interview_turn"", ""source_id"": ""T078"", ""evidence_span"": ""Yes, one tricky case is when the same legacy field means different things in different projects, so an automatic rule might map it incorrectly in one context. Another is when a source file changes structure after import, which can break batch updates or cause duplicates if the system is too aggressive. In those cases I\u2019d want SPRAT to stop the automation, preserve the original data, and flag the whole set for human review rather than trying to force a best guess.""}]",
EX-005,exception_boundary,"When imported items or mappings are ambiguous, the system shall keep them visible in a review queue until someone confirms them.",stated,"[interview_turn:T072] A typical case would be bringing in a set of existing requirements documents, maybe a spreadsheet of policies, and some manually maintained trace links from another tool. I’d want SPRAT to let an analyst upload the source, map the main fields, preview the parsed items, then import them into a staging area first so the team can validate the structure before publishing into the live project. After that, any unmatched items or broken links should stay visible in a review queue until someone confirms them.; [interview_turn:T082] I’d want the flagged items to be very visible in the workspace, with a clear status like needs review, conflicting mapping, or unresolved import. A notification would be helpful when the issue affects something high priority, but I wouldn’t want too many alerts for minor items, so maybe a digest or summary view as well. In the interface, it should show the original source value, the suggested mapping if there is one, and the reason it was rejected or left ambiguous so analysts can resolve it quickly without digging through logs.",revise,exception_boundary,"When imported items or mappings are ambiguous, the system shall keep them visible in a review queue until someone confirms them.",conditional,"[{""source_kind"": ""interview_turn"", ""source_id"": ""T072"", ""evidence_span"": ""A typical case would be bringing in a set of existing requirements documents, maybe a spreadsheet of policies, and some manually maintained trace links from another tool. I\u2019d want SPRAT to let an analyst upload the source, map the main fields, preview the parsed items, then import them into a staging area first so the team can validate the structure before publishing into the live project. After that, any unmatched items or broken links should stay visible in a review queue until someone confirms them.""}, {""source_kind"": ""interview_turn"", ""source_id"": ""T082"", ""evidence_span"": ""I\u2019d want the flagged items to be very visible in the workspace, with a clear status like needs review, conflicting mapping, or unresolved import. A notification would be helpful when the issue affects something high priority, but I wouldn\u2019t want too many alerts for minor items, so maybe a digest or summary view as well. In the interface, it should show the original source value, the suggested mapping if there is one, and the reason it was rejected or left ambiguous so analysts can resolve it quickly without digging through logs.""}]",
EX-006,exception_boundary,"When an artifact is archived, the system shall allow it to be viewed and traced, and it shall clearly mark it so users do not mistake it for current requirements.",stated,"[interview_turn:T030] Yes, the system should restrict editing once something is approved, unless a user creates a new version or has admin-level permission to reopen it. Reviewers should be able to comment and suggest changes, but not silently alter the approved record, while guests should mostly have read-only access. I’d also expect archived items to be viewable and traceable, but clearly marked so nobody mistakes them for current requirements.",revise,exception_boundary,"When an artifact is archived, the system shall allow it to be viewed and traced, and it shall clearly mark it so users do not mistake it for current requirements.",conditional,"[{""source_kind"": ""interview_turn"", ""source_id"": ""T030"", ""evidence_span"": ""Yes, the system should restrict editing once something is approved, unless a user creates a new version or has admin-level permission to reopen it. Reviewers should be able to comment and suggest changes, but not silently alter the approved record, while guests should mostly have read-only access. I\u2019d also expect archived items to be viewable and traceable, but clearly marked so nobody mistakes them for current requirements.""}]",
UN-001,unresolved_information,The exact hosting setup for SPRAT needs to be confirmed with IT.,unresolved,"[interview_turn:T008] We expect it to fit into our existing requirements and project workflows, so analysts should be able to use it alongside whatever document or issue-tracking tools the team already relies on. I’m not sure yet whether we need direct integrations with specific external systems, but import and export will definitely matter so people can move information in and out without rekeying everything. From an infrastructure standpoint, I’d assume a web-based application that supports collaboration across teams, but the exact hosting setup would need to be confirmed with IT.",accept,,,,,
UN-002,unresolved_information,The specific external systems SPRAT should integrate with directly are not yet confirmed.,unresolved,"[interview_turn:T008] We expect it to fit into our existing requirements and project workflows, so analysts should be able to use it alongside whatever document or issue-tracking tools the team already relies on. I’m not sure yet whether we need direct integrations with specific external systems, but import and export will definitely matter so people can move information in and out without rekeying everything. From an infrastructure standpoint, I’d assume a web-based application that supports collaboration across teams, but the exact hosting setup would need to be confirmed with IT.; [interview_turn:T036] Integration with our document repositories would be very helpful, so analysts can pull in source policies and supporting files without copying everything manually. Issue-tracking is also important because requirement gaps or follow-up actions often get tracked there, and it would save time if SPRAT could link to those items or sync basic status. For compliance tools, I’m not sure which specific products we’d prioritize yet, but at minimum we’d want import and export in common formats so the analysis can move between systems cleanly.",accept,,,,,
UN-003,unresolved_information,"The exact formal KPI targets for analysis time reduction, error reduction, and compliance improvement have not yet been defined.",unresolved,"[interview_turn:T006] We’d like to reduce the time it takes to complete an analysis, but I don’t have an exact target number yet. A practical measure would be fewer missing traces between requirements and source policies, and fewer issues found later during review or compliance checking. I’d also expect better consistency between analysts, though I’d need to check with the team before naming any formal KPI targets.",accept,,,,,
UN-004,unresolved_information,The specific legacy formats that SPRAT must support during migration have not yet been confirmed.,unresolved,"[interview_turn:T064] We would definitely need some migration path, because analysts won’t want to rebuild everything from scratch. Ideally, SPRAT should import at least the core content and preserve the source, timestamps, ownership, and any existing trace links or classifications if they can be mapped cleanly. I don’t know yet which legacy formats we’d need to support, so that would need to be checked with the team.",accept,,,,,
UN-005,unresolved_information,Whether full offline editing is required is not yet decided.,unresolved,"[interview_turn:T038] Most of the time it should be used online, but I would expect some analysts to work with spotty network access when they are traveling or on restricted sites, so at least graceful handling of disconnects would be important. I don’t think full offline editing is a must-have right away, but users should not lose work if the connection drops temporarily. On deployment, it should be treated like a sensitive internal system, so access control, audit logging, and secure storage are important, and I’d expect it to run in our managed environment rather than as a public cloud service unless that’s specifically approved.",accept,,,,,
UN-006,unresolved_information,Whether public cloud deployment is allowed depends on specific approval.,unresolved,"[interview_turn:T038] Most of the time it should be used online, but I would expect some analysts to work with spotty network access when they are traveling or on restricted sites, so at least graceful handling of disconnects would be important. I don’t think full offline editing is a must-have right away, but users should not lose work if the connection drops temporarily. On deployment, it should be treated like a sensitive internal system, so access control, audit logging, and secure storage are important, and I’d expect it to run in our managed environment rather than as a public cloud service unless that’s specifically approved.",accept,,,,,
